CADDID,Year,MilkCows,DryCows,OldHeifers,YoungHeifers,OldCalves,YoungCalves,BeefCattle,MilkCowsHerdSizeRefCode,NonMilkingCattleHerdSizeRefCode,LabeledAsDairy
10001,2012,1000,160,173,127,169,81,0,1,1,1
10001,2013,1100,160,173,127,169,81,0,1,1,1
10001,2014,1100,170,173,127,169,81,0,1,1,1
10001,2015,1100,180,431,319,203,97,0,1,1,1
10001,2016,1125,200,403,297,237,113,0,1,1,1
10001,2017,1100,160,417,308,254,121,0,1,1,1
10001,2018,1200,225,288,212,339,161,0,1,1,1
10001,2019,1200,250,403,297,271,129,0,1,1,1
10001,2020,1238,191,255,188,420,200,0,1,1,1
10001,2021,1219,196,272,200,405,193,0,3a,3a,1
10001,2022,1200,200,288,212,390,185,0,1,1,1
10001,2023,1175,200,288,212,390,185,0,1,1,1
10002,2012,475,70,0,0,0,0,0,1,1,1
10002,2013,475,70,0,0,0,0,0,1,1,1
10002,2014,490,78,0,0,0,0,0,1,1,1
10002,2015,498,80,0,0,0,0,0,1,1,1
10002,2016,505,78,0,0,0,0,0,1,1,1
10002,2017,450,0,0,0,0,0,0,1,1,1
10002,2018,450,0,40,0,0,0,0,3a,3a,1
10002,2019,450,0,80,0,0,0,0,1,1,1
10002,2020,469,0,82,0,0,0,0,1,1,1
10002,2021,468,0,83,0,0,0,0,1,1,1
10002,2022,450,0,80,0,0,0,0,1,1,1
10002,2023,450,0,25,0,0,0,0,1,1,1
11793,2019,0,0,0,0,0,0,27000,1,1,0
11793,2020,0,0,0,0,0,0,29701,2c,3a,0
11793,2021,0,0,0,0,0,0,32402,1,1,0
11793,2022,0,0,0,0,0,0,26558,1,1,0
11793,2023,0,0,0,0,0,0,35982,1,1,0
10003,2012,909,146,274,52,45,0,0,1,1,1
10003,2013,924,142,504,399,165,168,0,1,1,1
10003,2014,924,142,504,399,165,168,0,1,1,1
10003,2015,924,142,504,399,165,168,0,1,1,1
10003,2016,924,142,504,399,165,168,0,1,1,1
10003,2017,924,142,504,399,165,168,0,1,1,1
10003,2018,924,142,504,399,165,168,0,1,1,1
10003,2019,950,140,200,400,250,0,0,1,1,1
10003,2020,950,140,200,400,250,0,0,1,1,1
10003,2021,950,140,200,400,250,0,0,1,1,1
10003,2022,950,140,200,400,250,0,0,1,1,1
10003,2023,950,140,200,400,250,0,0,1,1,1
10004,2012,0,0,0,0,3512,788,0,1,1,0
10004,2013,0,0,0,0,3512,788,0,1,1,0
10004,2014,0,0,0,0,3160,709,0,1,1,0
10004,2015,0,0,0,0,4297,965,0,1,1,0
10004,2016,0,0,0,0,3514,789,0,1,1,0
10004,2017,0,0,2224,2276,0,0,0,1,1,0
10004,2018,0,0,0,0,4016,902,0,1,1,0
10004,2019,0,0,0,0,4090,918,0,1,1,0
10004,2020,0,0,0,0,4354,978,0,1,1,0
10004,2021,0,0,0,0,3374,757,0,1,1,0
10004,2022,0,0,0,0,3863,867,0,1,1,0
10004,2023,0,0,0,0,3675,825,0,1,1,0
10005,2012,645,75,72,150,25,0,0,1,1,1
10005,2013,520,62,55,125,32,0,0,1,1,1
10005,2014,550,0,300,0,0,0,0,1,1,1
10005,2015,553,0,298,0,0,0,0,1,1,1
10005,2016,550,0,295,0,0,0,0,1,1,1
10005,2017,0,0,0,0,0,0,0,2a,2e,0
10005,2018,0,0,0,0,0,0,0,2a,2e,0
10005,2019,0,0,0,0,0,0,0,2a,2e,0
10005,2020,0,0,0,0,0,0,0,2a,2e,0
10005,2021,0,0,0,0,0,0,0,2a,2e,0
10005,2022,0,0,0,0,0,0,0,2a,2e,0
10005,2023,0,0,0,0,0,0,0,2a,2e,0
10006,2012,1210,340,690,444,178,12,0,1,1,1
10006,2013,1300,350,700,450,180,6,0,1,1,1
10006,2014,1340,300,650,425,190,10,0,1,1,1
10006,2015,1334,295,652,420,180,15,0,1,1,1
10006,2016,1325,295,650,420,175,10,0,1,1,1
10006,2017,1300,437,705,650,300,17,0,1,1,1
10006,2018,1300,430,425,660,300,30,0,1,1,1
10006,2019,1154,385,225,460,300,30,0,1,1,1
10006,2020,1100,360,225,460,300,30,0,1,1,1
10006,2021,1100,320,210,430,280,25,0,1,1,1
10006,2022,1200,290,210,430,280,25,0,1,1,1
10006,2023,1212,275,210,430,280,30,0,1,1,1
10007,2012,460,46,41,0,0,0,0,1,1,1
10007,2013,500,45,40,0,0,0,0,1,1,1
10007,2014,490,40,35,0,0,0,0,1,1,1
10007,2015,485,42,30,0,0,0,0,1,1,1
10007,2016,503,40,78,0,0,0,0,1,1,1
10007,2017,508,37,83,0,0,0,0,1,1,1
10007,2018,511,34,83,0,0,0,0,1,1,1
10007,2019,506,32,79,0,0,0,0,1,1,1
10007,2020,502,34,365,0,0,0,0,1,1,1
10007,2021,499,36,371,0,0,0,0,1,1,1
10007,2022,490,53,409,0,0,0,0,1,1,1
10007,2023,497,45,97,0,0,0,0,1,1,1
10008,2012,1268,319,112,126,0,0,0,1,1,1
10008,2013,1244,186,102,112,0,0,0,1,1,1
10008,2014,1070,130,0,0,0,0,0,1,1,1
10008,2015,1385,180,0,0,0,0,0,1,1,1
10008,2016,1245,100,0,0,0,0,0,1,1,1
10008,2017,0,0,0,0,0,0,0,1,1,0
10008,2018,0,177,643,0,0,0,0,1,1,0
10008,2019,0,0,150,1500,0,0,0,1,1,0
10008,2020,0,0,800,2000,0,0,0,1,1,0
10008,2021,0,0,750,2050,0,0,0,1,1,0
10008,2022,0,0,739,2021,0,0,0,1,1,0
10008,2023,0,0,722,2006,0,0,0,1,1,0
10009,2012,868,150,0,0,0,0,0,1,1,1
10009,2013,873,150,0,0,0,0,0,1,1,1
10009,2014,924,83,116,0,0,0,0,3a,3a,1
10009,2015,975,15,232,0,0,0,0,1,1,1
10009,2016,797,86,107,108,48,0,0,1,1,1
10009,2017,834,84,212,143,70,68,0,1,1,1
10009,2018,834,84,212,143,70,68,0,1,1,1
10009,2019,880,145,168,0,0,0,0,1,1,1
10009,2020,599,68,365,146,0,0,0,1,1,1
10009,2021,601,70,375,151,0,0,0,1,1,1
10009,2022,606,66,367,158,0,0,0,1,1,1
10009,2023,585,58,390,175,0,0,0,1,1,1
10010,2012,1000,150,417,417,417,0,0,1,1,1
10010,2013,1315,187,454,394,297,0,0,1,1,1
10010,2014,1318,160,450,380,200,0,0,1,1,1
10010,2015,1310,165,428,385,210,310,0,1,1,1
10010,2016,1302,157,438,369,225,0,0,1,1,1
10010,2017,1368,126,597,317,185,342,0,1,1,1
10010,2018,1368,126,371,460,254,345,0,1,1,1
10010,2019,1365,129,375,450,255,360,0,1,1,1
10010,2020,1365,129,375,450,255,360,0,1,1,1
10010,2021,1372,120,370,455,252,369,0,1,1,1
10010,2022,1344,101,444,375,194,0,0,1,1,1
10010,2023,1338,100,439,381,192,0,0,1,1,1
10011,2012,907,177,450,300,70,0,0,1,1,1
10011,2013,907,177,450,300,70,0,0,1,1,1
10011,2014,925,180,450,300,70,0,0,1,1,1
10011,2015,920,175,450,300,70,0,0,1,1,1
10011,2016,930,160,430,300,100,0,0,1,1,1
10011,2017,915,150,420,300,100,0,0,1,1,1
10011,2018,900,130,400,300,100,0,0,1,1,1
10011,2019,895,125,400,300,120,0,0,1,1,1
10011,2020,885,120,400,300,130,0,0,1,1,1
10011,2021,878,115,350,300,150,0,0,1,1,1
10011,2022,865,100,350,300,150,0,0,1,1,1
10011,2023,850,100,350,300,150,0,0,1,1,1
11902,2012,0,0,0,0,0,0,0,2a,3g,0
11902,2013,0,0,0,0,0,0,0,2a,3g,0
11902,2014,0,0,0,0,0,0,0,2a,2e,0
11902,2015,0,0,0,0,0,0,0,2a,2e,0
11902,2016,0,0,0,0,0,0,0,2a,2e,0
11902,2017,0,0,0,0,0,0,0,2a,2e,0
11902,2018,0,0,0,0,0,0,0,2a,2e,0
11902,2019,0,0,0,0,0,0,0,2a,2e,0
11902,2020,0,0,0,0,0,0,0,2a,2e,0
11902,2021,0,0,0,0,0,0,0,2a,2e,0
11902,2022,0,0,0,0,0,0,0,2a,2e,0
11902,2023,0,0,0,0,0,0,0,2a,2e,0
10012,2012,750,50,75,0,0,0,0,1,1,1
10012,2013,0,0,0,0,0,0,0,2b,2b,0
10012,2014,0,0,0,0,0,0,0,2b,2b,0
10012,2015,380,80,0,90,0,35,0,1,1,1
10012,2016,600,100,100,180,70,120,0,1,1,1
10012,2017,550,97,100,180,90,100,0,1,1,1
10012,2018,500,88,90,176,80,97,0,1,1,1
10012,2019,500,80,92,168,80,95,0,1,1,1
10012,2020,515,75,95,170,78,98,0,1,1,1
10012,2021,510,80,102,184,75,90,0,1,1,1
10012,2022,506,78,99,180,72,86,0,1,1,1
10012,2023,500,75,105,175,70,5,0,1,1,1
10013,2012,1446,199,660,649,241,237,0,1,1,1
10013,2013,1407,26,660,600,227,0,0,1,1,1
10013,2014,1500,150,350,300,120,200,0,1,1,1
10013,2015,1510,204,384,492,191,284,0,1,1,1
10013,2016,1445,195,385,490,185,288,0,1,1,1
10013,2017,1439,189,402,394,192,0,0,1,1,1
10013,2018,1421,186,600,691,362,0,0,1,1,1
10013,2019,1412,181,589,683,351,0,0,1,1,1
10013,2020,1389,179,582,674,342,0,0,1,1,1
10013,2021,1386,172,579,671,340,0,0,1,1,1
10013,2022,1353,151,561,662,332,0,0,1,1,1
10013,2023,1348,156,565,660,337,0,0,1,1,1
10014,2012,65,12,15,12,6,5,0,1,1,1
10014,2013,69,15,17,15,15,8,0,1,1,1
10014,2014,68,11,22,20,11,10,0,1,1,1
10014,2015,70,5,20,20,20,10,0,1,1,1
10014,2016,72,10,15,15,15,10,0,1,1,1
10014,2017,72,12,18,18,16,12,0,1,1,1
10014,2018,70,12,18,16,16,12,0,1,1,1
10014,2019,72,10,20,15,15,12,0,1,1,1
10014,2020,71,10,20,15,15,15,0,1,1,1
10014,2021,70,10,15,15,15,15,0,1,1,1
10014,2022,50,10,20,18,15,15,0,1,1,1
10014,2023,60,10,20,20,15,15,0,1,1,1
10015,2012,800,170,165,364,170,0,0,1,1,1
10015,2013,800,170,165,364,170,0,0,1,1,1
10015,2014,800,170,165,364,170,0,0,1,1,1
10015,2015,800,170,165,364,170,0,0,1,1,1
10015,2016,800,170,165,364,170,0,0,1,1,1
10015,2017,783,168,165,280,130,0,0,1,1,1
10015,2018,850,180,160,147,99,180,0,1,1,1
10015,2019,835,665,265,118,115,169,0,1,1,1
10015,2020,835,665,360,293,115,169,0,1,1,1
10015,2021,840,160,265,79,100,140,0,1,1,1
10015,2022,821,160,300,132,103,156,0,1,1,1
10015,2023,790,144,295,300,140,109,0,1,1,1
10016,2012,3367,581,1228,1127,432,363,0,1,1,1
10016,2013,3580,602,1280,1180,450,370,0,1,1,1
10016,2014,3570,612,1275,1180,465,375,0,1,1,1
10016,2015,3967,526,986,784,782,0,0,1,1,1
10016,2016,3909,521,936,770,778,0,0,1,1,1
10016,2017,3983,528,988,791,784,0,0,1,1,1
10016,2018,3981,530,987,781,789,0,0,1,1,1
10016,2019,3987,525,986,784,780,0,0,1,1,1
10016,2020,3987,523,983,784,787,0,0,1,1,1
10016,2021,3995,523,983,784,787,0,0,1,1,1
10016,2022,3994,531,984,778,786,0,0,1,1,1
10016,2023,3995,534,983,788,772,0,0,1,1,1
10017,2012,935,153,145,0,0,0,0,1,1,1
10017,2013,980,159,150,0,0,0,0,1,1,1
10017,2014,1018,122,236,570,120,0,0,1,1,1
10017,2015,1015,126,240,555,125,0,0,1,1,1
10017,2016,1042,92,245,0,112,0,0,1,1,1
10017,2017,875,105,195,0,60,0,0,1,1,1
10017,2018,995,98,210,0,105,0,0,1,1,1
10017,2019,1000,96,228,0,107,0,0,1,1,1
10017,2020,960,125,248,100,195,0,0,1,1,1
10017,2021,980,128,245,0,0,0,0,1,1,1
10017,2022,922,108,230,0,0,120,0,1,1,1
10017,2023,780,90,232,0,0,120,0,1,1,1
10018,2012,1522,680,850,800,795,820,0,1,1,1
10018,2013,1522,680,850,800,795,820,0,1,1,1
10018,2014,1522,680,850,800,795,820,0,1,1,1
10018,2015,1522,680,850,800,795,820,0,1,1,1
10018,2016,1522,680,850,800,795,820,0,1,1,1
10018,2017,1522,680,850,800,795,820,0,1,1,1
10018,2018,1522,680,850,800,795,820,0,1,1,1
10018,2019,1522,680,850,800,795,820,0,1,1,1
10018,2020,1475,550,1200,1200,600,600,0,1,1,1
10018,2021,1475,550,1200,1200,600,600,0,1,1,1
10018,2022,1000,600,1200,1200,600,600,0,1,1,1
10018,2023,1400,600,1200,1200,600,0,0,1,1,1
10019,2012,2000,0,345,255,0,0,0,1,1,1
10019,2013,2000,0,345,255,0,0,0,1,1,1
10019,2014,2000,0,345,255,0,0,0,1,1,1
10019,2015,2000,0,345,255,0,0,0,1,1,1
10019,2016,2000,0,345,255,0,0,0,3a,3a,1
10019,2017,2000,0,345,255,0,0,0,1,1,1
10019,2018,2000,0,345,255,0,0,0,1,1,1
10019,2019,2000,0,0,0,0,0,0,1,1,1
10019,2020,2000,0,345,255,0,0,0,1,1,1
10019,2021,1800,0,345,255,0,0,0,1,1,1
10019,2022,0,0,0,0,0,0,0,2a,2a,0
10019,2023,0,0,0,0,0,0,0,2a,2a,0
10020,2012,0,0,237,243,0,0,0,1,1,0
10020,2013,0,0,232,238,0,0,0,1,1,0
10020,2014,0,0,205,210,0,0,0,2c,3a,0
10020,2015,0,0,178,182,0,0,0,2c,3a,0
10020,2016,0,0,150,154,0,0,0,2c,3a,0
10020,2017,0,0,123,126,0,0,0,1,1,0
10020,2018,0,0,0,0,0,0,0,1,1,0
10020,2019,0,0,0,0,0,0,0,2a,2c,0
10020,2020,0,0,0,0,0,0,0,2a,2c,0
10020,2021,0,0,0,0,0,0,0,2a,2c,0
10020,2022,0,0,0,0,0,0,0,2a,2c,0
10020,2023,0,0,0,0,0,0,0,2a,2c,0
10021,2012,1700,350,350,200,200,0,0,1,1,1
10021,2013,1700,350,350,200,200,0,0,1,1,1
10021,2014,1100,200,300,100,100,0,0,1,1,1
10021,2015,850,100,300,0,250,0,0,1,1,1
10021,2016,850,100,300,8,250,0,0,1,1,1
10021,2017,1200,150,200,0,300,0,0,1,1,1
10021,2018,1200,150,200,0,300,0,0,1,1,1
10021,2019,1200,150,200,0,300,0,0,1,1,1
10021,2020,1200,150,200,0,300,0,0,1,1,1
10021,2021,1400,300,200,0,300,0,0,1,1,1
10021,2022,1400,300,200,0,300,0,0,1,1,1
10021,2023,1400,300,200,0,300,0,0,1,1,1
10022,2012,480,100,0,0,0,0,0,1,1,1
10022,2013,405,0,52,38,0,0,0,1,1,1
10022,2014,646,0,0,0,0,0,0,1,1,1
10022,2015,627,0,0,0,0,0,0,1,1,1
10022,2016,651,0,0,0,0,0,0,1,1,1
10022,2017,646,0,0,0,0,0,0,1,1,1
10022,2018,644,0,0,0,0,0,0,1,1,1
10022,2019,685,0,0,0,0,0,0,1,1,1
10022,2020,650,0,0,0,0,0,0,1,1,1
10022,2021,350,100,0,0,0,0,0,1,1,1
10022,2022,250,100,0,0,0,0,0,1,1,1
10022,2023,0,0,124,126,0,0,0,1,1,0
10023,2012,600,125,0,0,0,0,0,1,1,1
10023,2013,590,100,0,0,0,0,0,1,1,1
10023,2014,595,125,0,0,0,0,0,1,1,1
10023,2015,570,120,0,0,0,0,0,1,1,1
10023,2016,580,150,0,0,0,0,0,1,1,1
10023,2017,590,150,0,0,0,0,0,1,1,1
10023,2018,570,150,0,0,0,0,0,1,1,1
10023,2019,0,0,0,0,0,0,0,2a,2e,0
10023,2020,0,0,0,0,0,0,0,2a,2e,0
10023,2021,0,0,0,0,0,0,0,2a,2e,0
10023,2022,0,0,0,0,0,0,0,2a,2e,0
10023,2023,0,0,0,0,0,0,0,2a,2e,0
10024,2012,580,110,40,30,0,0,0,1,1,1
10024,2013,380,0,0,0,0,0,0,1,1,1
10024,2014,342,0,66,48,0,0,0,1,1,1
10024,2015,291,0,0,0,0,0,0,1,1,1
10024,2016,343,0,0,0,0,0,0,3a,2c,1
10024,2017,395,0,0,0,0,0,0,1,1,1
10024,2018,669,0,0,0,0,0,0,1,1,1
10024,2019,660,0,0,0,0,0,0,1,1,1
10024,2020,652,0,0,0,0,0,0,1,1,1
10024,2021,0,0,0,0,0,0,0,2a,2a,0
10024,2022,0,0,0,0,0,0,0,2a,2a,0
10024,2023,0,0,0,0,0,0,0,2a,2a,0
10025,2012,449,48,195,145,38,38,0,1,1,1
10025,2013,385,75,205,143,110,47,0,1,1,1
10025,2014,464,85,154,106,48,65,0,1,1,1
10025,2015,430,161,126,105,98,52,0,1,1,1
10025,2016,430,155,120,100,90,50,0,1,1,1
10025,2017,430,155,120,100,90,50,0,1,1,1
10025,2018,430,155,120,100,90,50,0,3a,3a,1
10025,2019,430,155,120,100,90,50,0,3a,3a,1
10025,2020,0,0,0,0,0,0,0,2e,2e,0
10025,2021,0,0,0,0,0,0,0,2a,2e,0
10025,2022,0,0,0,0,0,0,0,2a,2e,0
10025,2023,0,0,0,0,0,0,0,2a,2e,0
10026,2012,1844,256,418,299,175,108,0,1,1,1
10026,2013,1844,256,418,299,175,108,0,1,1,1
10026,2014,1844,256,418,299,175,108,0,1,1,1
10026,2015,1203,167,627,448,262,163,0,1,1,1
10026,2016,1203,167,627,448,262,163,0,1,1,1
10026,2017,1317,183,597,427,250,156,0,1,1,1
10026,2018,1317,183,597,427,250,156,0,1,1,1
10026,2019,1317,183,606,433,253,158,0,1,1,1
10026,2020,1624,226,646,462,270,168,0,1,1,1
10026,2021,2031,282,686,491,287,178,0,1,1,1
10026,2022,2130,296,701,501,293,182,0,1,1,1
10026,2023,1808,251,1027,758,407,193,0,1,1,1
10027,2012,921,180,155,225,200,0,0,1,1,1
10027,2013,905,150,300,225,130,150,0,1,1,1
10027,2014,905,150,300,225,130,150,0,1,1,1
10027,2015,925,120,550,500,280,0,0,1,1,1
10027,2016,950,130,600,550,300,0,0,1,1,1
10027,2017,950,130,600,550,300,0,0,1,1,1
10027,2018,1010,150,620,560,300,0,0,1,1,1
10027,2019,1080,165,650,570,315,0,0,1,1,1
10027,2020,925,155,650,580,310,0,0,1,1,1
10027,2021,925,155,760,600,400,0,0,1,1,1
10027,2022,940,140,700,610,425,0,0,1,1,1
10027,2023,940,140,750,610,430,0,0,1,1,1
10028,2012,0,0,0,0,0,0,0,1,1,0
10028,2013,0,0,0,0,0,0,0,2a,2c,0
10028,2014,0,0,0,0,0,0,0,2a,2c,0
10028,2015,0,0,0,0,0,0,0,2a,2c,0
10028,2016,0,0,0,0,0,0,0,2a,2c,0
10028,2017,0,0,0,0,0,0,0,2a,2c,0
10028,2018,0,0,0,0,0,0,0,2a,2c,0
10028,2019,0,0,0,0,0,0,0,2a,2c,0
10028,2020,0,0,0,0,0,0,0,2a,2c,0
10028,2021,0,0,0,0,0,0,0,2a,2c,0
10028,2022,0,0,0,0,0,0,0,2a,2c,0
10028,2023,0,0,0,0,0,0,0,2a,2c,0
10029,2012,0,0,369,141,44,0,0,1,1,0
10029,2013,0,0,376,142,47,0,0,1,1,0
10029,2014,0,0,282,169,0,0,0,1,1,0
10029,2015,0,0,2,0,0,0,0,1,1,0
10029,2016,0,0,100,0,0,0,0,1,1,0
10029,2017,0,0,8,0,0,0,0,1,1,0
10029,2018,0,0,0,0,0,0,0,1,1,0
10029,2019,0,0,0,0,0,0,0,2b,2b,0
10029,2020,0,0,0,0,0,0,0,2b,2b,0
10029,2021,0,0,0,0,0,0,0,2b,2b,0
10029,2022,0,0,0,0,0,0,0,2b,2b,0
10029,2023,0,0,0,0,0,0,0,2b,2b,0
10030,2012,879,156,276,276,138,0,0,1,1,1
10030,2013,887,162,284,283,144,0,0,1,1,1
10030,2014,890,165,280,285,148,0,0,1,1,1
10030,2015,895,160,286,290,150,0,0,1,1,1
10030,2016,921,156,277,307,157,0,0,1,1,1
10030,2017,928,145,282,296,151,0,0,1,1,1
10030,2018,788,146,268,281,142,0,0,1,1,1
10030,2019,792,138,280,284,139,0,0,1,1,1
10030,2020,855,132,295,301,149,0,0,1,1,1
10030,2021,875,140,305,305,155,0,0,1,1,1
10030,2022,870,135,301,303,153,0,0,1,1,1
10030,2023,865,130,290,295,145,0,0,1,1,1
10031,2012,750,120,200,100,0,0,0,1,1,1
10031,2013,0,0,0,0,0,0,0,2a,2e,0
10031,2014,0,0,0,0,0,0,0,2a,2e,0
10031,2015,0,0,0,0,0,0,0,2a,2e,0
10031,2016,0,0,0,0,0,0,0,2a,2e,0
10031,2017,0,0,0,0,0,0,0,2a,2e,0
10031,2018,0,0,0,0,0,0,0,2a,2e,0
10031,2019,0,0,0,0,0,0,0,2a,2e,0
10031,2020,0,0,0,0,0,0,0,2a,2e,0
10031,2021,0,0,0,0,0,0,0,2a,2e,0
10031,2022,0,0,0,0,0,0,0,2a,2e,0
10031,2023,0,0,0,0,0,0,0,2a,2e,0
10032,2012,0,0,0,0,0,0,0,1,1,0
10032,2013,0,0,0,0,0,0,0,1,1,0
10032,2014,0,0,0,0,0,0,0,2a,2c,0
10032,2015,0,0,0,0,0,0,0,2a,2c,0
10032,2016,0,0,0,0,0,0,0,2a,2c,0
10032,2017,0,0,0,0,0,0,0,2a,2c,0
10032,2018,0,0,0,0,0,0,0,2a,2c,0
10032,2019,0,0,0,0,0,0,0,2a,2c,0
10032,2020,0,0,0,0,0,0,0,2a,2c,0
10032,2021,0,0,0,0,0,0,0,2a,2c,0
10032,2022,0,0,0,0,0,0,0,2a,2c,0
10032,2023,0,0,0,0,0,0,0,2a,2c,0
10033,2012,1505,265,725,578,218,220,0,1,1,1
10033,2013,1275,100,300,475,200,200,0,1,1,1
10033,2014,1300,185,94,586,300,1125,0,1,1,1
10033,2015,1400,125,100,600,4400,13000,0,1,1,1
10033,2016,1848,182,540,431,195,342,0,1,1,1
10033,2017,1833,175,126,0,0,15600,0,1,1,1
10033,2018,1321,117,0,0,0,0,0,1,1,1
10033,2019,45,0,0,0,0,0,0,1,1,1
10033,2020,0,0,0,0,0,0,0,1,1,0
10033,2021,0,0,0,0,0,0,0,1,1,0
10033,2022,0,0,0,0,0,0,0,1,1,0
10033,2023,0,0,0,0,0,0,0,1,1,0
10034,2012,450,60,95,60,25,20,0,1,1,1
10034,2013,0,0,500,0,0,0,0,1,1,0
10034,2014,0,0,0,0,0,0,0,1,1,0
10034,2015,0,0,650,0,0,0,0,1,1,0
10034,2016,0,0,600,0,0,0,0,1,1,0
10034,2017,0,0,600,0,0,0,0,1,1,0
10034,2018,0,0,600,0,0,0,0,1,1,0
10034,2019,0,0,0,500,0,0,0,1,1,0
10034,2020,0,0,0,500,0,0,0,1,1,0
10034,2021,0,0,0,0,0,0,0,1,1,0
10034,2022,0,0,0,0,0,0,0,1,1,0
10034,2023,0,0,0,0,0,0,0,1,1,0
10035,2012,629,54,145,132,43,0,0,3a,3a,1
10035,2013,629,54,145,132,43,0,0,1,1,1
10035,2014,597,0,0,0,0,0,0,1,1,1
10035,2015,600,0,500,0,110,0,0,1,1,1
10035,2016,595,0,665,0,0,135,0,1,1,1
10035,2017,600,0,655,0,0,200,0,1,1,1
10035,2018,590,0,650,0,0,190,0,1,1,1
10035,2019,595,0,652,0,0,195,0,1,1,1
10035,2020,592,0,649,0,0,193,0,1,1,1
10035,2021,580,0,650,0,0,190,0,1,1,1
10035,2022,0,90,800,100,0,0,0,1,1,0
10035,2023,0,0,800,100,0,0,0,1,1,0
10036,2012,1100,160,550,250,120,0,0,1,1,1
10036,2013,1100,160,550,250,120,0,0,1,1,1
10036,2014,1110,145,550,250,120,0,0,1,1,1
10036,2015,1110,145,550,250,120,0,0,1,1,1
10036,2016,1110,145,550,250,120,0,0,1,1,1
10036,2017,1085,130,560,250,140,0,0,1,1,1
10036,2018,1065,130,550,250,140,0,0,1,1,1
10036,2019,1032,125,550,250,150,0,0,1,1,1
10036,2020,1028,128,500,250,150,0,0,1,1,1
10036,2021,1025,120,500,250,150,0,0,1,1,1
10036,2022,1020,115,500,250,150,0,0,1,1,1
10036,2023,1012,110,450,350,150,0,0,1,1,1
10037,2012,883,152,431,366,135,138,0,1,1,1
10037,2013,940,145,440,360,120,0,0,1,1,1
10037,2014,840,125,400,310,100,0,0,1,1,1
10037,2015,845,130,300,310,75,0,0,1,1,1
10037,2016,870,125,280,290,0,0,0,1,1,1
10037,2017,850,120,250,270,0,0,0,1,1,1
10037,2018,815,130,239,282,0,0,0,1,1,1
10037,2019,810,120,230,260,0,0,0,1,1,1
10037,2020,800,110,220,260,0,0,0,1,1,1
10037,2021,975,0,487,755,0,0,0,1,1,1
10037,2022,970,179,414,152,425,102,0,1,1,1
10037,2023,989,214,390,170,438,87,0,1,1,1
10038,2012,920,228,412,84,86,0,0,1,1,1
10038,2013,920,228,412,84,86,0,0,3a,3a,1
10038,2014,0,0,0,0,0,0,0,2a,2e,0
10038,2015,0,0,0,0,0,0,0,2a,2e,0
10038,2016,0,0,0,0,0,0,0,2a,2e,0
10038,2017,0,0,0,0,0,0,0,2a,2e,0
10038,2018,0,0,0,0,0,0,0,2a,2e,0
10038,2019,0,0,0,0,0,0,0,2a,2e,0
10038,2020,0,0,0,0,0,0,0,2a,2e,0
10038,2021,0,0,0,0,0,0,0,2a,2e,0
10038,2022,0,0,0,0,0,0,0,2a,2e,0
10038,2023,0,0,0,0,0,0,0,2a,2e,0
10039,2012,900,132,200,160,200,0,0,1,1,1
10039,2013,910,160,250,150,200,0,0,1,1,1
10039,2014,900,155,300,100,90,90,0,1,1,1
10039,2015,850,110,300,100,90,90,0,1,1,1
10039,2016,900,155,300,100,90,0,0,1,1,1
10039,2017,820,120,250,150,200,0,0,1,1,1
10039,2018,905,158,250,120,170,0,0,1,1,1
10039,2019,905,158,250,120,170,0,0,1,1,1
10039,2020,905,158,250,120,170,0,0,1,1,1
10039,2021,910,153,320,205,89,0,0,1,1,1
10039,2022,905,158,250,150,180,0,0,1,1,1
10039,2023,905,156,250,150,180,0,0,1,1,1
10040,2012,1518,328,372,391,195,195,0,1,1,1
10040,2013,1520,330,375,392,193,191,0,1,1,1
10040,2014,1526,335,388,386,381,0,0,1,1,1
10040,2015,1516,316,368,362,278,0,0,1,1,1
10040,2016,1516,316,368,362,278,0,0,1,1,1
10040,2017,1514,328,377,393,374,0,0,1,1,1
10040,2018,1516,324,386,391,379,0,0,1,1,1
10040,2019,1512,323,366,389,382,0,0,1,1,1
10040,2020,1526,333,378,394,379,0,0,1,1,1
10040,2021,1523,326,377,385,368,0,0,1,1,1
10040,2022,1528,332,389,394,376,0,0,1,1,1
10040,2023,1528,332,389,394,376,0,0,1,1,1
11907,2012,0,0,0,0,0,0,0,2a,3g,0
11907,2013,0,0,0,0,0,0,0,2a,3g,0
11907,2014,0,0,0,0,0,0,0,2a,3g,0
11907,2015,0,0,0,0,0,0,0,2a,3g,0
11907,2016,0,0,0,0,0,0,0,2a,3g,0
11907,2017,0,0,0,0,0,0,0,2a,2e,0
11907,2018,0,0,0,0,0,0,0,2a,2e,0
11907,2019,0,0,0,0,0,0,0,2a,2e,0
11907,2020,0,0,0,0,0,0,0,2a,2e,0
11907,2021,0,0,0,0,0,0,0,2a,2e,0
11907,2022,0,0,0,0,0,0,0,2a,2e,0
11907,2023,0,0,0,0,0,0,0,2a,2e,0
10041,2012,850,124,272,146,140,84,0,1,1,1
10041,2013,850,124,272,146,140,84,0,1,1,1
10041,2014,833,121,267,143,137,82,0,1,1,1
10041,2015,826,119,263,143,136,79,0,1,1,1
10041,2016,828,117,259,141,133,78,0,1,1,1
10041,2017,801,114,241,136,128,71,0,1,1,1
10041,2018,802,111,238,113,127,70,0,1,1,1
10041,2019,789,107,227,119,126,68,0,1,1,1
10041,2020,787,110,230,118,128,70,0,1,1,1
10041,2021,787,109,226,120,120,70,0,1,1,1
10041,2022,0,0,800,800,0,0,0,1,1,0
10041,2023,0,0,800,800,0,300,0,1,1,0
10042,2012,68,25,22,0,0,25,0,1,1,1
10042,2013,102,34,28,0,3,2,0,1,1,1
10042,2014,110,35,31,0,0,0,0,1,1,1
10042,2015,220,150,35,0,0,0,0,1,1,1
10042,2016,220,150,35,0,0,0,0,1,1,1
10042,2017,222,151,38,0,0,0,0,1,1,1
10042,2018,237,128,52,0,0,0,0,1,1,1
10042,2019,248,120,43,0,0,0,0,1,1,1
10042,2020,255,135,50,0,0,0,0,1,1,1
10042,2021,265,107,56,0,0,0,0,1,1,1
10042,2022,315,49,67,0,0,0,0,1,1,1
10042,2023,305,56,79,0,0,0,0,1,1,1
11912,2012,0,0,0,0,0,0,0,2a,3g,0
11912,2013,0,0,0,0,0,0,0,2a,3g,0
11912,2014,0,0,0,0,0,0,0,2a,3g,0
11912,2015,0,0,0,0,0,0,0,2a,3g,0
11912,2016,0,0,0,0,0,0,0,2a,3g,0
11912,2017,0,0,0,0,0,0,0,2a,3g,0
11912,2018,0,0,0,0,0,0,0,2a,3g,0
11912,2019,0,0,0,0,0,0,0,2a,3g,0
11912,2020,0,0,0,0,0,0,0,2a,3g,0
11912,2021,0,0,0,0,0,0,0,2a,3g,0
11912,2022,0,0,0,0,0,0,0,2a,3g,0
11912,2023,0,0,0,0,0,0,0,2a,3g,0
10043,2012,1786,382,803,503,0,0,0,3a,3a,1
10043,2013,1786,382,803,503,0,0,0,1,1,1
10043,2014,1768,379,797,509,0,0,0,3a,3a,1
10043,2015,1750,375,790,515,0,0,0,1,1,1
10043,2016,1798,380,802,506,0,0,0,1,1,1
10043,2017,1804,384,806,510,0,0,0,1,1,1
10043,2018,1829,407,833,502,0,0,0,1,1,1
10043,2019,1800,422,820,498,0,0,0,1,1,1
10043,2020,1808,420,815,490,0,0,0,1,1,1
10043,2021,1833,451,839,511,0,0,0,1,1,1
10043,2022,1901,320,866,543,0,0,0,1,1,1
10043,2023,1789,239,789,501,0,0,0,1,1,1
10044,2012,600,0,0,0,0,0,0,1,1,1
10044,2013,1655,87,0,0,0,0,0,1,1,1
10044,2014,1650,85,0,0,0,0,0,1,1,1
10044,2015,1600,90,0,0,0,0,0,1,1,1
10044,2016,1642,195,0,0,0,0,0,1,1,1
10044,2017,1649,187,0,0,0,0,0,1,1,1
10044,2018,1655,180,0,0,0,0,0,1,1,1
10044,2019,1663,167,0,0,0,0,0,1,1,1
10044,2020,1626,210,0,0,0,0,0,1,1,1
10044,2021,1640,204,0,0,0,0,0,1,1,1
10044,2022,1636,199,0,0,0,0,0,1,1,1
10044,2023,1657,190,0,0,0,0,0,1,1,1
10045,2012,4200,650,6000,4000,1500,0,0,1,1,1
10045,2013,4200,650,6000,4000,1500,0,0,1,1,1
10045,2014,3970,550,5420,3573,993,0,0,1,1,1
10045,2015,3950,525,5400,3575,1000,0,0,1,1,1
10045,2016,3881,591,5292,3538,995,0,0,1,1,1
10045,2017,3919,583,5308,3521,1012,0,0,1,1,1
10045,2018,4506,442,5302,3552,1022,0,0,1,1,1
10045,2019,4502,436,5292,3521,1008,0,0,1,1,1
10045,2020,4491,432,5284,3508,997,0,0,1,1,1
10045,2021,4488,427,5277,3502,992,0,0,1,1,1
10045,2022,4497,439,5304,3544,976,0,0,1,1,1
10045,2023,4510,447,5312,3529,962,0,0,1,1,1
10046,2012,725,0,1150,600,0,0,0,1,1,1
10046,2013,850,0,1200,200,0,0,0,1,1,1
10046,2014,850,0,1200,200,0,0,0,1,1,1
10046,2015,850,0,1200,200,0,0,0,1,1,1
10046,2016,850,0,1200,200,0,0,0,1,1,1
10046,2017,850,0,1200,200,0,0,0,1,1,1
10046,2018,850,0,1200,200,0,0,0,1,1,1
10046,2019,650,0,700,850,0,0,0,1,1,1
10046,2020,650,0,700,850,0,0,0,1,1,1
10046,2021,640,0,700,830,0,0,0,1,1,1
10046,2022,640,0,700,830,0,0,0,1,1,1
10046,2023,640,0,700,830,0,0,0,1,1,1
10047,2012,1290,90,500,575,90,0,0,1,1,1
10047,2013,1200,190,375,190,145,190,0,1,1,1
10047,2014,1225,185,380,200,150,200,0,1,1,1
10047,2015,1230,202,387,192,165,189,0,1,1,1
10047,2016,1242,208,427,235,158,206,0,1,1,1
10047,2017,1249,196,437,230,170,221,0,1,1,1
10047,2018,1271,205,440,239,0,0,0,1,1,1
10047,2019,1246,198,440,243,0,0,0,1,1,1
10047,2020,1252,204,458,234,0,0,0,1,1,1
10047,2021,1250,203,458,234,0,0,0,1,1,1
10047,2022,1242,209,448,235,0,0,0,1,1,1
10047,2023,1255,195,463,219,0,0,0,1,1,1
10048,2012,430,100,80,0,120,80,0,1,1,1
10048,2013,0,0,0,0,0,0,0,1,1,0
10048,2014,0,0,0,0,0,0,0,2c,2c,0
10048,2015,0,0,0,0,0,0,0,2a,2c,0
10048,2016,0,0,0,0,0,0,0,2a,2c,0
10048,2017,0,0,0,0,0,0,0,2a,2c,0
10048,2018,0,0,0,0,0,0,0,2a,2c,0
10048,2019,0,0,0,0,0,0,0,2a,2c,0
10048,2020,0,0,0,0,0,0,0,2a,2c,0
10048,2021,0,0,0,0,0,0,0,2a,2c,0
10048,2022,0,0,0,0,0,0,0,2a,2c,0
10048,2023,0,0,0,0,0,0,0,2a,2c,0
10049,2012,120,0,0,0,0,0,0,1,1,1
10049,2013,120,10,0,0,0,0,0,1,1,1
10049,2014,124,10,0,0,0,0,0,1,1,1
10049,2015,122,5,0,0,0,0,0,3a,3a,1
10049,2016,120,0,0,0,0,0,0,1,1,1
10049,2017,110,15,0,0,0,0,0,1,1,1
10049,2018,110,15,0,0,0,0,0,1,1,1
10049,2019,83,11,0,0,0,0,0,1,1,1
10049,2020,90,0,0,0,0,0,0,1,1,1
10049,2021,75,0,0,0,0,0,0,1,1,1
10049,2022,57,0,0,0,0,0,0,1,1,1
10049,2023,0,0,0,0,0,0,0,2a,2a,0
10050,2012,1000,250,1000,1000,0,0,0,1,1,1
10050,2013,6700,865,2085,1990,0,600,0,1,1,1
10050,2014,6710,855,2075,1980,0,0,0,1,1,1
10050,2015,6790,821,2000,1900,0,0,0,1,1,1
10050,2016,6648,844,2079,1911,0,0,0,1,1,1
10050,2017,6631,851,2092,1888,0,0,0,1,1,1
10050,2018,6689,876,2141,1981,0,0,0,1,1,1
10050,2019,8942,1454,3968,2292,982,0,0,1,1,1
10050,2020,9072,1538,4299,3112,1132,0,0,1,1,1
10050,2021,9022,1512,4253,3089,1105,0,0,1,1,1
10050,2022,8775,1075,3250,2350,900,0,0,1,1,1
10050,2023,8754,1062,2725,1875,875,0,0,1,1,1
10051,2012,352,47,120,59,32,45,0,1,1,1
10051,2013,354,44,112,147,23,40,0,1,1,1
10051,2014,365,40,109,145,25,42,0,1,1,1
10051,2015,350,47,110,65,20,35,0,1,1,1
10051,2016,350,47,110,65,20,35,0,1,1,1
10051,2017,350,47,99,65,20,35,0,1,1,1
10051,2018,336,45,110,60,20,42,0,1,1,1
10051,2019,0,0,29,70,42,0,0,1,1,0
10051,2020,0,0,29,5,3,2,0,1,1,0
10051,2021,0,0,10,2,0,0,0,1,1,0
10051,2022,0,0,10,2,0,0,0,2c,3a,0
10051,2023,0,0,13,0,3,0,0,1,1,0
10052,2012,1111,235,469,400,140,140,0,1,1,1
10052,2013,1091,224,475,387,195,93,0,1,1,1
10052,2014,1097,220,479,390,190,90,0,1,1,1
10052,2015,1100,226,475,388,186,89,0,1,1,1
10052,2016,1125,224,483,394,180,85,0,1,1,1
10052,2017,1020,282,470,415,187,89,0,1,1,1
10052,2018,1210,271,453,431,194,93,0,1,1,1
10052,2019,1201,263,462,438,188,90,0,1,1,1
10052,2020,1200,265,460,440,190,90,0,1,1,1
10052,2021,1100,200,580,440,89,43,0,1,1,1
10052,2022,1088,223,567,462,101,48,0,1,1,1
10052,2023,1059,211,539,440,1972,928,0,1,1,1
10053,2012,0,0,0,0,0,0,0,2b,2b,0
10053,2013,0,0,0,0,0,0,0,2b,2b,0
10053,2014,0,0,0,0,0,0,0,2b,2b,0
10053,2015,0,0,0,0,0,0,0,2b,2b,0
10053,2016,0,0,0,0,0,0,0,2b,2b,0
10053,2017,0,0,0,0,0,0,0,2b,2b,0
10053,2018,0,0,0,0,0,0,0,2b,2b,0
10053,2019,2592,363,800,236,0,351,0,1,1,1
10053,2020,2918,626,1817,2359,579,0,0,1,1,1
10053,2021,2903,634,1805,2401,563,0,0,1,1,1
10053,2022,2900,640,1800,2410,570,0,0,1,1,1
10053,2023,2850,655,1785,2370,600,0,0,1,1,1
10054,2012,800,50,100,120,60,0,0,1,1,1
10054,2013,550,125,75,0,0,0,0,1,1,1
10054,2014,835,120,130,100,75,0,0,1,1,1
10054,2015,840,120,110,80,75,0,0,1,1,1
10054,2016,850,115,120,60,85,0,0,1,1,1
10054,2017,820,110,120,70,65,0,0,1,1,1
10054,2018,900,105,122,95,75,0,0,1,1,1
10054,2019,880,105,120,90,40,60,0,1,1,1
10054,2020,900,100,122,80,40,0,0,1,1,1
10054,2021,900,105,75,85,25,0,0,1,1,1
10054,2022,900,100,70,80,25,0,0,1,1,1
10054,2023,895,98,66,78,24,0,0,1,1,1
10055,2012,2483,368,661,602,559,0,0,1,1,1
10055,2013,2486,362,672,610,605,0,0,1,1,1
10055,2014,2495,375,654,600,610,0,0,1,1,1
10055,2015,2600,328,724,550,605,0,0,1,1,1
10055,2016,2632,324,737,592,606,0,0,1,1,1
10055,2017,2580,275,760,580,614,0,0,1,1,1
10055,2018,2505,258,731,555,588,0,0,1,1,1
10055,2019,2505,249,731,555,588,0,0,1,1,1
10055,2020,2475,248,725,525,550,0,0,1,1,1
10055,2021,2463,245,710,525,548,0,0,1,1,1
10055,2022,2540,250,710,515,525,0,0,1,1,1
10055,2023,2545,260,703,525,533,0,0,1,1,1
11795,2019,0,0,0,0,0,0,500,1,1,0
11795,2020,0,0,0,0,0,0,450,1,1,0
11795,2021,0,0,0,0,0,0,400,1,1,0
11795,2022,0,0,50,400,0,0,0,1,1,0
11795,2023,0,0,0,585,0,0,0,1,1,0
10056,2012,2967,490,1754,844,382,494,0,1,1,1
10056,2013,3100,352,1934,851,465,441,0,1,1,1
10056,2014,3100,352,1954,842,451,472,0,1,1,1
10056,2015,3100,352,1954,842,451,472,0,1,1,1
10056,2016,3100,352,1954,842,451,472,0,1,1,1
10056,2017,3100,352,1954,842,451,472,0,1,1,1
10056,2018,3100,352,1954,842,451,472,0,1,1,1
10056,2019,3150,352,1954,842,600,500,0,1,1,1
10056,2020,3150,360,1954,842,600,500,0,1,1,1
10056,2021,3140,380,1900,835,550,485,0,1,1,1
10056,2022,3135,410,1910,835,600,500,0,1,1,1
10056,2023,3140,415,1935,840,640,535,0,1,1,1
10057,2012,3758,593,1223,1191,1162,0,0,1,1,1
10057,2013,3621,572,1019,1395,1162,0,0,1,1,1
10057,2014,0,0,0,0,0,0,0,1,1,0
10057,2015,0,0,0,0,0,0,0,1,1,0
10057,2016,0,0,0,0,0,0,0,2a,2e,0
10057,2017,0,0,0,0,0,0,0,2a,2e,0
10057,2018,0,0,0,0,0,0,0,2a,2e,0
10057,2019,0,0,0,0,0,0,0,2a,2e,0
10057,2020,0,0,0,0,0,0,0,2a,2e,0
10057,2021,0,0,0,0,0,0,0,2a,2e,0
10057,2022,0,0,0,0,0,0,0,2a,2e,0
10057,2023,0,0,0,0,0,0,0,2a,2e,0
10058,2012,1104,120,79,0,0,20,0,1,1,1
10058,2013,1105,120,80,0,0,10,0,1,1,1
10058,2014,1115,86,85,0,0,0,0,1,1,1
10058,2015,1100,80,80,0,0,0,0,1,1,1
10058,2016,1117,126,328,495,0,0,0,1,1,1
10058,2017,1072,136,39,0,0,0,0,1,1,1
10058,2018,1170,126,48,0,0,0,0,1,1,1
10058,2019,1189,141,58,0,0,0,0,1,1,1
10058,2020,1174,234,73,0,0,0,0,1,1,1
10058,2021,1184,238,76,0,0,0,0,1,1,1
10058,2022,1199,216,62,0,0,0,0,1,1,1
10058,2023,1243,195,48,0,0,0,0,1,1,1
10059,2012,1980,180,29,21,0,0,0,3a,3a,1
10059,2013,1980,180,29,21,0,0,0,3a,3a,1
10059,2014,1980,180,29,21,0,0,0,1,1,1
10059,2015,1970,60,20,15,0,0,0,1,1,1
10059,2016,1970,40,26,19,0,0,0,1,1,1
10059,2017,2000,50,23,17,0,0,0,1,1,1
10059,2018,2010,60,40,30,0,0,0,1,1,1
10059,2019,1900,350,46,34,0,0,0,1,1,1
10059,2020,1920,290,29,21,0,0,0,1,1,1
10059,2021,1940,250,0,0,0,0,0,1,1,1
10059,2022,2150,320,0,0,0,0,0,1,1,1
10059,2023,2160,350,0,0,0,0,0,1,1,1
10060,2012,610,90,450,210,95,90,0,1,1,1
10060,2013,610,90,450,210,95,90,0,1,1,1
10060,2014,610,90,450,210,95,90,0,1,1,1
10060,2015,610,90,450,210,95,90,0,1,1,1
10060,2016,610,90,450,210,95,90,0,1,1,1
10060,2017,610,90,450,210,95,90,0,1,1,1
10060,2018,610,90,450,210,95,90,0,1,1,1
10060,2019,930,110,285,210,95,90,0,1,1,1
10060,2020,950,134,350,210,78,78,0,1,1,1
10060,2021,950,134,350,210,78,78,0,1,1,1
10060,2022,950,134,350,210,78,78,0,1,1,1
10060,2023,950,134,350,210,78,78,0,1,1,1
10061,2012,650,105,0,0,0,0,0,1,1,1
10061,2013,750,100,0,0,0,0,0,1,1,1
10061,2014,755,100,0,0,0,0,0,3a,3a,1
10061,2015,760,100,0,0,0,0,0,3a,3a,1
10061,2016,765,100,0,0,0,0,0,1,1,1
10061,2017,650,100,150,0,0,0,0,1,1,1
10061,2018,0,0,0,0,0,0,0,1,1,0
10061,2019,250,35,0,0,0,0,0,1,1,1
10061,2020,220,20,300,40,0,0,0,1,1,1
10061,2021,200,30,200,30,0,0,0,1,1,1
10061,2022,600,50,200,50,0,0,0,1,1,1
10061,2023,350,40,200,0,0,0,0,1,1,1
10062,2012,950,100,150,460,140,100,0,1,1,1
10062,2013,1100,165,150,460,140,100,0,1,1,1
10062,2014,1100,165,150,460,140,100,0,1,1,1
10062,2015,910,138,150,460,140,100,0,3a,3a,1
10062,2016,720,110,150,460,140,100,0,1,1,1
10062,2017,720,110,150,460,140,100,0,1,1,1
10062,2018,720,110,150,460,140,100,0,1,1,1
10062,2019,720,110,150,460,140,100,0,1,1,1
10062,2020,750,95,110,460,140,100,0,1,1,1
10062,2021,517,119,500,800,130,100,0,1,1,1
10062,2022,630,45,300,500,130,100,0,1,1,1
10062,2023,585,119,500,800,130,100,0,1,1,1
10063,2012,650,101,220,200,90,92,0,1,1,1
10063,2013,650,101,220,200,90,92,0,1,1,1
10063,2014,550,85,220,200,90,90,0,1,1,1
10063,2015,670,90,220,200,110,0,0,1,1,1
10063,2016,670,90,220,200,110,0,0,1,1,1
10063,2017,670,90,220,200,110,0,0,1,1,1
10063,2018,670,90,220,200,110,0,0,1,1,1
10063,2019,670,90,220,200,110,0,0,1,1,1
10063,2020,670,90,220,200,110,0,0,1,1,1
10063,2021,670,90,220,200,110,0,0,1,1,1
10063,2022,670,90,220,200,110,0,0,1,1,1
10063,2023,670,90,220,200,110,0,0,1,1,1
10064,2012,0,0,148,152,0,0,0,1,1,0
10064,2013,0,0,0,0,0,0,0,2a,2a,0
10064,2014,0,0,0,0,0,0,0,2a,2a,0
10064,2015,0,0,0,0,0,0,0,2a,2a,0
10064,2016,0,0,0,0,0,0,0,2a,2a,0
10064,2017,0,0,0,0,0,0,0,2a,2a,0
10064,2018,0,0,0,0,0,0,0,2a,2a,0
10064,2019,0,0,0,0,0,0,0,2a,2a,0
10064,2020,0,0,0,0,0,0,0,2a,2a,0
10064,2021,0,0,0,0,0,0,0,2a,2a,0
10064,2022,0,0,0,0,0,0,0,2a,2a,0
10064,2023,0,0,0,0,0,0,0,2a,2a,0
10065,2012,535,56,126,103,100,76,0,1,1,1
10065,2013,540,50,125,100,100,65,0,1,1,1
10065,2014,545,52,120,95,100,58,0,1,1,1
10065,2015,500,64,104,100,78,70,0,1,1,1
10065,2016,545,75,155,207,107,82,0,1,1,1
10065,2017,559,77,159,213,110,85,0,1,1,1
10065,2018,560,80,300,0,0,0,0,1,1,1
10065,2019,825,130,250,175,0,0,0,1,1,1
10065,2020,920,180,0,0,100,0,0,1,1,1
10065,2021,918,172,0,0,98,0,0,1,1,1
10065,2022,920,170,0,0,100,0,0,1,1,1
10065,2023,937,149,0,0,0,268,0,1,1,1
10066,2012,800,120,310,250,180,0,0,1,1,1
10066,2013,800,120,310,250,180,0,0,1,1,1
10066,2014,800,115,400,250,180,0,0,1,1,1
10066,2015,770,115,400,300,180,0,0,1,1,1
10066,2016,780,110,300,300,180,0,0,1,1,1
10066,2017,770,110,334,240,150,0,0,1,1,1
10066,2018,745,90,300,190,150,0,0,1,1,1
10066,2019,745,90,300,190,150,0,0,1,1,1
10066,2020,684,68,0,0,0,0,0,1,1,1
10066,2021,622,86,0,0,0,0,0,1,1,1
10066,2022,0,0,0,0,0,0,0,2b,2b,0
10066,2023,0,0,0,0,0,0,0,2b,2b,0
11775,2019,0,0,2620,1785,0,0,0,1,1,0
11775,2020,0,0,2644,1764,0,0,0,1,1,0
11775,2021,0,0,2596,1752,0,0,0,1,1,0
11775,2022,0,0,2584,1743,0,0,0,1,1,0
11775,2023,0,0,2589,1749,0,0,0,1,1,0
10067,2012,439,61,157,112,65,41,0,1,1,1
10067,2013,395,55,52,37,22,14,0,1,1,1
10067,2014,369,51,84,60,35,21,0,1,1,1
10067,2015,351,49,89,63,37,23,0,1,1,1
10067,2016,351,49,90,64,38,23,0,1,1,1
10067,2017,352,49,91,65,38,24,0,1,1,1
10067,2018,377,53,96,69,40,25,0,1,1,1
10067,2019,351,49,90,64,38,23,0,1,1,1
10067,2020,0,0,45,32,19,12,0,1,1,0
10067,2021,0,0,0,0,0,0,0,1,1,0
10067,2022,0,0,0,0,0,0,0,1,1,0
10067,2023,0,0,0,0,0,0,0,2a,2c,0
10068,2012,0,0,79,81,0,0,0,1,1,0
10068,2013,0,0,64,66,29,7,0,1,1,0
10068,2014,0,0,64,66,29,7,0,2c,3a,0
10068,2015,0,260,30,31,0,0,0,1,1,0
10068,2016,0,255,39,39,0,0,0,1,1,0
10068,2017,0,220,51,53,0,0,0,1,1,0
10068,2018,0,225,50,51,0,0,0,1,1,0
10068,2019,0,215,48,50,0,0,0,1,1,0
10068,2020,0,262,0,0,0,0,0,1,1,0
10068,2021,0,232,27,27,0,0,0,2c,3a,0
10068,2022,0,202,53,54,0,0,0,1,1,0
10068,2023,0,162,44,45,0,0,0,1,1,0
10069,2012,8600,950,2750,4135,1000,1700,0,1,1,1
10069,2013,8600,950,2750,4135,100,1700,0,1,1,1
10069,2014,8600,950,2750,4135,100,1700,0,1,1,1
10069,2015,8600,950,2750,4135,100,1700,0,1,1,1
10069,2016,7200,950,2750,4135,100,1700,0,1,1,1
10069,2017,7450,950,2750,4135,100,1500,0,1,1,1
10069,2018,7450,950,2750,4135,100,1500,0,1,1,1
10069,2019,7450,950,2750,4135,100,1500,0,1,1,1
10069,2020,7450,950,2750,4135,100,1500,0,1,1,1
10069,2021,6700,950,3600,2800,1200,1200,0,1,1,1
10069,2022,6700,950,3600,2800,1200,1200,0,1,1,1
10069,2023,6700,950,3600,2800,1200,1200,0,1,1,1
11913,2012,0,0,0,30,0,0,0,2a,3a,0
11913,2013,0,0,0,30,0,0,0,2a,3a,0
11913,2014,0,0,0,30,0,0,0,2a,3a,0
11913,2015,0,0,0,30,0,0,0,2a,3a,0
11913,2016,0,0,0,30,0,0,0,2a,3a,0
11913,2017,0,0,0,30,0,0,0,2a,3a,0
11913,2018,0,0,0,30,0,0,0,2a,3a,0
11913,2019,0,0,0,30,0,0,0,2a,3a,0
11913,2020,0,0,0,30,0,0,0,2a,3a,0
11913,2021,0,0,0,30,0,0,0,1,1,0
11913,2022,0,0,0,30,0,0,0,2a,3a,0
11913,2023,0,0,0,0,0,0,0,2a,2a,0
10070,2012,4795,833,1617,855,215,0,0,3a,3a,1
10070,2013,4490,786,1614,421,0,0,0,1,1,1
10070,2014,4483,784,1619,430,0,0,0,1,1,1
10070,2015,4478,789,1610,438,0,0,0,1,1,1
10070,2016,4470,791,1615,445,0,0,0,1,1,1
10070,2017,4472,797,1620,449,0,0,0,1,1,1
10070,2018,4801,425,1995,1988,0,0,0,1,1,1
10070,2019,4631,455,1365,828,0,0,0,1,1,1
10070,2020,4680,458,1925,2193,0,0,0,1,1,1
10070,2021,4684,453,1921,2169,0,0,0,1,1,1
10070,2022,4716,421,1948,2145,0,0,0,1,1,1
10070,2023,4684,430,1925,2096,0,0,0,1,1,1
10071,2012,636,135,285,136,135,170,0,1,1,1
10071,2013,629,111,296,140,121,58,0,1,1,1
10071,2014,623,115,303,134,119,57,0,1,1,1
10071,2015,625,118,308,139,122,58,0,1,1,1
10071,2016,632,114,302,147,119,57,0,1,1,1
10071,2017,650,125,317,140,127,60,0,1,1,1
10071,2018,639,131,324,152,122,58,0,1,1,1
10071,2019,627,139,319,146,119,56,0,1,1,1
10071,2020,630,140,322,150,122,58,0,1,1,1
10071,2021,642,135,350,122,110,52,0,1,1,1
10071,2022,661,99,364,139,102,49,0,1,1,1
10071,2023,649,105,340,122,112,53,0,1,1,1
10072,2012,755,98,338,228,112,0,0,1,1,1
10072,2013,799,100,340,230,115,0,0,1,1,1
10072,2014,802,100,340,230,120,0,0,1,1,1
10072,2015,805,100,340,240,120,0,0,1,1,1
10072,2016,825,103,340,240,120,0,0,1,1,1
10072,2017,795,135,456,435,422,0,0,1,1,1
10072,2018,775,130,450,425,400,0,0,1,1,1
10072,2019,775,125,450,425,400,400,0,1,1,1
10072,2020,780,120,450,425,400,400,0,1,1,1
10072,2021,775,100,450,425,400,400,0,1,1,1
10072,2022,0,0,450,425,400,0,0,1,1,0
10072,2023,0,0,0,0,0,0,0,1,1,0
10073,2012,2536,616,899,1002,390,390,0,1,1,1
10073,2013,2534,616,902,998,384,381,0,1,1,1
10073,2014,2544,614,906,1000,547,380,0,1,1,1
10073,2015,2539,615,901,990,390,367,0,1,1,1
10073,2016,2534,624,901,993,388,360,0,1,1,1
10073,2017,2534,624,901,993,388,360,0,1,1,1
10073,2018,2533,614,891,998,383,363,0,1,1,1
10073,2019,2542,616,904,996,388,354,0,1,1,1
10073,2020,2524,625,902,1001,384,373,0,1,1,1
10073,2021,2546,615,895,996,389,366,0,1,1,1
10073,2022,2546,615,895,996,389,366,0,1,1,1
10073,2023,2548,623,898,988,392,374,0,1,1,1
10074,2012,1149,266,246,362,0,0,0,1,1,1
10074,2013,1153,245,239,359,0,0,0,1,1,1
10074,2014,1097,198,263,247,201,0,0,1,1,1
10074,2015,1095,190,405,310,136,0,0,1,1,1
10074,2016,1149,302,389,299,127,0,0,1,1,1
10074,2017,1125,275,400,325,175,0,0,1,1,1
10074,2018,1000,125,390,330,182,0,0,1,1,1
10074,2019,1100,100,400,350,100,0,0,1,1,1
10074,2020,1050,115,390,342,160,0,0,1,1,1
10074,2021,500,50,200,200,100,0,0,1,1,1
10074,2022,900,100,350,250,0,0,0,1,1,1
10074,2023,880,100,325,225,0,0,0,1,1,1
11895,2012,0,0,0,0,0,0,0,3g,3g,0
11895,2013,0,0,0,0,0,0,0,3g,3g,0
11895,2014,0,0,0,0,0,0,0,3g,3g,0
11895,2015,0,0,0,0,0,0,0,3g,3g,0
11895,2016,0,0,0,0,0,0,0,3g,3g,0
11895,2017,0,0,0,0,0,0,0,3g,3g,0
11895,2018,0,0,0,0,0,0,0,3g,3g,0
11895,2019,0,0,0,0,0,0,0,3g,3g,0
11895,2020,0,0,0,0,0,0,0,3g,3g,0
11895,2021,0,0,0,0,0,0,0,3g,3g,0
11895,2022,0,0,0,0,0,0,0,3g,3g,0
11895,2023,0,0,0,0,0,0,0,3g,3g,0
10075,2012,532,150,470,331,19,0,0,1,1,1
10075,2013,527,153,461,340,21,0,0,1,1,1
10075,2014,535,145,452,355,28,0,0,1,1,1
10075,2015,525,126,432,360,33,0,0,1,1,1
10075,2016,509,153,421,379,44,0,0,1,1,1
10075,2017,524,142,432,365,50,0,0,1,1,1
10075,2018,521,133,417,360,44,0,0,1,1,1
10075,2019,531,138,424,367,47,0,0,1,1,1
10075,2020,526,136,418,398,50,0,0,1,1,1
10075,2021,530,138,424,403,56,0,0,1,1,1
10075,2022,542,131,429,409,48,0,0,1,1,1
10075,2023,585,78,463,390,63,0,0,1,1,1
10076,2012,480,70,160,0,115,115,0,1,1,1
10076,2013,480,70,60,60,120,120,0,1,1,1
10076,2014,0,0,0,0,0,0,0,1,1,0
10076,2015,0,0,0,0,0,0,0,1,1,0
10076,2016,0,0,0,0,0,0,0,1,1,0
10076,2017,0,0,0,0,0,0,0,1,1,0
10076,2018,0,0,0,0,0,0,0,1,1,0
10076,2019,0,0,0,0,0,0,0,1,1,0
10076,2020,0,0,0,0,0,0,0,1,1,0
10076,2021,0,0,0,0,0,0,0,1,1,0
10076,2022,0,0,0,0,0,0,0,1,1,0
10076,2023,0,0,0,0,0,0,0,1,1,0
10077,2012,494,119,163,140,71,60,0,1,1,1
10077,2013,494,119,163,140,71,50,0,1,1,1
10077,2014,494,119,163,140,71,50,0,1,1,1
10077,2015,494,119,163,140,71,50,0,1,1,1
10077,2016,494,119,163,140,71,50,0,1,1,1
10077,2017,494,119,163,140,71,50,0,1,1,1
10077,2018,0,0,0,0,0,0,0,2a,2e,0
10077,2019,0,0,0,0,0,0,0,2a,2e,0
10077,2020,0,0,0,0,0,0,0,2a,2e,0
10077,2021,0,0,0,0,0,0,0,2a,2e,0
10077,2022,0,0,0,0,0,0,0,2a,2e,0
10077,2023,0,0,0,0,0,0,0,2a,2e,0
10078,2012,150,15,30,20,12,0,0,1,1,1
10078,2013,150,20,15,12,10,0,0,1,1,1
10078,2014,150,20,15,12,10,0,0,1,1,1
10078,2015,200,0,0,40,0,0,0,1,1,1
10078,2016,220,0,0,0,80,0,0,1,1,1
10078,2017,220,0,0,0,80,0,0,1,1,1
10078,2018,220,0,0,0,80,0,0,3a,3a,1
10078,2019,0,0,0,0,0,0,0,2b,2b,0
10078,2020,0,0,0,0,0,0,0,2b,2b,0
10078,2021,0,0,0,0,0,0,0,2b,2b,0
10078,2022,0,0,0,0,0,0,0,2b,2b,0
10078,2023,0,0,0,0,0,0,0,2b,2b,0
10079,2012,1439,257,693,574,96,46,0,3a,3a,1
10079,2013,1439,257,693,574,96,46,0,1,1,1
10079,2014,1433,262,700,566,95,45,0,1,1,1
10079,2015,1448,295,492,571,95,45,0,1,1,1
10079,2016,1479,331,685,556,138,0,0,1,1,1
10079,2017,1482,336,681,561,127,0,0,1,1,1
10079,2018,1488,338,684,565,130,0,0,1,1,1
10079,2019,1485,336,681,553,135,0,0,1,1,1
10079,2020,1491,329,685,561,132,0,0,1,1,1
10079,2021,1498,331,682,559,122,0,0,1,1,1
10079,2022,1494,335,679,553,120,0,0,1,1,1
10079,2023,1447,331,666,547,115,0,0,1,1,1
10080,2012,1700,240,585,560,170,230,0,1,1,1
10080,2013,1712,251,570,566,284,135,0,1,1,1
10080,2014,1707,248,573,558,289,137,0,1,1,1
10080,2015,1713,255,567,562,281,134,0,1,1,1
10080,2016,1720,250,573,560,278,132,0,1,1,1
10080,2017,1780,275,580,562,278,132,0,1,1,1
10080,2018,1801,288,571,577,291,138,0,1,1,1
10080,2019,1822,271,582,595,279,132,0,1,1,1
10080,2020,1830,268,580,600,283,135,0,1,1,1
10080,2021,1811,251,564,609,293,140,0,1,1,1
10080,2022,1829,255,575,631,306,146,0,1,1,1
10080,2023,1811,240,563,619,296,141,0,1,1,1
10081,2012,218,30,50,36,21,13,0,1,1,1
10081,2013,237,33,84,60,35,21,0,1,1,1
10081,2014,233,32,63,45,26,16,0,1,1,1
10081,2015,241,34,75,54,31,20,0,1,1,1
10081,2016,246,34,63,45,26,16,0,1,1,1
10081,2017,224,31,75,54,31,20,0,1,1,1
10081,2018,183,26,84,60,35,21,0,1,1,1
10081,2019,246,34,58,42,24,16,0,1,1,1
10081,2020,250,35,55,40,23,15,0,1,1,1
10081,2021,176,24,52,37,22,14,0,1,1,1
10081,2022,0,0,0,0,0,0,0,1,1,0
10081,2023,0,0,0,0,0,0,0,2c,2c,0
11914,2012,0,0,0,0,0,0,0,3g,3g,0
11914,2013,0,0,0,0,0,0,0,3g,3g,0
11914,2014,0,0,0,0,0,0,0,3g,3g,0
11914,2015,0,0,0,0,0,0,0,3g,3g,0
11914,2016,0,0,0,0,0,0,0,3g,3g,0
11914,2017,0,0,0,0,0,0,0,3g,3g,0
11914,2018,0,0,0,0,0,0,0,3g,3g,0
11914,2019,0,0,0,0,0,0,0,3g,3g,0
11914,2020,0,0,0,0,0,0,0,3g,3g,0
11914,2021,0,0,0,0,0,0,0,3g,3g,0
11914,2022,0,0,0,0,0,0,0,3g,3g,0
11914,2023,0,0,0,0,0,0,0,3g,3g,0
11915,2012,0,0,0,0,0,0,0,3g,3g,0
11915,2013,0,0,0,0,0,0,0,3g,3g,0
11915,2014,0,0,0,0,0,0,0,3g,3g,0
11915,2015,0,0,0,0,0,0,0,3g,3g,0
11915,2016,0,0,0,0,0,0,0,3g,3g,0
11915,2017,0,0,0,0,0,0,0,3g,3g,0
11915,2018,0,0,0,0,0,0,0,3g,3g,0
11915,2019,0,0,0,0,0,0,0,3g,3g,0
11915,2020,0,0,0,0,0,0,0,3g,3g,0
11915,2021,0,0,0,0,0,0,0,3g,3g,0
11915,2022,0,0,0,0,0,0,0,3g,3g,0
11915,2023,0,0,0,0,0,0,0,3g,3g,0
10082,2012,700,76,250,25,130,90,0,1,1,1
10082,2013,918,125,250,0,0,0,0,1,1,1
10082,2014,1000,120,30,0,0,0,0,1,1,1
10082,2015,1104,201,39,0,0,0,0,1,1,1
10082,2016,1050,150,35,0,0,0,0,1,1,1
10082,2017,1150,230,10,0,0,0,0,1,1,1
10082,2018,1350,140,15,0,0,0,0,1,1,1
10082,2019,1428,183,379,646,243,230,0,1,1,1
10082,2020,1420,185,337,438,177,396,0,1,1,1
10082,2021,1400,200,350,420,200,385,0,1,1,1
10082,2022,1401,350,433,593,213,349,0,1,1,1
10082,2023,1400,350,440,590,215,350,0,1,1,1
10083,2012,1065,118,758,764,402,0,0,1,1,1
10083,2013,1070,115,750,755,400,0,0,1,1,1
10083,2014,1095,120,755,750,415,0,0,1,1,1
10083,2015,1098,122,740,735,398,0,0,1,1,1
10083,2016,1158,140,738,722,402,0,0,1,1,1
10083,2017,1155,145,730,720,400,0,0,1,1,1
10083,2018,1150,138,675,662,385,0,0,1,1,1
10083,2019,1155,126,680,685,373,0,0,1,1,1
10083,2020,1143,118,688,682,359,0,0,1,1,1
10083,2021,1140,115,685,670,350,0,0,1,1,1
10083,2022,1145,135,690,700,365,0,0,1,1,1
10083,2023,1147,138,685,686,368,0,0,1,1,1
10084,2012,2268,381,987,751,192,389,0,1,1,1
10084,2013,2275,395,985,762,175,425,0,1,1,1
10084,2014,2289,391,991,765,180,435,0,1,1,1
10084,2015,2272,379,976,759,178,422,0,1,1,1
10084,2016,2269,381,969,741,169,415,0,1,1,1
10084,2017,2245,386,954,739,155,318,0,1,1,1
10084,2018,2256,392,956,722,145,576,0,1,1,1
10084,2019,2268,387,952,725,155,225,0,1,1,1
10084,2020,2369,395,936,543,158,125,0,1,1,1
10084,2021,2372,389,945,562,143,285,0,1,1,1
10084,2022,2381,377,541,729,150,210,0,1,1,1
10084,2023,2340,370,531,702,151,195,0,1,1,1
10085,2012,100,22,27,27,25,20,0,3a,3a,1
10085,2013,0,0,0,0,0,0,0,1,1,0
10085,2014,0,0,0,0,0,0,0,1,1,0
10085,2015,260,25,0,0,0,19,0,1,1,1
10085,2016,280,55,0,85,40,40,0,1,1,1
10085,2017,285,50,115,85,40,40,0,1,1,1
10085,2018,350,50,115,85,40,40,0,1,1,1
10085,2019,350,50,115,85,40,0,0,1,1,1
10085,2020,350,50,115,185,40,0,0,1,1,1
10085,2021,350,50,115,185,40,0,0,1,1,1
10085,2022,350,50,115,185,40,0,0,1,1,1
10085,2023,330,50,115,185,40,0,0,1,1,1
10086,2012,568,85,0,0,0,0,0,3a,3a,1
10086,2013,568,85,0,0,0,0,0,1,1,1
10086,2014,561,91,0,0,0,0,0,1,1,1
10086,2015,569,96,0,0,0,0,0,1,1,1
10086,2016,0,0,0,0,0,0,0,1,1,0
10086,2017,0,0,0,0,0,0,0,1,1,0
10086,2018,0,0,0,0,0,0,0,1,1,0
10086,2019,0,0,10,0,0,0,0,1,1,0
10086,2020,0,0,45,0,0,0,0,1,1,0
10086,2021,0,0,56,0,0,0,0,1,1,0
10086,2022,0,0,39,0,0,0,0,1,1,0
10086,2023,0,0,32,0,0,0,0,1,1,0
10087,2012,350,85,173,127,34,16,0,1,1,1
10087,2013,0,0,0,0,0,0,0,2a,2a,0
10087,2014,0,0,0,0,0,0,0,2a,2a,0
10087,2015,0,0,0,0,0,0,0,2a,2a,0
10087,2016,0,0,0,0,0,0,0,2a,2a,0
10087,2017,0,0,0,0,0,0,0,2a,2a,0
10087,2018,0,0,0,0,0,0,0,2a,2a,0
10087,2019,0,0,0,0,0,0,0,2a,2a,0
10087,2020,0,0,0,0,0,0,0,2a,2a,0
10087,2021,0,0,0,0,0,0,0,2a,2a,0
10087,2022,0,0,0,0,0,0,0,2a,2a,0
10087,2023,0,0,0,0,0,0,0,2a,2a,0
10088,2012,1220,220,345,255,407,193,0,1,1,1
10088,2013,1167,150,611,452,140,67,0,1,1,1
10088,2014,1100,200,518,382,136,64,0,1,1,1
10088,2015,1100,200,518,382,136,64,0,1,1,1
10088,2016,1100,200,518,382,0,0,0,1,1,1
10088,2017,1120,140,431,319,0,0,0,1,1,1
10088,2018,1100,200,403,297,0,0,0,1,1,1
10088,2019,1150,150,345,255,0,0,0,1,1,1
10088,2020,1080,156,188,139,128,61,0,1,1,1
10088,2021,1000,100,144,106,0,0,0,1,1,1
10088,2022,1085,145,216,159,0,0,0,1,1,1
10088,2023,872,140,81,59,88,42,0,1,1,1
11916,2012,0,0,0,0,0,0,0,3g,3g,0
11916,2013,0,0,0,0,0,0,0,3g,3g,0
11916,2014,0,0,0,0,0,0,0,3g,3g,0
11916,2015,0,0,0,0,0,0,0,3g,3g,0
11916,2016,0,0,0,0,0,0,0,3g,3g,0
11916,2017,0,0,0,0,0,0,0,3g,3g,0
11916,2018,0,0,0,0,0,0,0,3g,3g,0
11916,2019,0,0,0,0,0,0,0,3g,3g,0
11916,2020,0,0,0,0,0,0,0,3g,3g,0
11916,2021,0,0,0,0,0,0,0,3g,3g,0
11916,2022,0,0,0,0,0,0,0,2e,2e,0
11916,2023,0,0,0,0,0,0,0,2e,2e,0
10089,2012,500,80,0,0,0,0,0,1,1,1
10089,2013,0,0,0,0,0,0,0,2a,2e,0
10089,2014,0,0,0,0,0,0,0,2a,2e,0
10089,2015,0,0,0,0,0,0,0,2a,2e,0
10089,2016,0,0,0,0,0,0,0,2a,2e,0
10089,2017,0,0,0,0,0,0,0,2a,2e,0
10089,2018,0,0,0,0,0,0,0,2a,2e,0
10089,2019,0,0,0,0,0,0,0,2a,2e,0
10089,2020,0,0,0,0,0,0,0,2a,2e,0
10089,2021,0,0,0,0,0,0,0,2a,2e,0
10089,2022,0,0,0,0,0,0,0,2a,2e,0
10089,2023,0,0,0,0,0,0,0,2a,2e,0
10090,2012,5351,761,2340,1833,862,0,0,1,1,1
10090,2013,5445,735,2289,1778,841,0,0,1,1,1
10090,2014,5341,752,2342,1819,861,0,0,1,1,1
10090,2015,5341,752,2342,1756,861,0,0,1,1,1
10090,2016,5212,819,2361,1777,823,0,0,1,1,1
10090,2017,5201,828,2351,1755,835,0,0,1,1,1
10090,2018,5118,731,2342,1747,826,0,0,1,1,1
10090,2019,4972,721,2379,2067,799,0,0,1,1,1
10090,2020,5090,738,2445,2037,898,0,0,1,1,1
10090,2021,5097,741,2447,2042,903,0,0,1,1,1
10090,2022,5089,745,2451,2036,897,0,0,1,1,1
10090,2023,5265,711,2437,2008,940,0,0,1,1,1
10091,2012,400,75,120,130,50,45,0,1,1,1
10091,2013,430,80,120,175,100,145,0,1,1,1
10091,2014,20,2,45,45,35,20,0,3a,3a,1
10091,2015,20,2,45,45,35,20,0,1,1,1
10091,2016,0,0,0,0,35,30,0,1,1,0
10091,2017,0,0,0,0,35,30,0,1,1,0
10091,2018,0,0,0,65,0,0,0,1,1,0
10091,2019,0,0,0,85,0,0,0,1,1,0
10091,2020,0,0,0,70,0,0,0,1,1,0
10091,2021,0,0,0,50,0,0,0,1,1,0
10091,2022,0,0,0,50,0,0,0,1,1,0
10091,2023,0,0,0,50,0,0,0,1,1,0
10092,2012,600,67,0,0,0,0,0,3a,3a,1
10092,2013,600,67,0,0,0,0,0,1,1,1
10092,2014,600,67,0,0,0,0,0,3a,3a,1
10092,2015,600,67,0,0,0,0,0,1,1,1
10092,2016,600,67,0,0,0,0,0,1,1,1
10092,2017,600,67,0,0,0,0,0,1,1,1
10092,2018,0,0,150,140,0,0,0,2c,3a,0
10092,2019,0,0,150,140,0,0,0,1,1,0
10092,2020,0,0,1190,890,0,0,0,1,1,0
10092,2021,0,0,1220,750,0,0,0,1,1,0
10092,2022,0,0,1209,782,0,0,0,1,1,0
10092,2023,0,0,1182,754,0,0,0,1,1,0
11908,2012,0,0,0,0,0,0,0,2a,2a,0
11908,2013,0,0,0,0,0,0,0,2a,2a,0
11908,2014,0,0,0,0,0,0,0,2a,2a,0
11908,2015,0,0,0,0,0,0,0,2a,2a,0
11908,2016,0,0,0,0,0,0,0,2a,2a,0
11908,2017,0,0,0,0,0,0,0,2a,2a,0
11908,2018,0,0,0,0,0,0,0,2a,2a,0
11908,2019,0,0,0,0,0,0,0,2a,2a,0
11908,2020,0,0,0,0,0,0,0,2a,2a,0
11908,2021,0,0,0,0,0,0,0,2a,2a,0
11908,2022,0,0,0,0,0,0,0,2a,2a,0
11908,2023,0,0,0,0,0,0,0,2a,2a,0
10093,2012,1334,340,160,0,190,0,0,1,1,1
10093,2013,1387,279,165,0,136,64,0,1,1,1
10093,2014,1391,270,171,0,140,66,0,1,1,1
10093,2015,1396,275,176,0,136,64,0,1,1,1
10093,2016,1388,270,183,0,140,66,0,1,1,1
10093,2017,1399,280,190,0,142,68,0,1,1,1
10093,2018,1411,293,202,0,140,66,0,1,1,1
10093,2019,1402,300,194,0,142,68,0,1,1,1
10093,2020,1400,305,198,210,0,0,0,1,1,1
10093,2021,1440,280,198,210,0,0,0,1,1,1
10093,2022,1488,223,219,234,0,0,0,1,1,1
10093,2023,1421,237,230,211,0,0,0,1,1,1
10094,2012,800,150,150,100,100,150,0,1,1,1
10094,2013,800,150,150,100,100,150,0,1,1,1
10094,2014,800,150,150,100,100,150,0,1,1,1
10094,2015,800,150,150,100,100,150,0,1,1,1
10094,2016,800,150,150,100,100,150,0,1,1,1
10094,2017,800,150,150,100,100,150,0,1,1,1
10094,2018,750,135,150,100,100,150,0,1,1,1
10094,2019,750,135,150,100,100,150,0,1,1,1
10094,2020,750,135,150,100,100,150,0,1,1,1
10094,2021,750,135,150,100,100,150,0,1,1,1
10094,2022,750,135,150,100,100,150,0,1,1,1
10094,2023,750,135,150,100,100,150,0,1,1,1
10095,2012,400,60,0,0,0,30,0,1,1,1
10095,2013,400,60,0,0,0,30,0,3a,3a,1
10095,2014,400,60,0,0,0,30,0,1,1,1
10095,2015,400,60,0,0,0,30,0,1,1,1
10095,2016,400,60,0,0,0,30,0,3a,3a,1
10095,2017,400,60,0,0,0,30,0,3a,3a,1
10095,2018,400,60,0,0,0,30,0,3a,3a,1
10095,2019,400,60,0,0,0,30,0,3a,3a,1
10095,2020,0,0,0,0,0,0,0,2e,2e,0
10095,2021,0,0,0,0,0,0,0,2a,2a,0
10095,2022,0,0,0,0,0,0,0,2a,2a,0
10095,2023,0,0,0,0,0,0,0,2a,2a,0
10096,2012,500,70,17,13,68,32,0,1,1,1
10096,2013,500,80,0,0,81,39,0,1,1,1
10096,2014,500,100,0,0,81,39,0,1,1,1
10096,2015,500,90,17,13,122,58,0,1,1,1
10096,2016,500,100,0,0,0,0,0,1,1,1
10096,2017,500,100,12,8,122,58,0,1,1,1
10096,2018,500,100,0,0,102,48,0,1,1,1
10096,2019,480,90,0,0,68,32,0,1,1,1
10096,2020,500,100,0,0,68,32,0,1,1,1
10096,2021,480,90,0,0,68,32,0,1,1,1
10096,2022,480,80,12,8,68,32,0,1,1,1
10096,2023,500,100,0,0,0,0,0,1,1,1
10097,2012,2801,245,1495,924,425,511,0,1,1,1
10097,2013,3000,250,1600,990,465,535,0,1,1,1
10097,2014,2981,260,1605,986,462,538,0,1,1,1
10097,2015,2800,390,1600,951,442,573,0,1,1,1
10097,2016,2924,487,815,1235,630,0,0,1,1,1
10097,2017,2934,497,800,1240,633,0,0,1,1,1
10097,2018,2949,487,809,1170,624,0,0,1,1,1
10097,2019,0,0,1500,1500,0,0,0,1,1,0
10097,2020,0,0,1555,1550,0,0,0,1,1,0
10097,2021,0,0,1530,1562,0,0,0,1,1,0
10097,2022,0,0,1517,1569,0,0,0,1,1,0
10097,2023,0,0,1529,1551,0,0,0,1,1,0
10098,2012,2050,188,0,0,0,0,0,1,1,1
10098,2013,2000,200,0,0,0,0,0,1,1,1
10098,2014,2010,195,1000,800,275,295,0,1,1,1
10098,2015,2300,310,980,820,260,300,0,1,1,1
10098,2016,2388,445,1125,991,435,1164,0,1,1,1
10098,2017,2447,219,802,1247,431,897,0,1,1,1
10098,2018,2455,398,808,1250,440,928,0,1,1,1
10098,2019,2514,349,589,1014,650,515,0,1,1,1
10098,2020,2510,351,585,1023,658,516,0,1,1,1
10098,2021,2520,355,599,1028,656,518,0,1,1,1
10098,2022,2512,323,606,1005,671,531,0,1,1,1
10098,2023,2535,357,599,985,681,516,0,1,1,1
11680,2012,5260,465,1389,994,581,361,0,3b,3b,1
11680,2013,5260,465,1389,994,581,361,0,3b,3b,1
11680,2014,5260,465,1389,994,581,361,0,3b,3b,1
11680,2015,5260,465,1389,994,581,361,0,3b,3b,1
11680,2016,5260,465,1389,994,581,361,0,3b,3b,1
11680,2017,5260,465,1389,994,581,361,0,3b,3b,1
11680,2018,5260,465,1389,994,581,361,0,3b,3b,1
11680,2019,5260,465,1389,994,581,361,0,3b,3b,1
11680,2020,5260,465,1389,994,581,361,0,3b,3b,1
11680,2021,5260,465,1389,994,581,361,0,3b,3b,1
11680,2022,5260,465,1389,994,581,361,0,3b,3b,1
11680,2023,5260,465,1389,994,581,361,0,3b,3b,1
10099,2012,7880,1478,3610,2850,950,950,0,1,1,1
10099,2013,7890,1460,3700,2910,960,986,0,1,1,1
10099,2014,7880,1486,3680,2930,950,991,0,1,1,1
10099,2015,7700,1500,3700,2859,900,1000,0,1,1,1
10099,2016,7975,1486,3755,2734,887,994,0,1,1,1
10099,2017,7991,1462,3741,2756,895,984,0,1,1,1
10099,2018,0,0,2388,1860,702,870,0,1,1,0
10099,2019,0,0,0,0,0,0,0,2a,2a,0
10099,2020,0,0,0,0,0,0,0,2a,2a,0
10099,2021,0,0,0,0,0,0,0,2a,2a,0
10099,2022,0,0,0,0,0,0,0,2a,2a,0
10099,2023,0,0,0,0,0,0,0,2a,2a,0
10100,2012,420,45,173,127,0,0,0,1,1,1
10100,2013,0,0,25,30,23,22,0,2a,3a,0
10100,2014,0,0,25,30,23,22,0,2a,3a,0
10100,2015,0,0,25,30,23,22,0,2a,3b,0
10100,2016,0,0,25,30,23,22,0,2a,3b,0
10100,2017,0,0,0,0,0,0,0,2a,2a,0
10100,2018,0,0,0,0,0,0,0,2a,2a,0
10100,2019,0,0,0,0,0,0,0,2a,2a,0
10100,2020,0,0,0,0,0,0,0,2a,2a,0
10100,2021,0,0,0,0,0,0,0,2a,2a,0
10100,2022,0,0,0,0,0,0,0,2a,2a,0
10100,2023,0,0,0,0,0,0,0,2a,2a,0
10101,2012,799,78,173,201,149,0,0,1,1,1
10101,2013,780,70,170,200,150,0,0,1,1,1
10101,2014,775,140,300,220,0,0,0,1,1,1
10101,2015,780,135,289,226,0,0,0,1,1,1
10101,2016,793,148,318,239,0,0,0,1,1,1
10101,2017,955,146,324,245,0,0,0,1,1,1
10101,2018,944,143,326,248,0,0,0,1,1,1
10101,2019,949,124,330,235,0,0,0,1,1,1
10101,2020,950,121,331,234,0,0,0,1,1,1
10101,2021,943,131,325,232,0,0,0,1,1,1
10101,2022,950,136,343,199,0,0,0,1,1,1
10101,2023,916,155,330,195,0,0,0,1,1,1
11871,2012,0,72,784,877,797,312,632,2c,3a,0
11871,2013,0,72,784,877,797,312,632,2c,3a,0
11871,2014,0,72,784,877,797,312,632,1,1,0
11871,2015,0,53,575,643,584,229,464,1,1,0
11871,2016,0,0,0,0,0,0,0,1,1,0
11871,2017,0,36,395,442,402,158,318,2c,3a,0
11871,2018,0,72,790,884,803,315,636,1,1,0
11871,2019,0,77,839,939,853,334,678,1,1,0
11871,2020,0,89,970,1086,986,387,782,1,1,0
11871,2021,0,94,1032,1155,1049,411,831,1,1,0
11871,2022,0,111,1210,1354,1230,482,975,1,1,0
11871,2023,0,85,925,1035,940,369,746,1,1,0
11869,2012,0,1982,21655,24239,22013,8628,17462,2c,3a,0
11869,2013,0,1982,21655,24239,22013,8628,17462,2c,3a,0
11869,2014,0,1982,21655,24239,22013,8628,17462,1,1,0
11869,2015,0,2118,23137,25897,23519,9218,18658,1,1,0
11869,2016,0,2313,25270,28285,25687,10068,20377,1,1,0
11869,2017,0,2534,27685,30988,28142,11030,22325,2c,3a,0
11869,2018,0,2755,30100,33691,30596,11992,24272,1,1,0
11869,2019,0,2788,30459,34093,30962,12135,24563,1,1,0
11869,2020,0,2868,31337,35076,31854,12485,25271,1,1,0
11869,2021,0,2985,32612,36502,33150,12993,26298,1,1,0
11869,2022,0,3025,33052,36995,33597,13168,26653,1,1,0
11869,2023,0,2930,32017,35837,32546,12756,25819,1,1,0
10102,2012,1320,185,0,0,0,0,0,1,1,1
10102,2013,1340,180,0,0,0,0,0,1,1,1
10102,2014,1295,253,151,124,0,0,0,3a,3a,1
10102,2015,1250,325,302,248,0,0,0,1,1,1
10102,2016,1265,351,310,252,0,0,0,1,1,1
10102,2017,1270,356,214,257,0,0,0,1,1,1
10102,2018,1301,369,228,270,0,0,0,1,1,1
10102,2019,1299,370,230,273,0,0,0,1,1,1
10102,2020,1300,367,233,270,0,0,0,1,1,1
10102,2021,1320,378,245,281,0,0,0,1,1,1
10102,2022,1506,234,309,266,0,0,0,1,1,1
10102,2023,1491,220,295,253,0,0,0,1,1,1
10103,2012,1100,0,0,0,0,0,0,1,1,1
10103,2013,1100,0,0,0,0,0,0,1,1,1
10103,2014,1100,0,0,0,0,0,0,1,1,1
10103,2015,1100,0,0,0,0,0,0,3a,2c,1
10103,2016,1100,0,0,0,0,0,0,1,1,1
10103,2017,1100,0,0,0,0,0,0,1,1,1
10103,2018,1100,0,0,0,0,0,0,1,1,1
10103,2019,1100,0,0,0,0,0,0,1,1,1
10103,2020,1100,0,0,0,0,0,0,1,1,1
10103,2021,1100,0,0,0,0,0,0,1,1,1
10103,2022,1100,0,0,0,0,0,0,1,1,1
10103,2023,1100,0,0,0,0,0,0,1,1,1
10104,2012,0,0,0,0,0,0,0,1,1,0
10104,2013,200,0,400,0,0,0,0,1,1,1
10104,2014,0,0,0,0,0,0,0,2b,2b,0
10104,2015,0,0,0,0,0,0,0,1,1,0
10104,2016,0,0,0,0,0,0,0,1,1,0
10104,2017,0,0,0,0,0,0,0,2a,2c,0
10104,2018,0,0,0,0,0,0,0,2a,2c,0
10104,2019,0,0,0,0,0,0,0,2a,2c,0
10104,2020,0,0,0,0,0,0,0,2a,2c,0
10104,2021,0,0,0,0,0,0,0,2a,2c,0
10104,2022,0,0,0,0,0,0,0,2a,2c,0
10104,2023,0,0,0,0,0,0,0,2a,2c,0
10105,2012,745,100,0,0,130,10,0,3a,3a,1
10105,2013,745,100,0,0,130,10,0,1,1,1
10105,2014,735,90,0,0,125,10,0,1,1,1
10105,2015,725,75,0,0,130,10,0,1,1,1
10105,2016,784,78,0,0,140,19,0,1,1,1
10105,2017,798,68,0,0,154,29,0,1,1,1
10105,2018,828,39,0,0,0,0,0,1,1,1
10105,2019,803,59,0,0,204,0,0,1,1,1
10105,2020,421,84,307,233,0,0,0,1,1,1
10105,2021,435,75,280,200,0,0,0,1,1,1
10105,2022,760,121,307,190,0,0,0,1,1,1
10105,2023,747,115,294,176,0,0,0,1,1,1
10106,2012,147,21,54,39,23,14,0,1,1,1
10106,2013,152,21,14,10,6,3,0,1,1,1
10106,2014,162,23,67,48,28,17,0,1,1,1
10106,2015,177,25,71,51,30,18,0,1,1,1
10106,2016,193,27,75,54,31,20,0,1,1,1
10106,2017,193,27,75,54,31,20,0,1,1,1
10106,2018,198,27,75,54,31,20,0,1,1,1
10106,2019,193,27,75,54,31,20,0,1,1,1
10106,2020,183,25,75,54,31,20,0,1,1,1
10106,2021,176,24,75,54,31,20,0,1,1,1
10106,2022,189,26,76,55,32,20,0,1,1,1
10106,2023,88,12,23,17,27,13,0,1,1,1
10107,2012,307,43,104,75,44,27,0,3a,3a,1
10107,2013,307,43,104,75,44,27,0,3a,3a,1
10107,2014,307,43,104,75,44,27,0,3a,3a,1
10107,2015,307,43,104,75,44,27,0,3a,3a,1
10107,2016,307,43,104,75,44,27,0,1,1,1
10107,2017,262,36,0,0,0,0,0,1,1,1
10107,2018,255,35,0,0,0,0,0,1,1,1
10107,2019,290,40,0,0,0,0,0,1,1,1
10107,2020,298,42,0,0,0,0,0,1,1,1
10107,2021,255,35,0,0,0,0,0,1,1,1
10107,2022,255,35,0,0,0,0,0,3a,3a,1
10107,2023,255,35,0,0,0,0,0,3a,3a,1
10108,2012,620,140,295,165,101,120,0,1,1,1
10108,2013,620,140,295,165,101,120,0,1,1,1
10108,2014,620,140,295,165,101,120,0,1,1,1
10108,2015,620,140,295,165,101,120,0,1,1,1
10108,2016,620,140,295,165,101,120,0,1,1,1
10108,2017,620,140,295,165,101,120,0,1,1,1
10108,2018,620,140,295,165,101,120,0,1,1,1
10108,2019,612,140,292,163,90,118,0,1,1,1
10108,2020,612,140,292,163,90,118,0,1,1,1
10108,2021,665,140,295,165,95,120,0,1,1,1
10108,2022,665,140,295,165,95,120,0,1,1,1
10108,2023,675,130,295,165,95,120,0,1,1,1
10109,2012,1230,386,703,491,140,156,0,1,1,1
10109,2013,1230,386,703,491,140,156,0,1,1,1
10109,2014,1072,252,384,491,287,339,0,1,1,1
10109,2015,1072,252,384,491,287,287,0,1,1,1
10109,2016,1072,252,384,491,287,287,0,1,1,1
10109,2017,1072,252,384,491,287,287,0,1,1,1
10109,2018,1072,252,384,491,287,287,0,1,1,1
10109,2019,1072,252,384,491,287,287,0,3a,3a,1
10109,2020,1072,252,384,491,287,287,0,1,1,1
10109,2021,1072,252,364,491,287,287,0,1,1,1
10109,2022,1072,252,364,491,287,287,0,3a,3a,1
10109,2023,0,252,364,491,287,287,0,2a,3a,0
11917,2012,0,0,0,0,0,0,0,3g,3g,0
11917,2013,0,0,0,0,0,0,0,3g,3g,0
11917,2014,0,0,0,0,0,0,0,2e,2e,0
11917,2015,0,0,0,0,0,0,0,2e,2e,0
11917,2016,0,0,0,0,0,0,0,2e,2e,0
11917,2017,0,0,0,0,0,0,0,2e,2e,0
11917,2018,0,0,0,0,0,0,0,2e,2e,0
11917,2019,0,0,0,0,0,0,0,2e,2e,0
11917,2020,0,0,0,0,0,0,0,2e,2e,0
11917,2021,0,0,0,0,0,0,0,2e,2e,0
11917,2022,0,0,0,0,0,0,0,2e,2e,0
11917,2023,0,0,0,0,0,0,0,2e,2e,0
10110,2012,390,20,0,0,0,40,0,1,1,1
10110,2013,390,20,0,0,0,40,0,1,1,1
10110,2014,390,20,0,0,0,40,0,1,1,1
10110,2015,392,20,0,0,0,40,0,1,1,1
10110,2016,372,30,0,0,0,0,0,1,1,1
10110,2017,372,30,0,0,0,0,0,1,1,1
10110,2018,375,35,0,0,0,0,0,1,1,1
10110,2019,373,36,0,0,0,0,0,1,1,1
10110,2020,371,37,0,0,0,0,0,1,1,1
10110,2021,371,37,0,0,0,0,0,1,1,1
10110,2022,375,32,0,0,0,0,0,1,1,1
10110,2023,376,33,0,0,0,0,0,1,1,1
10111,2012,522,51,0,0,0,0,0,1,1,1
10111,2013,518,53,0,0,0,0,0,1,1,1
10111,2014,520,52,0,0,0,0,0,1,1,1
10111,2015,510,53,0,0,0,0,0,1,1,1
10111,2016,525,49,0,0,0,0,0,1,1,1
10111,2017,510,53,0,0,0,0,0,1,1,1
10111,2018,515,42,0,0,0,0,0,1,1,1
10111,2019,525,39,0,0,0,0,0,1,1,1
10111,2020,525,39,0,0,0,0,0,1,1,1
10111,2021,525,39,10,0,0,0,0,1,1,1
10111,2022,525,51,0,0,0,0,0,1,1,1
10111,2023,525,42,10,0,0,0,0,1,1,1
10112,2012,750,250,130,130,140,0,0,1,1,1
10112,2013,880,150,130,130,140,0,0,1,1,1
10112,2014,880,150,150,120,145,0,0,1,1,1
10112,2015,880,145,150,125,140,0,0,1,1,1
10112,2016,950,100,150,125,125,0,0,1,1,1
10112,2017,900,150,150,125,125,0,0,1,1,1
10112,2018,900,100,0,0,0,0,0,1,1,1
10112,2019,903,98,0,0,0,0,0,1,1,1
10112,2020,905,95,0,0,0,0,0,1,1,1
10112,2021,900,100,0,0,0,0,0,1,1,1
10112,2022,890,100,0,0,0,0,0,1,1,1
10112,2023,888,100,0,0,0,0,0,1,1,1
10113,2012,0,0,300,200,100,0,0,1,1,0
10113,2013,0,0,1,0,0,0,0,1,1,0
10113,2014,0,0,0,0,0,0,0,2a,2c,0
10113,2015,0,0,0,0,0,0,0,2a,2c,0
10113,2016,0,0,0,0,0,0,0,2a,2c,0
10113,2017,0,0,0,0,0,0,0,2a,2c,0
10113,2018,0,0,0,0,0,0,0,2a,2c,0
10113,2019,0,0,0,0,0,0,0,2a,2c,0
10113,2020,0,0,0,0,0,0,0,2a,2c,0
10113,2021,0,0,0,0,0,0,0,2a,2c,0
10113,2022,0,0,0,0,0,0,0,2a,2c,0
10113,2023,0,0,0,0,0,0,0,2a,2c,0
10114,2012,2097,287,498,409,218,141,0,3a,3a,1
10114,2013,2097,287,498,409,218,141,0,3a,3a,1
10114,2014,2097,287,498,409,218,141,0,1,1,1
10114,2015,2097,287,498,409,218,141,0,1,1,1
10114,2016,2097,287,498,409,218,141,0,1,1,1
10114,2017,2146,296,580,449,109,71,0,3a,3a,1
10114,2018,2195,305,661,489,0,0,0,1,1,1
10114,2019,2195,305,661,489,0,0,0,1,1,1
10114,2020,1494,204,355,291,155,101,0,1,1,1
10114,2021,2011,275,478,392,209,135,0,1,1,1
10114,2022,2126,290,505,414,221,144,0,1,1,1
10114,2023,2011,275,478,392,209,135,0,1,1,1
10115,2012,400,0,0,0,0,0,0,1,1,1
10115,2013,0,0,0,0,0,0,0,1,1,0
10115,2014,0,0,0,0,0,0,0,2c,2c,0
10115,2015,0,0,0,0,0,0,0,2c,2c,0
10115,2016,0,0,0,0,0,0,0,2c,2c,0
10115,2017,0,0,0,0,0,0,0,2c,2c,0
10115,2018,0,0,0,0,0,0,0,2c,2c,0
10115,2019,0,0,0,0,450,0,0,1,1,0
10115,2020,0,0,0,0,400,0,0,1,1,0
10115,2021,0,0,0,0,375,0,0,1,1,0
10115,2022,0,0,0,0,300,0,0,1,1,0
10115,2023,0,0,0,0,300,0,0,1,1,0
10116,2012,149,21,63,45,26,17,0,1,1,1
10116,2013,145,20,31,22,13,9,0,1,1,1
10116,2014,140,20,35,25,14,9,0,1,1,1
10116,2015,149,21,33,24,14,8,0,1,1,1
10116,2016,132,18,13,9,5,3,0,1,1,1
10116,2017,140,20,58,42,24,16,0,1,1,1
10116,2018,140,20,50,36,21,13,0,1,1,1
10116,2019,129,18,42,30,17,11,0,1,1,1
10116,2020,129,18,28,20,11,7,0,1,1,1
10116,2021,129,18,13,9,5,3,0,1,1,1
10116,2022,128,18,16,11,7,4,0,1,1,1
10116,2023,125,17,20,14,9,5,0,1,1,1
10117,2012,520,70,138,148,53,0,0,1,1,1
10117,2013,520,70,138,148,53,0,0,1,1,1
10117,2014,520,70,138,148,53,0,0,1,1,1
10117,2015,520,70,140,150,55,0,0,1,1,1
10117,2016,520,70,140,150,55,0,0,1,1,1
10117,2017,520,70,138,148,53,0,0,1,1,1
10117,2018,520,70,138,148,53,0,0,1,1,1
10117,2019,600,1,300,0,0,0,0,1,1,1
10117,2020,600,0,295,0,0,0,0,1,1,1
10117,2021,600,0,295,0,0,0,0,1,1,1
10117,2022,600,0,295,200,0,0,0,1,1,1
10117,2023,600,0,295,200,0,0,0,1,1,1
10118,2012,649,151,143,168,154,0,0,1,1,1
10118,2013,641,150,145,170,157,0,0,1,1,1
10118,2014,497,116,170,126,80,0,0,1,1,1
10118,2015,550,120,0,400,0,0,0,1,1,1
10118,2016,545,108,0,389,0,0,0,1,1,1
10118,2017,550,120,0,425,0,0,0,1,1,1
10118,2018,550,120,0,435,0,0,0,1,1,1
10118,2019,550,120,0,430,0,0,0,1,1,1
10118,2020,550,120,0,435,0,0,0,1,1,1
10118,2021,550,120,0,435,0,0,0,1,1,1
10118,2022,542,135,0,450,0,0,0,1,1,1
10118,2023,540,130,0,425,0,0,0,1,1,1
10119,2012,680,120,240,160,80,120,0,1,1,1
10119,2013,680,120,240,160,80,120,0,1,1,1
10119,2014,680,120,240,160,80,120,0,1,1,1
10119,2015,680,120,240,160,80,120,0,1,1,1
10119,2016,670,110,230,150,80,100,0,1,1,1
10119,2017,0,0,375,325,130,0,0,1,1,0
10119,2018,0,0,250,200,0,0,0,1,1,0
10119,2019,0,0,20,0,0,0,0,1,1,0
10119,2020,800,100,150,150,0,0,0,1,1,1
10119,2021,798,100,150,150,0,0,0,1,1,1
10119,2022,798,100,150,150,0,0,0,1,1,1
10119,2023,798,100,150,150,0,0,0,3a,3a,1
10120,2012,0,0,0,0,0,0,0,2e,2e,0
10120,2013,0,0,0,0,0,0,0,1,1,0
10120,2014,0,0,0,0,0,0,0,2a,2b,0
10120,2015,0,0,0,0,0,0,0,1,1,0
10120,2016,0,0,0,0,0,0,0,1,1,0
10120,2017,0,0,0,0,0,0,0,1,1,0
10120,2018,0,0,0,0,0,0,0,1,1,0
10120,2019,0,0,0,0,0,0,0,2a,2b,0
10120,2020,0,0,0,0,0,0,0,2a,2b,0
10120,2021,0,0,0,0,0,0,0,2a,2b,0
10120,2022,0,0,0,0,0,0,0,2a,2b,0
10120,2023,0,0,0,0,0,0,0,2a,2b,0
10121,2012,1500,250,0,0,0,0,0,1,1,1
10121,2013,1500,165,0,0,0,0,0,1,1,1
10121,2014,1450,160,300,250,200,225,0,1,1,1
10121,2015,1450,160,300,250,200,225,0,1,1,1
10121,2016,1350,168,300,250,200,225,0,1,1,1
10121,2017,1350,168,300,250,200,225,0,1,1,1
10121,2018,1300,172,280,244,190,200,0,1,1,1
10121,2019,1100,200,0,350,0,0,0,1,1,1
10121,2020,1200,235,0,341,0,0,0,1,1,1
10121,2021,1221,135,210,200,150,0,0,1,1,1
10121,2022,1215,130,255,240,170,0,0,1,1,1
10121,2023,1208,135,268,247,172,0,0,1,1,1
10122,2012,335,50,100,80,30,45,0,1,1,1
10122,2013,0,0,0,0,0,0,0,2a,2a,0
10122,2014,0,0,0,0,0,0,0,2a,2a,0
10122,2015,0,0,0,0,0,0,0,2a,2a,0
10122,2016,0,0,0,0,0,0,0,2a,2a,0
10122,2017,0,0,0,0,0,0,0,2a,2a,0
10122,2018,0,0,0,0,0,0,0,2a,2a,0
10122,2019,0,0,0,0,0,0,0,2a,2a,0
10122,2020,0,0,0,0,0,0,0,2a,2a,0
10122,2021,0,0,0,0,0,0,0,2a,2a,0
10122,2022,0,0,0,0,0,0,0,2a,2a,0
10122,2023,0,0,0,0,0,0,0,2a,2a,0
11918,2012,340,35,300,340,85,45,0,3a,3a,1
11918,2013,340,35,300,340,85,45,0,3a,3a,1
11918,2014,0,0,0,0,0,0,0,2a,2e,0
11918,2015,0,0,0,0,0,0,0,2a,2e,0
11918,2016,0,0,0,0,0,0,0,2a,2e,0
11918,2017,0,0,0,0,0,0,0,2a,2e,0
11918,2018,0,0,0,0,0,0,0,2a,2e,0
11918,2019,0,0,0,0,0,0,0,2a,2e,0
11918,2020,0,0,0,0,0,0,0,2a,2e,0
11918,2021,0,0,0,0,0,0,0,2a,2e,0
11918,2022,0,0,0,0,0,0,0,2a,2e,0
11918,2023,0,0,0,0,0,0,0,2a,2e,0
10123,2012,0,0,0,0,0,0,0,1,1,0
10123,2013,300,50,0,0,0,0,0,1,1,1
10123,2014,325,50,20,45,20,0,0,3a,3a,1
10123,2015,350,50,40,90,40,0,0,1,1,1
10123,2016,344,50,40,85,35,0,0,1,1,1
10123,2017,344,50,40,85,35,0,0,1,1,1
10123,2018,340,50,37,79,30,0,0,1,1,1
10123,2019,340,50,37,79,30,0,0,1,1,1
10123,2020,330,55,40,82,25,0,0,1,1,1
10123,2021,355,37,43,70,20,0,0,1,1,1
10123,2022,343,34,51,64,23,0,0,1,1,1
10123,2023,338,32,53,60,26,0,0,1,1,1
10124,2012,510,30,30,200,120,1,0,1,1,1
10124,2013,550,40,50,200,75,0,0,1,1,1
10124,2014,710,40,25,100,75,30,0,1,1,1
10124,2015,830,40,30,0,0,0,0,1,1,1
10124,2016,800,150,180,110,0,0,0,1,1,1
10124,2017,800,150,180,110,0,0,0,1,1,1
10124,2018,850,100,180,110,0,0,0,1,1,1
10124,2019,850,100,180,110,0,0,0,1,1,1
10124,2020,850,100,180,110,0,0,0,1,1,1
10124,2021,850,100,180,110,0,0,0,1,1,1
10124,2022,850,100,180,110,0,0,0,1,1,1
10124,2023,850,100,180,110,0,0,0,1,1,1
11919,2012,0,0,0,0,0,0,0,2e,2e,0
11919,2013,0,0,0,0,0,0,0,2e,2e,0
11919,2014,0,0,0,0,0,0,0,2e,2e,0
11919,2015,0,0,0,0,0,0,0,2e,2e,0
11919,2016,0,0,0,0,0,0,0,2e,2e,0
11919,2017,0,0,0,0,0,0,0,2e,2e,0
11919,2018,0,0,0,0,0,0,0,2e,2e,0
11919,2019,0,0,0,0,0,0,0,2e,2e,0
11919,2020,0,0,0,0,0,0,0,2e,2e,0
11919,2021,0,0,0,0,0,0,0,2e,2e,0
11919,2022,0,0,0,0,0,0,0,2e,2e,0
11919,2023,0,0,0,0,0,0,0,2e,2e,0
11920,2019,0,0,0,0,0,0,0,2a,2a,0
11920,2020,0,0,0,0,0,0,0,2a,2a,0
11920,2021,0,0,0,0,0,0,0,2a,2a,0
11920,2022,0,0,0,0,0,0,0,2a,2a,0
11920,2023,0,0,0,0,0,0,0,2a,2a,0
10125,2012,545,78,246,104,124,98,0,1,1,1
10125,2013,532,75,231,98,119,88,0,1,1,1
10125,2014,425,75,131,49,60,44,0,3a,3a,1
10125,2015,318,75,30,0,0,0,0,1,1,1
10125,2016,340,60,0,0,0,0,0,1,1,1
10125,2017,380,85,150,100,100,0,0,1,1,1
10125,2018,300,50,0,0,0,0,0,1,1,1
10125,2019,0,0,980,0,0,0,0,1,1,0
10125,2020,0,0,980,0,0,0,0,1,1,0
10125,2021,0,0,980,0,0,0,0,1,1,0
10125,2022,0,0,0,0,0,0,0,1,1,0
10125,2023,0,0,499,0,0,0,0,1,1,0
11861,2012,0,61,670,750,681,267,540,2c,3a,0
11861,2013,0,61,670,750,681,267,540,2c,3a,0
11861,2014,0,61,670,750,681,267,540,1,1,0
11861,2015,0,61,670,750,681,267,540,1,1,0
11861,2016,0,162,1766,1977,1795,704,1424,1,1,0
11861,2017,0,191,2085,2334,2119,831,1681,2c,3a,0
11861,2018,0,220,2404,2691,2443,958,1938,1,1,0
11861,2019,0,247,2695,3017,2740,1074,2173,1,1,0
11861,2020,0,70,762,853,775,304,615,1,1,0
11861,2021,0,158,1726,1932,1755,688,1391,1,1,0
11861,2022,0,162,1765,1976,1794,703,1423,1,1,0
11861,2023,0,158,1722,1927,1750,685,1388,1,1,0
11921,2012,260,50,0,0,25,25,0,3a,3a,1
11921,2013,0,0,0,0,25,25,0,2a,3a,0
11921,2014,0,0,0,0,25,25,0,2a,3a,0
11921,2015,0,0,0,0,25,25,0,2a,3a,0
11921,2016,0,0,0,0,25,25,0,2a,3a,0
11921,2017,0,0,0,0,25,25,0,2a,3a,0
11921,2018,0,0,0,0,25,25,0,2a,3a,0
11921,2019,0,0,0,0,0,0,0,2a,2e,0
11921,2020,0,0,0,0,0,0,0,2a,2e,0
11921,2021,0,0,0,0,0,0,0,2a,2e,0
11921,2022,0,0,0,0,0,0,0,2a,2e,0
11921,2023,0,0,0,0,0,0,0,2a,2e,0
10126,2012,210,26,31,24,13,8,0,1,1,1
10126,2013,231,26,32,25,14,8,0,1,1,1
10126,2014,220,27,33,25,14,10,0,1,1,1
10126,2015,222,27,32,25,14,8,0,1,1,1
10126,2016,199,37,45,34,19,12,0,1,1,1
10126,2017,197,46,55,43,24,14,0,1,1,1
10126,2018,253,35,42,32,18,11,0,1,1,1
10126,2019,254,75,90,69,39,23,0,1,1,1
10126,2020,269,67,80,62,35,21,0,3a,3a,1
10126,2021,284,58,70,54,30,18,0,1,1,1
10126,2022,283,63,76,59,33,20,0,1,1,1
10126,2023,283,39,67,55,29,20,31,1,1,1
11922,2012,0,0,0,0,0,0,0,2e,2e,0
11922,2013,0,0,0,0,0,0,0,2e,2e,0
11922,2014,0,0,0,0,0,0,0,2e,2e,0
11922,2015,0,0,0,0,0,0,0,2e,2e,0
11922,2016,0,0,0,0,0,0,0,2e,2e,0
11922,2017,0,0,0,0,0,0,0,2e,2e,0
11922,2018,0,0,0,0,0,0,0,2e,2e,0
11922,2019,0,0,0,0,0,0,0,2e,2e,0
11922,2020,0,0,0,0,0,0,0,2e,2e,0
11922,2021,0,0,0,0,0,0,0,2e,2e,0
11922,2022,0,0,0,0,0,0,0,2e,2e,0
11922,2023,0,0,0,0,0,0,0,2e,2e,0
10127,2012,600,50,0,0,0,0,0,1,1,1
10127,2013,0,0,300,300,0,0,0,1,1,0
10127,2014,0,0,320,320,0,0,0,1,1,0
10127,2015,0,0,403,407,0,0,0,2c,3a,0
10127,2016,0,0,487,494,0,0,0,2c,3a,0
10127,2017,0,0,570,582,0,0,0,2c,3a,0
10127,2018,0,0,654,669,0,0,0,2c,3a,0
10127,2019,0,0,737,756,0,0,0,1,1,0
10127,2020,0,0,733,741,0,0,0,1,1,0
10127,2021,0,0,726,745,0,0,0,1,1,0
10127,2022,0,0,734,733,0,0,0,1,1,0
10127,2023,0,0,745,702,0,0,0,1,1,0
10128,2012,290,50,100,70,30,30,0,1,1,1
10128,2013,300,30,0,70,30,30,0,1,1,1
10128,2014,300,30,0,70,30,30,0,1,1,1
10128,2015,310,35,0,0,30,30,0,1,1,1
10128,2016,295,35,0,0,30,30,0,1,1,1
10128,2017,275,30,0,0,30,20,0,1,1,1
10128,2018,275,30,0,0,30,20,0,1,1,1
10128,2019,0,0,0,0,0,0,0,2a,2a,0
10128,2020,0,0,0,0,0,0,0,2a,2a,0
10128,2021,0,0,0,0,0,0,0,2a,2a,0
10128,2022,0,0,0,0,0,0,0,2a,2a,0
10128,2023,0,0,0,0,0,0,0,2a,2a,0
11796,2019,0,0,300,75,0,0,0,2c,3a,0
11796,2020,0,0,300,75,0,0,0,1,1,0
11796,2021,0,0,295,80,0,0,0,1,1,0
11796,2022,0,0,295,80,0,0,0,2c,3a,0
11796,2023,0,0,537,577,0,0,0,1,1,0
10129,2012,715,103,0,100,65,75,0,1,1,1
10129,2013,450,76,0,119,76,36,0,1,1,1
10129,2014,433,72,0,125,80,38,0,1,1,1
10129,2015,0,0,0,0,0,0,0,2a,2e,0
10129,2016,0,0,0,0,0,0,0,2a,2e,0
10129,2017,0,0,0,0,0,0,0,2a,2e,0
10129,2018,0,0,0,0,0,0,0,2a,2e,0
10129,2019,0,0,0,0,0,0,0,2a,2e,0
10129,2020,0,0,0,0,0,0,0,2a,2e,0
10129,2021,0,0,0,0,0,0,0,2a,2e,0
10129,2022,0,0,0,0,0,0,0,2a,2e,0
10129,2023,0,0,0,0,0,0,0,2a,2e,0
11923,2019,0,0,0,0,0,0,0,2a,3g,0
11923,2020,0,0,0,0,0,0,0,2a,3g,0
11923,2021,0,0,0,0,0,0,0,2a,3g,0
11923,2022,0,0,0,0,0,0,0,2a,3g,0
11923,2023,0,0,0,0,0,0,0,2a,3g,0
10130,2012,652,90,250,100,120,0,0,1,1,1
10130,2013,546,72,130,200,75,0,0,1,1,1
10130,2014,546,72,130,200,75,0,0,1,1,1
10130,2015,546,72,130,200,75,0,0,1,1,1
10130,2016,546,72,130,200,75,0,0,1,1,1
10130,2017,546,72,130,200,75,0,0,1,1,1
10130,2018,546,72,130,200,75,0,0,1,1,1
10130,2019,546,72,130,200,75,0,0,1,1,1
10130,2020,546,72,130,200,75,0,0,1,1,1
10130,2021,546,72,130,200,75,0,0,1,1,1
10130,2022,600,100,300,300,100,0,0,1,1,1
10130,2023,600,100,300,300,100,0,0,1,1,1
10131,2012,1981,341,299,0,0,0,0,3a,3a,1
10131,2013,2075,330,265,0,0,0,0,1,1,1
10131,2014,1575,215,260,0,0,0,0,1,1,1
10131,2015,1400,225,245,0,0,0,0,1,1,1
10131,2016,1170,243,1226,0,0,0,0,1,1,1
10131,2017,1185,226,1234,0,0,0,0,1,1,1
10131,2018,1954,0,2000,0,0,0,0,1,1,1
10131,2019,1453,0,3425,0,0,0,0,1,1,1
10131,2020,0,0,1800,2200,1100,0,0,1,1,0
10131,2021,0,0,1925,2250,1150,0,0,1,1,0
10131,2022,0,0,1945,2300,1175,0,0,1,1,0
10131,2023,0,0,1950,2315,1165,0,0,1,1,0
10132,2012,8269,1640,822,0,0,0,0,1,1,1
10132,2013,8500,1650,830,0,0,0,0,1,1,1
10132,2014,8520,1640,840,0,0,0,0,1,1,1
10132,2015,9000,1700,870,0,0,0,0,1,1,1
10132,2016,9228,957,1127,0,0,0,0,1,1,1
10132,2017,9199,972,1108,0,0,0,0,1,1,1
10132,2018,9185,957,1116,0,0,0,0,1,1,1
10132,2019,9180,958,1115,0,0,0,0,1,1,1
10132,2020,9123,952,1140,0,0,0,0,1,1,1
10132,2021,9104,938,1115,0,0,0,0,1,1,1
10132,2022,9124,945,1131,0,0,0,0,1,1,1
10132,2023,9144,951,1143,0,0,0,0,1,1,1
10133,2012,0,0,0,0,0,0,0,2d,2d,0
10133,2013,0,0,0,0,0,0,0,2d,2d,0
10133,2014,0,0,0,0,0,0,0,2d,2d,0
10133,2015,0,0,0,0,0,0,0,2d,2d,0
10133,2016,0,0,0,0,0,0,0,2d,2d,0
10133,2017,900,0,0,0,0,0,0,1,1,1
10133,2018,1499,0,0,0,0,0,0,1,1,1
10133,2019,999,200,0,0,0,0,0,1,1,1
10133,2020,1499,0,0,0,0,0,0,1,1,1
10133,2021,1499,0,0,0,0,0,0,1,1,1
10133,2022,600,0,0,0,0,0,0,1,1,1
10133,2023,600,0,0,0,0,0,0,3a,2c,1
10134,2012,0,0,0,0,0,0,0,2a,2a,0
10134,2013,0,0,0,0,0,0,0,2a,2a,0
10134,2014,0,0,0,0,0,0,0,1,1,0
10134,2015,0,0,0,0,0,0,0,1,1,0
10134,2016,0,0,0,0,0,0,0,2a,2a,0
10134,2017,0,0,0,0,0,0,0,1,1,0
10134,2018,0,0,0,0,0,0,0,1,1,0
10134,2019,0,0,0,0,0,0,0,1,1,0
10134,2020,0,0,0,0,0,0,0,1,1,0
10134,2021,0,0,0,0,0,0,0,1,1,0
10134,2022,0,0,0,0,0,0,0,1,1,0
10134,2023,0,0,0,0,0,0,0,1,1,0
11924,2012,0,0,0,0,0,0,0,3g,3g,0
11924,2013,0,0,0,0,0,0,0,2a,2a,0
11924,2014,0,0,0,0,0,0,0,2a,2a,0
11924,2015,0,0,0,0,0,0,0,2a,2a,0
11924,2016,0,0,0,0,0,0,0,2a,2a,0
11924,2017,0,0,0,0,0,0,0,2a,2a,0
11924,2018,0,0,0,0,0,0,0,2a,2a,0
11924,2019,0,0,0,0,0,0,0,2a,2a,0
11924,2020,0,0,0,0,0,0,0,2a,2a,0
11924,2021,0,0,0,0,0,0,0,2a,2a,0
11924,2022,0,0,0,0,0,0,0,2a,2a,0
11924,2023,0,0,0,0,0,0,0,2a,2a,0
11905,2012,0,0,0,0,0,0,0,2e,2e,0
11905,2013,0,0,0,0,0,0,0,2e,2e,0
11905,2014,0,0,0,0,0,0,0,2e,2e,0
11905,2015,0,0,0,0,0,0,0,2e,2e,0
11905,2016,0,0,0,0,0,0,0,2e,2e,0
11905,2017,0,0,0,0,0,0,0,2e,2e,0
11905,2018,0,0,0,0,0,0,0,2e,2e,0
11905,2019,0,0,0,0,0,0,0,2e,2e,0
11905,2020,0,0,0,0,0,0,0,2e,2e,0
11905,2021,0,0,0,0,0,0,0,2e,2e,0
11905,2022,0,0,0,0,0,0,0,2e,2e,0
11905,2023,0,0,0,0,0,0,0,2e,2e,0
10135,2012,0,0,0,0,0,0,0,1,1,0
10135,2013,0,0,0,0,0,0,0,1,1,0
10135,2014,0,0,0,0,0,0,250,1,1,0
10135,2015,0,0,0,0,0,0,250,1,1,0
10135,2016,0,2,0,0,0,0,125,2c,3a,0
10135,2017,0,4,0,0,0,0,0,1,1,0
10135,2018,0,2,20,22,20,8,16,2a,3b,0
10135,2019,0,2,20,22,20,8,16,2a,3b,0
10135,2020,0,2,20,22,20,8,16,2a,3b,0
10135,2021,0,2,20,22,20,8,16,2a,3b,0
10135,2022,0,2,20,22,20,8,16,2a,3b,0
10135,2023,0,2,20,22,20,8,16,2a,3b,0
10136,2012,1922,299,1283,638,462,53,0,1,1,1
10136,2013,1900,300,1200,640,460,50,0,1,1,1
10136,2014,1915,315,1185,645,445,48,0,1,1,1
10136,2015,1050,340,1200,630,535,0,0,1,1,1
10136,2016,1959,356,1242,625,551,0,0,1,1,1
10136,2017,1979,318,1226,636,84,468,0,1,1,1
10136,2018,1967,307,1170,633,463,0,0,1,1,1
10136,2019,1959,292,1160,663,468,0,0,1,1,1
10136,2020,2047,277,1145,658,487,0,0,1,1,1
10136,2021,2062,271,1151,654,502,0,0,1,1,1
10136,2022,2091,245,1072,684,541,0,0,1,1,1
10136,2023,2120,233,970,697,548,0,0,1,1,1
10137,2012,1105,179,443,292,0,0,0,1,1,1
10137,2013,1100,200,440,286,0,0,0,1,1,1
10137,2014,1105,213,420,284,0,0,0,1,1,1
10137,2015,1100,200,426,280,0,0,0,1,1,1
10137,2016,1277,214,487,791,0,0,0,1,1,1
10137,2017,1248,190,507,780,0,0,0,1,1,1
10137,2018,1238,170,516,819,0,0,0,1,1,1
10137,2019,1248,175,526,809,0,0,0,1,1,1
10137,2020,1243,170,521,804,0,0,0,1,1,1
10137,2021,1213,165,531,783,0,0,0,1,1,1
10137,2022,1233,131,487,811,0,0,0,1,1,1
10137,2023,1243,126,492,804,0,0,0,1,1,1
10138,2012,600,150,150,200,150,100,0,1,1,1
10138,2013,600,150,150,200,150,100,0,1,1,1
10138,2014,575,140,150,200,150,100,0,1,1,1
10138,2015,575,140,150,200,150,100,0,1,1,1
10138,2016,575,140,150,200,150,100,0,1,1,1
10138,2017,575,140,150,200,150,100,0,1,1,1
10138,2018,575,140,150,200,150,100,0,1,1,1
10138,2019,575,140,150,200,150,0,0,1,1,1
10138,2020,92,23,0,0,0,0,0,1,1,1
10138,2021,0,0,0,0,0,0,0,1,1,0
10138,2022,0,0,0,0,0,0,0,1,1,0
10138,2023,0,0,0,0,0,0,0,1,1,0
10139,2012,600,90,195,200,80,0,0,1,1,1
10139,2013,600,90,195,200,80,0,0,1,1,1
10139,2014,600,90,195,200,80,0,0,1,1,1
10139,2015,600,90,195,200,80,0,0,1,1,1
10139,2016,600,90,195,200,80,0,0,1,1,1
10139,2017,102,15,33,34,14,0,0,1,1,1
10139,2018,0,0,0,0,0,0,0,2a,2b,0
10139,2019,0,0,0,0,0,0,0,2a,2b,0
10139,2020,0,0,0,0,0,0,0,2a,2b,0
10139,2021,0,0,0,0,0,0,0,2a,2b,0
10139,2022,0,0,0,0,0,0,0,2a,2b,0
10139,2023,0,0,0,0,0,0,0,2a,2b,0
11797,2019,0,0,100,450,0,0,0,1,1,0
11797,2020,0,0,100,450,0,0,0,1,1,0
11797,2021,0,0,100,350,0,0,0,1,1,0
11797,2022,0,0,100,350,0,0,0,1,1,0
11797,2023,0,0,100,350,490,0,0,1,1,0
10140,2012,920,120,160,160,240,150,0,1,1,1
10140,2013,920,120,160,160,240,150,0,1,1,1
10140,2014,1014,132,340,153,0,0,0,1,1,1
10140,2015,1010,130,338,150,0,0,0,1,1,1
10140,2016,1095,125,325,155,0,0,0,1,1,1
10140,2017,1000,120,350,160,0,0,0,1,1,1
10140,2018,0,0,400,300,0,0,0,1,1,0
10140,2019,0,0,425,350,0,0,0,1,1,0
10140,2020,0,0,450,325,200,0,0,1,1,0
10140,2021,0,0,455,325,210,0,0,1,1,0
10140,2022,0,0,920,752,402,0,0,1,1,0
10140,2023,0,0,920,755,405,0,0,1,1,0
11798,2019,0,0,0,0,0,0,11859,2c,3a,0
11798,2020,0,0,0,0,0,0,11859,1,1,0
11798,2021,0,0,0,0,0,0,11859,2c,3a,0
11798,2022,0,0,0,0,0,0,11859,2c,3a,0
11798,2023,0,0,0,0,0,0,9479,1,1,0
10141,2012,1062,125,180,233,0,0,0,3a,3a,1
10141,2013,1062,125,180,233,0,0,0,1,1,1
10141,2014,1060,133,175,240,0,0,0,1,1,1
10141,2015,1051,130,179,235,0,0,0,1,1,1
10141,2016,1076,155,184,238,0,0,0,1,1,1
10141,2017,1080,160,185,240,0,0,0,1,1,1
10141,2018,1103,177,198,247,0,0,0,1,1,1
10141,2019,1116,174,201,252,0,0,0,1,1,1
10141,2020,1120,170,205,250,0,0,0,1,1,1
10141,2021,1136,184,212,561,0,0,0,1,1,1
10141,2022,0,0,0,0,0,0,0,2b,2b,0
10141,2023,0,0,0,0,0,0,0,1,1,0
10142,2012,936,116,350,319,157,132,0,1,1,1
10142,2013,936,116,350,319,157,132,0,1,1,1
10142,2014,1000,200,400,325,175,0,0,1,1,1
10142,2015,1000,200,400,325,175,0,0,1,1,1
10142,2016,1000,200,400,325,175,0,0,1,1,1
10142,2017,1000,200,600,350,0,0,0,1,1,1
10142,2018,1000,200,600,350,0,0,0,1,1,1
10142,2019,1000,200,700,350,0,0,0,1,1,1
10142,2020,1000,200,700,350,0,0,0,1,1,1
10142,2021,1011,200,625,440,0,0,0,1,1,1
10142,2022,1025,200,635,445,0,0,0,1,1,1
10142,2023,1437,229,537,509,175,0,0,1,1,1
10143,2012,190,17,18,0,0,0,0,1,1,1
10143,2013,130,25,0,0,0,0,0,1,1,1
10143,2014,100,25,0,0,0,0,0,1,1,1
10143,2015,70,0,0,0,0,0,0,1,1,1
10143,2016,0,0,0,0,0,0,0,2a,2b,0
10143,2017,0,0,0,0,0,0,0,2a,2b,0
10143,2018,0,0,0,0,0,0,0,2a,2b,0
10143,2019,0,0,0,0,0,0,0,2a,2b,0
10143,2020,0,0,0,0,0,0,0,2a,2b,0
10143,2021,0,0,0,0,0,0,0,2a,2b,0
10143,2022,0,0,0,0,0,0,0,2a,2b,0
10143,2023,0,0,0,0,0,0,0,2a,2b,0
10144,2012,952,146,380,131,492,0,0,1,1,1
10144,2013,1003,180,366,714,209,0,0,1,1,1
10144,2014,1000,145,599,270,175,0,0,1,1,1
10144,2015,950,115,285,345,0,0,0,1,1,1
10144,2016,833,125,453,339,138,0,0,1,1,1
10144,2017,856,82,352,252,141,0,0,1,1,1
10144,2018,862,87,355,250,148,0,0,1,1,1
10144,2019,850,125,170,165,140,0,0,1,1,1
10144,2020,830,115,320,115,160,0,0,1,1,1
10144,2021,822,120,315,115,153,0,0,1,1,1
10144,2022,0,0,0,0,0,0,0,1,1,0
10144,2023,0,0,0,0,0,0,0,1,1,0
10145,2012,1370,180,226,234,240,0,0,1,1,1
10145,2013,1400,200,480,530,150,200,0,1,1,1
10145,2014,1400,200,480,530,150,200,0,1,1,1
10145,2015,1402,198,477,533,147,197,0,1,1,1
10145,2016,1399,200,473,527,149,196,0,1,1,1
10145,2017,1378,189,470,533,151,197,0,1,1,1
10145,2018,1362,179,459,526,140,182,0,1,1,1
10145,2019,1359,176,451,520,139,179,0,1,1,1
10145,2020,1226,165,432,507,133,155,0,1,1,1
10145,2021,0,0,0,90,0,0,0,2b,3a,0
10145,2022,0,0,0,90,0,0,0,1,1,0
10145,2023,0,0,0,3,0,0,0,1,1,0
10146,2012,58,20,30,48,10,20,0,3a,3a,1
10146,2013,0,0,0,60,0,0,0,1,1,0
10146,2014,0,60,0,57,40,0,0,1,1,0
10146,2015,0,60,0,0,47,0,0,1,1,0
10146,2016,0,65,0,0,45,0,0,1,1,0
10146,2017,0,65,0,0,45,0,0,1,1,0
10146,2018,0,0,0,50,45,0,0,1,1,0
10146,2019,0,0,8,70,0,0,0,1,1,0
10146,2020,0,0,65,75,0,0,0,1,1,0
10146,2021,0,0,0,0,0,0,0,1,1,0
10146,2022,0,0,0,0,0,0,0,1,1,0
10146,2023,0,350,750,750,0,0,0,1,1,0
10147,2012,500,100,250,185,125,0,0,3a,3a,1
10147,2013,500,100,250,185,125,0,0,1,1,1
10147,2014,0,0,0,0,0,0,0,1,1,0
10147,2015,0,0,180,0,0,0,0,1,1,0
10147,2016,487,48,390,0,0,0,0,1,1,1
10147,2017,536,58,341,0,0,0,0,1,1,1
10147,2018,565,34,292,0,0,0,0,1,1,1
10147,2019,560,39,273,0,0,0,0,1,1,1
10147,2020,555,48,658,0,0,0,0,1,1,1
10147,2021,556,48,653,0,0,0,0,1,1,1
10147,2022,547,37,664,0,0,0,0,1,1,1
10147,2023,564,39,638,0,0,0,0,1,1,1
10148,2012,792,115,360,360,0,0,0,3a,3a,1
10148,2013,792,115,360,360,0,0,0,3a,3a,1
10148,2014,792,115,360,360,0,0,0,1,1,1
10148,2015,792,115,360,360,0,0,0,3a,3a,1
10148,2016,792,115,360,360,0,0,0,3a,3a,1
10148,2017,792,115,360,360,0,0,0,3a,3a,1
10148,2018,792,115,360,360,0,0,0,3a,3a,1
10148,2019,792,115,360,360,0,0,0,3a,3a,1
10148,2020,792,115,360,360,0,0,0,3a,3a,1
10148,2021,792,115,360,360,0,0,0,3a,3a,1
10148,2022,792,115,360,360,0,0,0,3a,3a,1
10148,2023,792,115,360,360,0,0,0,3a,3a,1
10149,2012,228,32,167,120,70,43,0,3a,3a,1
10149,2013,228,32,167,120,70,43,0,3a,3a,1
10149,2014,228,32,167,120,70,43,0,3a,3a,1
10149,2015,228,32,167,120,70,43,0,3a,3a,1
10149,2016,228,32,167,120,70,43,0,1,1,1
10149,2017,202,28,142,102,59,37,0,1,1,1
10149,2018,219,31,167,120,70,43,0,1,1,1
10149,2019,202,28,146,105,61,38,0,1,1,1
10149,2020,219,31,167,120,70,43,0,1,1,1
10149,2021,167,23,104,75,44,27,0,1,1,1
10149,2022,167,23,104,75,44,27,0,3a,3a,1
10149,2023,167,23,104,75,44,27,0,3a,3a,1
11925,2019,0,0,0,0,0,0,0,2a,3g,0
11925,2020,0,0,0,0,0,0,0,2a,3g,0
11925,2021,0,0,0,0,0,0,0,2a,2a,0
11925,2022,0,0,0,0,0,0,0,2a,2a,0
11925,2023,0,0,0,0,0,0,0,2a,2a,0
10150,2012,1138,75,0,0,840,1205,0,1,1,1
10150,2013,1782,145,0,0,1369,652,0,1,1,1
10150,2014,1776,153,0,0,1366,650,0,1,1,1
10150,2015,1765,150,0,0,1362,648,0,1,1,1
10150,2016,1780,157,0,0,0,0,0,1,1,1
10150,2017,1797,177,0,0,0,0,0,1,1,1
10150,2018,1824,191,0,0,0,0,0,1,1,1
10150,2019,1833,188,0,0,0,0,0,1,1,1
10150,2020,1820,167,0,0,0,0,0,1,1,1
10150,2021,1875,156,0,0,0,0,0,1,1,1
10150,2022,1797,231,0,0,0,0,0,1,1,1
10150,2023,1766,206,0,0,0,0,0,1,1,1
10151,2012,500,100,100,80,50,30,0,1,1,1
10151,2013,500,100,100,80,50,30,0,1,1,1
10151,2014,450,75,25,190,70,0,0,1,1,1
10151,2015,500,80,30,185,65,0,0,1,1,1
10151,2016,485,83,32,181,61,0,0,1,1,1
10151,2017,480,80,33,178,63,0,0,1,1,1
10151,2018,472,77,33,178,63,0,0,1,1,1
10151,2019,465,72,33,178,63,0,0,1,1,1
10151,2020,465,70,35,178,63,0,0,1,1,1
10151,2021,460,65,32,175,61,0,0,1,1,1
10151,2022,463,67,35,171,65,0,0,1,1,1
10151,2023,466,63,30,176,62,0,0,1,1,1
10152,2012,6210,666,1800,1700,700,0,0,1,1,1
10152,2013,6301,1053,2724,1587,791,1157,0,1,1,1
10152,2014,6000,800,1150,1100,750,0,0,1,1,1
10152,2015,6000,800,1150,1100,750,0,0,1,1,1
10152,2016,6000,950,2200,1800,850,0,0,1,1,1
10152,2017,5800,800,2200,1800,850,0,0,1,1,1
10152,2018,5900,800,2200,1800,850,0,0,1,1,1
10152,2019,5900,850,2200,1800,850,0,0,1,1,1
10152,2020,5900,850,2200,1800,850,0,0,1,1,1
10152,2021,6038,910,1100,1494,660,0,0,1,1,1
10152,2022,6155,834,1434,1825,250,0,0,1,1,1
10152,2023,6025,830,1550,1930,250,0,0,1,1,1
10153,2012,235,38,66,128,47,142,0,1,1,1
10153,2013,235,27,97,41,74,38,0,1,1,1
10153,2014,235,27,97,41,74,38,0,1,1,1
10153,2015,295,48,78,53,81,113,0,1,1,1
10153,2016,295,48,78,53,81,113,0,1,1,1
10153,2017,295,48,78,53,81,113,0,1,1,1
10153,2018,295,48,78,53,81,113,0,1,1,1
10153,2019,295,48,78,53,81,113,0,1,1,1
10153,2020,295,48,78,53,81,113,0,1,1,1
10153,2021,295,48,78,53,81,113,0,1,1,1
10153,2022,0,0,0,0,0,0,0,1,1,0
10153,2023,0,0,0,0,0,0,0,1,1,0
10154,2012,280,50,5,4,7,3,0,1,1,1
10154,2013,0,0,0,0,0,0,0,2e,2e,0
10154,2014,0,0,0,0,0,0,0,2e,2e,0
10154,2015,0,0,0,0,0,0,0,2e,2e,0
10154,2016,0,0,0,0,0,0,0,2e,2e,0
10154,2017,0,0,0,0,0,0,0,2e,2e,0
10154,2018,0,0,0,0,0,0,0,2e,2e,0
10154,2019,0,0,0,0,0,0,0,2e,2e,0
10154,2020,0,0,0,0,0,0,0,2e,2e,0
10154,2021,0,0,0,0,0,0,0,2e,2e,0
10154,2022,0,0,0,0,0,0,0,2e,2e,0
10154,2023,0,0,0,0,0,0,0,2e,2e,0
10155,2012,935,120,330,346,280,0,0,3a,3a,1
10155,2013,935,120,330,346,280,0,0,1,1,1
10155,2014,900,150,250,250,250,0,0,1,1,1
10155,2015,800,135,415,400,225,0,0,1,1,1
10155,2016,846,148,468,442,240,0,0,1,1,1
10155,2017,872,102,460,429,253,0,0,1,1,1
10155,2018,879,98,458,433,256,0,0,1,1,1
10155,2019,898,106,468,444,251,0,0,1,1,1
10155,2020,0,0,0,0,0,0,0,2e,2e,0
10155,2021,0,0,0,0,0,0,0,2a,2e,0
10155,2022,0,0,0,0,0,0,0,2a,2e,0
10155,2023,0,0,0,0,0,0,0,2a,2e,0
10156,2012,360,35,0,0,50,50,0,1,1,1
10156,2013,350,25,0,0,45,30,0,1,1,1
10156,2014,335,30,0,0,30,30,0,1,1,1
10156,2015,350,40,0,0,45,30,0,1,1,1
10156,2016,345,35,0,0,0,35,0,1,1,1
10156,2017,340,30,0,0,0,50,0,1,1,1
10156,2018,350,30,0,0,0,50,0,1,1,1
10156,2019,350,30,0,0,0,0,0,1,1,1
10156,2020,340,30,65,65,30,30,0,1,1,1
10156,2021,310,25,60,60,60,50,0,1,1,1
10156,2022,310,30,75,75,50,50,0,1,1,1
10156,2023,330,35,50,40,30,35,0,1,1,1
10157,2012,400,60,60,120,50,150,0,1,1,1
10157,2013,390,41,88,57,33,30,0,1,1,1
10157,2014,0,0,0,0,0,0,0,1,1,0
10157,2015,0,0,0,0,0,0,0,1,1,0
10157,2016,0,0,0,0,0,1,0,1,1,0
10157,2017,0,0,0,0,0,0,0,2b,2b,0
10157,2018,0,0,0,0,0,0,0,2b,2b,0
10157,2019,0,0,0,0,0,0,0,2b,2b,0
10157,2020,0,0,0,0,0,0,0,2b,2b,0
10157,2021,0,0,0,0,0,0,0,2b,2b,0
10157,2022,0,0,0,0,0,0,0,2b,2b,0
10157,2023,0,0,0,0,0,0,0,2b,2b,0
10158,2012,480,50,0,0,0,0,0,1,1,1
10158,2013,495,50,0,0,0,0,0,1,1,1
10158,2014,498,50,0,0,0,0,0,3a,3a,1
10158,2015,500,50,0,0,0,0,0,1,1,1
10158,2016,575,30,0,0,0,0,0,1,1,1
10158,2017,300,0,0,0,0,0,0,1,1,1
10158,2018,0,0,0,0,0,0,0,1,1,0
10158,2019,0,0,0,0,0,0,0,2b,2b,0
10158,2020,0,0,0,0,0,0,0,2b,2b,0
10158,2021,0,0,0,0,0,0,0,2b,2b,0
10158,2022,0,0,0,0,0,0,0,2b,2b,0
10158,2023,0,0,0,0,0,0,0,2b,2b,0
10159,2012,421,59,146,105,61,38,0,1,1,1
10159,2013,395,55,167,120,70,43,0,1,1,1
10159,2014,395,55,167,120,70,43,0,1,1,1
10159,2015,395,55,167,120,70,43,0,1,1,1
10159,2016,395,55,167,120,70,43,0,1,1,1
10159,2017,395,55,167,120,70,43,0,1,1,1
10159,2018,395,55,167,120,70,43,0,1,1,1
10159,2019,395,55,167,120,70,43,0,1,1,1
10159,2020,351,49,138,99,58,36,0,1,1,1
10159,2021,334,46,109,78,45,28,0,1,1,1
10159,2022,0,0,94,87,39,15,0,1,1,0
10159,2023,0,0,25,25,41,9,0,1,1,0
10160,2012,1728,256,308,237,132,83,0,1,1,1
10160,2013,1766,298,358,276,154,97,0,1,1,1
10160,2014,1838,281,338,261,145,91,0,1,1,1
10160,2015,1871,288,346,267,149,94,0,1,1,1
10160,2016,1829,233,280,216,121,76,0,1,1,1
10160,2017,1724,71,85,66,37,22,0,1,1,1
10160,2018,1588,76,92,71,39,25,0,1,1,1
10160,2019,1551,75,90,70,39,24,0,1,1,1
10160,2020,1530,74,88,68,38,24,0,1,1,1
10160,2021,1485,72,86,67,37,23,0,1,1,1
10160,2022,1485,72,86,67,37,23,0,3a,3a,1
10160,2023,958,28,34,26,15,9,0,1,1,1
10161,2012,2200,600,100,0,0,300,0,1,1,1
10161,2013,100,30,10,0,0,20,0,1,1,1
10161,2014,75,10,5,0,0,10,0,1,1,1
10161,2015,1800,200,0,0,0,300,0,1,1,1
10161,2016,1500,200,0,0,0,0,0,1,1,1
10161,2017,1800,200,400,0,500,300,0,1,1,1
10161,2018,1900,250,400,0,500,300,0,1,1,1
10161,2019,1900,250,400,0,500,300,0,1,1,1
10161,2020,1905,245,400,0,500,300,0,1,1,1
10161,2021,1900,240,400,0,500,300,0,1,1,1
10161,2022,1339,160,400,0,500,300,0,1,1,1
10161,2023,1339,160,400,0,500,300,0,1,1,1
10162,2012,2200,425,885,795,310,25,0,1,1,1
10162,2013,2200,400,1400,900,420,548,0,1,1,1
10162,2014,2215,410,1395,915,425,550,0,1,1,1
10162,2015,2150,400,1400,874,325,0,0,1,1,1
10162,2016,2157,401,1401,900,323,0,0,1,1,1
10162,2017,2172,390,1408,891,338,0,0,1,1,1
10162,2018,2106,370,1340,838,316,0,0,1,1,1
10162,2019,2076,282,1170,965,380,0,0,1,1,1
10162,2020,2223,292,1170,975,390,0,0,1,1,1
10162,2021,2227,300,1174,972,399,0,0,1,1,1
10162,2022,2222,297,1182,970,391,0,0,1,1,1
10162,2023,2188,312,1170,975,414,0,0,1,1,1
10163,2012,430,42,143,0,28,0,0,1,1,1
10163,2013,0,0,0,0,550,0,0,2a,3b,0
10163,2014,0,0,0,0,475,0,0,2a,3a,0
10163,2015,0,0,0,0,400,0,0,2a,3a,0
10163,2016,0,0,0,0,325,0,0,2a,3a,0
10163,2017,0,0,0,0,250,0,0,2a,3a,0
10163,2018,0,0,0,0,175,0,0,2a,3a,0
10163,2019,0,0,0,0,100,0,0,1,1,0
10163,2020,0,0,0,0,438,0,0,1,1,0
10163,2021,0,0,0,0,446,0,0,1,1,0
10163,2022,0,0,0,0,458,0,0,1,1,0
10163,2023,0,0,0,0,331,0,0,1,1,0
10164,2012,316,44,167,120,70,43,0,3a,3a,1
10164,2013,316,44,167,120,70,43,0,3a,3a,1
10164,2014,316,44,167,120,70,43,0,3a,3a,1
10164,2015,316,44,167,120,70,43,0,3a,3a,1
10164,2016,316,44,167,120,70,43,0,1,1,1
10164,2017,320,45,167,120,70,43,0,1,1,1
10164,2018,320,45,167,120,70,43,0,1,1,1
10164,2019,320,45,167,120,70,43,0,1,1,1
10164,2020,320,45,167,120,70,43,0,1,1,1
10164,2021,0,0,130,120,54,21,0,1,1,0
10164,2022,0,0,0,0,0,0,0,2a,2a,0
10164,2023,0,0,0,0,0,0,0,2a,2a,0
10165,2012,4800,800,2400,0,0,0,0,1,1,1
10165,2013,4800,800,2450,0,0,0,0,1,1,1
10165,2014,4300,512,2380,0,0,0,0,1,1,1
10165,2015,4400,524,2360,0,0,0,0,1,1,1
10165,2016,4875,536,2925,0,0,0,0,1,1,1
10165,2017,3898,550,1499,0,0,0,0,1,1,1
10165,2018,4819,652,1733,0,0,0,0,1,1,1
10165,2019,4875,633,1755,0,0,0,0,1,1,1
10165,2020,4923,731,0,0,0,0,0,1,1,1
10165,2021,4930,729,0,0,0,0,0,1,1,1
10165,2022,4918,733,0,0,0,0,0,1,1,1
10165,2023,4896,716,1330,671,0,0,0,1,1,1
10166,2012,220,50,85,80,20,0,0,1,1,1
10166,2013,220,50,85,80,20,0,0,1,1,1
10166,2014,220,50,85,80,20,0,0,1,1,1
10166,2015,220,50,85,80,20,0,0,1,1,1
10166,2016,220,50,85,80,20,0,0,1,1,1
10166,2017,220,50,85,80,20,0,0,1,1,1
10166,2018,0,0,100,100,20,0,0,1,1,0
10166,2019,0,0,100,100,0,0,0,1,1,0
10166,2020,0,0,100,25,0,0,0,1,1,0
10166,2021,0,0,0,25,0,0,0,1,1,0
10166,2022,0,0,0,25,0,0,0,1,1,0
10166,2023,0,0,0,25,0,0,0,1,1,0
10167,2012,915,145,270,265,150,320,0,1,1,1
10167,2013,920,135,275,260,150,160,0,1,1,1
10167,2014,890,130,320,320,250,310,0,1,1,1
10167,2015,895,140,320,330,265,310,0,1,1,1
10167,2016,890,150,200,200,270,260,0,1,1,1
10167,2017,895,150,200,210,270,270,0,1,1,1
10167,2018,865,180,210,160,230,220,0,1,1,1
10167,2019,840,150,200,160,240,160,0,1,1,1
10167,2020,840,135,180,150,120,160,0,1,1,1
10167,2021,850,125,160,160,130,160,0,1,1,1
10167,2022,820,110,180,160,140,160,0,1,1,1
10167,2023,810,110,160,120,140,150,0,1,1,1
10168,2012,2523,442,1413,204,213,2,0,1,1,1
10168,2013,2527,456,1487,213,218,5,0,1,1,1
10168,2014,2507,463,1460,200,210,7,0,1,1,1
10168,2015,2490,432,1454,180,0,0,0,1,1,1
10168,2016,3071,390,760,741,380,975,0,1,1,1
10168,2017,3055,405,772,725,390,996,0,1,1,1
10168,2018,2862,234,196,0,0,273,0,1,1,1
10168,2019,2850,238,414,1410,1370,0,0,1,1,1
10168,2020,2844,234,418,1420,1380,540,0,1,1,1
10168,2021,2850,250,420,1400,1375,650,0,1,1,1
10168,2022,2950,275,425,1425,1300,575,0,1,1,1
10168,2023,2965,285,410,1440,1290,650,0,1,1,1
10169,2012,530,80,100,200,40,0,0,3a,3a,1
10169,2013,530,80,100,200,40,0,0,1,1,1
10169,2014,525,80,105,200,50,0,0,3a,3a,1
10169,2015,520,80,110,200,60,0,0,1,1,1
10169,2016,500,60,70,100,100,0,0,1,1,1
10169,2017,500,62,80,105,100,0,0,1,1,1
10169,2018,0,0,0,0,0,0,0,1,1,0
10169,2019,470,60,175,140,50,0,0,1,1,1
10169,2020,475,65,175,140,50,0,0,1,1,1
10169,2021,475,60,150,120,40,0,0,1,1,1
10169,2022,470,55,150,130,30,0,0,1,1,1
10169,2023,400,45,80,40,0,0,0,1,1,1
10170,2012,535,96,205,227,67,114,0,1,1,1
10170,2013,543,81,160,243,86,66,0,1,1,1
10170,2014,559,60,134,153,278,108,0,1,1,1
10170,2015,578,85,331,252,109,144,0,1,1,1
10170,2016,572,86,328,250,105,148,0,1,1,1
10170,2017,563,72,321,241,105,148,0,1,1,1
10170,2018,588,85,321,241,105,148,0,1,1,1
10170,2019,561,72,303,221,102,134,0,1,1,1
10170,2020,573,78,310,225,105,140,0,1,1,1
10170,2021,552,71,310,225,105,140,0,1,1,1
10170,2022,560,68,305,220,110,142,0,1,1,1
10170,2023,558,67,304,119,109,141,0,1,1,1
10171,2012,440,60,0,0,0,0,0,1,1,1
10171,2013,440,60,0,0,0,0,0,1,1,1
10171,2014,0,0,430,0,0,0,0,2b,3a,0
10171,2015,0,0,430,0,0,0,0,1,1,0
10171,2016,0,0,0,418,0,0,0,1,1,0
10171,2017,0,0,0,423,0,0,0,1,1,0
10171,2018,0,0,0,500,0,0,0,1,1,0
10171,2019,0,0,0,500,0,0,0,1,1,0
10171,2020,0,0,0,550,0,0,0,1,1,0
10171,2021,0,0,0,500,0,0,0,1,1,0
10171,2022,0,0,0,550,0,0,0,1,1,0
10171,2023,0,0,0,596,0,0,0,1,1,0
10172,2012,2867,473,784,441,407,0,0,3a,3a,1
10172,2013,2900,480,680,435,400,0,0,1,1,1
10172,2014,2920,485,675,430,396,0,0,1,1,1
10172,2015,2950,280,657,468,415,0,0,1,1,1
10172,2016,3412,302,565,429,438,0,0,1,1,1
10172,2017,3433,294,558,405,452,0,0,1,1,1
10172,2018,3412,282,555,409,438,0,0,1,1,1
10172,2019,3432,277,575,414,390,0,0,1,1,1
10172,2020,3412,268,575,414,390,0,0,1,1,1
10172,2021,3409,277,596,399,341,0,0,1,1,1
10172,2022,3412,255,614,390,316,0,0,1,1,1
10172,2023,3401,272,604,398,321,0,0,1,1,1
10173,2012,475,100,105,100,100,86,0,1,1,1
10173,2013,475,100,105,100,100,86,0,1,1,1
10173,2014,475,100,105,100,100,86,0,1,1,1
10173,2015,475,100,105,100,100,86,0,1,1,1
10173,2016,475,100,105,100,100,86,0,1,1,1
10173,2017,475,100,105,100,100,86,0,1,1,1
10173,2018,475,100,105,100,100,86,0,1,1,1
10173,2019,475,100,105,100,100,86,0,1,1,1
10173,2020,475,100,105,100,100,86,0,1,1,1
10173,2021,475,100,105,100,100,86,0,1,1,1
10173,2022,475,100,105,100,100,86,0,1,1,1
10173,2023,475,100,105,100,100,86,0,1,1,1
10174,2012,1130,146,0,0,0,0,0,1,1,1
10174,2013,1020,180,0,0,0,0,0,1,1,1
10174,2014,983,193,8,0,0,0,0,3a,3a,1
10174,2015,946,205,15,0,0,0,0,1,1,1
10174,2016,704,130,114,125,120,0,0,1,1,1
10174,2017,704,130,114,125,120,0,0,3a,3a,1
10174,2018,0,0,0,0,0,0,0,2e,2e,0
10174,2019,0,0,0,0,0,0,0,2a,2e,0
10174,2020,0,0,0,0,0,0,0,2a,2e,0
10174,2021,0,0,0,0,0,0,0,2a,2e,0
10174,2022,0,0,0,0,0,0,0,2a,2e,0
10174,2023,0,0,0,0,0,0,0,2a,2e,0
11926,2012,0,0,0,0,0,0,0,2a,2e,0
11926,2013,0,0,0,0,0,0,0,2a,2e,0
11926,2014,0,0,0,0,0,0,0,2a,2e,0
11926,2015,0,0,0,0,0,0,0,2a,2e,0
11926,2016,0,0,0,0,0,0,0,2a,2e,0
11926,2017,0,0,0,0,0,0,0,2a,2e,0
11926,2018,0,0,0,0,0,0,0,2a,2e,0
11926,2019,0,0,0,0,0,0,0,2a,2e,0
11926,2020,0,0,0,0,0,0,0,2a,2e,0
11926,2021,0,0,0,0,0,0,0,2a,2e,0
11926,2022,0,0,0,0,0,0,0,2a,2e,0
11926,2023,0,0,0,0,0,0,0,2a,2e,0
10175,2012,400,80,0,60,0,0,0,1,1,1
10175,2013,250,80,0,150,0,0,0,1,1,1
10175,2014,250,50,100,60,40,20,0,1,1,1
10175,2015,0,0,100,50,30,0,0,1,1,0
10175,2016,0,0,5,0,0,0,0,1,1,0
10175,2017,0,0,30,0,0,0,0,1,1,0
10175,2018,0,0,40,0,0,0,0,1,1,0
10175,2019,420,40,0,0,0,0,0,1,1,1
10175,2020,425,35,0,0,0,0,0,1,1,1
10175,2021,421,31,0,0,0,0,0,1,1,1
10175,2022,425,25,0,0,0,0,0,1,1,1
10175,2023,423,23,0,0,0,0,0,1,1,1
10176,2012,245,30,23,81,59,5,0,1,1,1
10176,2013,245,30,23,81,59,0,0,1,1,1
10176,2014,240,35,23,81,59,0,0,1,1,1
10176,2015,240,35,23,81,59,0,0,3a,3a,1
10176,2016,240,35,23,81,59,0,0,1,1,1
10176,2017,240,35,23,81,59,240,0,1,1,1
10176,2018,240,35,23,81,59,0,0,1,1,1
10176,2019,240,35,23,81,59,0,0,1,1,1
10176,2020,260,35,23,81,59,0,0,1,1,1
10176,2021,260,35,23,81,59,0,0,1,1,1
10176,2022,260,35,23,81,59,0,0,1,1,1
10176,2023,260,35,23,81,59,0,0,1,1,1
10177,2012,2604,459,986,382,319,152,0,3a,3a,1
10177,2013,2604,459,986,382,319,152,0,1,1,1
10177,2014,2600,500,985,390,318,152,0,1,1,1
10177,2015,2600,400,980,385,322,153,0,1,1,1
10177,2016,2589,406,976,380,322,153,0,1,1,1
10177,2017,2602,412,971,378,322,153,0,1,1,1
10177,2018,2616,427,988,389,333,158,0,1,1,1
10177,2019,2623,433,994,372,323,154,0,1,1,1
10177,2020,2632,440,990,370,324,154,0,1,1,1
10177,2021,2601,460,976,356,264,125,0,1,1,1
10177,2022,2631,399,1001,388,234,112,0,1,1,1
10177,2023,2611,384,989,265,228,109,0,1,1,1
10178,2012,1000,200,714,573,213,0,0,1,1,1
10178,2013,1000,200,714,573,213,0,0,1,1,1
10178,2014,1000,200,714,573,213,0,0,1,1,1
10178,2015,2000,133,668,717,533,513,0,1,1,1
10178,2016,2000,133,668,717,533,513,0,1,1,1
10178,2017,2100,200,500,600,300,0,0,1,1,1
10178,2018,2100,200,500,600,300,0,0,1,1,1
10178,2019,2100,400,621,850,300,0,0,1,1,1
10178,2020,2100,400,621,850,300,0,0,1,1,1
10178,2021,2060,400,621,825,300,0,0,1,1,1
10178,2022,2070,400,621,830,300,0,0,1,1,1
10178,2023,2100,400,621,830,300,0,0,1,1,1
10179,2012,290,50,52,38,14,6,0,1,1,1
10179,2013,0,0,0,0,0,0,0,2a,2a,0
10179,2014,0,0,0,0,0,0,0,2a,2a,0
10179,2015,0,0,0,0,0,0,0,2a,2a,0
10179,2016,0,0,0,0,0,0,0,2a,2a,0
10179,2017,0,0,0,0,0,0,0,2a,2a,0
10179,2018,0,0,0,0,0,0,0,2a,2a,0
10179,2019,0,0,0,0,0,0,0,2a,2a,0
10179,2020,0,0,0,0,0,0,0,2a,2a,0
10179,2021,0,0,0,0,0,0,0,2a,2a,0
10179,2022,0,0,0,0,0,0,0,2a,2a,0
10179,2023,0,0,0,0,0,0,0,2a,2a,0
10180,2012,219,31,50,36,21,13,0,1,1,1
10180,2013,219,31,50,36,21,13,0,1,1,1
10180,2014,219,31,50,36,21,13,0,1,1,1
10180,2015,219,31,75,54,31,20,0,1,1,1
10180,2016,219,31,17,12,7,4,0,1,1,1
10180,2017,202,28,50,36,21,13,0,1,1,1
10180,2018,241,34,31,22,13,9,0,1,1,1
10180,2019,202,28,48,34,20,13,0,1,1,1
10180,2020,206,29,83,59,35,22,0,1,1,1
10180,2021,176,24,117,84,49,30,0,1,1,1
10180,2022,0,0,0,0,0,0,0,1,1,0
10180,2023,0,0,0,0,0,0,0,2a,2a,0
10181,2012,211,29,0,0,0,0,0,3a,3a,1
10181,2013,211,29,0,0,0,0,0,3a,3a,1
10181,2014,211,29,0,0,0,0,0,3a,3a,1
10181,2015,211,29,0,0,0,0,0,3a,3a,1
10181,2016,211,29,0,0,0,0,0,1,1,1
10181,2017,219,31,84,60,35,21,0,1,1,1
10181,2018,219,31,75,54,31,20,0,1,1,1
10181,2019,285,40,94,67,39,25,0,1,1,1
10181,2020,285,40,94,67,39,25,0,1,1,1
10181,2021,285,40,73,52,31,19,0,1,1,1
10181,2022,285,40,94,67,39,25,0,1,1,1
10181,2023,241,34,84,60,35,21,0,1,1,1
10182,2012,2847,445,384,1323,421,0,0,1,1,1
10182,2013,3536,450,450,1100,350,0,0,1,1,1
10182,2014,3325,520,430,1530,495,0,0,1,1,1
10182,2015,3404,436,1560,1248,468,0,0,1,1,1
10182,2016,3410,440,1565,1236,463,0,0,1,1,1
10182,2017,3433,474,1690,1352,507,0,0,1,1,1
10182,2018,3408,435,1578,1253,467,0,0,1,1,1
10182,2019,3231,485,803,643,241,0,0,1,1,1
10182,2020,3332,500,828,662,248,0,0,1,1,1
10182,2021,3492,524,868,694,260,0,0,1,1,1
10182,2022,3531,530,878,702,263,0,0,1,1,1
10182,2023,3469,520,862,690,259,0,0,1,1,1
11927,2012,0,0,0,0,0,0,0,3g,3g,0
11927,2013,0,0,0,0,0,0,0,3g,3g,0
11927,2014,0,0,0,0,0,0,0,3g,3g,0
11927,2015,0,0,0,0,0,0,0,3g,3g,0
11927,2016,0,0,0,0,0,0,0,3g,3g,0
11927,2017,0,0,0,0,0,0,0,2e,2e,0
11927,2018,0,0,0,0,0,0,0,2e,2e,0
11927,2019,0,0,0,0,0,0,0,2e,2e,0
11927,2020,0,0,0,0,0,0,0,2e,2e,0
11927,2021,0,0,0,0,0,0,0,2e,2e,0
11927,2022,0,0,0,0,0,0,0,2e,2e,0
11927,2023,0,0,0,0,0,0,0,2e,2e,0
10183,2012,70,10,8,6,3,3,0,1,1,1
10183,2013,66,9,25,18,10,7,0,1,1,1
10183,2014,57,8,21,15,9,5,0,1,1,1
10183,2015,60,8,21,15,9,6,0,1,1,1
10183,2016,61,9,21,15,9,5,0,1,1,1
10183,2017,62,9,23,16,9,6,0,1,1,1
10183,2018,68,9,17,12,7,4,0,1,1,1
10183,2019,64,9,20,14,8,5,0,1,1,1
10183,2020,61,9,20,14,8,5,0,1,1,1
10183,2021,64,9,20,14,8,5,0,1,1,1
10183,2022,66,9,21,15,9,5,0,1,1,1
10183,2023,63,9,13,9,26,12,0,1,1,1
10184,2012,0,0,247,253,0,0,0,1,1,0
10184,2013,0,0,210,215,0,0,0,1,1,0
10184,2014,0,0,254,259,0,0,0,1,1,0
10184,2015,0,0,357,366,0,0,0,1,1,0
10184,2016,0,0,179,183,0,0,0,2c,3a,0
10184,2017,0,0,0,0,0,0,0,1,1,0
10184,2018,0,0,0,0,0,0,0,1,1,0
10184,2019,0,0,593,607,0,0,0,1,1,0
10184,2020,0,0,568,582,0,0,0,1,1,0
10184,2021,0,0,593,607,0,0,0,1,1,0
10184,2022,0,0,593,607,0,0,0,1,1,0
10184,2023,0,0,755,772,0,0,0,1,1,0
11928,2012,0,0,0,0,0,0,0,3g,3g,0
11928,2013,0,0,0,0,0,0,0,3g,3g,0
11928,2014,0,0,0,0,0,0,0,3g,3g,0
11928,2015,0,0,0,0,0,0,0,3g,3g,0
11928,2016,0,0,0,0,0,0,0,3g,3g,0
11928,2017,0,0,0,0,0,0,0,3g,3g,0
11928,2018,0,0,0,0,0,0,0,3g,3g,0
11928,2019,0,0,0,0,0,0,0,3g,3g,0
11928,2020,0,0,0,0,0,0,0,3g,3g,0
11928,2021,0,0,0,0,0,0,0,3g,3g,0
11928,2022,0,0,0,0,0,0,0,3g,3g,0
11928,2023,0,0,0,0,0,0,0,3g,3g,0
10185,2012,1680,100,58,42,0,0,0,1,1,1
10185,2013,0,0,0,0,0,0,0,2a,2e,0
10185,2014,0,0,0,0,0,0,0,2a,2e,0
10185,2015,0,0,0,0,0,0,0,2a,2e,0
10185,2016,0,0,0,0,0,0,0,2a,2e,0
10185,2017,0,0,0,0,0,0,0,2a,2e,0
10185,2018,0,0,0,0,0,0,0,2a,2e,0
10185,2019,0,0,0,0,0,0,0,2a,2e,0
10185,2020,0,0,0,0,0,0,0,2a,2e,0
10185,2021,1800,300,115,85,0,0,40,1,1,1
10185,2022,1800,300,115,85,0,0,20,1,1,1
10185,2023,1800,300,115,85,0,0,20,1,1,1
10186,2012,0,0,0,0,4165,935,0,1,1,0
10186,2013,0,0,0,0,4165,935,0,1,1,0
10186,2014,0,0,0,0,4206,944,0,1,1,0
10186,2015,0,0,0,0,4194,942,0,1,1,0
10186,2016,0,0,0,0,4224,948,0,1,1,0
10186,2017,0,0,0,0,3961,889,0,1,1,0
10186,2018,0,0,0,0,2858,642,0,1,1,0
10186,2019,0,0,0,0,2858,642,0,2c,3a,0
10186,2020,0,0,0,0,0,0,0,1,1,0
10186,2021,1200,200,345,255,0,0,0,1,1,1
10186,2022,1200,200,345,255,0,0,10,1,1,1
10186,2023,1200,200,345,255,0,0,10,1,1,1
10187,2012,2875,373,973,745,701,2,0,1,1,1
10187,2013,2900,380,975,740,700,5,0,1,1,1
10187,2014,2915,375,965,753,705,7,0,1,1,1
10187,2015,2974,378,978,780,700,13,0,1,1,1
10187,2016,2823,341,1072,828,692,1072,0,1,1,1
10187,2017,2827,390,975,844,702,1094,0,1,1,1
10187,2018,3120,292,955,1179,682,0,0,1,1,1
10187,2019,3095,312,936,1150,692,0,0,1,1,1
10187,2020,3071,336,926,1145,706,0,0,1,1,1
10187,2021,3085,347,943,1142,716,0,0,1,1,1
10187,2022,3022,324,918,1170,697,0,0,1,1,1
10187,2023,3043,326,905,1164,711,0,0,1,1,1
10188,2012,300,0,0,0,0,0,0,1,1,1
10188,2013,307,0,0,0,0,0,0,1,1,1
10188,2014,307,0,0,0,0,0,0,1,1,1
10188,2015,390,30,70,0,0,0,0,1,1,1
10188,2016,392,24,70,0,0,0,0,1,1,1
10188,2017,385,22,69,0,0,0,0,1,1,1
10188,2018,390,20,72,0,0,0,0,1,1,1
10188,2019,385,25,70,0,0,0,0,1,1,1
10188,2020,390,20,65,0,0,0,0,1,1,1
10188,2021,370,15,60,0,0,0,0,1,1,1
10188,2022,368,17,62,0,0,0,0,1,1,1
10188,2023,365,15,60,0,0,0,0,1,1,1
10189,2012,445,55,182,195,47,73,0,1,1,1
10189,2013,478,70,223,180,77,82,0,1,1,1
10189,2014,474,72,217,181,74,79,0,1,1,1
10189,2015,470,70,210,180,70,80,0,1,1,1
10189,2016,466,68,205,176,68,73,0,1,1,1
10189,2017,463,70,205,180,68,74,0,1,1,1
10189,2018,468,65,205,180,70,72,0,1,1,1
10189,2019,465,65,205,180,70,72,0,1,1,1
10189,2020,460,60,205,180,70,72,0,1,1,1
10189,2021,490,65,205,180,70,70,0,1,1,1
10189,2022,485,60,180,160,65,60,0,1,1,1
10189,2023,485,60,180,160,65,60,0,1,1,1
10190,2012,750,160,180,140,75,140,0,1,1,1
10190,2013,900,140,15,10,100,150,0,1,1,1
10190,2014,950,120,30,30,70,70,0,1,1,1
10190,2015,950,120,30,30,70,70,0,3a,3a,1
10190,2016,1021,8,0,0,0,0,0,1,1,1
10190,2017,1128,18,0,0,0,0,0,1,1,1
10190,2018,1126,10,0,0,0,0,0,1,1,1
10190,2019,1129,18,0,0,0,0,0,1,1,1
10190,2020,1136,21,0,0,0,0,0,1,1,1
10190,2021,1142,21,0,0,0,0,0,1,1,1
10190,2022,1141,20,0,0,0,0,0,1,1,1
10190,2023,1097,32,0,0,0,0,0,1,1,1
10191,2012,1277,200,475,429,400,398,0,1,1,1
10191,2013,1286,225,469,433,525,250,0,1,1,1
10191,2014,1282,228,470,435,529,251,0,1,1,1
10191,2015,1289,231,468,441,533,253,0,1,1,1
10191,2016,1200,100,600,200,407,193,0,1,1,1
10191,2017,1375,218,624,227,413,197,0,1,1,1
10191,2018,1200,200,619,231,424,201,0,1,1,1
10191,2019,800,100,400,150,136,64,0,1,1,1
10191,2020,1218,117,780,292,195,0,0,1,1,1
10191,2021,1233,136,774,307,204,0,0,1,1,1
10191,2022,1248,118,764,321,253,0,0,1,1,1
10191,2023,1272,136,741,326,242,0,0,1,1,1
10192,2012,565,98,174,155,100,70,0,1,1,1
10192,2013,0,0,0,0,0,0,0,1,1,0
10192,2014,0,0,0,0,0,0,0,2a,2b,0
10192,2015,0,0,0,0,0,0,0,2a,2b,0
10192,2016,0,0,0,0,0,0,0,2a,2b,0
10192,2017,0,0,0,0,0,0,0,2a,2b,0
10192,2018,0,0,0,0,0,0,0,2a,2b,0
10192,2019,0,0,0,0,0,0,0,2a,2b,0
10192,2020,0,0,0,0,0,0,0,2a,2b,0
10192,2021,0,0,0,0,0,0,0,2a,2b,0
10192,2022,0,0,0,0,0,0,0,2a,2b,0
10192,2023,0,0,0,0,0,0,0,2a,2b,0
10193,2012,0,0,745,0,0,0,0,1,1,0
10193,2013,0,0,735,0,0,0,0,1,1,0
10193,2014,0,0,685,0,0,0,0,1,1,0
10193,2015,0,0,650,0,0,0,0,1,1,0
10193,2016,345,0,0,0,0,0,0,1,1,1
10193,2017,338,0,0,0,0,0,0,1,1,1
10193,2018,275,0,0,0,0,0,0,1,1,1
10193,2019,318,0,0,0,0,0,0,1,1,1
10193,2020,345,0,0,0,0,0,0,1,1,1
10193,2021,288,0,0,0,0,0,0,1,1,1
10193,2022,300,0,0,0,0,0,0,1,1,1
10193,2023,0,0,0,0,0,0,0,1,1,0
10194,2012,0,0,0,0,0,0,0,2a,2a,0
10194,2013,0,0,0,0,0,0,0,2a,2a,0
10194,2014,0,0,0,0,0,0,0,2a,2a,0
10194,2015,0,0,0,0,0,0,0,2a,2a,0
10194,2016,0,0,0,0,0,0,0,2a,2a,0
10194,2017,0,0,0,0,0,0,0,2a,2a,0
10194,2018,0,0,0,0,0,0,0,2a,2a,0
10194,2019,0,0,0,0,0,0,0,2a,2a,0
10194,2020,0,0,0,0,0,0,0,2a,2a,0
10194,2021,0,0,0,0,0,0,0,2a,2a,0
10194,2022,0,0,0,0,0,0,0,2a,2a,0
10194,2023,0,0,0,0,0,0,0,1,1,0
10195,2012,600,80,280,160,80,0,0,1,1,1
10195,2013,600,80,280,160,80,0,0,1,1,1
10195,2014,600,80,280,160,80,0,0,1,1,1
10195,2015,600,80,280,160,80,0,0,1,1,1
10195,2016,600,80,280,160,80,0,0,1,1,1
10195,2017,600,80,280,160,80,0,0,1,1,1
10195,2018,600,80,280,160,80,0,0,1,1,1
10195,2019,680,91,20,250,50,0,0,1,1,1
10195,2020,680,91,20,250,50,0,0,1,1,1
10195,2021,680,91,20,250,50,0,0,1,1,1
10195,2022,680,91,20,250,50,0,0,1,1,1
10195,2023,680,91,20,250,50,0,0,1,1,1
10196,2012,4361,719,1562,1657,708,709,0,1,1,1
10196,2013,3600,540,900,800,400,500,0,1,1,1
10196,2014,3620,530,915,795,390,515,0,1,1,1
10196,2015,3600,300,100,805,345,500,0,1,1,1
10196,2016,3714,477,1950,2145,390,394,0,1,1,1
10196,2017,3721,468,1972,2160,385,377,0,1,1,1
10196,2018,4305,588,2062,2223,382,390,0,1,1,1
10196,2019,0,0,0,0,0,0,0,2a,2a,0
10196,2020,0,0,0,0,0,0,0,2a,2a,0
10196,2021,0,0,0,0,0,0,0,2a,2a,0
10196,2022,0,0,0,0,0,0,0,2a,2a,0
10196,2023,0,0,0,0,0,0,0,2a,2a,0
10197,2012,1158,175,530,274,0,20,0,1,1,1
10197,2013,1158,175,530,274,0,20,0,1,1,1
10197,2014,1158,175,530,274,0,20,0,1,1,1
10197,2015,1158,175,530,224,0,20,0,1,1,1
10197,2016,1156,173,530,274,0,20,0,1,1,1
10197,2017,1150,188,538,278,0,20,0,1,1,1
10197,2018,1148,194,546,268,0,30,0,1,1,1
10197,2019,1150,196,544,270,0,32,0,1,1,1
10197,2020,1154,189,546,290,0,35,0,1,1,1
10197,2021,1155,191,548,284,0,34,0,1,1,1
10197,2022,1162,193,545,283,0,31,0,1,1,1
10197,2023,1163,196,535,281,0,32,0,1,1,1
11863,2012,0,273,2986,3342,3035,1190,2408,2c,3a,0
11863,2013,0,273,2986,3342,3035,1190,2408,2c,3a,0
11863,2014,0,273,2986,3342,3035,1190,2408,1,1,0
11863,2015,0,259,2828,3165,2874,1127,2279,1,1,0
11863,2016,0,178,1948,2181,1980,776,1572,1,1,0
11863,2017,0,178,1948,2181,1980,776,1572,2c,3a,0
11863,2018,0,178,1948,2181,1980,776,1572,1,1,0
11863,2019,0,267,2918,3266,2966,1162,2352,1,1,0
11863,2020,0,278,3033,3395,3083,1208,2446,1,1,0
11863,2021,0,247,2701,3023,2746,1076,2179,1,1,0
11863,2022,0,204,2228,2494,2265,888,1796,1,1,0
11863,2023,0,173,1889,2114,1920,753,1523,1,1,0
10198,2012,1550,300,900,800,270,327,0,3a,3a,1
10198,2013,1550,300,900,800,270,327,0,1,1,1
10198,2014,1550,275,833,750,238,285,0,3a,3a,1
10198,2015,1550,250,767,700,207,242,0,3a,3a,1
10198,2016,1550,225,700,650,175,200,0,1,1,1
10198,2017,1550,225,700,650,175,0,0,1,1,1
10198,2018,1550,275,750,650,175,0,0,1,1,1
10198,2019,1550,275,750,625,200,0,0,1,1,1
10198,2020,1750,275,750,625,200,0,0,1,1,1
10198,2021,1800,300,750,650,200,0,0,1,1,1
10198,2022,1800,300,750,600,200,0,0,1,1,1
10198,2023,1800,300,750,600,200,0,0,1,1,1
10199,2012,464,65,418,299,175,108,0,3a,3a,1
10199,2013,464,65,418,299,175,108,0,3a,3a,1
10199,2014,464,65,418,299,175,108,0,3a,3a,1
10199,2015,464,65,418,299,175,108,0,3a,3a,1
10199,2016,464,65,418,299,175,108,0,1,1,1
10199,2017,429,60,418,299,175,108,0,1,1,1
10199,2018,448,62,0,0,0,0,0,1,1,1
10199,2019,439,61,0,0,0,0,0,1,1,1
10199,2020,439,61,0,0,0,0,0,1,1,1
10199,2021,211,29,0,0,0,0,0,1,1,1
10199,2022,211,29,0,0,0,0,0,1,1,1
10199,2023,263,37,0,0,0,0,0,1,1,1
10200,2012,1250,200,40,120,120,0,0,1,1,1
10200,2013,1250,200,40,120,120,0,0,3a,3a,1
10200,2014,0,0,1250,200,1200,0,0,2a,3b,0
10200,2015,0,0,1250,200,1200,0,0,2a,3b,0
10200,2016,0,0,1250,200,1200,0,0,2a,3b,0
10200,2017,0,0,1250,200,1200,0,0,2a,3b,0
10200,2018,0,0,1250,200,1200,0,0,2a,3b,0
10200,2019,0,0,0,0,0,0,0,2a,2b,0
10200,2020,0,0,0,0,0,0,0,2a,2b,0
10200,2021,0,0,0,0,0,0,0,2a,2b,0
10200,2022,0,0,0,0,0,0,0,2a,2b,0
10200,2023,0,0,0,0,0,0,0,2a,2b,0
10201,2012,875,150,100,0,0,0,0,1,1,1
10201,2013,920,150,180,250,180,200,0,1,1,1
10201,2014,875,150,100,220,150,0,0,1,1,1
10201,2015,850,150,100,220,150,0,0,1,1,1
10201,2016,850,150,100,220,150,0,0,1,1,1
10201,2017,850,150,100,220,150,0,0,1,1,1
10201,2018,860,150,100,200,150,0,0,1,1,1
10201,2019,850,150,100,220,150,0,0,1,1,1
10201,2020,850,150,100,220,150,0,0,1,1,1
10201,2021,850,150,100,220,150,0,0,1,1,1
10201,2022,850,150,100,220,150,0,0,1,1,1
10201,2023,850,150,20,220,150,0,0,1,1,1
10202,2012,1378,303,747,0,0,0,0,1,1,1
10202,2013,1375,305,745,0,0,0,0,1,1,1
10202,2014,1380,300,750,0,0,0,0,1,1,1
10202,2015,1375,315,725,0,0,0,0,1,1,1
10202,2016,1462,195,731,0,0,0,0,1,1,1
10202,2017,1482,192,742,0,0,0,0,1,1,1
10202,2018,1486,175,731,0,0,0,0,1,1,1
10202,2019,1550,234,828,0,0,0,0,1,1,1
10202,2020,1560,219,853,0,0,0,0,1,1,1
10202,2021,1580,209,842,0,0,0,0,1,1,1
10202,2022,1599,180,811,0,0,0,0,1,1,1
10202,2023,1608,175,804,0,0,0,0,1,1,1
10203,2012,701,118,252,245,73,109,0,1,1,1
10203,2013,554,86,269,181,68,76,0,1,1,1
10203,2014,565,91,202,174,66,93,0,1,1,1
10203,2015,543,103,219,200,73,73,0,1,1,1
10203,2016,560,108,225,201,89,71,0,1,1,1
10203,2017,576,127,63,143,108,53,0,1,1,1
10203,2018,570,129,68,152,106,58,0,1,1,1
10203,2019,571,131,71,154,103,60,0,1,1,1
10203,2020,450,80,50,50,40,10,0,1,1,1
10203,2021,0,0,0,0,0,0,0,2e,2e,0
10203,2022,0,0,0,0,0,0,0,2e,2e,0
10203,2023,0,0,0,0,0,0,0,2e,2e,0
10204,2012,825,126,0,0,0,0,0,1,1,1
10204,2013,840,115,450,0,0,0,0,1,1,1
10204,2014,840,115,450,0,0,0,0,1,1,1
10204,2015,884,96,225,0,0,0,0,3a,3a,1
10204,2016,928,76,0,0,0,0,0,1,1,1
10204,2017,936,65,0,0,0,0,0,1,1,1
10204,2018,877,117,438,438,146,0,0,1,1,1
10204,2019,858,97,409,424,126,0,0,1,1,1
10204,2020,877,121,414,390,170,0,0,1,1,1
10204,2021,882,118,419,399,167,0,0,1,1,1
10204,2022,853,136,448,411,151,0,0,1,1,1
10204,2023,420,62,200,187,55,0,0,1,1,1
10205,2012,329,46,84,60,35,21,0,1,1,1
10205,2013,290,40,84,60,35,21,0,1,1,1
10205,2014,298,42,90,64,38,23,0,1,1,1
10205,2015,262,37,81,58,34,22,0,1,1,1
10205,2016,262,37,84,60,35,21,0,1,1,1
10205,2017,262,37,84,60,35,21,0,1,1,1
10205,2018,262,37,96,69,40,25,0,1,1,1
10205,2019,262,37,94,67,39,25,0,1,1,1
10205,2020,262,37,89,64,37,24,0,1,1,1
10205,2021,288,40,84,60,35,23,0,1,1,1
10205,2022,313,44,86,62,36,22,0,1,1,1
10205,2023,260,36,63,47,64,31,0,1,1,1
10206,2012,116,16,31,22,13,9,0,1,1,1
10206,2013,105,15,30,22,13,8,0,1,1,1
10206,2014,101,14,29,21,12,8,0,1,1,1
10206,2015,94,13,29,21,12,8,0,1,1,1
10206,2016,85,12,35,25,14,9,0,1,1,1
10206,2017,75,10,28,20,12,8,0,1,1,1
10206,2018,83,12,30,22,13,7,0,1,1,1
10206,2019,101,14,31,22,13,9,0,1,1,1
10206,2020,105,15,30,21,13,8,0,1,1,1
10206,2021,104,14,28,20,12,6,0,1,1,1
10206,2022,97,13,32,23,13,8,0,1,1,1
10206,2023,97,13,17,13,20,10,0,1,1,1
10207,2012,600,130,350,380,125,0,0,1,1,1
10207,2013,548,76,265,262,64,0,0,1,1,1
10207,2014,350,75,50,0,0,0,0,1,1,1
10207,2015,440,100,90,0,0,0,0,1,1,1
10207,2016,550,80,100,150,90,0,0,1,1,1
10207,2017,670,85,100,140,100,0,0,1,1,1
10207,2018,670,90,80,0,0,0,0,1,1,1
10207,2019,750,100,90,0,0,0,0,1,1,1
10207,2020,740,95,85,0,0,0,0,1,1,1
10207,2021,1000,165,0,0,0,0,0,1,1,1
10207,2022,940,140,0,0,0,0,0,1,1,1
10207,2023,938,138,0,0,0,0,0,1,1,1
11761,2019,0,0,0,240,0,0,0,1,1,0
11761,2020,0,0,0,268,0,0,0,1,1,0
11761,2021,0,0,0,282,0,0,0,1,1,0
11761,2022,0,0,0,247,0,0,0,1,1,0
11761,2023,0,0,0,281,0,0,0,1,1,0
10208,2012,2800,350,1100,900,200,0,0,1,1,1
10208,2013,2700,300,1000,850,150,0,0,1,1,1
10208,2014,2705,310,995,845,140,0,0,1,1,1
10208,2015,2700,320,1000,835,162,0,0,1,1,1
10208,2016,2516,352,1061,897,155,0,0,1,1,1
10208,2017,2700,400,1050,920,200,0,0,1,1,1
10208,2018,2700,400,1000,0,0,0,0,1,1,1
10208,2019,2700,400,0,0,0,0,0,1,1,1
10208,2020,3800,300,0,0,0,0,0,1,1,1
10208,2021,3800,300,0,0,0,0,0,1,1,1
10208,2022,3600,400,0,0,0,0,0,1,1,1
10208,2023,3600,400,0,0,0,0,0,1,1,1
10209,2012,975,100,350,350,140,150,0,1,1,1
10209,2013,975,100,350,350,140,150,0,1,1,1
10209,2014,975,100,350,350,140,150,0,3a,3a,1
10209,2015,975,100,350,350,140,150,0,1,1,1
10209,2016,975,100,350,350,140,150,0,1,1,1
10209,2017,975,100,350,350,140,150,0,1,1,1
10209,2018,975,100,350,350,140,150,0,1,1,1
10209,2019,975,100,350,350,140,150,0,1,1,1
10209,2020,975,100,350,350,140,150,0,1,1,1
10209,2021,975,100,350,350,140,150,0,1,1,1
10209,2022,975,100,350,350,140,150,0,1,1,1
10209,2023,975,100,350,350,140,150,0,1,1,1
10210,2012,640,80,5,0,11,28,0,1,1,1
10210,2013,0,0,0,0,0,0,0,2a,2e,0
10210,2014,0,0,0,0,0,0,0,2a,2e,0
10210,2015,0,0,0,0,0,0,0,2a,2e,0
10210,2016,0,0,0,0,0,0,0,2a,2e,0
10210,2017,0,0,0,0,0,0,0,2a,2e,0
10210,2018,0,0,0,0,0,0,0,2a,2e,0
10210,2019,0,0,0,0,0,0,0,2a,2e,0
10210,2020,0,0,0,0,0,0,0,2a,2e,0
10210,2021,0,0,0,0,0,0,0,2a,2e,0
10210,2022,0,0,0,0,0,0,0,2a,2e,0
10210,2023,0,0,0,0,0,0,0,2a,2e,0
10211,2012,88,12,0,0,0,0,0,3a,3a,1
10211,2013,88,12,0,0,0,0,0,3a,3a,1
10211,2014,88,12,0,0,0,0,0,3a,3a,1
10211,2015,88,12,0,0,0,0,0,3a,3a,1
10211,2016,88,12,0,0,0,0,0,3a,3a,1
10211,2017,88,12,0,0,0,0,0,3a,3a,1
10211,2018,88,12,0,0,0,0,0,3a,3a,1
10211,2019,88,12,0,0,0,0,0,1,1,1
10211,2020,88,12,0,0,0,0,0,1,1,1
10211,2021,88,12,0,0,0,0,0,1,1,1
10211,2022,193,27,0,0,0,0,0,1,1,1
10211,2023,246,34,0,0,0,0,0,1,1,1
10212,2012,272,38,161,115,67,43,0,3a,3a,1
10212,2013,272,38,161,115,67,43,0,3a,3a,1
10212,2014,272,38,161,115,67,43,0,3a,3a,1
10212,2015,272,38,161,115,67,43,0,3a,3a,1
10212,2016,272,38,161,115,67,43,0,1,1,1
10212,2017,277,39,144,103,60,38,0,1,1,1
10212,2018,290,40,152,109,64,40,0,1,1,1
10212,2019,307,43,157,112,65,41,0,1,1,1
10212,2020,307,43,157,112,65,41,0,1,1,1
10212,2021,285,40,150,108,63,39,0,1,1,1
10212,2022,228,32,146,105,61,38,0,1,1,1
10212,2023,255,36,159,114,66,41,0,1,1,1
10213,2012,970,95,354,286,105,136,0,1,1,1
10213,2013,975,95,355,300,105,140,0,1,1,1
10213,2014,970,95,354,286,105,136,0,1,1,1
10213,2015,975,95,355,300,105,140,0,1,1,1
10213,2016,960,85,345,285,100,130,0,1,1,1
10213,2017,970,95,354,286,105,136,0,1,1,1
10213,2018,960,85,345,285,100,130,0,1,1,1
10213,2019,960,85,345,285,100,130,0,1,1,1
10213,2020,960,85,345,285,100,130,0,1,1,1
10213,2021,960,85,345,285,100,130,0,1,1,1
10213,2022,970,95,350,286,105,133,0,1,1,1
10213,2023,960,85,345,285,100,130,0,1,1,1
11929,2012,0,0,0,0,0,0,0,3g,3g,0
11929,2013,0,0,0,0,0,0,0,3g,3g,0
11929,2014,0,0,0,0,0,0,0,3g,3g,0
11929,2015,0,0,0,0,0,0,0,3g,3g,0
11929,2016,0,0,0,0,0,0,0,3g,3g,0
11929,2017,0,0,0,0,0,0,0,3g,3g,0
11929,2018,0,0,0,0,0,0,0,3g,3g,0
11929,2019,0,0,0,0,0,0,0,3g,3g,0
11929,2020,0,0,0,0,0,0,0,3g,3g,0
11929,2021,0,0,0,0,0,0,0,3g,3g,0
11929,2022,0,0,0,0,0,0,0,3g,3g,0
11929,2023,0,0,0,0,0,0,0,3g,3g,0
10214,2012,92,13,10,7,4,4,0,1,1,1
10214,2013,87,12,8,6,3,3,0,1,1,1
10214,2014,19,3,19,14,8,5,0,1,1,1
10214,2015,32,5,20,15,9,5,0,1,1,1
10214,2016,42,6,21,15,9,5,0,1,1,1
10214,2017,53,7,20,14,8,6,0,1,1,1
10214,2018,57,8,21,15,9,5,0,1,1,1
10214,2019,61,9,21,15,9,5,0,1,1,1
10214,2020,72,10,23,17,10,6,0,1,1,1
10214,2021,66,9,25,18,10,7,0,1,1,1
10214,2022,61,9,18,13,8,5,0,1,1,1
10214,2023,61,9,8,6,9,4,0,1,1,1
10215,2012,1250,220,100,0,0,400,0,1,1,1
10215,2013,1250,220,100,0,0,400,0,1,1,1
10215,2014,1250,220,100,0,0,400,0,1,1,1
10215,2015,1250,220,100,0,0,400,0,1,1,1
10215,2016,1250,220,100,0,0,400,0,1,1,1
10215,2017,1250,220,100,0,0,400,0,1,1,1
10215,2018,1250,220,100,0,0,0,0,1,1,1
10215,2019,1250,220,100,0,0,0,0,1,1,1
10215,2020,1250,220,100,0,0,0,0,1,1,1
10215,2021,1250,220,100,0,0,0,0,1,1,1
10215,2022,1250,220,100,0,0,0,0,1,1,1
10215,2023,1250,220,100,0,0,0,0,1,1,1
10216,2012,400,0,0,0,0,0,0,1,1,1
10216,2013,400,0,0,0,0,0,0,1,1,1
10216,2014,400,0,0,0,0,0,0,1,1,1
10216,2015,400,0,0,0,0,0,0,3a,2c,1
10216,2016,400,0,0,0,0,0,0,1,1,1
10216,2017,325,0,0,0,0,0,0,1,1,1
10216,2018,0,0,0,0,0,0,0,1,1,0
10216,2019,0,0,0,0,0,0,0,1,1,0
10216,2020,0,0,0,0,0,0,0,1,1,0
10216,2021,325,0,0,0,0,0,0,1,1,1
10216,2022,325,0,0,0,0,0,0,1,1,1
10216,2023,350,0,0,0,0,0,0,1,1,1
10217,2012,1200,175,370,530,300,330,0,1,1,1
10217,2013,1275,100,58,0,500,300,0,1,1,1
10217,2014,1310,120,60,0,530,340,0,1,1,1
10217,2015,1200,95,60,0,475,340,0,1,1,1
10217,2016,1187,93,59,0,462,320,0,1,1,1
10217,2017,1175,89,55,0,452,125,0,1,1,1
10217,2018,1210,95,60,0,460,130,0,1,1,1
10217,2019,1250,100,40,0,455,140,0,1,1,1
10217,2020,1290,90,390,0,445,130,0,1,1,1
10217,2021,1302,92,382,0,441,121,0,1,1,1
10217,2022,1290,90,390,0,445,130,0,1,1,1
10217,2023,1305,95,385,0,443,123,0,1,1,1
10218,2012,1200,150,50,175,75,75,0,1,1,1
10218,2013,1200,150,50,175,75,0,0,1,1,1
10218,2014,900,125,125,188,78,40,0,3a,3a,1
10218,2015,600,100,200,200,80,80,0,1,1,1
10218,2016,0,0,0,0,0,0,0,2b,2b,0
10218,2017,0,0,0,0,0,0,0,2b,2b,0
10218,2018,0,0,0,0,0,0,0,2b,2b,0
10218,2019,0,0,0,0,0,0,0,2b,2b,0
10218,2020,0,0,0,0,0,0,0,2b,2b,0
10218,2021,0,0,0,0,0,0,0,2b,2b,0
10218,2022,0,0,0,0,0,0,0,2b,2b,0
10218,2023,0,0,0,0,0,0,0,2b,2b,0
10219,2012,100,10,600,250,0,0,0,1,1,1
10219,2013,165,20,15,15,20,0,0,1,1,1
10219,2014,220,45,300,170,25,0,0,1,1,1
10219,2015,220,45,300,170,25,0,0,1,1,1
10219,2016,200,30,300,70,35,0,0,1,1,1
10219,2017,275,0,15,0,0,0,0,1,1,1
10219,2018,200,0,0,300,0,0,0,1,1,1
10219,2019,0,0,0,300,200,0,0,1,1,0
10219,2020,0,0,200,300,400,0,0,1,1,0
10219,2021,0,0,300,200,200,0,0,1,1,0
10219,2022,0,0,0,125,0,0,0,1,1,0
10219,2023,0,0,0,0,0,0,0,1,1,0
10220,2012,953,142,345,243,137,0,0,1,1,1
10220,2013,949,139,332,235,129,0,0,1,1,1
10220,2014,932,70,320,256,69,0,0,1,1,1
10220,2015,967,100,350,270,75,0,0,1,1,1
10220,2016,1050,100,365,265,70,0,0,1,1,1
10220,2017,1200,100,355,265,75,0,0,1,1,1
10220,2018,0,0,500,195,0,0,0,1,1,0
10220,2019,0,0,500,193,0,0,0,1,1,0
10220,2020,0,0,500,193,0,0,0,1,1,0
10220,2021,0,0,500,193,0,0,0,1,1,0
10220,2022,0,0,200,200,0,0,0,1,1,0
10220,2023,0,0,0,0,0,0,0,1,1,0
10221,2012,3000,400,500,0,0,0,0,1,1,1
10221,2013,3000,400,500,0,0,0,0,1,1,1
10221,2014,3000,400,500,0,0,0,0,1,1,1
10221,2015,3000,400,500,0,0,0,0,1,1,1
10221,2016,3000,400,500,0,0,0,0,1,1,1
10221,2017,3000,400,500,0,0,0,0,1,1,1
10221,2018,3000,400,500,0,0,0,0,1,1,1
10221,2019,2850,450,480,0,0,0,0,1,1,1
10221,2020,2850,450,480,0,0,0,0,1,1,1
10221,2021,2825,360,490,0,0,0,0,1,1,1
10221,2022,2835,370,500,0,0,0,0,1,1,1
10221,2023,2820,360,500,0,0,0,0,1,1,1
10222,2012,4320,849,951,951,2261,453,0,1,1,1
10222,2013,4600,826,990,990,2200,450,0,1,1,1
10222,2014,4100,655,1915,985,862,685,0,1,1,1
10222,2015,4100,625,1900,1000,845,675,0,1,1,1
10222,2016,4290,487,1950,1633,633,731,0,1,1,1
10222,2017,4315,500,1963,1594,625,720,0,1,1,1
10222,2018,4327,490,1584,1240,611,737,0,1,1,1
10222,2019,4467,484,1572,1240,820,812,0,1,1,1
10222,2020,5520,840,1584,872,1184,804,0,1,1,1
10222,2021,5722,901,1560,877,1194,814,0,1,1,1
10222,2022,5996,877,1633,824,1170,780,0,1,1,1
10222,2023,6630,901,1560,877,1194,814,0,1,1,1
10223,2012,1190,195,0,0,120,0,0,3a,3a,1
10223,2013,1190,195,0,0,120,0,0,1,1,1
10223,2014,1100,193,0,0,190,0,0,3a,3a,1
10223,2015,1010,190,0,0,260,0,0,1,1,1
10223,2016,1005,185,0,0,260,0,0,1,1,1
10223,2017,975,185,0,0,165,0,0,1,1,1
10223,2018,960,170,0,0,160,0,0,1,1,1
10223,2019,950,165,0,0,150,0,0,1,1,1
10223,2020,948,150,0,0,150,0,0,1,1,1
10223,2021,945,130,0,0,150,0,0,1,1,1
10223,2022,945,100,0,0,150,0,0,1,1,1
10223,2023,935,100,0,0,160,0,0,1,1,1
10224,2012,202,28,167,120,70,43,0,3a,3a,1
10224,2013,202,28,167,120,70,43,0,3a,3a,1
10224,2014,202,28,167,120,70,43,0,3a,3a,1
10224,2015,202,28,167,120,70,43,0,3a,3a,1
10224,2016,202,28,167,120,70,43,0,1,1,1
10224,2017,198,28,115,83,48,30,0,3a,3a,1
10224,2018,193,27,63,45,26,16,0,1,1,1
10224,2019,193,27,63,45,26,16,0,1,1,1
10224,2020,193,27,60,55,25,10,0,1,1,1
10224,2021,193,27,63,45,26,16,0,1,1,1
10224,2022,193,27,63,45,26,16,0,1,1,1
10224,2023,193,27,63,45,26,16,0,1,1,1
10225,2012,176,24,125,90,52,33,0,3a,3a,1
10225,2013,176,24,125,90,52,33,0,3a,3a,1
10225,2014,176,24,125,90,52,33,0,3a,3a,1
10225,2015,176,24,125,90,52,33,0,3a,3a,1
10225,2016,176,24,125,90,52,33,0,1,1,1
10225,2017,176,24,125,90,52,33,0,1,1,1
10225,2018,170,24,119,85,50,32,0,1,1,1
10225,2019,155,21,118,84,49,31,0,1,1,1
10225,2020,126,18,93,66,39,24,0,1,1,1
10225,2021,95,13,81,58,34,22,0,1,1,1
10225,2022,94,13,60,43,25,15,0,1,1,1
10225,2023,90,12,43,30,18,11,0,1,1,1
10226,2012,2100,325,700,450,350,450,0,1,1,1
10226,2013,2090,330,708,443,360,456,0,1,1,1
10226,2014,2085,325,718,452,370,459,0,1,1,1
10226,2015,2090,316,731,450,375,446,0,1,1,1
10226,2016,2184,327,795,480,416,440,0,1,1,1
10226,2017,2079,280,1165,546,511,526,0,1,1,1
10226,2018,2067,266,1149,539,506,518,0,1,1,1
10226,2019,2091,279,1155,550,516,531,0,1,1,1
10226,2020,2086,282,1148,528,512,523,0,1,1,1
10226,2021,2091,290,1142,528,516,528,0,1,1,1
10226,2022,2104,297,1121,526,519,541,0,1,1,1
10226,2023,2150,275,1115,540,475,505,0,1,1,1
10227,2012,0,0,100,0,0,0,0,2b,3a,0
10227,2013,0,0,250,250,0,0,0,1,1,0
10227,2014,575,0,250,0,0,0,0,1,1,1
10227,2015,0,0,250,0,0,0,0,1,1,0
10227,2016,0,0,200,200,0,0,0,1,1,0
10227,2017,0,0,235,253,0,0,0,1,1,0
10227,2018,0,0,244,258,0,0,0,1,1,0
10227,2019,0,0,120,125,0,0,0,1,1,0
10227,2020,0,0,0,0,0,0,0,1,1,0
10227,2021,0,0,0,0,0,0,0,2a,2e,0
10227,2022,0,0,0,0,0,0,0,2a,2e,0
10227,2023,0,0,0,0,0,0,0,2a,2e,0
10228,2012,1205,166,497,469,0,175,0,1,1,1
10228,2013,1198,174,500,462,0,171,0,1,1,1
10228,2014,1200,165,510,472,0,183,0,1,1,1
10228,2015,1220,155,534,482,0,175,0,1,1,1
10228,2016,1350,146,697,552,0,484,0,1,1,1
10228,2017,1327,127,765,618,0,0,0,1,1,1
10228,2018,1350,108,769,655,0,0,0,1,1,1
10228,2019,1343,112,775,663,0,0,0,1,1,1
10228,2020,1327,120,730,697,0,0,0,1,1,1
10228,2021,1335,118,736,687,0,0,0,1,1,1
10228,2022,1362,124,750,700,0,0,0,1,1,1
10228,2023,1350,120,750,700,0,0,0,1,1,1
11910,2019,0,0,0,0,0,0,0,2a,3g,0
11910,2020,0,0,0,0,0,0,0,2a,3g,0
11910,2021,0,0,0,0,0,0,0,2a,3g,0
11910,2022,0,0,0,0,0,0,0,2a,3g,0
11910,2023,0,0,0,0,0,0,0,2a,3g,0
10229,2012,525,75,45,100,40,0,0,1,1,1
10229,2013,511,83,52,103,41,0,0,1,1,1
10229,2014,530,80,53,106,42,0,0,1,1,1
10229,2015,530,80,53,106,42,0,0,1,1,1
10229,2016,530,80,55,106,42,0,0,1,1,1
10229,2017,530,80,55,106,42,0,0,1,1,1
10229,2018,530,80,55,106,42,0,0,1,1,1
10229,2019,530,80,55,106,0,0,0,1,1,1
10229,2020,270,40,110,110,0,0,0,1,1,1
10229,2021,0,0,220,0,0,0,0,1,1,0
10229,2022,0,0,0,0,0,0,0,1,1,0
10229,2023,0,0,0,0,0,0,0,2a,2a,0
10230,2012,1176,164,0,0,0,0,0,3a,3a,1
10230,2013,1176,164,0,0,0,0,0,3a,3a,1
10230,2014,1176,164,0,0,0,0,0,1,1,1
10230,2015,1176,164,0,0,0,0,0,1,1,1
10230,2016,1159,161,0,0,0,0,0,1,1,1
10230,2017,1185,165,0,0,0,0,0,1,1,1
10230,2018,1141,159,0,0,0,0,0,1,1,1
10230,2019,1097,153,0,0,0,0,0,1,1,1
10230,2020,1097,153,0,0,0,0,0,1,1,1
10230,2021,1106,154,0,0,0,0,0,1,1,1
10230,2022,1106,154,0,0,0,0,0,1,1,1
10230,2023,726,99,172,141,75,50,0,1,1,1
10231,2012,979,300,100,611,0,0,0,1,1,1
10231,2013,979,300,100,611,0,0,0,1,1,1
10231,2014,979,300,100,611,0,0,0,1,1,1
10231,2015,979,300,100,611,0,0,0,1,1,1
10231,2016,979,300,100,611,0,0,0,1,1,1
10231,2017,979,300,100,611,0,0,0,1,1,1
10231,2018,1175,175,300,600,250,0,0,1,1,1
10231,2019,1175,175,300,600,250,0,0,1,1,1
10231,2020,1175,175,300,600,250,0,0,1,1,1
10231,2021,1175,175,300,600,250,0,0,1,1,1
10231,2022,1175,175,300,600,250,0,0,1,1,1
10231,2023,1175,175,300,600,250,0,0,1,1,1
10232,2012,500,100,30,30,30,0,0,1,1,1
10232,2013,500,100,30,30,30,0,0,1,1,1
10232,2014,495,100,30,35,25,0,0,1,1,1
10232,2015,495,90,40,30,25,0,0,1,1,1
10232,2016,490,90,45,35,30,0,0,1,1,1
10232,2017,400,50,50,150,50,0,0,1,1,1
10232,2018,510,50,60,150,60,0,0,1,1,1
10232,2019,385,40,75,155,40,0,0,1,1,1
10232,2020,485,90,50,40,30,0,0,1,1,1
10232,2021,470,90,45,40,30,0,0,1,1,1
10232,2022,480,90,50,40,30,0,0,1,1,1
10232,2023,460,70,40,40,28,0,0,1,1,1
10233,2012,401,74,322,230,46,46,0,1,1,1
10233,2013,405,77,331,239,42,45,0,1,1,1
10233,2014,400,80,325,228,46,50,0,1,1,1
10233,2015,550,100,50,0,40,0,0,1,1,1
10233,2016,550,100,50,0,40,0,0,1,1,1
10233,2017,490,0,200,250,50,0,0,1,1,1
10233,2018,480,0,200,250,50,0,0,1,1,1
10233,2019,460,0,200,200,50,0,0,1,1,1
10233,2020,450,0,200,200,50,0,0,1,1,1
10233,2021,443,0,200,200,50,0,0,1,1,1
10233,2022,235,0,100,100,0,0,0,1,1,1
10233,2023,0,0,0,0,0,0,0,1,1,0
10234,2012,1370,300,900,420,250,200,0,1,1,1
10234,2013,1370,300,900,420,250,250,0,1,1,1
10234,2014,1483,220,900,420,250,200,0,1,1,1
10234,2015,1500,270,800,600,250,250,0,1,1,1
10234,2016,1500,270,800,600,250,250,0,1,1,1
10234,2017,1500,270,800,600,200,200,0,1,1,1
10234,2018,1300,230,700,600,200,200,0,1,1,1
10234,2019,1300,230,700,600,200,200,0,1,1,1
10234,2020,1300,230,700,600,200,200,0,1,1,1
10234,2021,1300,230,700,600,200,200,0,1,1,1
10234,2022,1300,230,700,600,200,200,0,1,1,1
10234,2023,1450,240,450,500,300,180,0,1,1,1
10235,2012,75,14,0,0,11,5,0,1,1,1
10235,2013,230,35,12,8,14,6,0,1,1,1
10235,2014,180,27,12,8,0,0,0,1,1,1
10235,2015,0,0,0,0,0,0,0,1,1,0
10235,2016,0,0,0,0,0,0,0,2a,2a,0
10235,2017,0,0,0,0,0,0,0,2a,2a,0
10235,2018,0,0,0,0,0,0,0,2a,2a,0
10235,2019,0,0,0,0,0,0,0,2a,2a,0
10235,2020,0,0,0,0,0,0,0,2a,2a,0
10235,2021,0,0,0,0,0,0,0,2a,2a,0
10235,2022,0,0,0,0,0,0,0,2a,2a,0
10235,2023,0,0,0,0,0,0,0,2a,2a,0
10236,2012,3200,510,540,550,300,282,0,3a,3a,1
10236,2013,3200,510,540,550,300,282,0,1,1,1
10236,2014,3210,515,530,548,303,285,0,1,1,1
10236,2015,3200,535,600,542,287,320,0,1,1,1
10236,2016,3621,486,617,557,264,332,0,1,1,1
10236,2017,3522,485,596,571,279,313,0,1,1,1
10236,2018,3487,486,620,577,233,378,0,1,1,1
10236,2019,3496,475,610,568,232,372,0,1,1,1
10236,2020,3504,491,609,234,570,399,0,1,1,1
10236,2021,3523,482,599,226,540,414,0,1,1,1
10236,2022,3572,453,606,243,487,426,0,1,1,1
10236,2023,3830,456,624,219,477,438,0,1,1,1
11930,2012,0,0,0,0,0,0,0,2a,2a,0
11930,2013,0,0,0,0,0,0,0,2a,2a,0
11930,2014,0,0,0,0,0,0,0,2a,2a,0
11930,2015,0,0,0,0,0,0,0,2a,2a,0
11930,2016,0,0,0,0,0,0,0,2a,2a,0
11930,2017,0,0,0,0,0,0,0,2a,2a,0
11930,2018,0,0,0,0,0,0,0,2a,2a,0
11930,2019,0,0,0,0,0,0,0,2a,2a,0
11930,2020,0,0,0,0,0,0,0,2a,2a,0
11930,2021,0,0,0,0,0,0,0,2a,2a,0
11930,2022,0,0,0,0,0,0,0,2a,2a,0
11930,2023,0,0,0,0,0,0,0,2a,2a,0
10237,2012,520,110,0,0,0,0,0,1,1,1
10237,2013,500,85,0,0,0,0,0,1,1,1
10237,2014,0,0,0,0,0,0,0,2e,2e,0
10237,2015,0,0,0,0,0,0,0,2e,2e,0
10237,2016,0,0,0,0,0,0,0,2e,2e,0
10237,2017,0,0,0,0,0,0,0,2e,2e,0
10237,2018,0,0,0,0,0,0,0,2e,2e,0
10237,2019,0,0,0,0,0,0,0,2e,2e,0
10237,2020,0,0,0,0,0,0,0,2e,2e,0
10237,2021,0,0,0,0,0,0,0,2e,2e,0
10237,2022,0,0,0,0,0,0,0,2e,2e,0
10237,2023,0,0,0,0,0,0,0,2e,2e,0
10238,2012,0,0,356,364,0,0,0,1,1,0
10238,2013,0,0,356,364,0,0,0,1,1,0
10238,2014,0,0,0,0,0,0,0,2a,2a,0
10238,2015,0,0,0,0,0,0,0,2a,2a,0
10238,2016,0,0,0,0,0,0,0,2a,2a,0
10238,2017,0,0,0,0,0,0,0,2a,2a,0
10238,2018,0,0,0,0,0,0,0,2a,2a,0
10238,2019,0,0,0,0,0,0,0,2a,2a,0
10238,2020,0,0,0,0,0,0,0,2a,2a,0
10238,2021,0,0,0,0,0,0,0,2a,2a,0
10238,2022,0,0,0,0,0,0,0,2a,2a,0
10238,2023,0,0,0,0,0,0,0,2a,2a,0
11669,2012,1620,280,115,0,300,0,0,3d,3d,1
11669,2013,1620,280,115,0,300,0,0,3d,3d,1
11669,2014,1620,280,115,0,300,0,0,3d,3d,1
11669,2015,1620,280,115,0,300,0,0,3d,3d,1
11669,2016,1620,280,115,0,300,0,0,3d,3d,1
11669,2017,1620,280,115,0,300,0,0,3d,3d,1
11669,2018,1620,280,115,0,300,0,0,3d,3d,1
11669,2019,1620,280,115,0,300,0,0,3d,3d,1
11669,2020,1620,280,115,0,300,0,0,3d,3d,1
11669,2021,1620,280,115,0,300,0,0,3d,3d,1
11669,2022,1620,280,115,0,300,0,0,3d,3d,1
11669,2023,1620,280,115,0,300,0,0,3d,3d,1
10239,2012,4289,653,1489,1631,700,717,0,1,1,1
10239,2013,4376,598,1597,1648,627,845,0,1,1,1
10239,2014,4572,553,1878,1216,645,904,0,1,1,1
10239,2015,4564,585,2080,1664,632,624,0,1,1,1
10239,2016,4581,575,2037,1267,644,955,0,1,1,1
10239,2017,4774,643,1861,1597,725,1060,0,1,1,1
10239,2018,4572,669,2249,1819,675,662,0,1,1,1
10239,2019,4907,659,2082,1834,819,1161,0,1,1,1
10239,2020,5052,889,2249,1513,897,1208,0,1,1,1
10239,2021,5198,766,1902,2217,964,1259,0,1,1,1
10239,2022,5555,770,1753,2503,964,1485,0,1,1,1
10239,2023,5633,770,1814,2611,1083,1580,0,1,1,1
10240,2012,2677,343,684,697,299,55,0,1,1,1
10240,2013,2885,336,710,736,330,50,0,1,1,1
10240,2014,2875,325,715,740,338,55,0,1,1,1
10240,2015,2500,278,700,716,320,77,0,1,1,1
10240,2016,2419,291,828,975,0,0,0,1,1,1
10240,2017,2415,308,818,989,0,0,0,1,1,1
10240,2018,2447,282,823,975,341,0,0,1,1,1
10240,2019,2437,277,828,945,351,0,0,1,1,1
10240,2020,2583,292,804,950,341,0,0,1,1,1
10240,2021,2598,304,801,955,336,0,0,1,1,1
10240,2022,2613,268,828,921,313,0,0,1,1,1
10240,2023,2632,273,779,911,336,0,0,1,1,1
11774,2019,0,0,750,0,0,0,0,1,1,0
11774,2020,0,0,737,0,0,0,0,1,1,0
11774,2021,0,0,726,0,0,0,0,1,1,0
11774,2022,0,0,725,0,0,0,0,1,1,0
11774,2023,0,0,314,0,0,0,0,1,1,0
10241,2012,1150,198,438,315,225,185,0,1,1,1
10241,2013,1160,180,420,290,220,170,0,1,1,1
10241,2014,1100,160,370,250,200,150,0,1,1,1
10241,2015,1100,160,350,260,200,140,0,1,1,1
10241,2016,1280,170,320,270,170,110,0,1,1,1
10241,2017,1200,150,250,250,150,100,0,1,1,1
10241,2018,1000,100,250,200,100,0,0,1,1,1
10241,2019,0,680,400,300,0,0,0,1,1,0
10241,2020,580,1100,405,0,0,0,0,1,1,1
10241,2021,580,1100,405,0,0,0,0,1,1,1
10241,2022,570,1095,375,0,0,0,0,1,1,1
10241,2023,590,1085,400,0,0,0,0,1,1,1
10242,2012,325,50,0,0,0,0,0,1,1,1
10242,2013,318,35,0,0,0,0,0,1,1,1
10242,2014,325,35,0,0,0,0,0,1,1,1
10242,2015,315,35,0,0,0,0,0,1,1,1
10242,2016,315,35,0,0,0,0,0,1,1,1
10242,2017,315,35,0,0,0,0,0,1,1,1
10242,2018,315,35,0,0,0,0,0,1,1,1
10242,2019,315,35,0,0,0,0,0,1,1,1
10242,2020,402,0,97,0,0,0,0,1,1,1
10242,2021,402,0,97,0,0,0,0,1,1,1
10242,2022,402,0,149,0,0,0,0,1,1,1
10242,2023,402,0,149,0,0,0,0,1,1,1
10243,2012,1070,189,425,210,235,235,0,1,1,1
10243,2013,1070,189,425,210,235,235,0,1,1,1
10243,2014,1070,189,425,210,235,235,0,1,1,1
10243,2015,1070,189,425,210,235,235,0,1,1,1
10243,2016,715,130,0,150,200,0,0,1,1,1
10243,2017,715,130,0,150,200,0,0,1,1,1
10243,2018,590,108,0,400,100,0,0,1,1,1
10243,2019,0,0,0,250,0,0,0,1,1,0
10243,2020,0,0,0,0,0,0,0,2b,2e,0
10243,2021,0,0,0,0,0,0,0,2b,2e,0
10243,2022,0,0,0,0,0,0,0,2b,2e,0
10243,2023,0,0,0,0,0,0,0,2b,2e,0
10244,2012,1170,135,140,320,150,180,0,1,1,1
10244,2013,1155,152,312,420,180,180,0,1,1,1
10244,2014,1155,152,312,420,180,180,0,1,1,1
10244,2015,1155,152,312,420,180,180,0,1,1,1
10244,2016,1155,152,312,420,180,180,0,1,1,1
10244,2017,1155,152,312,420,180,180,0,1,1,1
10244,2018,1155,152,312,420,180,180,0,3a,3a,1
10244,2019,0,0,0,0,0,0,0,2a,2a,0
10244,2020,0,0,0,0,0,0,0,2a,2a,0
10244,2021,0,0,0,0,0,0,0,2a,2a,0
10244,2022,0,0,0,0,0,0,0,2a,2a,0
10244,2023,0,0,0,0,0,0,0,2a,2a,0
11721,2019,0,0,0,0,0,0,1700,2c,3a,0
11721,2020,0,0,0,0,0,0,1700,1,1,0
11721,2021,0,0,0,0,0,0,1700,1,1,0
11721,2022,0,0,0,0,0,0,1700,2c,3a,0
11721,2023,0,0,0,0,0,0,1700,1,1,0
10245,2012,250,50,0,0,0,0,0,1,1,1
10245,2013,250,50,0,0,0,0,0,1,1,1
10245,2014,400,45,0,0,0,0,0,1,1,1
10245,2015,400,60,0,0,0,0,0,1,1,1
10245,2016,0,0,0,0,0,0,0,1,1,0
10245,2017,0,0,75,100,0,0,0,1,1,0
10245,2018,0,0,0,50,0,0,0,1,1,0
10245,2019,0,0,50,50,0,0,0,1,1,0
10245,2020,0,0,75,75,0,0,0,1,1,0
10245,2021,0,0,70,75,0,0,0,1,1,0
10245,2022,0,0,250,150,0,0,0,1,1,0
10245,2023,0,0,0,0,0,0,0,1,1,0
10246,2012,150,40,20,30,8,15,0,1,1,1
10246,2013,180,30,20,20,20,20,0,1,1,1
10246,2014,180,30,20,20,20,20,0,1,1,1
10246,2015,150,20,20,30,20,20,0,1,1,1
10246,2016,100,15,10,10,10,10,0,1,1,1
10246,2017,0,0,0,0,0,0,0,2b,2b,0
10246,2018,0,0,0,0,0,0,0,2b,2b,0
10246,2019,0,0,0,0,0,0,0,2b,2b,0
10246,2020,0,0,0,0,0,0,0,2b,2b,0
10246,2021,0,0,0,0,0,0,0,2b,2b,0
10246,2022,0,0,0,0,0,0,0,2b,2b,0
10246,2023,0,0,0,0,0,0,0,2b,2b,0
10247,2012,143,20,27,65,28,0,0,1,1,1
10247,2013,151,26,0,69,22,11,0,1,1,1
10247,2014,156,25,0,72,20,10,0,1,1,1
10247,2015,156,25,0,72,20,10,0,1,1,1
10247,2016,162,28,0,70,23,11,0,1,1,1
10247,2017,169,30,0,75,24,11,0,1,1,1
10247,2018,179,37,0,79,28,14,0,1,1,1
10247,2019,187,35,0,68,34,16,0,1,1,1
10247,2020,193,40,0,65,0,0,0,1,1,1
10247,2021,175,50,0,75,0,0,0,1,1,1
10247,2022,191,26,0,84,0,0,0,1,1,1
10247,2023,184,32,0,93,0,0,0,1,1,1
10248,2012,318,56,60,45,112,53,0,1,1,1
10248,2013,324,53,126,93,9,4,0,1,1,1
10248,2014,320,70,127,94,16,8,12,1,1,1
10248,2015,330,60,115,85,30,15,12,1,1,1
10248,2016,315,72,127,93,29,14,0,1,1,1
10248,2017,318,62,124,91,34,16,10,1,1,1
10248,2018,332,62,128,94,26,12,9,1,1,1
10248,2019,330,52,112,83,33,15,9,1,1,1
10248,2020,300,50,0,0,0,0,0,1,1,1
10248,2021,300,50,0,0,0,0,0,1,1,1
10248,2022,300,50,0,0,0,0,0,1,1,1
10248,2023,400,65,0,0,0,0,0,1,1,1
10249,2012,1763,175,312,197,164,173,0,1,1,1
10249,2013,1742,175,315,195,160,165,0,1,1,1
10249,2014,1750,180,322,190,163,173,0,1,1,1
10249,2015,1700,251,270,200,134,182,0,1,1,1
10249,2016,1864,219,476,317,394,323,0,1,1,1
10249,2017,1829,215,468,321,450,322,0,1,1,1
10249,2018,1975,145,460,327,414,307,0,1,1,1
10249,2019,1886,243,471,342,418,317,0,1,1,1
10249,2020,1869,302,558,382,397,403,0,1,1,1
10249,2021,1852,298,553,378,392,399,0,1,1,1
10249,2022,1865,300,550,382,397,404,0,1,1,1
10249,2023,1859,294,547,376,394,398,0,1,1,1
10250,2012,1762,181,833,787,276,322,0,1,1,1
10250,2013,1876,175,830,800,280,318,0,1,1,1
10250,2014,1866,180,838,792,289,310,0,1,1,1
10250,2015,1796,200,850,795,300,0,0,1,1,1
10250,2016,1816,244,871,815,313,0,0,1,1,1
10250,2017,1816,243,871,815,313,0,0,1,1,1
10250,2018,1876,191,455,594,477,0,0,1,1,1
10250,2019,1872,185,458,599,468,0,0,1,1,1
10250,2020,1958,109,1183,1368,488,0,0,1,1,1
10250,2021,1960,111,1201,1345,492,0,0,1,1,1
10250,2022,1954,112,1207,1356,487,0,0,1,1,1
10250,2023,1974,97,1213,1330,472,0,0,1,1,1
10251,2012,925,129,355,190,93,144,0,1,1,1
10251,2013,920,125,355,190,93,144,0,1,1,1
10251,2014,920,125,355,190,93,144,0,1,1,1
10251,2015,916,125,350,180,92,140,0,1,1,1
10251,2016,930,125,355,180,93,144,0,1,1,1
10251,2017,935,125,355,175,93,144,0,1,1,1
10251,2018,933,126,352,181,92,99,0,1,1,1
10251,2019,940,127,352,181,90,99,0,1,1,1
10251,2020,932,120,352,181,82,92,0,1,1,1
10251,2021,927,115,342,181,79,89,0,1,1,1
10251,2022,923,110,336,175,77,87,0,1,1,1
10251,2023,179,22,69,36,18,21,0,1,1,1
10252,2012,2055,305,1270,1190,300,0,0,1,1,1
10252,2013,2050,310,1275,1185,300,0,0,1,1,1
10252,2014,2012,210,1140,875,100,0,0,1,1,1
10252,2015,2020,250,1130,900,100,0,0,1,1,1
10252,2016,2020,250,1125,900,100,0,0,1,1,1
10252,2017,2020,302,1425,1900,795,0,0,1,1,1
10252,2018,2025,300,1400,1950,800,0,0,1,1,1
10252,2019,2020,300,1450,1900,800,0,0,1,1,1
10252,2020,2025,300,1450,1900,800,0,0,1,1,1
10252,2021,2030,300,1400,1900,800,0,0,1,1,1
10252,2022,2010,320,1400,1900,800,0,0,1,1,1
10252,2023,2010,320,1400,1900,800,0,0,1,1,1
11858,2012,0,344,3759,4208,3821,1498,3032,2c,3a,0
11858,2013,0,344,3759,4208,3821,1498,3032,2c,3a,0
11858,2014,0,344,3759,4208,3821,1498,3032,1,1,0
11858,2015,0,316,3458,3870,3515,1378,2789,1,1,0
11858,2016,0,285,3111,3482,3162,1239,2509,1,1,0
11858,2017,0,285,3111,3482,3162,1239,2509,2c,3a,0
11858,2018,0,285,3111,3482,3162,1239,2509,1,1,0
11858,2019,0,331,3620,4052,3680,1442,2921,1,1,0
11858,2020,0,344,3759,4207,3821,1498,3031,1,1,0
11858,2021,0,334,3648,4084,3709,1454,2941,1,1,0
11858,2022,0,346,3781,4232,3843,1506,3048,1,1,0
11858,2023,0,375,4092,4581,4160,1630,3300,1,1,0
10253,2012,3119,628,1680,600,600,1058,0,1,1,1
10253,2013,3129,633,1646,610,1105,526,0,1,1,1
10253,2014,3121,629,1651,604,1099,523,0,1,1,1
10253,2015,3115,613,1645,600,1098,522,0,1,1,1
10253,2016,3126,618,1632,610,1093,520,0,1,1,1
10253,2017,3134,637,1639,615,1098,522,0,3a,3a,1
10253,2018,3149,648,1652,624,1104,525,0,1,1,1
10253,2019,3132,655,1669,636,1090,519,0,1,1,1
10253,2020,3141,648,1700,1600,1094,521,0,1,1,1
10253,2021,3182,695,1710,1625,1108,527,0,1,1,1
10253,2022,3319,550,1688,1646,1092,520,0,1,1,1
10253,2023,3286,531,1616,1662,1073,511,0,1,1,1
10254,2012,600,125,50,0,0,0,0,1,1,1
10254,2013,600,125,50,0,0,0,0,1,1,1
10254,2014,600,125,50,0,0,0,0,1,1,1
10254,2015,950,150,75,0,0,0,0,1,1,1
10254,2016,1000,80,0,0,0,0,0,1,1,1
10254,2017,930,120,0,0,0,0,0,1,1,1
10254,2018,930,120,0,0,0,0,0,1,1,1
10254,2019,950,140,50,0,0,0,0,1,1,1
10254,2020,946,146,0,0,0,0,0,1,1,1
10254,2021,925,150,0,0,0,0,0,1,1,1
10254,2022,130,0,0,0,0,0,0,1,1,1
10254,2023,380,20,0,0,0,0,0,1,1,1
10255,2012,1010,112,427,422,202,0,0,1,1,1
10255,2013,1050,100,427,422,210,0,0,1,1,1
10255,2014,1060,100,430,420,220,0,0,1,1,1
10255,2015,1060,100,430,420,220,0,0,1,1,1
10255,2016,1024,105,420,420,230,0,0,1,1,1
10255,2017,1020,110,420,420,220,0,0,1,1,1
10255,2018,980,100,400,400,220,0,0,1,1,1
10255,2019,980,100,400,400,220,0,0,1,1,1
10255,2020,982,95,400,400,230,0,0,1,1,1
10255,2021,980,95,400,400,220,0,0,1,1,1
10255,2022,975,80,400,400,225,0,0,1,1,1
10255,2023,975,80,400,300,250,0,0,1,1,1
10256,2012,522,75,165,175,80,90,0,1,1,1
10256,2013,515,80,165,175,80,90,0,1,1,1
10256,2014,522,75,165,175,80,90,0,1,1,1
10256,2015,522,75,165,175,80,90,0,1,1,1
10256,2016,520,75,165,175,80,90,0,1,1,1
10256,2017,522,75,165,175,80,90,0,1,1,1
10256,2018,515,75,165,175,80,90,0,1,1,1
10256,2019,0,0,0,0,0,0,0,1,1,0
10256,2020,0,0,0,0,0,0,0,2a,2c,0
10256,2021,0,0,0,0,0,0,0,2a,2c,0
10256,2022,0,0,0,0,0,0,0,2a,2c,0
10256,2023,0,0,0,0,0,0,0,2a,2c,0
10257,2012,875,120,60,0,0,0,0,1,1,1
10257,2013,875,120,60,0,0,0,0,1,1,1
10257,2014,875,120,60,0,0,0,0,1,1,1
10257,2015,875,120,60,0,0,0,0,1,1,1
10257,2016,875,120,60,0,0,0,0,1,1,1
10257,2017,875,120,60,0,0,0,0,1,1,1
10257,2018,885,150,150,0,0,0,0,1,1,1
10257,2019,885,150,250,500,150,0,0,1,1,1
10257,2020,885,150,250,500,150,0,0,1,1,1
10257,2021,885,150,250,500,150,0,0,1,1,1
10257,2022,885,150,250,500,150,0,0,1,1,1
10257,2023,885,150,250,500,150,0,0,1,1,1
10258,2012,725,105,180,120,70,0,0,1,1,1
10258,2013,729,80,198,201,89,0,0,1,1,1
10258,2014,729,80,198,201,89,0,0,1,1,1
10258,2015,729,80,198,201,89,0,0,1,1,1
10258,2016,0,0,175,205,89,0,0,1,1,0
10258,2017,0,0,100,0,0,0,0,1,1,0
10258,2018,0,0,100,0,0,0,0,2c,3a,0
10258,2019,0,0,0,0,0,0,0,2a,2e,0
10258,2020,0,0,0,0,0,0,0,2a,2e,0
10258,2021,0,0,0,0,0,0,0,2a,2e,0
10258,2022,0,0,0,0,0,0,0,2a,2e,0
10258,2023,0,0,0,0,0,0,0,2a,2e,0
10259,2012,1470,210,734,603,235,0,0,3a,3a,1
10259,2013,1470,210,734,603,235,0,0,1,1,1
10259,2014,1481,198,782,598,192,0,0,1,1,1
10259,2015,1501,192,690,552,207,0,0,1,1,1
10259,2016,1505,195,693,556,215,0,0,1,1,1
10259,2017,1498,191,692,556,201,0,0,1,1,1
10259,2018,1503,192,694,562,204,0,0,1,1,1
10259,2019,1506,208,742,593,223,0,0,1,1,1
10259,2020,1494,206,736,589,221,0,0,1,1,1
10259,2021,1462,202,720,576,216,0,0,1,1,1
10259,2022,1450,225,735,600,225,0,0,1,1,1
10259,2023,1509,208,743,595,223,0,0,1,1,1
10260,2012,1100,245,395,116,105,105,0,1,1,1
10260,2013,1100,240,392,113,136,64,0,1,1,1
10260,2014,1095,225,398,110,130,62,0,1,1,1
10260,2015,1090,230,405,113,127,60,0,1,1,1
10260,2016,1080,225,400,122,131,63,0,1,1,1
10260,2017,0,0,406,125,164,37,0,1,1,0
10260,2018,0,0,0,0,0,0,0,2a,2a,0
10260,2019,0,0,0,0,0,0,0,2a,2a,0
10260,2020,0,0,0,0,0,0,0,2a,2a,0
10260,2021,0,0,0,0,0,0,0,2a,2a,0
10260,2022,0,0,0,0,0,0,0,2a,2a,0
10260,2023,0,0,0,0,0,0,0,2a,2a,0
11931,2019,0,0,0,0,0,0,0,2a,2a,0
11931,2020,0,0,0,0,0,0,0,2a,2a,0
11931,2021,0,0,0,0,0,0,0,2a,2a,0
11931,2022,0,0,0,0,0,0,0,2a,2a,0
11931,2023,0,0,0,0,0,0,0,2a,2a,0
11776,2019,0,0,150,100,800,500,0,1,1,0
11776,2020,0,0,198,155,850,687,0,1,1,0
11776,2021,0,0,179,210,798,657,0,1,1,0
11776,2022,0,0,156,104,845,510,0,1,1,0
11776,2023,0,226,346,304,1083,0,0,1,1,0
11932,2012,0,0,0,0,0,0,0,2a,3g,0
11932,2013,0,0,0,0,0,0,0,2a,3g,0
11932,2014,0,0,0,0,0,0,0,2a,3g,0
11932,2015,0,0,0,0,0,0,0,2a,3g,0
11932,2016,0,0,0,0,0,0,0,2a,3g,0
11932,2017,0,0,0,0,0,0,0,2a,3g,0
11932,2018,0,0,0,0,0,0,0,2a,3g,0
11932,2019,0,0,0,0,0,0,0,2a,3g,0
11932,2020,0,0,0,0,0,0,0,2a,3g,0
11932,2021,0,0,0,0,0,0,0,2a,3g,0
11932,2022,0,0,0,0,0,0,0,2a,3g,0
11932,2023,0,0,0,0,0,0,0,2a,3g,0
10261,2012,72,11,4,14,18,15,0,1,1,1
10261,2013,81,14,6,16,18,17,0,1,1,1
10261,2014,86,15,9,18,21,16,0,1,1,1
10261,2015,102,20,12,24,23,16,0,3a,3a,1
10261,2016,117,25,15,30,24,15,0,1,1,1
10261,2017,140,15,25,27,10,0,0,1,1,1
10261,2018,155,16,30,35,22,10,0,1,1,1
10261,2019,155,33,52,42,24,16,0,1,1,1
10261,2020,176,32,36,36,36,21,0,1,1,1
10261,2021,185,28,41,38,35,20,0,1,1,1
10261,2022,190,15,20,15,15,12,0,1,1,1
10261,2023,200,18,25,20,18,18,0,1,1,1
11933,2012,0,0,0,0,0,0,0,2b,2b,0
11933,2013,0,0,0,0,0,0,0,2b,2b,0
11933,2014,0,0,0,0,0,0,0,2b,2b,0
11933,2015,0,0,0,0,0,0,0,2b,2b,0
11933,2016,0,0,0,0,0,0,0,2b,2b,0
11933,2017,0,0,0,0,0,0,0,2b,2b,0
11933,2018,0,0,0,0,0,0,0,2b,2b,0
11933,2019,0,0,0,0,0,0,0,2b,2b,0
11933,2020,0,0,0,0,0,0,0,2b,2b,0
11933,2021,0,0,0,0,0,0,0,2b,2b,0
11933,2022,0,0,0,0,0,0,0,2b,2b,0
11933,2023,0,0,0,0,0,0,0,2b,2b,0
11934,2012,0,0,0,0,0,0,0,3g,3g,0
11934,2013,0,0,0,0,0,0,0,2a,2e,0
11934,2014,0,0,0,0,0,0,0,2a,2e,0
11934,2015,0,0,0,0,0,0,0,2a,2e,0
11934,2016,0,0,0,0,0,0,0,2a,2e,0
11934,2017,0,0,0,0,0,0,0,2a,2e,0
11934,2018,0,0,0,0,0,0,0,2a,2e,0
11934,2019,0,0,0,0,0,0,0,2a,2e,0
11934,2020,0,0,0,0,0,0,0,2a,2e,0
11934,2021,0,0,0,0,0,0,0,2a,2e,0
11934,2022,0,0,0,0,0,0,0,2a,2e,0
11934,2023,0,0,0,0,0,0,0,2a,2e,0
10262,2012,443,82,27,0,0,103,0,1,1,1
10262,2013,409,70,121,0,0,100,0,1,1,1
10262,2014,373,80,151,232,65,60,0,1,1,1
10262,2015,428,88,225,253,109,111,0,1,1,1
10262,2016,530,78,31,55,60,95,0,1,1,1
10262,2017,488,102,60,188,100,100,0,1,1,1
10262,2018,490,104,64,190,106,104,0,1,1,1
10262,2019,493,103,66,187,108,103,0,1,1,1
10262,2020,383,48,87,0,0,0,0,1,1,1
10262,2021,0,0,0,0,0,0,0,1,1,0
10262,2022,0,0,0,0,0,0,0,1,1,0
10262,2023,0,0,0,0,0,0,0,1,1,0
10263,2012,706,409,0,0,0,0,0,1,1,1
10263,2013,706,409,0,0,0,0,0,1,1,1
10263,2014,706,409,0,0,0,0,0,1,1,1
10263,2015,715,400,0,0,0,0,0,1,1,1
10263,2016,840,100,0,0,0,0,0,1,1,1
10263,2017,914,100,0,560,0,0,0,1,1,1
10263,2018,860,91,0,0,0,0,0,1,1,1
10263,2019,836,102,0,0,0,0,0,1,1,1
10263,2020,737,69,0,0,0,0,0,1,1,1
10263,2021,725,66,0,0,0,0,0,1,1,1
10263,2022,723,69,0,0,0,0,0,1,1,1
10263,2023,740,75,0,0,0,0,0,1,1,1
10264,2012,247,0,151,0,0,0,0,1,1,1
10264,2013,265,0,162,0,0,0,0,1,1,1
10264,2014,265,0,162,0,0,0,0,1,1,1
10264,2015,265,0,162,0,0,0,0,1,1,1
10264,2016,240,0,162,0,0,0,0,1,1,1
10264,2017,240,0,162,0,0,0,0,1,1,1
10264,2018,240,0,250,0,0,0,0,1,1,1
10264,2019,240,0,250,0,0,0,0,1,1,1
10264,2020,240,0,250,0,0,0,0,1,1,1
10264,2021,240,0,250,0,0,0,0,1,1,1
10264,2022,240,0,250,0,0,0,0,1,1,1
10264,2023,0,0,0,0,0,0,0,1,1,0
10265,2012,750,85,170,120,70,0,0,1,1,1
10265,2013,800,95,260,120,250,200,0,1,1,1
10265,2014,823,115,270,125,260,207,0,1,1,1
10265,2015,826,123,276,183,330,0,0,1,1,1
10265,2016,820,110,280,260,285,0,0,1,1,1
10265,2017,820,100,430,290,120,0,0,1,1,1
10265,2018,840,70,365,340,110,0,0,1,1,1
10265,2019,847,82,389,307,122,0,0,1,1,1
10265,2020,565,55,444,583,278,0,0,1,1,1
10265,2021,282,27,500,859,434,0,0,3a,3a,1
10265,2022,0,0,555,1135,590,0,0,1,1,0
10265,2023,0,0,555,1135,590,0,0,2c,3a,0
10266,2012,650,100,25,200,0,0,0,1,1,1
10266,2013,650,95,25,200,0,0,0,1,1,1
10266,2014,655,95,25,200,0,0,0,1,1,1
10266,2015,650,90,30,190,0,0,0,1,1,1
10266,2016,655,95,40,195,0,0,0,1,1,1
10266,2017,655,95,40,195,0,0,0,1,1,1
10266,2018,660,90,45,190,0,0,0,1,1,1
10266,2019,610,82,45,190,0,0,0,1,1,1
10266,2020,625,90,50,200,0,0,0,1,1,1
10266,2021,615,82,50,200,0,0,0,1,1,1
10266,2022,620,90,50,210,0,0,0,1,1,1
10266,2023,618,88,48,218,0,0,0,1,1,1
10267,2012,2000,200,430,0,0,0,0,1,1,1
10267,2013,2000,200,430,0,0,0,0,1,1,1
10267,2014,2000,200,430,0,0,0,0,1,1,1
10267,2015,2000,200,430,0,0,0,0,1,1,1
10267,2016,2000,200,430,0,0,0,0,1,1,1
10267,2017,1985,200,430,0,0,0,0,1,1,1
10267,2018,1950,250,420,400,0,0,0,1,1,1
10267,2019,1900,280,420,400,0,0,0,1,1,1
10267,2020,1900,280,420,400,0,0,0,1,1,1
10267,2021,1900,290,420,400,0,0,0,1,1,1
10267,2022,1950,280,440,390,0,0,0,1,1,1
10267,2023,1900,280,420,400,0,0,0,1,1,1
10268,2012,2540,300,150,0,0,0,0,1,1,1
10268,2013,0,300,150,0,0,0,0,2a,3a,0
10268,2014,0,300,150,0,0,0,0,2a,3a,0
10268,2015,0,300,150,0,0,0,0,2a,3a,0
10268,2016,0,0,0,0,0,0,0,2a,2e,0
10268,2017,0,0,0,0,0,0,0,2a,2e,0
10268,2018,0,0,0,0,0,0,0,2a,2e,0
10268,2019,0,0,0,0,0,0,0,2a,2e,0
10268,2020,0,0,0,0,0,0,0,2a,2e,0
10268,2021,0,0,0,0,0,0,0,2a,2e,0
10268,2022,0,0,0,0,0,0,0,2a,2e,0
10268,2023,0,0,0,0,0,0,0,2a,2e,0
10269,2012,1310,219,712,361,184,275,0,1,1,1
10269,2013,1310,219,712,361,184,275,0,1,1,1
10269,2014,1250,200,505,436,174,255,0,1,1,1
10269,2015,1250,200,505,436,174,255,0,1,1,1
10269,2016,1208,170,460,400,158,190,0,1,1,1
10269,2017,1205,163,448,462,162,177,0,1,1,1
10269,2018,1205,163,448,462,162,177,0,1,1,1
10269,2019,1205,163,448,462,162,100,0,1,1,1
10269,2020,1190,155,400,380,155,95,0,1,1,1
10269,2021,1100,150,400,350,150,90,0,1,1,1
10269,2022,1011,179,722,721,0,0,0,1,1,1
10269,2023,963,174,685,690,0,0,0,1,1,1
11935,2012,0,0,0,0,0,0,0,2a,2e,0
11935,2013,0,0,0,0,0,0,0,2a,2e,0
11935,2014,0,0,0,0,0,0,0,2a,2e,0
11935,2015,0,0,0,0,0,0,0,2a,2e,0
11935,2016,0,0,0,0,0,0,0,2a,2e,0
11935,2017,0,0,0,0,0,0,0,2a,2e,0
11935,2018,0,0,0,0,0,0,0,2a,2e,0
11935,2019,0,0,0,0,0,0,0,2a,2e,0
11935,2020,0,0,0,0,0,0,0,2a,2e,0
11935,2021,0,0,0,0,0,0,0,2a,2e,0
11935,2022,0,0,0,0,0,0,0,2a,2e,0
11935,2023,0,0,0,0,0,0,0,2a,2e,0
10270,2012,956,143,239,220,165,120,0,3a,3a,1
10270,2013,956,143,239,220,165,120,0,1,1,1
10270,2014,953,97,620,110,83,60,0,3a,3a,1
10270,2015,950,50,1000,0,0,0,0,1,1,1
10270,2016,940,40,900,0,0,0,0,1,1,1
10270,2017,960,30,900,0,0,0,0,1,1,1
10270,2018,950,130,1000,0,0,0,0,1,1,1
10270,2019,950,120,1110,0,0,0,0,1,1,1
10270,2020,950,125,1050,0,0,0,0,1,1,1
10270,2021,950,130,1000,0,0,0,0,1,1,1
10270,2022,800,150,1000,0,0,0,0,1,1,1
10270,2023,790,150,950,0,0,0,0,1,1,1
10271,2012,999,200,0,0,0,0,0,1,1,1
10271,2013,999,200,0,0,0,0,0,1,1,1
10271,2014,999,200,0,0,0,0,0,1,1,1
10271,2015,999,200,0,0,0,0,0,1,1,1
10271,2016,999,200,0,0,0,0,0,1,1,1
10271,2017,999,200,0,0,0,0,0,1,1,1
10271,2018,999,200,0,0,0,0,0,1,1,1
10271,2019,999,200,0,0,0,0,0,1,1,1
10271,2020,999,200,0,0,0,0,0,1,1,1
10271,2021,999,200,0,0,0,0,0,1,1,1
10271,2022,999,0,0,0,0,0,0,1,1,1
10271,2023,0,0,0,0,0,0,0,2a,2a,0
10272,2012,600,90,0,0,50,50,0,1,1,1
10272,2013,580,85,0,0,50,50,0,1,1,1
10272,2014,560,75,0,0,50,50,0,1,1,1
10272,2015,550,40,0,0,0,20,0,1,1,1
10272,2016,450,40,50,50,40,60,0,1,1,1
10272,2017,500,20,50,50,50,30,0,1,1,1
10272,2018,350,30,35,35,25,25,0,1,1,1
10272,2019,0,0,0,0,0,0,0,1,1,0
10272,2020,0,0,0,0,0,0,0,1,1,0
10272,2021,0,0,0,0,0,0,0,1,1,0
10272,2022,0,0,0,0,0,0,0,2a,2e,0
10272,2023,0,0,0,0,0,0,0,2a,2e,0
10273,2012,0,0,222,228,0,0,0,1,1,0
10273,2013,0,0,0,0,0,0,0,2a,2a,0
10273,2014,0,0,0,0,0,0,0,2a,2a,0
10273,2015,0,0,0,0,0,0,0,2a,2a,0
10273,2016,0,0,0,0,0,0,0,2a,2a,0
10273,2017,0,0,0,0,0,0,0,2a,2a,0
10273,2018,0,0,0,0,0,0,0,2a,2a,0
10273,2019,0,0,0,0,0,0,0,2a,2a,0
10273,2020,0,0,0,0,0,0,0,2a,2a,0
10273,2021,0,0,0,0,0,0,0,2a,2a,0
10273,2022,0,0,0,0,0,0,0,2a,2a,0
10273,2023,0,0,0,0,0,0,0,2a,2a,0
10274,2012,1475,225,150,600,250,300,0,3a,3a,1
10274,2013,1475,225,150,600,250,300,0,3a,3a,1
10274,2014,1475,225,150,600,250,300,0,1,1,1
10274,2015,1475,225,150,600,250,300,0,1,1,1
10274,2016,1475,225,150,600,250,300,0,1,1,1
10274,2017,1475,225,150,600,250,300,0,1,1,1
10274,2018,1475,225,150,600,250,300,0,1,1,1
10274,2019,1475,225,500,450,200,0,0,1,1,1
10274,2020,1475,225,500,450,200,0,0,1,1,1
10274,2021,1475,225,500,450,200,0,0,1,1,1
10274,2022,1475,225,500,450,200,0,0,1,1,1
10274,2023,1475,225,500,450,200,0,0,1,1,1
10275,2012,772,145,134,128,101,0,0,1,1,1
10275,2013,860,75,0,53,84,0,0,1,1,1
10275,2014,676,97,129,207,62,0,0,1,1,1
10275,2015,700,100,130,200,60,0,0,1,1,1
10275,2016,850,80,120,360,38,0,0,1,1,1
10275,2017,850,80,120,360,38,0,0,1,1,1
10275,2018,875,75,125,360,40,0,0,1,1,1
10275,2019,875,75,285,300,100,0,0,1,1,1
10275,2020,875,75,275,300,100,0,0,1,1,1
10275,2021,875,75,250,275,100,0,0,1,1,1
10275,2022,875,75,250,275,100,0,0,1,1,1
10275,2023,875,75,250,275,100,0,0,1,1,1
10276,2012,1340,273,312,0,0,0,0,1,1,1
10276,2013,1346,270,0,0,0,0,0,1,1,1
10276,2014,1340,273,0,0,0,0,0,1,1,1
10276,2015,1333,285,0,0,0,0,0,1,1,1
10276,2016,1330,280,0,0,0,0,0,1,1,1
10276,2017,1345,290,0,0,0,0,0,1,1,1
10276,2018,1342,295,0,0,0,0,0,1,1,1
10276,2019,1405,315,0,0,0,0,0,1,1,1
10276,2020,1410,310,0,0,0,0,0,1,1,1
10276,2021,1515,325,0,0,0,0,0,1,1,1
10276,2022,1581,237,0,0,0,0,0,1,1,1
10276,2023,1559,212,0,0,0,0,0,1,1,1
10277,2012,900,0,29,21,68,32,0,3b,3b,1
10277,2013,0,0,74,76,0,0,0,1,1,0
10277,2014,0,0,0,0,0,0,0,2e,2e,0
10277,2015,0,0,0,0,0,0,0,2e,2e,0
10277,2016,0,0,0,0,0,0,0,2e,2e,0
10277,2017,0,0,0,0,0,0,0,2e,2e,0
10277,2018,0,0,0,0,0,0,0,2e,2e,0
10277,2019,0,0,0,0,0,0,0,2e,2e,0
10277,2020,0,0,0,0,0,0,0,2e,2e,0
10277,2021,0,0,0,0,0,0,0,2e,2e,0
10277,2022,0,0,0,0,0,0,0,2e,2e,0
10277,2023,0,0,0,0,0,0,0,2e,2e,0
10278,2012,721,98,276,125,0,0,0,1,1,1
10278,2013,559,89,248,115,0,0,0,1,1,1
10278,2014,660,115,255,125,0,0,0,1,1,1
10278,2015,700,105,450,295,230,0,0,1,1,1
10278,2016,752,167,439,286,219,0,0,1,1,1
10278,2017,805,110,445,280,200,0,0,1,1,1
10278,2018,809,125,450,275,205,0,0,1,1,1
10278,2019,725,0,300,100,100,0,0,1,1,1
10278,2020,715,0,295,95,95,0,0,1,1,1
10278,2021,700,0,300,100,100,0,0,1,1,1
10278,2022,850,0,300,200,0,0,0,1,1,1
10278,2023,800,0,250,150,0,0,0,1,1,1
10279,2012,700,120,110,120,70,70,0,1,1,1
10279,2013,700,120,110,120,70,70,0,1,1,1
10279,2014,670,100,100,100,115,122,0,1,1,1
10279,2015,620,90,175,175,80,80,0,1,1,1
10279,2016,0,0,0,0,0,0,0,2a,2a,0
10279,2017,0,0,0,0,0,0,0,2a,2a,0
10279,2018,0,0,0,0,0,0,0,2a,2a,0
10279,2019,0,0,0,0,0,0,0,2a,2a,0
10279,2020,0,0,0,0,0,0,0,1,1,0
10279,2021,0,0,0,0,0,0,0,1,1,0
10279,2022,0,0,0,0,0,0,0,1,1,0
10279,2023,0,0,0,0,0,0,0,1,1,0
10280,2012,780,158,0,0,0,0,0,1,1,1
10280,2013,793,155,0,0,0,0,0,1,1,1
10280,2014,788,157,0,0,0,0,0,1,1,1
10280,2015,782,161,0,0,0,0,0,1,1,1
10280,2016,810,255,0,0,0,0,0,1,1,1
10280,2017,815,269,0,0,0,0,0,1,1,1
10280,2018,827,252,0,0,0,0,0,1,1,1
10280,2019,838,247,0,0,0,0,0,1,1,1
10280,2020,350,100,400,0,0,0,0,1,1,1
10280,2021,420,120,375,0,0,0,0,1,1,1
10280,2022,0,203,359,351,0,0,0,1,1,0
10280,2023,0,212,341,366,0,0,0,1,1,0
11667,2012,2900,250,900,800,250,0,0,3a,3a,1
11667,2013,2900,250,900,800,250,0,0,3a,3a,1
11667,2014,2900,250,900,800,250,0,0,3a,3a,1
11667,2015,2900,250,900,800,250,0,0,3a,3a,1
11667,2016,2900,250,900,800,250,0,0,3a,3a,1
11667,2017,2900,250,900,800,250,0,0,3a,3a,1
11667,2018,2900,250,900,800,250,0,0,3a,3a,1
11667,2019,2900,250,900,800,250,0,0,3a,3a,1
11667,2020,2900,250,900,800,250,0,0,3a,3a,1
11667,2021,2900,250,900,800,250,0,0,1,1,1
11667,2022,3275,295,915,810,650,0,0,1,1,1
11667,2023,3295,300,935,820,620,0,0,1,1,1
10281,2012,1930,362,0,0,0,0,0,3a,3a,1
10281,2013,1930,362,0,0,0,0,0,3a,3a,1
10281,2014,1930,362,0,0,0,0,0,3a,3a,1
10281,2015,1930,362,0,0,0,0,0,3a,3a,1
10281,2016,1930,362,0,0,0,0,0,3a,3a,1
10281,2017,1930,362,0,0,0,0,0,3a,3a,1
10281,2018,1930,362,0,0,0,0,0,3a,3a,1
10281,2019,1930,362,0,0,0,0,0,3a,3a,1
10281,2020,1930,362,0,0,0,0,0,1,1,1
10281,2021,1930,362,0,0,0,0,0,3a,3a,1
10281,2022,1930,362,0,0,0,0,0,3a,3a,1
10281,2023,1930,362,0,0,0,0,0,3a,3a,1
10282,2012,646,77,0,500,1000,616,0,3a,3a,1
10282,2013,642,78,0,500,1000,612,0,1,1,1
10282,2014,651,82,0,500,1000,612,0,1,1,1
10282,2015,305,58,400,1200,200,600,0,1,1,1
10282,2016,305,58,400,1200,600,1300,0,1,1,1
10282,2017,512,62,5,5,5,1224,0,1,1,1
10282,2018,526,68,5,5,0,0,0,1,1,1
10282,2019,534,65,1108,1521,1024,1364,0,1,1,1
10282,2020,540,65,1108,1524,1026,1365,0,1,1,1
10282,2021,509,26,817,1868,948,652,0,1,1,1
10282,2022,0,0,1200,1200,500,1300,0,1,1,0
10282,2023,0,0,0,0,0,0,0,1,1,0
10283,2012,1047,122,0,0,0,0,0,1,1,1
10283,2013,1054,130,0,0,0,0,0,1,1,1
10283,2014,1062,125,0,0,0,0,0,1,1,1
10283,2015,99,1,0,0,0,0,0,1,1,1
10283,2016,45,2,0,0,0,0,0,1,1,1
10283,2017,0,2,0,0,0,0,0,1,1,0
10283,2018,0,5,0,0,0,0,0,1,1,0
10283,2019,0,0,0,0,0,0,0,1,1,0
10283,2020,0,0,0,0,0,0,0,1,1,0
10283,2021,0,3,0,0,0,0,0,1,1,0
10283,2022,0,0,0,0,0,0,0,1,1,0
10283,2023,0,0,0,0,0,0,0,1,1,0
10284,2012,724,83,0,0,0,0,0,1,1,1
10284,2013,724,83,0,0,0,0,0,1,1,1
10284,2014,979,125,16,0,0,0,0,1,1,1
10284,2015,2557,315,47,0,0,0,0,1,1,1
10284,2016,2662,309,30,0,0,0,0,1,1,1
10284,2017,2664,305,31,0,0,0,0,1,1,1
10284,2018,2641,326,316,0,0,0,0,1,1,1
10284,2019,2626,344,32,0,0,0,0,1,1,1
10284,2020,2630,344,32,0,0,0,0,1,1,1
10284,2021,2689,336,37,0,0,0,0,1,1,1
10284,2022,2693,654,37,0,0,0,0,1,1,1
10284,2023,0,302,12,0,0,0,0,1,1,0
10285,2012,1050,120,650,0,400,500,0,1,1,1
10285,2013,1050,120,650,0,400,500,0,1,1,1
10285,2014,1054,133,650,0,400,500,0,1,1,1
10285,2015,1155,135,1350,0,400,500,0,1,1,1
10285,2016,1062,138,43,91,17,0,0,1,1,1
10285,2017,1060,138,600,250,0,0,0,1,1,1
10285,2018,1063,153,148,0,0,0,0,1,1,1
10285,2019,1070,142,1108,207,140,0,0,1,1,1
10285,2020,1070,142,1108,207,140,0,0,1,1,1
10285,2021,1075,139,16,1500,76,0,0,1,1,1
10285,2022,1053,199,13,0,0,0,0,1,1,1
10285,2023,0,0,0,0,0,0,0,1,1,0
10286,2012,1564,183,0,0,600,600,0,1,1,1
10286,2013,1564,183,0,0,600,600,0,1,1,1
10286,2014,1584,183,0,0,600,600,0,1,1,1
10286,2015,1563,223,18,0,600,100,0,1,1,1
10286,2016,1575,212,60,145,21,0,0,1,1,1
10286,2017,1577,177,22,0,417,0,0,1,1,1
10286,2018,1591,218,155,0,0,0,0,1,1,1
10286,2019,1594,204,21,0,593,0,0,1,1,1
10286,2020,1595,204,1,0,593,0,0,1,1,1
10286,2021,1611,199,23,0,495,0,0,1,1,1
10286,2022,1543,399,24,0,0,0,0,1,1,1
10286,2023,0,0,0,0,0,0,0,1,1,0
11890,2012,0,0,888,817,370,138,0,2f,3c,0
11890,2013,0,0,888,817,370,138,0,2f,3c,0
11890,2014,0,0,888,817,370,138,0,2f,3c,0
11890,2015,0,0,888,817,370,138,0,2f,3c,0
11890,2016,0,0,888,817,370,138,0,2f,3c,0
11890,2017,0,0,888,817,370,138,0,2f,3c,0
11890,2018,0,0,888,817,370,138,0,2f,3c,0
11890,2019,0,0,0,0,0,0,0,2a,2a,0
11890,2020,0,0,0,0,0,0,0,2a,2a,0
11890,2021,0,0,0,0,0,0,0,2a,2a,0
11890,2022,0,0,0,0,0,0,0,2a,2a,0
11890,2023,0,0,0,0,0,0,0,2a,2a,0
11867,2012,0,338,3692,4132,3753,1471,2977,2c,3a,0
11867,2013,0,338,3692,4132,3753,1471,2977,2c,3a,0
11867,2014,0,338,3692,4132,3753,1471,2977,1,1,0
11867,2015,0,209,2279,2550,2316,908,1837,1,1,0
11867,2016,0,209,2279,2550,2316,908,1837,1,1,0
11867,2017,0,321,3499,3916,3557,1394,2821,2c,3a,0
11867,2018,0,432,4719,5282,4797,1880,3804,1,1,0
11867,2019,0,414,4515,5054,4590,1799,3640,2c,3a,0
11867,2020,0,395,4311,4825,4382,1718,3476,1,1,0
11867,2021,0,375,4092,4580,4160,1630,3300,1,1,0
11867,2022,0,248,2707,3030,2751,1078,2183,1,1,0
11867,2023,0,185,2026,2268,2059,807,1634,1,1,0
11884,2012,0,212,2311,2587,2349,921,1863,2c,3a,0
11884,2013,0,212,2311,2587,2349,921,1863,2c,3a,0
11884,2014,0,212,2311,2587,2349,921,1863,1,1,0
11884,2015,0,212,2311,2587,2349,921,1863,1,1,0
11884,2016,0,0,0,0,0,0,0,1,1,0
11884,2017,0,36,395,442,402,158,318,2c,3a,0
11884,2018,0,72,790,884,803,315,636,1,1,0
11884,2019,0,145,1584,1772,1610,631,1276,2c,3a,0
11884,2020,0,218,2377,2660,2416,947,1916,1,1,0
11884,2021,0,214,2336,2615,2375,931,1883,1,1,0
11884,2022,0,113,1240,1388,1260,494,1001,1,1,0
11884,2023,0,136,1487,1664,1511,592,1199,1,1,0
10287,2012,2200,360,900,500,550,0,0,1,1,1
10287,2013,2200,264,900,500,550,0,0,1,1,1
10287,2014,2263,307,875,495,525,0,0,3a,3a,1
10287,2015,2325,350,850,490,500,0,0,1,1,1
10287,2016,2210,254,513,489,503,0,0,1,1,1
10287,2017,2400,300,505,493,527,0,0,1,1,1
10287,2018,2200,290,480,400,470,0,0,1,1,1
10287,2019,2200,290,480,400,470,0,0,1,1,1
10287,2020,2250,301,460,380,400,0,0,1,1,1
10287,2021,2250,300,410,375,350,0,0,1,1,1
10287,2022,2399,280,390,300,312,0,0,1,1,1
10287,2023,2390,280,390,280,284,0,0,1,1,1
10288,2012,400,80,150,170,40,60,0,1,1,1
10288,2013,400,80,150,170,40,60,0,1,1,1
10288,2014,400,80,150,170,40,60,0,3a,3a,1
10288,2015,400,80,150,170,40,60,0,1,1,1
10288,2016,0,0,0,0,0,0,0,1,1,0
10288,2017,0,0,0,168,0,0,0,2a,3a,0
10288,2018,0,0,0,168,0,0,0,2a,3a,0
10288,2019,0,0,0,168,0,0,0,1,1,0
10288,2020,0,0,0,250,0,0,0,1,1,0
10288,2021,0,0,0,200,0,0,0,1,1,0
10288,2022,0,0,0,120,0,0,0,1,1,0
10288,2023,0,0,0,0,0,0,0,1,1,0
10289,2012,0,0,0,0,0,0,0,1,1,0
10289,2013,0,0,0,0,0,0,0,1,1,0
10289,2014,0,0,78,195,214,0,0,2c,3a,0
10289,2015,0,0,78,195,214,0,0,2c,3a,0
10289,2016,0,0,78,195,214,0,0,2c,3a,0
10289,2017,0,0,78,195,214,0,0,2c,3a,0
10289,2018,0,0,78,195,214,0,0,2c,3a,0
10289,2019,0,0,78,195,214,0,0,1,1,0
10289,2020,0,0,30,105,100,0,0,1,1,0
10289,2021,0,0,0,0,0,0,0,1,1,0
10289,2022,0,0,0,0,0,0,0,1,1,0
10289,2023,0,0,0,0,0,0,0,1,1,0
10290,2012,0,0,0,0,0,0,0,2e,2e,0
10290,2013,0,0,0,0,0,0,0,2e,2e,0
10290,2014,0,0,0,0,0,0,0,2e,2e,0
10290,2015,0,0,0,0,0,0,0,2e,2e,0
10290,2016,0,0,0,0,0,0,0,2e,2e,0
10290,2017,0,0,0,0,0,0,0,2e,2e,0
10290,2018,0,0,0,0,0,0,0,2e,2e,0
10290,2019,0,0,0,0,0,0,0,2e,2e,0
10290,2020,0,0,0,0,0,0,0,2e,2e,0
10290,2021,0,0,0,0,0,0,0,2e,2e,0
10290,2022,0,0,0,0,0,0,0,2e,2e,0
10290,2023,0,0,0,0,0,0,0,2e,2e,0
10291,2012,1110,181,373,308,136,199,0,1,1,1
10291,2013,1050,120,159,321,84,178,0,1,1,1
10291,2014,1000,131,165,315,86,181,0,1,1,1
10291,2015,1160,127,258,394,90,133,0,1,1,1
10291,2016,1075,150,362,332,144,216,0,1,1,1
10291,2017,1000,168,425,505,209,283,0,1,1,1
10291,2018,1152,151,383,572,238,245,0,1,1,1
10291,2019,1050,120,373,470,105,0,0,1,1,1
10291,2020,1050,120,415,581,207,284,0,1,1,1
10291,2021,1058,111,435,560,215,272,0,1,1,1
10291,2022,1065,105,486,317,176,260,0,1,1,1
10291,2023,1144,167,332,283,213,129,0,1,1,1
10292,2012,640,130,0,0,120,60,0,1,1,1
10292,2013,715,50,0,0,120,60,0,1,1,1
10292,2014,715,50,0,0,120,60,0,1,1,1
10292,2015,715,50,0,0,120,0,0,1,1,1
10292,2016,702,50,0,0,120,30,0,1,1,1
10292,2017,550,150,0,0,125,30,0,1,1,1
10292,2018,500,100,0,0,100,20,0,1,1,1
10292,2019,0,0,0,0,0,0,0,1,1,0
10292,2020,0,0,0,0,0,0,0,1,1,0
10292,2021,0,0,0,200,200,0,0,1,1,0
10292,2022,0,0,0,200,200,0,0,1,1,0
10292,2023,0,0,0,200,400,0,0,1,1,0
11936,2012,0,0,0,0,0,0,0,2a,2e,0
11936,2013,0,0,0,0,0,0,0,2a,2e,0
11936,2014,0,0,0,0,0,0,0,2a,2e,0
11936,2015,0,0,0,0,0,0,0,2a,2e,0
11936,2016,0,0,0,0,0,0,0,2a,2e,0
11936,2017,0,0,0,0,0,0,0,2a,2e,0
11936,2018,0,0,0,0,0,0,0,2a,2e,0
11936,2019,0,0,0,0,0,0,0,2a,2e,0
11936,2020,0,0,0,0,0,0,0,2a,2e,0
11936,2021,0,0,0,0,0,0,0,2a,2e,0
11936,2022,0,0,0,0,0,0,0,2a,2e,0
11936,2023,0,0,0,0,0,0,0,2a,2e,0
10293,2012,1165,237,48,0,265,253,0,3a,3a,1
10293,2013,1180,240,45,0,230,230,0,1,1,1
10293,2014,1150,210,50,0,250,250,0,1,1,1
10293,2015,1150,210,50,0,0,250,0,1,1,1
10293,2016,1300,300,0,0,300,100,0,1,1,1
10293,2017,1300,300,0,0,300,100,0,1,1,1
10293,2018,1300,300,0,0,300,100,0,1,1,1
10293,2019,1228,241,0,0,300,300,0,1,1,1
10293,2020,1253,196,0,0,506,506,0,1,1,1
10293,2021,1293,197,0,0,350,300,0,1,1,1
10293,2022,1250,200,0,0,300,300,0,1,1,1
10293,2023,1239,193,0,0,294,310,0,1,1,1
10294,2012,1500,340,420,300,275,0,0,1,1,1
10294,2013,1490,350,450,300,275,0,0,1,1,1
10294,2014,1500,350,450,325,275,0,0,1,1,1
10294,2015,1500,330,450,330,300,0,0,1,1,1
10294,2016,1500,340,450,330,300,0,0,1,1,1
10294,2017,1500,340,450,330,300,0,0,1,1,1
10294,2018,1500,350,450,340,300,0,0,1,1,1
10294,2019,1500,340,450,330,300,0,0,1,1,1
10294,2020,1500,350,450,325,300,0,0,1,1,1
10294,2021,1600,350,425,300,300,0,0,1,1,1
10294,2022,1600,350,425,300,300,0,0,1,1,1
10294,2023,1600,350,425,300,300,0,0,1,1,1
11717,2019,0,0,1800,0,0,0,0,1,1,0
11717,2020,0,0,1800,0,0,0,0,2c,3a,0
11717,2021,0,0,1800,0,0,0,0,1,1,0
11717,2022,0,0,1800,0,0,0,0,1,1,0
11717,2023,0,0,1350,0,0,0,0,1,1,0
10295,2012,0,0,0,0,0,0,0,2c,2c,0
10295,2013,0,0,0,0,0,0,0,1,1,0
10295,2014,0,0,0,0,0,0,0,2e,2e,0
10295,2015,0,0,0,0,0,0,0,2e,2e,0
10295,2016,0,0,0,0,700,0,0,1,1,0
10295,2017,0,0,0,0,700,0,0,2b,3a,0
10295,2018,0,0,0,0,700,0,0,2b,3a,0
10295,2019,0,0,0,0,0,0,0,2a,2a,0
10295,2020,0,0,0,0,0,0,0,2a,2a,0
10295,2021,0,0,0,0,0,0,0,2a,2a,0
10295,2022,0,0,0,0,0,0,0,2a,2a,0
10295,2023,0,0,0,0,0,0,0,2a,2a,0
10296,2012,1400,210,400,420,160,0,0,1,1,1
10296,2013,1400,210,400,420,160,0,0,1,1,1
10296,2014,1400,210,400,420,160,0,0,1,1,1
10296,2015,1400,210,400,420,160,0,0,3a,3a,1
10296,2016,1400,210,400,420,160,0,0,1,1,1
10296,2017,1400,210,400,420,160,0,0,1,1,1
10296,2018,1900,275,900,750,500,0,0,1,1,1
10296,2019,2100,300,1000,900,600,0,0,1,1,1
10296,2020,2100,300,1000,900,600,0,0,1,1,1
10296,2021,2100,300,1000,900,600,0,0,1,1,1
10296,2022,2100,300,1000,900,600,0,0,1,1,1
10296,2023,2100,300,1000,900,600,0,0,1,1,1
10297,2012,970,110,320,160,70,0,0,1,1,1
10297,2013,950,100,320,155,70,0,0,1,1,1
10297,2014,955,95,315,150,65,0,0,1,1,1
10297,2015,962,89,300,155,55,0,0,1,1,1
10297,2016,996,110,324,152,71,0,0,1,1,1
10297,2017,708,81,319,231,0,0,0,3a,3a,1
10297,2018,708,81,331,239,0,0,0,1,1,1
10297,2019,890,210,0,0,0,0,0,1,1,1
10297,2020,888,218,0,0,0,0,0,1,1,1
10297,2021,890,215,0,0,0,0,0,1,1,1
10297,2022,909,144,0,0,0,0,0,1,1,1
10297,2023,887,130,302,0,0,0,0,1,1,1
10298,2012,2259,326,1742,598,0,0,0,1,1,1
10298,2013,2245,315,1702,575,0,0,0,1,1,1
10298,2014,1798,219,150,0,0,0,0,1,1,1
10298,2015,2150,495,725,575,225,0,0,1,1,1
10298,2016,2145,485,700,550,220,0,0,1,1,1
10298,2017,2096,351,341,0,0,0,0,1,1,1
10298,2018,2101,336,365,0,0,0,0,1,1,1
10298,2019,2135,341,341,0,0,0,0,1,1,1
10298,2020,2130,282,341,0,0,0,0,1,1,1
10298,2021,2134,286,336,0,0,0,0,1,1,1
10298,2022,2145,270,351,0,0,0,0,1,1,1
10298,2023,2234,252,336,0,0,0,0,1,1,1
10299,2012,0,0,0,0,1062,238,0,1,1,0
10299,2013,0,0,0,0,1225,275,0,1,1,0
10299,2014,0,0,0,0,1633,367,0,1,1,0
10299,2015,0,0,0,0,2450,550,0,1,1,0
10299,2016,0,0,0,0,2450,550,0,1,1,0
10299,2017,0,0,0,0,2532,568,0,1,1,0
10299,2018,0,0,0,0,2450,550,0,1,1,0
10299,2019,0,0,0,0,2450,550,0,1,1,0
10299,2020,0,0,0,0,2123,477,0,1,1,0
10299,2021,0,0,0,0,2287,513,0,1,1,0
10299,2022,0,0,0,0,1715,385,0,1,1,0
10299,2023,0,0,0,0,1797,403,0,1,1,0
11682,2019,0,200,800,600,300,0,0,2c,3a,0
11682,2020,0,200,800,600,300,0,0,1,1,0
11682,2021,0,200,800,600,300,0,0,1,1,0
11682,2022,0,200,800,600,300,0,0,1,1,0
11682,2023,0,200,800,600,300,0,0,1,1,0
10300,2012,4150,600,2500,1400,500,875,0,1,1,1
10300,2013,3700,610,2495,1400,500,860,0,1,1,1
10300,2014,3825,620,2490,1410,485,865,0,1,1,1
10300,2015,3835,632,2386,1400,475,845,0,1,1,1
10300,2016,3997,643,2437,1506,565,936,0,1,1,1
10300,2017,4019,634,2471,1476,557,949,0,1,1,1
10300,2018,4658,802,2696,1828,1712,1354,0,1,1,1
10300,2019,4675,819,2705,1834,1720,1360,0,1,1,1
10300,2020,4891,564,2749,1804,1755,1343,0,1,1,1
10300,2021,4775,764,5850,975,4387,780,0,1,1,1
10300,2022,4745,791,5859,979,4377,775,0,1,1,1
10300,2023,4723,819,5741,1009,4294,792,0,1,1,1
10301,2012,250,42,50,57,35,40,0,1,1,1
10301,2013,250,42,50,56,35,0,0,1,1,1
10301,2014,250,42,50,56,35,0,0,1,1,1
10301,2015,267,31,62,67,39,0,0,3a,3a,1
10301,2016,284,20,74,78,43,0,0,1,1,1
10301,2017,283,17,142,136,38,0,0,1,1,1
10301,2018,270,20,88,98,62,0,0,1,1,1
10301,2019,272,18,120,95,68,0,0,1,1,1
10301,2020,282,18,138,97,72,0,0,1,1,1
10301,2021,284,18,147,96,76,0,0,3a,3a,1
10301,2022,285,18,155,95,80,0,0,1,1,1
10301,2023,280,18,158,100,0,0,0,1,1,1
10302,2012,1455,176,384,547,265,212,0,3a,3a,1
10302,2013,1455,176,384,547,265,212,0,1,1,1
10302,2014,1465,186,374,473,308,181,0,3a,3a,1
10302,2015,1475,196,363,399,350,150,0,1,1,1
10302,2016,1440,190,482,399,350,198,0,1,1,1
10302,2017,1507,197,468,400,356,196,0,1,1,1
10302,2018,1463,195,472,380,390,200,0,1,1,1
10302,2019,1455,203,452,445,355,225,0,3a,3a,1
10302,2020,1446,211,431,510,320,250,0,1,1,1
10302,2021,1436,210,430,505,310,250,0,1,1,1
10302,2022,1425,217,382,367,307,153,0,1,1,1
10302,2023,1394,199,442,530,231,164,0,1,1,1
10303,2012,782,124,315,268,82,166,0,1,1,1
10303,2013,790,128,320,272,85,166,0,1,1,1
10303,2014,810,132,330,285,90,175,0,1,1,1
10303,2015,875,145,340,295,100,185,0,1,1,1
10303,2016,925,155,350,310,105,187,0,1,1,1
10303,2017,945,165,360,320,115,190,0,1,1,1
10303,2018,955,167,365,322,120,195,0,1,1,1
10303,2019,963,174,370,331,125,202,0,3a,3a,1
10303,2020,970,180,375,340,130,208,0,1,1,1
10303,2021,980,190,385,350,140,218,0,1,1,1
10303,2022,970,180,375,340,130,208,0,1,1,1
10303,2023,980,190,385,340,140,218,0,1,1,1
10304,2012,900,124,250,150,0,0,0,3a,3a,1
10304,2013,900,124,250,150,0,0,0,1,1,1
10304,2014,883,103,233,167,0,0,0,3a,3a,1
10304,2015,867,81,217,183,0,0,0,3a,3a,1
10304,2016,850,60,200,200,0,0,0,1,1,1
10304,2017,0,0,0,0,0,0,0,1,1,0
10304,2018,0,0,0,0,0,0,0,2e,2e,0
10304,2019,0,0,0,0,0,0,0,2e,2e,0
10304,2020,0,0,0,0,0,0,0,2e,2e,0
10304,2021,0,0,500,500,0,0,0,1,1,0
10304,2022,0,0,280,0,0,0,0,1,1,0
10304,2023,0,0,285,0,0,0,0,1,1,0
10305,2012,2790,450,800,1150,0,0,0,3a,3a,1
10305,2013,2790,450,800,1150,0,0,0,1,1,1
10305,2014,2723,502,802,1116,0,0,0,1,1,1
10305,2015,2731,508,798,1134,0,0,0,1,1,1
10305,2016,2687,435,841,1156,0,0,0,1,1,1
10305,2017,2695,436,796,1136,0,0,0,1,1,1
10305,2018,2689,427,789,1132,0,0,0,3a,3a,1
10305,2019,2683,418,781,1127,0,0,0,1,1,1
10305,2020,2680,415,782,1120,0,0,0,1,1,1
10305,2021,2672,408,786,1126,0,0,0,1,1,1
10305,2022,2613,387,772,1088,0,0,0,1,1,1
10305,2023,2608,292,773,1054,0,0,0,1,1,1
11937,2012,0,0,0,0,0,0,0,3g,3g,0
11937,2013,0,0,0,0,0,0,0,3g,3g,0
11937,2014,0,0,0,0,0,0,0,3g,3g,0
11937,2015,0,0,0,0,0,0,0,3g,3g,0
11937,2016,0,0,0,0,0,0,0,3g,3g,0
11937,2017,0,0,0,0,0,0,0,3g,3g,0
11937,2018,0,0,0,0,0,0,0,3g,3g,0
11937,2019,0,0,0,0,0,0,0,3g,3g,0
11937,2020,0,0,0,0,0,0,0,3g,3g,0
11937,2021,0,0,0,0,0,0,0,3g,3g,0
11937,2022,0,0,0,0,0,0,0,3g,3g,0
11937,2023,0,0,0,0,0,0,0,3g,3g,0
10306,2012,460,50,140,130,70,20,0,1,1,1
10306,2013,460,50,140,130,70,20,0,1,1,1
10306,2014,460,50,140,130,70,20,0,1,1,1
10306,2015,460,50,140,130,70,20,0,1,1,1
10306,2016,0,0,240,300,200,10,0,1,1,0
10306,2017,0,0,200,150,150,150,0,1,1,0
10306,2018,0,0,200,40,130,175,0,1,1,0
10306,2019,0,0,200,40,130,175,0,1,1,0
10306,2020,0,0,210,40,130,175,0,1,1,0
10306,2021,0,0,210,50,150,225,0,1,1,0
10306,2022,0,0,212,50,150,230,0,1,1,0
10306,2023,0,0,195,45,150,220,0,1,1,0
11938,2012,0,0,0,0,0,0,0,2b,2b,0
11938,2013,0,0,0,0,0,0,0,2b,2b,0
11938,2014,0,0,0,0,0,0,0,2b,2b,0
11938,2015,0,0,0,0,0,0,0,2b,2b,0
11938,2016,0,0,0,0,0,0,0,2b,2b,0
11938,2017,0,0,0,0,0,0,0,2b,2b,0
11938,2018,0,0,0,0,0,0,0,2b,2b,0
11938,2019,0,0,0,0,0,0,0,2b,2b,0
11938,2020,0,0,0,0,0,0,0,2b,2b,0
11938,2021,0,0,0,0,0,0,0,2b,2b,0
11938,2022,0,0,0,0,0,0,0,2b,2b,0
11938,2023,0,0,0,0,0,0,0,2b,2b,0
10307,2012,2600,800,500,500,0,0,0,1,1,1
10307,2013,2600,800,500,500,0,0,0,1,1,1
10307,2014,2300,700,375,375,0,0,0,3a,3a,1
10307,2015,2000,600,250,250,0,0,0,1,1,1
10307,2016,1600,200,0,0,0,0,0,1,1,1
10307,2017,1648,113,3020,1908,0,0,0,1,1,1
10307,2018,2267,196,0,298,869,981,0,1,1,1
10307,2019,2055,199,0,152,766,901,0,1,1,1
10307,2020,2038,98,0,608,340,1006,0,1,1,1
10307,2021,2016,92,0,589,311,994,0,1,1,1
10307,2022,2011,85,0,572,318,966,0,1,1,1
10307,2023,2014,88,0,575,321,969,0,1,1,1
10308,2012,905,257,430,444,210,210,0,1,1,1
10308,2013,913,248,451,455,293,140,0,1,1,1
10308,2014,915,241,459,455,297,141,0,1,1,1
10308,2015,921,236,444,458,291,139,0,1,1,1
10308,2016,929,231,447,462,286,136,0,1,1,1
10308,2017,980,268,456,470,294,140,0,1,1,1
10308,2018,982,263,459,480,297,141,0,1,1,1
10308,2019,1259,350,463,493,301,143,0,1,1,1
10308,2020,1260,348,460,500,305,145,0,1,1,1
10308,2021,1300,360,470,520,313,149,0,1,1,1
10308,2022,0,251,483,507,323,154,0,1,1,0
10308,2023,0,275,458,520,376,85,0,1,1,0
10309,2012,2301,303,402,773,372,532,0,1,1,1
10309,2013,2254,321,600,770,525,0,0,1,1,1
10309,2014,2254,321,600,770,525,0,0,1,1,1
10309,2015,2254,321,600,770,525,0,0,1,1,1
10309,2016,2254,321,600,770,525,0,0,1,1,1
10309,2017,2287,297,450,711,265,0,0,1,1,1
10309,2018,2287,297,450,711,265,0,0,1,1,1
10309,2019,2151,362,650,738,265,0,0,1,1,1
10309,2020,2150,375,650,735,270,0,0,1,1,1
10309,2021,2380,290,500,580,180,0,0,1,1,1
10309,2022,2385,300,450,530,100,0,0,1,1,1
10309,2023,2390,295,455,525,125,0,0,1,1,1
10310,2012,2257,340,30,240,30,0,0,1,1,1
10310,2013,2252,338,28,236,27,0,0,1,1,1
10310,2014,2318,346,37,248,32,0,0,1,1,1
10310,2015,2285,328,46,242,41,0,0,1,1,1
10310,2016,2283,347,66,268,51,0,0,1,1,1
10310,2017,2300,333,70,276,39,0,0,1,1,1
10310,2018,2266,318,63,275,60,0,0,1,1,1
10310,2019,2271,326,66,282,63,0,0,1,1,1
10310,2020,2262,313,58,273,63,0,0,1,1,1
10310,2021,2268,312,63,276,59,0,0,1,1,1
10310,2022,2262,323,58,272,63,0,0,1,1,1
10310,2023,2242,336,73,248,68,0,0,1,1,1
10311,2012,675,88,225,190,212,0,0,3a,3a,1
10311,2013,675,88,225,190,212,0,0,1,1,1
10311,2014,0,0,0,0,0,0,0,2a,2e,0
10311,2015,0,0,0,0,0,0,0,2a,2e,0
10311,2016,0,0,0,0,0,0,0,2a,2e,0
10311,2017,0,0,0,0,0,0,0,2a,2e,0
10311,2018,0,0,0,0,0,0,0,2a,2e,0
10311,2019,0,0,0,0,0,0,0,2a,2e,0
10311,2020,0,0,0,0,0,0,0,2a,2e,0
10311,2021,0,0,0,0,0,0,0,2a,2e,0
10311,2022,0,0,0,0,0,0,0,2a,2e,0
10311,2023,0,0,0,0,0,0,0,2a,2e,0
10312,2012,1350,262,545,353,243,0,0,1,1,1
10312,2013,1416,258,644,297,193,0,0,1,1,1
10312,2014,1416,258,644,297,193,0,0,1,1,1
10312,2015,1356,217,618,425,144,0,0,1,1,1
10312,2016,1364,241,474,543,194,0,0,1,1,1
10312,2017,1364,241,474,543,194,0,0,1,1,1
10312,2018,1364,241,474,543,194,0,0,1,1,1
10312,2019,1364,241,474,543,194,0,0,1,1,1
10312,2020,1417,269,479,424,133,0,0,1,1,1
10312,2021,1417,269,479,424,133,0,0,1,1,1
10312,2022,1417,269,479,424,133,0,0,1,1,1
10312,2023,1417,269,479,424,133,0,0,1,1,1
10313,2012,1350,450,450,100,500,0,0,1,1,1
10313,2013,1350,450,450,100,500,0,0,1,1,1
10313,2014,1350,450,450,100,500,0,0,1,1,1
10313,2015,1400,450,455,105,495,5,0,1,1,1
10313,2016,1400,450,455,105,495,5,0,1,1,1
10313,2017,1420,400,455,105,250,280,0,1,1,1
10313,2018,1450,400,500,800,150,150,0,1,1,1
10313,2019,1600,400,400,100,500,0,0,1,1,1
10313,2020,2000,300,600,100,500,0,0,1,1,1
10313,2021,2000,280,600,90,500,0,0,1,1,1
10313,2022,2000,285,600,90,500,0,0,1,1,1
10313,2023,2000,290,600,600,300,300,0,1,1,1
11939,2012,0,0,0,0,0,0,0,2e,2e,0
11939,2013,0,0,0,0,0,0,0,2e,2e,0
11939,2014,0,0,0,0,0,0,0,2e,2e,0
11939,2015,0,0,0,0,0,0,0,2e,2e,0
11939,2016,0,0,0,0,0,0,0,2e,2e,0
11939,2017,0,0,0,0,0,0,0,2e,2e,0
11939,2018,0,0,0,0,0,0,0,2e,2e,0
11939,2019,0,0,0,0,0,0,0,2e,2e,0
11939,2020,0,0,0,0,0,0,0,2e,2e,0
11939,2021,0,0,0,0,0,0,0,2e,2e,0
11939,2022,0,0,0,0,0,0,0,2e,2e,0
11939,2023,0,0,0,0,0,0,0,2e,2e,0
11940,2012,0,0,0,0,0,0,0,3g,3g,0
11940,2013,0,0,0,0,0,0,0,3g,3g,0
11940,2014,0,0,0,0,0,0,0,3g,3g,0
11940,2015,0,0,0,0,0,0,0,3g,3g,0
11940,2016,0,0,0,0,0,0,0,3g,3g,0
11940,2017,0,0,0,0,0,0,0,3g,3g,0
11940,2018,0,0,0,0,0,0,0,3g,3g,0
11940,2019,0,0,0,0,0,0,0,3g,3g,0
11940,2020,0,0,0,0,0,0,0,3g,3g,0
11940,2021,0,0,0,0,0,0,0,3g,3g,0
11940,2022,0,0,0,0,0,0,0,3g,3g,0
11940,2023,0,0,0,0,0,0,0,3g,3g,0
10314,2012,855,140,200,0,0,0,0,1,1,1
10314,2013,855,140,200,0,0,0,0,1,1,1
10314,2014,855,140,200,0,0,0,0,3a,3a,1
10314,2015,855,140,200,0,0,0,0,1,1,1
10314,2016,855,140,200,0,0,0,0,1,1,1
10314,2017,900,130,290,250,100,0,0,1,1,1
10314,2018,900,130,290,250,100,0,0,1,1,1
10314,2019,890,130,290,250,100,0,0,1,1,1
10314,2020,875,125,290,250,100,0,0,1,1,1
10314,2021,885,130,190,150,50,0,0,1,1,1
10314,2022,425,65,100,150,50,0,0,1,1,1
10314,2023,0,0,0,0,0,0,0,1,1,0
10315,2012,1093,148,0,0,0,0,0,3a,3a,1
10315,2013,1093,148,0,0,0,0,0,1,1,1
10315,2014,1097,145,0,0,0,0,0,1,1,1
10315,2015,1118,152,0,0,0,0,0,1,1,1
10315,2016,1120,161,0,0,0,0,0,1,1,1
10315,2017,1122,165,0,0,0,0,0,1,1,1
10315,2018,1130,62,0,0,0,0,0,1,1,1
10315,2019,1137,78,0,0,0,0,0,1,1,1
10315,2020,1142,156,0,0,0,0,0,1,1,1
10315,2021,1139,152,0,0,0,0,0,1,1,1
10315,2022,1136,151,0,0,0,0,0,1,1,1
10315,2023,1135,150,0,0,0,0,0,1,1,1
10316,2012,1179,153,53,40,0,0,0,1,1,1
10316,2013,1148,150,75,55,0,0,0,1,1,1
10316,2014,1261,75,38,28,0,0,0,3a,3a,1
10316,2015,1373,0,0,0,0,0,0,1,1,1
10316,2016,1335,0,0,0,0,0,0,1,1,1
10316,2017,1335,0,0,0,0,0,0,1,1,1
10316,2018,1365,0,0,0,0,0,0,1,1,1
10316,2019,1340,0,0,0,0,0,0,1,1,1
10316,2020,1337,0,0,0,0,0,0,1,1,1
10316,2021,1346,0,0,0,0,0,0,3a,2c,1
10316,2022,1354,0,0,0,0,0,0,1,1,1
10316,2023,1260,0,0,0,0,0,0,1,1,1
10317,2012,1150,0,360,280,160,0,0,1,1,1
10317,2013,1150,0,360,280,160,0,0,1,1,1
10317,2014,1150,0,360,280,160,0,0,1,1,1
10317,2015,1150,0,360,280,160,0,0,1,1,1
10317,2016,1145,0,355,272,160,0,0,1,1,1
10317,2017,1132,0,352,271,155,0,0,1,1,1
10317,2018,1129,0,352,271,155,0,0,1,1,1
10317,2019,1102,0,352,271,155,0,0,1,1,1
10317,2020,1050,0,350,280,145,0,0,1,1,1
10317,2021,1032,0,320,270,135,0,0,1,1,1
10317,2022,1025,0,318,268,131,0,0,1,1,1
10317,2023,1025,0,319,269,132,0,0,1,1,1
10318,2012,478,44,162,91,93,0,0,1,1,1
10318,2013,0,0,0,0,0,0,0,1,1,0
10318,2014,0,0,390,39,0,0,0,1,1,0
10318,2015,0,0,273,160,0,0,0,1,1,0
10318,2016,0,0,325,140,0,0,0,1,1,0
10318,2017,0,0,405,0,0,0,0,1,1,0
10318,2018,0,0,385,75,0,0,0,1,1,0
10318,2019,0,0,360,45,0,0,0,1,1,0
10318,2020,0,0,380,30,0,0,0,1,1,0
10318,2021,0,0,462,0,0,0,0,1,1,0
10318,2022,0,0,637,0,0,0,0,1,1,0
10318,2023,0,0,621,0,0,0,0,1,1,0
10319,2012,263,37,125,90,52,33,0,3a,3a,1
10319,2013,263,37,125,90,52,33,0,3a,3a,1
10319,2014,263,37,125,90,52,33,0,3a,3a,1
10319,2015,263,37,125,90,52,33,0,3a,3a,1
10319,2016,263,37,125,90,52,33,0,1,1,1
10319,2017,241,34,104,75,44,27,0,1,1,1
10319,2018,154,21,104,75,44,27,0,1,1,1
10319,2019,0,0,80,74,33,13,0,1,1,0
10319,2020,0,0,45,51,46,58,0,2a,3a,0
10319,2021,0,0,45,51,46,58,0,2a,3a,0
10319,2022,0,0,45,51,46,58,0,2a,3a,0
10319,2023,0,0,45,51,46,58,0,2a,3a,0
10320,2012,170,20,75,50,40,40,0,1,1,1
10320,2013,165,25,75,900,40,35,0,1,1,1
10320,2014,170,30,80,875,45,30,0,1,1,1
10320,2015,155,38,80,100,52,40,0,1,1,1
10320,2016,185,39,92,97,59,0,0,1,1,1
10320,2017,178,44,97,84,66,0,0,1,1,1
10320,2018,126,16,103,92,31,0,0,1,1,1
10320,2019,125,14,98,90,25,0,0,1,1,1
10320,2020,140,25,105,95,20,0,0,1,1,1
10320,2021,132,30,110,92,15,0,0,1,1,1
10320,2022,136,33,113,95,20,0,0,1,1,1
10320,2023,40,0,70,40,0,0,0,1,1,1
10321,2012,1200,144,550,450,120,0,0,1,1,1
10321,2013,1200,140,550,450,120,0,0,1,1,1
10321,2014,1210,135,550,450,130,0,0,1,1,1
10321,2015,1200,130,540,450,120,0,0,1,1,1
10321,2016,1196,125,530,250,130,0,0,1,1,1
10321,2017,1100,130,550,250,150,0,0,1,1,1
10321,2018,1080,140,550,250,150,0,0,1,1,1
10321,2019,1070,135,550,225,150,0,0,1,1,1
10321,2020,1060,130,550,220,150,0,0,1,1,1
10321,2021,1050,120,0,0,0,0,0,1,1,1
10321,2022,1040,100,0,0,0,0,0,1,1,1
10321,2023,1030,100,0,0,0,0,0,1,1,1
10322,2012,500,200,70,70,70,50,0,1,1,1
10322,2013,550,150,100,50,50,50,0,1,1,1
10322,2014,550,150,100,50,50,50,0,1,1,1
10322,2015,550,150,100,50,50,50,0,1,1,1
10322,2016,550,100,75,50,0,0,0,1,1,1
10322,2017,550,100,75,50,0,0,0,1,1,1
10322,2018,550,100,75,50,0,0,0,1,1,1
10322,2019,550,100,75,50,0,0,0,1,1,1
10322,2020,530,90,75,50,0,0,0,1,1,1
10322,2021,540,105,75,50,0,0,0,1,1,1
10322,2022,560,110,75,50,0,0,0,1,1,1
10322,2023,505,40,10,25,0,0,0,1,1,1
11941,2012,0,0,0,0,0,0,0,2a,3g,0
11941,2013,0,0,0,0,0,0,0,2a,3g,0
11941,2014,0,0,0,0,0,0,0,2a,3g,0
11941,2015,0,0,0,0,0,0,0,2a,3g,0
11941,2016,0,0,0,0,0,0,0,2a,3g,0
11941,2017,0,0,0,0,0,0,0,2a,3g,0
11941,2018,0,0,0,0,0,0,0,2a,3g,0
11941,2019,0,0,0,0,0,0,0,2a,3g,0
11941,2020,0,0,0,0,0,0,0,2a,3g,0
11941,2021,0,0,0,0,0,0,0,2a,3g,0
11941,2022,0,0,0,0,0,0,0,2a,3g,0
11941,2023,0,0,0,0,0,0,0,2a,3g,0
11942,2012,0,0,0,0,0,0,0,2e,2e,0
11942,2013,0,0,0,0,0,0,0,2e,2e,0
11942,2014,0,0,0,0,0,0,0,2e,2e,0
11942,2015,0,0,0,0,0,0,0,2e,2e,0
11942,2016,0,0,0,0,0,0,0,2e,2e,0
11942,2017,0,0,0,0,0,0,0,2e,2e,0
11942,2018,0,0,0,0,0,0,0,2e,2e,0
11942,2019,0,0,0,0,0,0,0,2e,2e,0
11942,2020,0,0,0,0,0,0,0,2e,2e,0
11942,2021,0,0,0,0,0,0,0,2e,2e,0
11942,2022,0,0,0,0,0,0,0,2e,2e,0
11942,2023,0,0,0,0,0,0,0,2e,2e,0
10323,2012,0,0,0,0,8,2,0,1,1,0
10323,2013,0,0,1,2,2,1,0,1,1,0
10323,2014,0,0,1,1,1,0,100,1,1,0
10323,2015,0,0,0,0,0,0,100,1,1,0
10323,2016,0,0,247,253,0,0,0,1,1,0
10323,2017,0,0,101,104,0,0,0,1,1,0
10323,2018,0,0,101,104,0,0,0,2c,3a,0
10323,2019,0,0,101,104,0,0,0,2c,3a,0
10323,2020,0,0,101,104,0,0,0,2c,3a,0
10323,2021,0,0,101,104,0,0,0,2c,3a,0
10323,2022,0,0,101,104,0,0,0,2c,3a,0
10323,2023,0,0,101,104,0,0,0,2c,3a,0
10324,2012,83,12,21,15,9,5,0,1,1,1
10324,2013,0,0,0,0,0,0,0,1,1,0
10324,2014,0,0,0,0,0,0,0,1,1,0
10324,2015,0,0,0,0,0,0,0,1,1,0
10324,2016,0,0,0,0,0,0,0,1,1,0
10324,2017,0,0,0,0,0,0,0,1,1,0
10324,2018,0,0,0,0,0,0,0,1,1,0
10324,2019,0,0,0,0,0,0,0,1,1,0
10324,2020,0,0,0,0,0,0,0,1,1,0
10324,2021,0,0,0,0,0,0,0,1,1,0
10324,2022,0,0,0,0,0,0,0,1,1,0
10324,2023,0,0,0,0,0,0,0,2c,2c,0
10325,2012,0,0,297,303,0,0,0,1,1,0
10325,2013,0,0,0,0,0,0,0,2a,2a,0
10325,2014,0,0,0,0,0,0,0,2a,2a,0
10325,2015,0,0,0,0,0,0,0,2a,2a,0
10325,2016,0,0,0,0,0,0,0,2a,2a,0
10325,2017,0,0,0,0,0,0,0,2a,2a,0
10325,2018,0,0,0,0,0,0,0,2a,2a,0
10325,2019,0,0,0,0,0,0,0,2a,2a,0
10325,2020,0,0,0,0,0,0,0,2a,2a,0
10325,2021,0,0,0,0,0,0,0,2a,2a,0
10325,2022,0,0,0,0,0,0,0,2a,2a,0
10325,2023,0,0,0,0,0,0,0,2a,2a,0
10326,2012,238,33,90,64,38,23,0,3a,3a,1
10326,2013,238,33,90,64,38,23,0,3a,3a,1
10326,2014,238,33,90,64,38,23,0,3a,3a,1
10326,2015,238,33,90,64,38,23,0,3a,3a,1
10326,2016,238,33,90,64,38,23,0,1,1,1
10326,2017,240,33,75,54,31,20,0,1,1,1
10326,2018,234,32,84,60,35,21,0,1,1,1
10326,2019,105,15,25,18,10,7,0,1,1,1
10326,2020,138,23,40,29,17,11,0,1,1,1
10326,2021,170,30,54,39,23,14,0,1,1,1
10326,2022,195,35,68,48,28,18,0,1,1,1
10326,2023,220,35,48,34,20,13,0,1,1,1
10327,2012,1370,200,240,315,195,0,0,1,1,1
10327,2013,1370,200,240,315,195,0,0,1,1,1
10327,2014,1370,200,240,315,195,0,0,1,1,1
10327,2015,1370,200,240,315,195,0,0,1,1,1
10327,2016,902,111,621,552,207,0,0,1,1,1
10327,2017,1109,148,510,420,294,0,0,1,1,1
10327,2018,1280,160,450,380,285,0,0,1,1,1
10327,2019,1196,228,450,380,285,0,0,1,1,1
10327,2020,1190,220,450,380,285,0,0,1,1,1
10327,2021,1000,100,675,225,0,0,0,1,1,1
10327,2022,1000,100,675,225,0,0,0,1,1,1
10327,2023,1000,100,675,225,0,0,0,1,1,1
10328,2012,200,20,20,20,20,20,0,1,1,1
10328,2013,571,67,80,80,60,65,0,1,1,1
10328,2014,571,67,80,80,60,65,0,1,1,1
10328,2015,571,67,80,80,60,65,0,1,1,1
10328,2016,571,67,80,80,60,65,0,3a,3a,1
10328,2017,571,67,80,80,60,65,0,3a,3a,1
10328,2018,0,0,0,0,0,0,0,2e,2e,0
10328,2019,0,0,0,0,0,0,0,2e,2e,0
10328,2020,0,0,0,0,0,0,0,2e,2e,0
10328,2021,571,67,80,80,60,65,0,3a,3a,1
10328,2022,571,67,80,80,60,65,0,3a,3a,1
10328,2023,571,67,80,80,60,65,0,3a,3a,1
10329,2012,6950,1019,2598,2563,2550,0,0,1,1,1
10329,2013,6455,1019,2171,2990,2465,0,0,1,1,1
10329,2014,6908,844,3250,2319,986,867,0,1,1,1
10329,2015,6908,844,3250,2319,986,867,0,1,1,1
10329,2016,6900,850,3220,2302,995,856,0,1,1,1
10329,2017,5900,860,3020,2202,985,886,0,1,1,1
10329,2018,6837,1004,3708,1829,0,0,0,1,1,1
10329,2019,6087,975,2379,1620,0,0,0,1,1,1
10329,2020,6185,295,2450,1850,0,0,0,1,1,1
10329,2021,6085,300,2430,1725,0,0,0,1,1,1
10329,2022,6185,375,2570,1695,0,0,0,1,1,1
10329,2023,5278,895,1294,1501,1591,1725,0,1,1,1
10330,2012,241,34,94,67,39,25,0,3a,3a,1
10330,2013,241,34,94,67,39,25,0,3a,3a,1
10330,2014,241,34,94,67,39,25,0,3a,3a,1
10330,2015,241,34,94,67,39,25,0,3a,3a,1
10330,2016,241,34,94,67,39,25,0,1,1,1
10330,2017,250,35,94,67,39,25,0,1,1,1
10330,2018,255,35,94,67,39,25,0,1,1,1
10330,2019,0,0,79,73,33,13,0,1,1,0
10330,2020,0,0,79,73,33,13,0,2a,3a,0
10330,2021,0,0,79,73,33,13,0,2a,3a,0
10330,2022,0,0,79,73,33,13,0,2a,3a,0
10330,2023,0,0,0,0,0,0,0,1,1,0
11943,2012,0,0,0,0,0,0,0,2a,2e,0
11943,2013,0,0,0,0,0,0,0,2a,2e,0
11943,2014,0,0,0,0,0,0,0,2a,2e,0
11943,2015,0,0,0,0,0,0,0,2a,2e,0
11943,2016,0,0,0,0,0,0,0,2a,2e,0
11943,2017,0,0,0,0,0,0,0,2a,2e,0
11943,2018,0,0,0,0,0,0,0,2a,2e,0
11943,2019,0,0,0,0,0,0,0,2a,2e,0
11943,2020,0,0,0,0,0,0,0,2a,2e,0
11943,2021,0,0,0,0,0,0,0,2a,2e,0
11943,2022,0,0,0,0,0,0,0,2a,2e,0
11943,2023,0,0,0,0,0,0,0,2a,2e,0
10331,2012,3338,151,926,585,0,0,0,1,1,1
10331,2013,3342,498,945,672,0,0,0,1,1,1
10331,2014,3352,492,935,742,0,0,0,1,1,1
10331,2015,3342,510,925,752,0,0,0,1,1,1
10331,2016,3339,519,918,745,0,0,0,1,1,1
10331,2017,3346,528,929,752,0,0,0,1,1,1
10331,2018,3326,522,922,759,0,0,0,1,1,1
10331,2019,3337,521,938,896,0,0,0,1,1,1
10331,2020,3342,523,346,902,0,0,0,1,1,1
10331,2021,3352,543,639,910,0,0,0,1,1,1
10331,2022,3342,523,346,902,0,0,0,1,1,1
10331,2023,3340,520,350,900,0,0,0,1,1,1
10332,2012,900,130,550,250,160,160,0,1,1,1
10332,2013,900,130,550,250,160,160,0,1,1,1
10332,2014,900,130,550,250,160,160,0,1,1,1
10332,2015,900,130,550,250,160,160,0,1,1,1
10332,2016,900,130,550,250,150,150,0,1,1,1
10332,2017,950,150,550,250,150,150,0,1,1,1
10332,2018,925,130,550,250,150,150,0,1,1,1
10332,2019,0,0,550,400,0,0,0,1,1,0
10332,2020,0,0,500,500,400,0,0,1,1,0
10332,2021,0,0,500,500,400,0,0,1,1,0
10332,2022,0,0,450,500,0,0,0,1,1,0
10332,2023,0,0,425,450,0,0,0,1,1,0
11944,2012,0,0,0,0,0,0,0,3g,3g,0
11944,2013,0,0,0,0,0,0,0,3g,3g,0
11944,2014,0,0,0,0,0,0,0,3g,3g,0
11944,2015,0,0,0,0,0,0,0,3g,3g,0
11944,2016,0,0,0,0,0,0,0,3g,3g,0
11944,2017,0,0,0,0,0,0,0,3g,3g,0
11944,2018,0,0,0,0,0,0,0,3g,3g,0
11944,2019,0,0,0,0,0,0,0,3g,3g,0
11944,2020,0,0,0,0,0,0,0,3g,3g,0
11944,2021,0,0,0,0,0,0,0,3g,3g,0
11944,2022,0,0,0,0,0,0,0,3g,3g,0
11944,2023,0,0,0,0,0,0,0,3g,3g,0
10333,2012,320,65,120,100,100,75,0,1,1,1
10333,2013,350,65,120,100,75,100,0,1,1,1
10333,2014,350,65,120,100,75,100,0,1,1,1
10333,2015,375,100,120,150,125,80,0,1,1,1
10333,2016,375,100,120,150,125,80,0,1,1,1
10333,2017,430,60,125,125,110,100,0,1,1,1
10333,2018,430,60,125,125,110,100,0,1,1,1
10333,2019,430,60,125,125,110,100,0,1,1,1
10333,2020,430,60,125,125,110,100,0,1,1,1
10333,2021,400,75,115,115,100,90,0,1,1,1
10333,2022,400,75,115,115,100,90,0,1,1,1
10333,2023,325,60,120,75,50,45,0,1,1,1
11684,2019,0,0,205,210,385,0,0,2c,3a,0
11684,2020,0,0,205,210,385,0,0,1,1,0
11684,2021,0,0,160,0,0,0,0,1,1,0
11684,2022,0,0,160,0,0,0,0,1,1,0
11684,2023,0,0,160,0,0,0,0,1,1,0
10334,2012,1540,200,790,422,0,200,0,1,1,1
10334,2013,1540,200,790,422,0,200,0,1,1,1
10334,2014,2300,250,900,0,0,500,0,1,1,1
10334,2015,2300,250,900,0,0,500,0,1,1,1
10334,2016,2300,250,900,0,0,500,0,1,1,1
10334,2017,2300,250,900,0,0,500,0,1,1,1
10334,2018,2300,250,900,0,0,500,0,1,1,1
10334,2019,2320,263,1705,1705,0,500,0,1,1,1
10334,2020,2320,263,1705,1705,0,500,0,1,1,1
10334,2021,2320,263,1705,1705,0,500,0,1,1,1
10334,2022,2200,200,1705,1705,0,500,0,1,1,1
10334,2023,2500,300,0,300,450,525,0,1,1,1
10335,2012,2165,284,391,0,0,44,0,1,1,1
10335,2013,2170,290,390,0,0,40,0,1,1,1
10335,2014,2000,280,380,0,0,45,0,1,1,1
10335,2015,1489,186,324,0,0,36,0,1,1,1
10335,2016,1655,222,204,0,0,28,0,1,1,1
10335,2017,1987,304,221,0,0,20,0,1,1,1
10335,2018,1852,243,219,0,0,0,0,1,1,1
10335,2019,1841,233,221,0,0,0,0,1,1,1
10335,2020,1760,160,243,0,0,0,0,1,1,1
10335,2021,1751,162,225,0,0,0,0,1,1,1
10335,2022,1756,168,229,0,0,0,0,1,1,1
10335,2023,1759,171,235,0,0,0,0,1,1,1
10336,2012,786,73,436,232,81,143,0,1,1,1
10336,2013,747,101,369,223,76,107,0,1,1,1
10336,2014,726,83,412,183,74,91,0,1,1,1
10336,2015,726,83,412,183,74,91,0,3a,3a,1
10336,2016,0,0,1200,100,100,0,10,2a,3a,0
10336,2017,0,0,1200,100,100,0,10,2a,3a,0
10336,2018,0,0,1200,100,100,0,10,2a,3f,0
10336,2019,0,0,0,0,0,0,0,2a,2a,0
10336,2020,0,0,0,0,0,0,0,2a,2a,0
10336,2021,0,0,0,0,0,0,0,2a,2a,0
10336,2022,0,0,0,0,0,0,0,2a,2a,0
10336,2023,0,0,0,0,0,0,0,2a,2a,0
10337,2012,0,0,0,0,0,0,0,1,1,0
10337,2013,0,0,0,0,0,0,0,2b,2b,0
10337,2014,0,0,0,0,0,0,0,2b,2b,0
10337,2015,0,0,0,0,0,0,0,2b,2b,0
10337,2016,0,0,0,0,0,0,0,2b,2b,0
10337,2017,0,0,0,0,0,0,0,2b,2b,0
10337,2018,0,0,0,0,0,0,0,2b,2b,0
10337,2019,0,0,0,0,0,0,0,2b,2b,0
10337,2020,0,0,0,0,0,0,0,2b,2b,0
10337,2021,0,0,0,0,0,0,0,2b,2b,0
10337,2022,0,0,0,0,0,0,0,2b,2b,0
10337,2023,0,0,0,0,0,0,0,2b,2b,0
11766,2019,0,0,0,0,0,0,4100,1,1,0
11766,2020,0,0,0,0,0,0,4050,1,1,0
11766,2021,0,0,0,0,0,0,4025,1,1,0
11766,2022,0,0,0,0,0,0,4045,1,1,0
11766,2023,0,0,0,0,0,0,4475,1,1,0
10338,2012,500,50,200,200,75,0,0,1,1,1
10338,2013,0,0,0,10,0,0,0,1,1,0
10338,2014,300,0,300,0,0,0,0,1,1,1
10338,2015,420,0,400,100,0,0,0,1,1,1
10338,2016,420,0,400,100,0,0,0,1,1,1
10338,2017,420,0,0,0,0,0,0,1,1,1
10338,2018,420,0,0,0,0,0,0,1,1,1
10338,2019,570,0,450,0,0,0,0,1,1,1
10338,2020,570,0,1000,0,0,0,0,1,1,1
10338,2021,570,0,1000,0,0,0,0,1,1,1
10338,2022,570,0,1000,0,0,0,0,1,1,1
10338,2023,570,0,1000,0,0,0,0,1,1,1
10339,2012,0,0,49,51,0,0,300,2c,3a,0
10339,2013,0,0,49,51,0,0,300,2c,3a,0
10339,2014,0,0,49,51,0,0,300,2c,3a,0
10339,2015,0,0,49,51,0,0,300,2c,3a,0
10339,2016,0,0,49,51,0,0,300,2c,3a,0
10339,2017,0,0,49,51,0,0,300,2c,3a,0
10339,2018,0,0,49,51,0,0,300,2c,3a,0
10339,2019,0,0,49,51,0,0,300,1,1,0
10339,2020,0,0,0,0,0,0,300,2a,3a,0
10339,2021,0,0,0,0,0,0,0,2a,2a,0
10339,2022,0,0,0,0,0,0,0,2a,2a,0
10339,2023,0,0,0,0,0,0,0,2a,2a,0
10340,2012,3550,540,1472,1134,585,0,0,1,1,1
10340,2013,3562,559,1469,1150,393,187,0,1,1,1
10340,2014,3558,563,1476,1142,389,185,0,1,1,1
10340,2015,3550,571,1468,1137,392,187,0,1,1,1
10340,2016,3888,602,1482,1134,367,174,0,1,1,1
10340,2017,3960,645,1490,1127,361,172,0,1,1,1
10340,2018,3981,658,1502,1136,372,177,0,1,1,1
10340,2019,3990,663,1510,1129,367,175,0,1,1,1
10340,2020,4019,693,1555,1141,379,180,0,1,1,1
10340,2021,4030,710,1620,1156,416,198,0,1,1,1
10340,2022,4101,406,1592,1213,429,204,0,1,1,1
10340,2023,3981,392,1577,1205,419,200,0,1,1,1
10341,2012,710,140,12,8,34,16,0,1,1,1
10341,2013,705,148,17,13,10,5,0,1,1,1
10341,2014,710,60,0,0,20,10,0,1,1,1
10341,2015,700,75,0,0,24,11,0,1,1,1
10341,2016,700,75,0,0,27,13,4,1,1,1
10341,2017,550,180,0,0,27,13,0,1,1,1
10341,2018,550,180,0,0,27,13,0,1,1,1
10341,2019,550,180,0,0,27,13,0,1,1,1
10341,2020,550,180,0,0,27,13,0,1,1,1
10341,2021,550,180,0,0,27,13,0,1,1,1
10341,2022,550,180,0,0,34,16,0,1,1,1
10341,2023,400,0,0,0,0,0,0,1,1,1
11868,2012,0,65,715,800,727,285,576,2c,3a,0
11868,2013,0,65,715,800,727,285,576,2c,3a,0
11868,2014,0,65,715,800,727,285,576,1,1,0
11868,2015,0,62,673,753,684,268,541,1,1,0
11868,2016,0,62,673,753,684,268,541,1,1,0
11868,2017,0,63,686,768,698,274,553,2c,3a,0
11868,2018,0,64,699,783,711,279,564,1,1,0
11868,2019,0,72,788,882,801,314,635,1,1,0
11868,2020,0,66,716,802,728,285,578,1,1,0
11868,2021,0,59,643,719,653,256,518,1,1,0
11868,2022,0,55,601,673,611,240,485,1,1,0
11868,2023,0,66,722,808,734,288,582,1,1,0
11945,2012,0,0,0,0,0,0,0,2a,2e,0
11945,2013,0,0,0,0,0,0,0,2a,2e,0
11945,2014,0,0,0,0,0,0,0,2a,2e,0
11945,2015,0,0,0,0,0,0,0,2a,2e,0
11945,2016,0,0,0,0,0,0,0,2a,2e,0
11945,2017,0,0,0,0,0,0,0,2a,2e,0
11945,2018,0,0,0,0,0,0,0,2a,2e,0
11945,2019,0,0,0,0,0,0,0,2a,2e,0
11945,2020,0,0,0,0,0,0,0,2a,2e,0
11945,2021,0,0,0,0,0,0,0,2a,2e,0
11945,2022,0,0,0,0,0,0,0,2a,2e,0
11945,2023,0,0,0,0,0,0,0,2a,2e,0
10342,2012,1672,339,172,605,1182,828,0,1,1,1
10342,2013,1896,377,1429,1272,526,548,0,1,1,1
10342,2014,1830,380,760,925,495,487,0,1,1,1
10342,2015,1881,438,709,886,398,398,0,1,1,1
10342,2016,1895,440,710,880,390,390,0,1,1,1
10342,2017,1890,440,700,875,400,400,0,1,1,1
10342,2018,1850,400,700,875,400,400,0,1,1,1
10342,2019,1835,400,700,850,400,400,0,1,1,1
10342,2020,1822,400,700,850,400,400,0,1,1,1
10342,2021,1816,390,700,825,400,400,0,1,1,1
10342,2022,1800,350,700,825,400,400,0,1,1,1
10342,2023,1800,350,700,825,400,400,0,1,1,1
10343,2012,280,35,15,40,30,0,0,1,1,1
10343,2013,0,0,0,0,0,0,0,1,1,0
10343,2014,0,0,0,0,0,0,0,1,1,0
10343,2015,0,0,0,0,0,0,0,1,1,0
10343,2016,0,0,0,0,0,0,0,1,1,0
10343,2017,0,0,0,0,0,0,0,2a,2a,0
10343,2018,0,0,0,0,0,0,0,2a,2a,0
10343,2019,0,0,0,0,0,0,0,2a,2a,0
10343,2020,0,0,0,0,0,0,0,2a,2a,0
10343,2021,0,0,0,0,0,0,0,2a,2a,0
10343,2022,0,0,0,0,0,0,0,2a,2a,0
10343,2023,0,0,0,0,0,0,0,2a,2a,0
10344,2012,1750,175,0,0,180,450,0,1,1,1
10344,2013,1742,180,0,0,176,455,0,1,1,1
10344,2014,1745,195,0,0,170,460,0,1,1,1
10344,2015,1760,145,0,0,165,470,0,1,1,1
10344,2016,1800,157,0,0,181,500,0,1,1,1
10344,2017,1785,152,0,0,190,780,0,1,1,1
10344,2018,1780,150,0,0,190,750,0,1,1,1
10344,2019,1780,150,0,0,0,0,0,1,1,1
10344,2020,1800,150,425,425,0,0,0,1,1,1
10344,2021,1785,140,400,415,0,0,0,1,1,1
10344,2022,1772,159,380,404,0,0,0,1,1,1
10344,2023,1768,161,391,410,0,0,0,1,1,1
10345,2012,250,50,100,80,50,50,0,1,1,1
10345,2013,300,50,70,40,70,70,0,1,1,1
10345,2014,0,200,200,100,0,0,0,1,1,0
10345,2015,0,100,200,200,0,0,0,1,1,0
10345,2016,0,0,200,200,0,0,0,1,1,0
10345,2017,0,0,200,200,0,0,0,1,1,0
10345,2018,0,0,200,200,0,0,0,1,1,0
10345,2019,0,0,200,200,0,0,0,1,1,0
10345,2020,0,0,200,200,0,0,0,1,1,0
10345,2021,0,0,200,200,0,0,0,1,1,0
10345,2022,0,0,100,100,0,0,0,1,1,0
10345,2023,0,0,100,100,0,0,0,1,1,0
10346,2012,760,100,25,0,0,0,0,1,1,1
10346,2013,760,100,25,0,0,0,0,1,1,1
10346,2014,760,100,25,0,0,0,0,1,1,1
10346,2015,760,100,25,0,0,0,0,1,1,1
10346,2016,760,100,25,0,0,0,0,1,1,1
10346,2017,760,100,25,0,0,0,0,1,1,1
10346,2018,760,100,25,0,0,0,0,1,1,1
10346,2019,760,100,175,250,100,0,0,1,1,1
10346,2020,760,100,175,250,100,0,0,1,1,1
10346,2021,760,100,175,250,100,0,0,1,1,1
10346,2022,760,100,175,250,100,0,0,1,1,1
10346,2023,760,100,175,250,100,0,0,1,1,1
10347,2012,2229,325,1114,865,486,531,0,1,1,1
10347,2013,2378,288,919,1025,492,530,0,1,1,1
10347,2014,2425,327,822,991,536,528,0,1,1,1
10347,2015,2377,299,835,987,514,539,0,1,1,1
10347,2016,2377,299,835,987,514,539,0,1,1,1
10347,2017,2392,271,792,978,499,550,0,1,1,1
10347,2018,2420,323,819,890,461,580,0,1,1,1
10347,2019,2497,342,884,912,500,580,0,1,1,1
10347,2020,2497,342,884,912,500,580,0,1,1,1
10347,2021,2497,342,884,912,500,580,0,1,1,1
10347,2022,2497,342,884,912,500,580,0,1,1,1
10347,2023,2520,342,884,912,500,580,0,1,1,1
10348,2012,1003,196,450,280,217,0,0,1,1,1
10348,2013,1000,185,440,280,200,0,0,1,1,1
10348,2014,1020,190,435,285,205,0,0,1,1,1
10348,2015,1050,200,425,275,220,0,0,1,1,1
10348,2016,1098,198,500,333,221,0,0,1,1,1
10348,2017,1106,182,512,322,234,0,0,1,1,1
10348,2018,1099,180,514,327,238,0,0,1,1,1
10348,2019,1075,174,511,332,240,0,0,1,1,1
10348,2020,1077,175,507,341,243,0,0,1,1,1
10348,2021,1087,180,510,351,238,0,0,1,1,1
10348,2022,1104,166,531,370,216,0,0,1,1,1
10348,2023,1124,176,516,390,209,0,0,1,1,1
10349,2012,792,0,0,0,0,0,0,3a,2c,1
10349,2013,792,0,0,0,0,0,0,1,1,1
10349,2014,785,150,0,0,0,0,0,1,1,1
10349,2015,781,155,0,0,0,0,0,1,1,1
10349,2016,0,0,0,0,0,0,0,1,1,0
10349,2017,0,0,291,0,0,0,0,1,1,0
10349,2018,0,0,1394,0,0,0,0,1,1,0
10349,2019,0,0,1082,0,0,0,0,1,1,0
10349,2020,0,0,1170,0,0,0,0,1,1,0
10349,2021,0,0,1218,0,0,0,0,1,1,0
10349,2022,0,0,1170,0,0,0,0,1,1,0
10349,2023,0,0,1159,0,0,0,0,1,1,0
10350,2012,1500,225,820,620,320,0,0,1,1,1
10350,2013,1531,247,837,633,327,0,0,1,1,1
10350,2014,1531,247,837,633,327,0,0,1,1,1
10350,2015,1525,260,960,525,310,0,0,1,1,1
10350,2016,1551,269,714,485,263,238,0,1,1,1
10350,2017,1527,233,682,483,264,241,0,1,1,1
10350,2018,1552,239,674,496,268,234,0,1,1,1
10350,2019,1543,244,664,509,262,256,0,1,1,1
10350,2020,1535,263,663,511,268,273,0,1,1,1
10350,2021,1540,266,677,507,280,268,0,1,1,1
10350,2022,1525,297,682,536,292,238,0,1,1,1
10350,2023,1560,282,633,589,307,250,0,1,1,1
10351,2012,500,68,93,68,0,0,0,1,1,1
10351,2013,479,300,58,42,0,0,0,1,1,1
10351,2014,294,217,0,0,0,0,0,1,1,1
10351,2015,221,437,30,22,0,0,0,1,1,1
10351,2016,286,454,39,28,0,0,0,3a,3a,1
10351,2017,350,470,47,34,0,0,0,1,1,1
10351,2018,307,150,35,25,0,0,0,1,1,1
10351,2019,360,140,46,34,0,0,0,1,1,1
10351,2020,370,260,0,0,0,0,0,1,1,1
10351,2021,340,164,8,6,5,3,0,3a,3a,1
10351,2022,310,67,15,11,10,5,0,1,1,1
10351,2023,300,50,29,21,14,6,0,1,1,1
10352,2012,1350,200,600,600,300,250,0,1,1,1
10352,2013,1350,200,600,600,300,250,0,1,1,1
10352,2014,1325,188,589,600,295,195,0,3a,3a,1
10352,2015,1300,175,578,600,289,140,0,1,1,1
10352,2016,1594,116,517,599,285,175,0,1,1,1
10352,2017,1587,125,528,602,299,166,0,1,1,1
10352,2018,1575,145,524,580,295,172,0,1,1,1
10352,2019,1578,144,547,576,309,179,0,1,1,1
10352,2020,1578,151,560,560,399,185,0,1,1,1
10352,2021,1554,156,570,529,380,182,0,1,1,1
10352,2022,1541,170,585,508,390,151,0,1,1,1
10352,2023,1542,170,585,508,390,151,0,1,1,1
10353,2012,2378,372,764,698,178,178,0,1,1,1
10353,2013,2381,371,766,699,162,173,0,1,1,1
10353,2014,2368,367,770,697,352,166,0,1,1,1
10353,2015,2378,366,765,698,341,339,0,1,1,1
10353,2016,2382,372,772,692,341,338,0,1,1,1
10353,2017,2368,371,763,693,344,338,0,1,1,1
10353,2018,2379,374,763,698,343,348,0,1,1,1
10353,2019,2368,370,763,690,330,335,0,1,1,1
10353,2020,2379,377,757,706,327,341,0,1,1,1
10353,2021,2373,364,707,699,338,325,0,1,1,1
10353,2022,2387,375,761,693,336,340,0,1,1,1
10353,2023,2388,381,758,691,349,345,0,1,1,1
10354,2012,520,6,0,0,0,0,0,1,1,1
10354,2013,436,12,0,0,0,0,0,1,1,1
10354,2014,500,55,0,0,0,0,0,1,1,1
10354,2015,453,31,0,0,0,0,0,1,1,1
10354,2016,530,25,0,0,0,0,0,1,1,1
10354,2017,519,102,0,0,0,0,0,1,1,1
10354,2018,500,55,0,0,0,0,0,1,1,1
10354,2019,477,38,0,0,0,0,0,1,1,1
10354,2020,0,0,0,0,0,0,0,2a,2a,0
10354,2021,0,0,0,0,0,0,0,2a,2a,0
10354,2022,0,0,0,0,0,0,0,2a,2a,0
10354,2023,0,0,0,0,0,0,0,2a,2a,0
10355,2012,1101,233,772,571,883,420,0,1,1,1
10355,2013,1260,230,234,173,0,0,0,1,1,1
10355,2014,1248,246,1240,916,0,0,263,1,1,1
10355,2015,1363,197,1208,893,1033,492,0,1,1,1
10355,2016,1328,256,684,506,991,472,0,1,1,1
10355,2017,1334,254,1012,747,1230,585,484,1,1,1
10355,2018,1436,209,2115,1562,0,0,0,1,1,1
10355,2019,1151,208,2211,1634,0,0,27,1,1,1
10355,2020,1177,230,1461,1080,0,0,607,1,1,1
10355,2021,225,45,0,0,0,0,0,1,1,1
10355,2022,0,0,0,0,0,0,0,2a,2a,0
10355,2023,0,0,0,0,0,0,0,2a,2a,0
11946,2012,0,0,0,0,0,0,0,2a,3g,0
11946,2013,0,0,0,0,0,0,0,2a,3g,0
11946,2014,0,0,0,0,0,0,0,2a,3g,0
11946,2015,0,0,0,0,0,0,0,2a,3g,0
11946,2016,0,0,0,0,0,0,0,2a,3g,0
11946,2017,0,0,0,0,0,0,0,2a,2e,0
11946,2018,0,0,0,0,0,0,0,2a,2e,0
11946,2019,0,0,0,0,0,0,0,2a,2e,0
11946,2020,0,0,0,0,0,0,0,2a,2e,0
11946,2021,0,0,0,0,0,0,0,2a,2e,0
11946,2022,0,0,0,0,0,0,0,2a,2e,0
11946,2023,0,0,0,0,0,0,0,2a,2e,0
10356,2012,655,320,230,170,0,0,0,1,1,1
10356,2013,0,0,445,455,0,0,0,1,1,0
10356,2014,0,0,667,683,0,0,0,1,1,0
10356,2015,0,0,667,683,0,0,0,1,1,0
10356,2016,0,0,660,675,0,0,0,1,1,0
10356,2017,0,0,660,675,0,0,0,1,1,0
10356,2018,0,0,660,675,0,0,0,1,1,0
10356,2019,0,0,660,675,0,0,0,1,1,0
10356,2020,0,0,654,669,0,0,0,2c,3a,0
10356,2021,0,0,649,663,0,0,0,2c,3a,0
10356,2022,0,0,643,657,0,0,0,1,1,0
10356,2023,0,0,643,657,0,0,1129,1,1,0
10357,2012,520,68,28,43,42,51,0,1,1,1
10357,2013,485,65,200,120,100,60,0,1,1,1
10357,2014,491,68,195,118,105,63,0,1,1,1
10357,2015,505,75,200,120,110,63,0,1,1,1
10357,2016,523,68,196,135,103,58,0,1,1,1
10357,2017,450,55,179,80,80,55,0,1,1,1
10357,2018,433,53,155,74,61,52,0,1,1,1
10357,2019,420,50,150,65,55,0,0,1,1,1
10357,2020,404,48,148,68,52,48,0,1,1,1
10357,2021,390,52,0,68,0,48,0,1,1,1
10357,2022,375,50,0,70,0,46,0,1,1,1
10357,2023,312,42,12,13,135,40,0,1,1,1
10358,2012,382,53,188,134,79,49,0,1,1,1
10358,2013,373,52,188,134,79,49,0,1,1,1
10358,2014,395,55,188,134,79,49,0,1,1,1
10358,2015,334,46,125,90,52,33,0,1,1,1
10358,2016,439,61,230,164,96,60,0,1,1,1
10358,2017,465,65,230,164,96,60,0,1,1,1
10358,2018,421,59,209,149,87,55,0,1,1,1
10358,2019,465,65,221,158,93,58,0,1,1,1
10358,2020,439,61,205,146,86,54,0,1,1,1
10358,2021,439,61,188,134,79,49,0,1,1,1
10358,2022,439,61,188,135,79,49,0,1,1,1
10358,2023,421,59,129,96,146,69,0,1,1,1
10359,2012,380,52,0,0,0,0,0,1,1,1
10359,2013,360,0,69,51,0,0,0,1,1,1
10359,2014,370,0,45,33,0,0,0,1,1,1
10359,2015,330,0,46,34,0,0,0,1,1,1
10359,2016,370,0,12,8,0,0,0,1,1,1
10359,2017,365,0,17,13,0,0,0,1,1,1
10359,2018,380,0,2,2,0,0,0,1,1,1
10359,2019,350,0,12,8,0,0,0,1,1,1
10359,2020,275,0,14,11,0,0,0,1,1,1
10359,2021,290,0,17,13,0,0,0,1,1,1
10359,2022,250,0,9,6,0,0,0,1,1,1
10359,2023,250,0,9,6,0,0,0,3a,3a,1
11947,2012,0,0,0,0,0,0,0,3g,3g,0
11947,2013,0,0,0,0,0,0,0,3g,3g,0
11947,2014,0,0,0,0,0,0,0,3g,3g,0
11947,2015,0,0,0,0,0,0,0,3g,3g,0
11947,2016,0,0,0,0,0,0,0,3g,3g,0
11947,2017,0,0,0,0,0,0,0,3g,3g,0
11947,2018,0,0,0,0,0,0,0,3g,3g,0
11947,2019,0,0,0,0,0,0,0,3g,3g,0
11947,2020,0,0,0,0,0,0,0,3g,3g,0
11947,2021,0,0,0,0,0,0,0,3g,3g,0
11947,2022,0,0,0,0,0,0,0,3g,3g,0
11947,2023,0,0,0,0,0,0,0,3g,3g,0
10360,2012,625,92,22,0,140,140,0,1,1,1
10360,2013,633,98,25,0,179,85,0,1,1,1
10360,2014,630,100,27,0,180,85,0,1,1,1
10360,2015,625,95,25,0,176,84,0,1,1,1
10360,2016,0,0,0,0,0,0,0,1,1,0
10360,2017,0,0,390,350,209,47,0,1,1,0
10360,2018,0,0,401,366,220,49,0,1,1,0
10360,2019,257,18,35,0,0,0,0,1,1,1
10360,2020,249,16,31,0,0,0,0,1,1,1
10360,2021,239,20,35,0,0,0,0,1,1,1
10360,2022,231,26,46,0,0,0,0,1,1,1
10360,2023,234,29,44,0,0,0,0,1,1,1
11794,2019,0,0,0,0,0,0,105472,1,1,0
11794,2020,0,0,0,0,0,0,98000,1,1,0
11794,2021,0,0,0,0,0,0,118474,1,1,0
11794,2022,0,0,0,0,0,0,106876,1,1,0
11794,2023,0,0,0,0,0,0,102314,1,1,0
10361,2012,700,140,0,0,0,0,0,1,1,1
10361,2013,740,100,0,0,0,0,0,1,1,1
10361,2014,740,100,0,0,0,0,0,1,1,1
10361,2015,740,100,0,0,0,0,0,1,1,1
10361,2016,720,100,0,0,0,0,0,1,1,1
10361,2017,625,85,0,0,0,0,0,1,1,1
10361,2018,0,0,0,0,0,0,0,2a,2e,0
10361,2019,0,0,0,0,0,0,0,2a,2e,0
10361,2020,0,0,0,0,0,0,0,2a,2e,0
10361,2021,0,0,0,0,0,0,0,2a,2e,0
10361,2022,0,0,0,0,0,0,0,2a,2e,0
10361,2023,0,0,0,0,0,0,0,2a,2e,0
10362,2012,1014,150,22,95,147,63,0,1,1,1
10362,2013,280,30,250,250,250,0,0,1,1,1
10362,2014,0,0,0,0,0,0,0,2b,2b,0
10362,2015,0,0,0,0,0,0,0,2b,2b,0
10362,2016,0,0,0,0,0,0,0,2b,2b,0
10362,2017,0,0,0,0,0,0,0,2b,2b,0
10362,2018,0,0,0,0,0,0,0,2b,2b,0
10362,2019,0,0,0,0,0,0,0,2b,2b,0
10362,2020,0,0,0,0,0,0,0,2b,2b,0
10362,2021,0,0,0,0,0,0,0,2b,2b,0
10362,2022,0,0,0,0,0,0,0,2b,2b,0
10362,2023,0,0,0,0,0,0,0,2b,2b,0
10363,2012,0,0,0,0,0,0,0,2c,2c,0
10363,2013,0,0,0,0,0,0,0,1,1,0
10363,2014,0,0,0,0,0,0,0,2a,2a,0
10363,2015,0,0,0,0,0,0,0,1,1,0
10363,2016,0,0,0,0,0,0,0,1,1,0
10363,2017,0,0,0,0,0,0,0,2a,2a,0
10363,2018,0,0,0,0,0,0,0,1,1,0
10363,2019,0,0,0,0,0,0,0,2a,2a,0
10363,2020,0,0,0,0,0,0,0,1,1,0
10363,2021,0,0,0,0,0,0,0,1,1,0
10363,2022,0,0,0,0,0,0,0,1,1,0
10363,2023,0,0,0,0,0,0,0,1,1,0
10364,2012,2401,334,220,162,0,0,0,3a,3a,1
10364,2013,2401,334,220,162,0,0,0,1,1,1
10364,2014,2514,350,183,135,0,0,0,1,1,1
10364,2015,3000,417,247,183,0,0,0,1,1,1
10364,2016,2956,411,248,184,0,0,0,1,1,1
10364,2017,3245,451,0,0,0,0,0,1,1,1
10364,2018,2913,405,0,0,0,0,0,1,1,1
10364,2019,1627,226,173,127,0,0,0,1,1,1
10364,2020,1976,275,230,170,0,0,0,1,1,1
10364,2021,1902,264,62,46,0,0,0,1,1,1
10364,2022,0,0,0,0,0,0,0,2e,2e,0
10364,2023,0,0,0,0,0,0,0,1,1,0
10365,2012,299,0,75,75,0,0,0,1,1,1
10365,2013,299,0,75,75,0,0,0,3a,3a,1
10365,2014,0,0,0,0,0,0,0,2a,2e,0
10365,2015,0,0,0,0,0,0,0,2a,2e,0
10365,2016,0,0,0,0,0,0,0,2a,2e,0
10365,2017,0,0,0,0,0,0,0,2a,2e,0
10365,2018,0,0,0,0,0,0,0,2a,2e,0
10365,2019,0,0,0,0,0,0,0,2a,2e,0
10365,2020,0,0,0,0,0,0,0,2a,2e,0
10365,2021,0,0,0,0,0,0,0,2a,2e,0
10365,2022,0,0,0,0,0,0,0,2a,2e,0
10365,2023,0,0,0,0,0,0,0,2a,2e,0
10366,2012,200,30,40,48,48,17,0,1,1,1
10366,2013,200,30,40,48,48,17,0,1,1,1
10366,2014,200,30,40,48,48,17,0,1,1,1
10366,2015,200,30,40,48,48,17,0,1,1,1
10366,2016,200,30,40,48,48,17,0,1,1,1
10366,2017,200,30,40,48,48,17,0,1,1,1
10366,2018,200,30,40,48,48,17,0,3a,3a,1
10366,2019,0,0,0,0,0,0,0,2a,2a,0
10366,2020,0,0,0,0,0,0,0,1,1,0
10366,2021,0,0,0,0,0,0,0,1,1,0
10366,2022,0,0,0,0,0,0,0,1,1,0
10366,2023,0,0,0,0,0,0,0,2c,2c,0
10367,2012,650,120,180,120,105,100,0,1,1,1
10367,2013,650,120,180,120,105,100,0,1,1,1
10367,2014,650,120,180,120,105,100,0,1,1,1
10367,2015,650,120,180,120,105,100,0,1,1,1
10367,2016,650,120,180,120,105,100,0,1,1,1
10367,2017,650,120,180,120,105,100,0,1,1,1
10367,2018,650,120,180,120,105,100,0,1,1,1
10367,2019,650,120,180,120,105,100,0,1,1,1
10367,2020,650,120,180,120,105,100,0,1,1,1
10367,2021,650,120,180,120,105,100,0,1,1,1
10367,2022,325,50,180,120,105,100,0,1,1,1
10367,2023,243,37,135,90,78,75,0,1,1,1
10368,2012,165,30,23,17,102,48,0,1,1,1
10368,2013,150,20,46,34,0,0,0,1,1,1
10368,2014,135,35,46,34,0,0,0,1,1,1
10368,2015,200,80,0,0,0,0,0,1,1,1
10368,2016,160,30,23,17,0,0,0,1,1,1
10368,2017,120,40,29,21,0,0,0,1,1,1
10368,2018,0,0,74,76,16,4,0,1,1,0
10368,2019,0,0,0,0,0,0,0,2a,2a,0
10368,2020,0,0,0,0,0,0,0,2a,2a,0
10368,2021,0,0,0,0,0,0,0,2a,2a,0
10368,2022,0,0,0,0,0,0,0,2a,2a,0
10368,2023,0,0,0,0,0,0,0,2a,2a,0
10369,2012,400,60,12,8,0,0,0,1,1,1
10369,2013,430,60,0,0,0,0,0,1,1,1
10369,2014,430,80,0,0,0,0,0,1,1,1
10369,2015,450,70,12,8,0,0,0,1,1,1
10369,2016,460,80,0,0,0,0,0,1,1,1
10369,2017,490,70,9,6,0,0,0,1,1,1
10369,2018,490,90,0,0,0,0,0,1,1,1
10369,2019,490,100,0,0,0,0,0,1,1,1
10369,2020,490,90,0,0,0,0,0,1,1,1
10369,2021,480,80,0,0,0,0,0,1,1,1
10369,2022,480,80,12,8,0,0,0,1,1,1
10369,2023,500,50,0,0,0,0,0,1,1,1
10370,2012,1045,120,450,360,45,0,0,1,1,1
10370,2013,1035,100,350,0,40,0,0,1,1,1
10370,2014,1055,102,0,340,35,0,0,1,1,1
10370,2015,1030,100,0,300,40,0,0,1,1,1
10370,2016,1038,121,0,263,43,0,0,1,1,1
10370,2017,1036,129,0,281,39,0,0,1,1,1
10370,2018,1023,131,243,0,0,0,0,1,1,1
10370,2019,887,135,0,234,0,0,0,1,1,1
10370,2020,885,148,223,0,0,0,0,1,1,1
10370,2021,891,148,0,229,0,0,0,1,1,1
10370,2022,874,170,0,243,0,0,0,1,1,1
10370,2023,885,195,224,0,0,0,0,1,1,1
10371,2012,939,162,467,282,171,0,0,1,1,1
10371,2013,951,142,462,287,168,0,0,1,1,1
10371,2014,995,144,450,285,165,0,0,1,1,1
10371,2015,1021,151,435,291,178,0,0,1,1,1
10371,2016,1052,161,452,295,183,0,0,1,1,1
10371,2017,1057,159,458,292,185,0,0,1,1,1
10371,2018,1053,160,454,297,175,0,0,1,1,1
10371,2019,1058,162,461,292,185,0,0,1,1,1
10371,2020,1067,165,465,297,187,0,0,1,1,1
10371,2021,1058,163,468,295,182,0,0,1,1,1
10371,2022,1046,163,463,289,173,0,0,1,1,1
10371,2023,1046,163,463,289,173,0,0,1,1,1
10372,2012,1025,185,60,0,0,0,0,3a,3a,1
10372,2013,1025,185,60,0,0,0,0,1,1,1
10372,2014,1023,173,105,146,0,0,0,3a,3a,1
10372,2015,1021,160,150,291,0,0,0,1,1,1
10372,2016,1020,175,360,250,120,100,0,1,1,1
10372,2017,1020,190,380,290,160,0,0,1,1,1
10372,2018,1020,120,350,100,0,0,0,1,1,1
10372,2019,1020,120,350,100,0,0,0,1,1,1
10372,2020,1020,120,350,110,0,0,0,1,1,1
10372,2021,1020,110,300,100,0,0,0,1,1,1
10372,2022,1020,110,300,100,0,0,0,1,1,1
10372,2023,1010,100,300,100,0,0,0,1,1,1
10373,2012,0,0,0,0,0,0,0,1,1,0
10373,2013,0,0,0,0,0,0,0,1,1,0
10373,2014,2750,400,825,670,670,305,0,1,1,1
10373,2015,2750,370,825,670,350,300,0,1,1,1
10373,2016,2884,479,1350,767,475,533,0,1,1,1
10373,2017,2981,463,1043,772,412,380,0,1,1,1
10373,2018,2982,442,1040,790,447,380,0,1,1,1
10373,2019,3031,484,1219,1062,380,380,0,1,1,1
10373,2020,3342,546,897,1340,532,657,0,1,1,1
10373,2021,3669,487,1621,924,539,586,0,1,1,1
10373,2022,3741,800,1530,1072,611,734,0,1,1,1
10373,2023,3854,775,1580,1143,688,780,0,1,1,1
10374,2012,1710,215,335,435,0,0,0,1,1,1
10374,2013,1650,200,315,400,0,0,0,1,1,1
10374,2014,1660,190,300,420,0,0,0,1,1,1
10374,2015,1660,200,278,420,0,0,0,1,1,1
10374,2016,1667,248,497,238,0,0,0,1,1,1
10374,2017,1652,267,508,257,0,0,0,1,1,1
10374,2018,1608,243,502,263,0,0,0,1,1,1
10374,2019,1599,234,536,292,0,0,0,1,1,1
10374,2020,1594,238,511,316,0,0,0,1,1,1
10374,2021,1600,240,507,326,0,0,0,1,1,1
10374,2022,1624,229,533,305,0,0,0,1,1,1
10374,2023,1657,224,506,316,0,0,0,1,1,1
10375,2012,63,12,8,6,12,6,0,1,1,1
10375,2013,68,15,9,7,3,2,0,1,1,1
10375,2014,72,16,8,6,7,3,0,1,1,1
10375,2015,75,8,10,7,5,3,0,1,1,1
10375,2016,70,15,12,8,3,2,0,1,1,1
10375,2017,66,13,10,8,4,2,0,1,1,1
10375,2018,68,15,9,7,7,3,0,1,1,1
10375,2019,66,15,12,8,12,6,0,1,1,1
10375,2020,70,10,12,8,9,4,0,1,1,1
10375,2021,68,15,10,7,7,3,0,1,1,1
10375,2022,65,12,13,9,8,4,0,1,1,1
10375,2023,68,10,14,11,7,3,0,1,1,1
11718,2019,0,0,0,0,750,4750,0,1,1,0
11718,2020,0,0,0,0,750,4750,0,2c,3a,0
11718,2021,0,0,0,0,750,4750,0,1,1,0
11718,2022,0,0,0,0,750,4750,0,1,1,0
11718,2023,0,0,0,0,750,4750,0,1,1,0
10376,2012,814,104,0,0,0,0,0,1,1,1
10376,2013,786,99,22,16,0,0,0,1,1,1
10376,2014,826,146,1,0,0,0,0,1,1,1
10376,2015,850,120,15,11,0,0,0,1,1,1
10376,2016,886,141,14,10,0,0,0,1,1,1
10376,2017,805,219,5,4,0,0,0,1,1,1
10376,2018,978,101,3,2,0,0,0,1,1,1
10376,2019,0,0,0,0,0,0,0,2a,2a,0
10376,2020,0,0,0,0,0,0,0,2a,2a,0
10376,2021,0,0,0,0,0,0,0,2a,2a,0
10376,2022,0,0,0,0,0,0,0,2a,2a,0
10376,2023,0,0,0,0,0,0,0,2a,2a,0
10377,2012,2645,424,892,1137,270,119,0,1,1,1
10377,2013,2780,420,920,1185,275,135,0,1,1,1
10377,2014,2785,415,940,1165,270,130,0,1,1,1
10377,2015,2875,400,950,1200,300,130,0,1,1,1
10377,2016,2925,682,1267,1267,292,438,0,1,1,1
10377,2017,2910,698,1262,1286,281,435,0,1,1,1
10377,2018,3022,390,1511,975,390,438,0,1,1,1
10377,2019,2975,287,1500,966,420,447,0,1,1,1
10377,2020,2981,289,1101,782,336,437,0,1,1,1
10377,2021,2997,296,1096,789,351,427,0,1,1,1
10377,2022,2989,288,1078,798,374,415,0,1,1,1
10377,2023,2953,281,1089,803,386,410,0,1,1,1
10378,2012,1268,127,3,2,3112,1481,0,1,1,1
10378,2013,978,97,29,21,2846,1354,0,1,1,1
10378,2014,1086,165,6,4,1777,845,0,1,1,1
10378,2015,1030,155,42,31,1557,740,0,1,1,1
10378,2016,1016,157,52,38,2374,1129,0,1,1,1
10378,2017,988,198,23,17,2473,1177,0,1,1,1
10378,2018,933,91,98,72,3005,1429,0,1,1,1
10378,2019,849,149,72,53,2975,1416,13,1,1,1
10378,2020,821,105,86,64,2644,1258,13,1,1,1
10378,2021,700,90,0,0,5275,2509,2,1,1,1
10378,2022,0,0,0,0,6354,1426,0,1,1,0
10378,2023,0,0,0,0,3430,770,0,1,1,0
11883,2012,0,76,827,926,841,329,666,2c,3a,0
11883,2013,0,76,827,926,841,329,666,2c,3a,0
11883,2014,0,76,827,926,841,329,666,1,1,0
11883,2015,0,48,527,589,535,210,425,1,1,0
11883,2016,0,48,527,589,535,210,425,1,1,0
11883,2017,0,49,534,598,543,213,431,2c,3a,0
11883,2018,0,50,541,606,550,216,437,1,1,0
11883,2019,0,58,631,706,641,251,508,1,1,0
11883,2020,0,59,640,717,651,255,516,1,1,0
11883,2021,0,49,534,598,543,213,429,1,1,0
11883,2022,0,20,219,245,222,87,177,1,1,0
11883,2023,0,0,0,0,0,0,0,1,1,0
10379,2012,0,0,917,938,0,0,0,1,1,0
10379,2013,0,0,1100,1125,0,0,0,1,1,0
10379,2014,0,0,306,314,0,0,0,1,1,0
10379,2015,0,0,566,579,0,0,0,1,1,0
10379,2016,0,0,777,795,0,0,0,1,1,0
10379,2017,0,0,791,809,0,0,0,1,1,0
10379,2018,0,0,1110,1135,0,0,0,1,1,0
10379,2019,0,0,687,703,0,0,0,1,1,0
10379,2020,0,0,791,809,0,0,0,1,1,0
10379,2021,0,0,1047,1071,0,0,0,1,1,0
10379,2022,0,0,1043,1067,0,0,0,1,1,0
10379,2023,0,0,482,493,0,0,0,1,1,0
10380,2012,1760,212,130,0,0,0,0,3a,3a,1
10380,2013,1760,212,130,0,0,0,0,1,1,1
10380,2014,1850,300,0,0,0,125,0,1,1,1
10380,2015,1800,345,0,0,0,7,0,1,1,1
10380,2016,1774,341,0,0,0,0,0,1,1,1
10380,2017,1785,313,0,0,0,0,0,1,1,1
10380,2018,1850,296,0,0,0,0,0,1,1,1
10380,2019,1832,301,0,0,0,0,0,1,1,1
10380,2020,1828,302,0,0,0,0,0,1,1,1
10380,2021,1833,304,0,0,0,0,0,1,1,1
10380,2022,0,287,625,0,0,0,0,1,1,0
10380,2023,0,589,1196,0,0,0,0,1,1,0
10381,2012,4000,750,1400,500,1400,0,0,1,1,1
10381,2013,4000,750,1400,500,1400,0,0,1,1,1
10381,2014,4000,750,1400,500,1400,0,0,1,1,1
10381,2015,4000,750,1400,500,1400,0,0,1,1,1
10381,2016,4000,750,1400,500,1400,0,0,1,1,1
10381,2017,4000,750,1400,500,1400,0,0,1,1,1
10381,2018,4000,750,1400,500,1400,0,0,1,1,1
10381,2019,4000,750,1400,500,1400,0,0,1,1,1
10381,2020,4000,750,1400,500,1400,0,0,1,1,1
10381,2021,4000,750,1400,500,1400,0,0,1,1,1
10381,2022,4000,750,1400,500,1400,0,0,1,1,1
10381,2023,4000,750,1400,500,1400,0,0,1,1,1
10382,2012,1140,173,205,226,0,0,0,1,1,1
10382,2013,1130,170,200,215,0,0,0,1,1,1
10382,2014,1140,160,205,210,0,0,0,1,1,1
10382,2015,1394,151,200,180,0,0,0,1,1,1
10382,2016,1418,132,312,190,0,0,0,1,1,1
10382,2017,1406,142,322,200,0,0,0,1,1,1
10382,2018,1383,163,352,206,0,0,0,1,1,1
10382,2019,1378,160,389,302,0,0,0,1,1,1
10382,2020,1380,166,353,208,0,0,0,1,1,1
10382,2021,1394,163,364,211,0,0,0,1,1,1
10382,2022,1389,137,372,214,0,0,0,1,1,1
10382,2023,1393,141,375,217,0,0,0,1,1,1
11799,2019,0,0,0,0,0,0,1538,1,1,0
11799,2020,0,0,0,0,0,0,1196,1,1,0
11799,2021,0,0,0,0,0,0,1196,2c,3a,0
11799,2022,0,0,0,0,0,0,10,1,1,0
11799,2023,0,0,0,0,0,0,10,2c,3a,0
10383,2012,1580,180,205,480,210,200,0,1,1,1
10383,2013,1580,180,205,480,210,200,0,1,1,1
10383,2014,1580,180,205,480,210,200,0,1,1,1
10383,2015,2000,400,1300,1200,400,400,0,1,1,1
10383,2016,2000,400,1300,1200,400,400,0,1,1,1
10383,2017,2000,400,1300,1200,400,400,0,1,1,1
10383,2018,2000,400,1300,1200,400,400,0,1,1,1
10383,2019,2000,400,1300,1200,400,400,0,1,1,1
10383,2020,2000,400,1300,1200,400,400,0,1,1,1
10383,2021,2200,400,1300,1200,400,400,0,1,1,1
10383,2022,2200,400,1300,1200,400,400,0,1,1,1
10383,2023,2200,400,1300,1200,400,400,0,1,1,1
11678,2012,950,200,6,4,3,2,12,3b,3b,1
11678,2013,950,200,6,4,3,2,12,3b,3b,1
11678,2014,950,200,6,4,3,2,12,3b,3b,1
11678,2015,950,200,6,4,3,2,12,3b,3b,1
11678,2016,950,200,6,4,3,2,12,3b,3b,1
11678,2017,950,200,6,4,3,2,12,3b,3b,1
11678,2018,950,200,6,4,3,2,12,3b,3b,1
11678,2019,950,200,6,4,3,2,12,3b,3b,1
11678,2020,950,200,6,4,3,2,12,3b,3b,1
11678,2021,950,200,6,4,3,2,12,3b,3b,1
11678,2022,950,200,6,4,3,2,12,3b,3b,1
11678,2023,950,200,6,4,3,2,12,3b,3b,1
10384,2012,2853,421,1926,693,413,539,0,1,1,1
10384,2013,2721,443,1470,1005,383,471,0,1,1,1
10384,2014,0,0,102,58,8,0,0,1,1,0
10384,2015,330,60,900,0,0,0,0,1,1,1
10384,2016,332,64,891,0,0,0,0,1,1,1
10384,2017,50,0,0,0,0,0,0,1,1,1
10384,2018,85,22,117,100,68,32,0,1,1,1
10384,2019,75,10,50,55,14,6,0,1,1,1
10384,2020,0,0,80,65,0,0,0,1,1,0
10384,2021,0,0,92,75,0,0,0,1,1,0
10384,2022,0,0,35,17,12,3,0,1,1,0
10384,2023,0,0,0,517,0,0,0,1,1,0
11948,2012,0,0,0,0,0,0,0,2e,3g,0
11948,2013,0,0,0,0,0,0,0,2e,2e,0
11948,2014,0,0,0,0,0,0,0,2e,2e,0
11948,2015,0,0,0,0,0,0,0,2e,2e,0
11948,2016,0,0,0,0,0,0,0,2e,2e,0
11948,2017,0,0,0,0,0,0,0,2e,2e,0
11948,2018,0,0,0,0,0,0,0,2e,2e,0
11948,2019,0,0,0,0,0,0,0,2e,2e,0
11948,2020,0,0,0,0,0,0,0,2e,2e,0
11948,2021,0,0,0,0,0,0,0,2e,2e,0
11948,2022,0,0,0,0,0,0,0,2e,2e,0
11948,2023,0,0,0,0,0,0,0,2e,2e,0
11949,2019,0,0,0,0,0,0,0,3g,3g,0
11949,2020,0,0,0,0,0,0,0,3g,3g,0
11949,2021,0,0,0,0,0,0,0,2e,2e,0
11949,2022,0,0,0,0,0,0,0,2a,2a,0
11949,2023,0,0,0,0,0,0,0,2a,2a,0
10385,2012,130,18,54,39,23,14,0,1,1,1
10385,2013,135,19,46,33,19,12,0,1,1,1
10385,2014,136,19,96,69,40,25,0,1,1,1
10385,2015,129,18,61,43,25,16,0,1,1,1
10385,2016,130,18,58,41,24,15,0,1,1,1
10385,2017,129,18,61,43,25,16,0,1,1,1
10385,2018,130,18,63,45,27,17,0,1,1,1
10385,2019,130,18,63,45,27,17,0,1,1,1
10385,2020,130,18,52,37,22,14,0,1,1,1
10385,2021,131,18,41,29,17,10,0,1,1,1
10385,2022,130,18,51,36,21,13,0,1,1,1
10385,2023,131,18,39,28,31,15,0,1,1,1
10386,2012,2300,300,1750,0,0,0,0,1,1,1
10386,2013,2315,300,1700,0,0,0,0,1,1,1
10386,2014,2325,320,1680,0,0,0,0,1,1,1
10386,2015,2300,310,1750,0,0,0,0,1,1,1
10386,2016,2291,341,1267,1170,292,0,0,1,1,1
10386,2017,2390,240,1300,1200,265,0,0,1,1,1
10386,2018,2427,292,975,1462,487,0,0,1,1,1
10386,2019,2437,302,965,1365,468,0,0,1,1,1
10386,2020,2447,312,975,1365,497,0,0,1,1,1
10386,2021,2452,315,979,1369,492,0,0,1,1,1
10386,2022,2442,321,986,1382,487,0,0,1,1,1
10386,2023,2466,277,1009,1365,472,0,0,1,1,1
10387,2012,1230,180,690,450,190,0,0,1,1,1
10387,2013,1235,175,650,425,145,0,0,1,1,1
10387,2014,1245,185,640,420,138,0,0,1,1,1
10387,2015,1250,175,650,415,120,0,0,1,1,1
10387,2016,1234,187,663,412,153,0,0,1,1,1
10387,2017,1210,162,675,445,161,0,0,1,1,1
10387,2018,1199,167,664,438,153,0,0,1,1,1
10387,2019,1204,177,673,446,156,0,0,1,1,1
10387,2020,1209,172,640,501,157,0,0,1,1,1
10387,2021,1216,177,633,505,150,0,0,1,1,1
10387,2022,1191,185,658,468,167,0,0,1,1,1
10387,2023,1214,170,624,487,151,0,0,1,1,1
10388,2012,454,55,168,136,103,0,0,1,1,1
10388,2013,454,55,168,136,103,0,0,1,1,1
10388,2014,454,55,100,36,20,0,0,1,1,1
10388,2015,0,55,100,36,20,0,0,2a,3a,0
10388,2016,0,55,100,36,20,0,0,2a,3a,0
10388,2017,0,55,100,36,20,0,0,2a,3a,0
10388,2018,0,0,0,0,0,0,0,2a,2e,0
10388,2019,0,0,0,0,0,0,0,2a,2e,0
10388,2020,0,0,0,0,0,0,0,2a,2e,0
10388,2021,0,0,0,0,0,0,0,2a,2e,0
10388,2022,0,0,0,0,0,0,0,2a,2e,0
10388,2023,0,0,0,0,0,0,0,2a,2e,0
11859,2012,0,101,1109,1241,1127,442,894,2c,3a,0
11859,2013,0,101,1109,1241,1127,442,894,2c,3a,0
11859,2014,0,101,1109,1241,1127,442,894,1,1,0
11859,2015,0,89,976,1093,993,389,788,1,1,0
11859,2016,0,62,677,758,689,270,546,1,1,0
11859,2017,0,74,801,897,815,320,646,2c,3a,0
11859,2018,0,85,925,1035,940,369,746,1,1,0
11859,2019,0,85,933,1044,948,372,753,1,1,0
11859,2020,0,75,816,913,829,325,657,1,1,0
11859,2021,0,81,880,985,895,351,709,1,1,0
11859,2022,0,92,1002,1122,1019,399,808,1,1,0
11859,2023,0,97,1060,1187,1078,423,855,1,1,0
10389,2012,580,0,63,47,0,0,0,1,1,1
10389,2013,800,0,460,340,0,0,0,1,1,1
10389,2014,0,0,0,0,0,0,0,2a,2a,0
10389,2015,0,0,0,0,0,0,0,2a,2a,0
10389,2016,0,0,0,0,0,0,0,2a,2a,0
10389,2017,0,0,0,0,0,0,0,2a,2a,0
10389,2018,0,0,0,0,0,0,0,2a,2a,0
10389,2019,0,0,0,0,0,0,0,2a,2a,0
10389,2020,0,0,0,0,0,0,0,2a,2a,0
10389,2021,0,0,0,0,0,0,0,2a,2a,0
10389,2022,0,0,0,0,0,0,0,2a,2a,0
10389,2023,0,0,0,0,0,0,0,2a,2a,0
10390,2012,185,55,50,50,40,40,0,1,1,1
10390,2013,185,55,50,50,40,40,0,3a,3a,1
10390,2014,0,0,0,0,0,0,0,2a,2e,0
10390,2015,0,0,0,0,0,0,0,2a,2e,0
10390,2016,0,0,0,0,0,0,0,2a,2e,0
10390,2017,0,0,0,0,0,0,0,2a,2e,0
10390,2018,0,0,0,0,0,0,0,2a,2e,0
10390,2019,0,0,0,0,0,0,0,2a,2e,0
10390,2020,0,0,0,0,0,0,0,2a,2e,0
10390,2021,0,0,0,0,0,0,0,2a,2e,0
10390,2022,0,0,0,0,0,0,0,2a,2e,0
10390,2023,0,0,0,0,0,0,0,2a,2e,0
10391,2012,3900,980,1820,1700,600,587,0,1,1,1
10391,2013,3900,980,1820,1700,600,587,0,1,1,1
10391,2014,3900,980,1820,1700,600,587,0,1,1,1
10391,2015,3900,980,1820,1700,600,587,0,1,1,1
10391,2016,3900,850,1820,1700,600,587,0,1,1,1
10391,2017,3813,940,1775,1625,600,587,0,1,1,1
10391,2018,3950,950,1820,1700,600,587,0,1,1,1
10391,2019,3960,940,1820,1700,600,587,0,1,1,1
10391,2020,3940,930,1820,1700,600,585,0,1,1,1
10391,2021,3934,655,1770,1600,590,505,0,1,1,1
10391,2022,3710,575,2055,1920,735,715,0,1,1,1
10391,2023,3690,565,2025,1910,735,715,0,1,1,1
10392,2012,573,0,40,106,67,86,0,1,1,1
10392,2013,573,0,40,106,67,86,0,1,1,1
10392,2014,611,89,80,75,60,75,0,1,1,1
10392,2015,561,81,80,75,60,75,0,1,1,1
10392,2016,561,81,80,75,60,75,0,1,1,1
10392,2017,561,81,80,75,60,75,0,1,1,1
10392,2018,561,0,80,75,60,75,0,1,1,1
10392,2019,565,74,105,190,120,80,0,1,1,1
10392,2020,565,74,105,190,120,80,0,1,1,1
10392,2021,565,74,105,190,120,80,0,1,1,1
10392,2022,565,74,105,190,120,80,0,1,1,1
10392,2023,565,74,105,190,120,80,0,1,1,1
10393,2012,0,0,0,0,0,0,0,1,1,0
10393,2013,0,0,0,0,0,0,0,1,1,0
10393,2014,0,0,0,0,0,0,0,1,1,0
10393,2015,0,0,0,0,0,0,0,2a,2c,0
10393,2016,0,0,0,0,0,0,0,2a,2c,0
10393,2017,0,0,0,0,0,0,0,2a,2c,0
10393,2018,0,0,0,0,0,0,0,2a,2c,0
10393,2019,0,0,0,0,0,0,0,2a,2c,0
10393,2020,0,0,0,0,0,0,0,2a,2c,0
10393,2021,0,0,0,0,0,0,0,2a,2c,0
10393,2022,0,0,0,0,0,0,0,2a,2c,0
10393,2023,0,0,0,0,0,0,0,2a,2c,0
10394,2012,381,28,0,0,0,0,0,1,1,1
10394,2013,380,40,0,0,0,0,0,1,1,1
10394,2014,418,81,0,0,0,0,0,1,1,1
10394,2015,416,86,0,0,0,0,0,1,1,1
10394,2016,415,78,0,0,0,0,0,1,1,1
10394,2017,412,89,0,0,0,0,0,1,1,1
10394,2018,439,92,0,0,0,0,0,1,1,1
10394,2019,467,25,0,432,0,0,0,1,1,1
10394,2020,653,52,0,435,0,0,0,1,1,1
10394,2021,650,50,0,425,0,0,0,1,1,1
10394,2022,750,100,150,450,0,0,0,1,1,1
10394,2023,740,105,125,460,0,0,0,1,1,1
10395,2012,640,100,150,160,100,0,0,1,1,1
10395,2013,640,100,150,160,100,0,0,1,1,1
10395,2014,640,100,150,160,100,0,0,3a,3a,1
10395,2015,400,80,0,0,80,0,0,1,1,1
10395,2016,400,80,0,25,80,0,0,1,1,1
10395,2017,400,80,0,25,80,0,0,1,1,1
10395,2018,600,40,30,30,30,60,0,1,1,1
10395,2019,485,35,40,30,50,80,0,1,1,1
10395,2020,526,72,67,51,95,100,0,1,1,1
10395,2021,600,60,75,120,180,150,0,1,1,1
10395,2022,600,60,80,275,275,100,0,1,1,1
10395,2023,600,60,80,275,275,100,0,3a,3a,1
10396,2012,1571,342,156,0,0,0,0,1,1,1
10396,2013,1568,314,159,0,0,0,0,1,1,1
10396,2014,1565,320,165,0,0,0,0,1,1,1
10396,2015,1548,326,145,0,0,0,0,1,1,1
10396,2016,1540,332,135,0,0,0,0,1,1,1
10396,2017,1500,200,400,0,0,0,0,1,1,1
10396,2018,1500,250,400,0,0,0,0,1,1,1
10396,2019,1500,300,400,0,0,0,0,1,1,1
10396,2020,1550,250,400,150,0,0,0,1,1,1
10396,2021,1575,275,400,150,0,0,0,1,1,1
10396,2022,1575,275,400,150,0,0,0,1,1,1
10396,2023,1575,275,400,150,0,0,0,1,1,1
10397,2012,954,145,255,300,127,180,0,1,1,1
10397,2013,954,145,255,300,127,180,0,1,1,1
10397,2014,954,145,255,300,127,180,0,1,1,1
10397,2015,0,0,0,0,0,0,0,2b,2b,0
10397,2016,0,0,0,0,0,0,0,2a,2e,0
10397,2017,0,0,0,0,0,0,0,2a,2e,0
10397,2018,0,0,0,0,0,0,0,2a,2e,0
10397,2019,0,0,0,0,0,0,0,2a,2e,0
10397,2020,0,0,0,0,0,0,0,2a,2e,0
10397,2021,0,0,0,0,0,0,0,2a,2e,0
10397,2022,0,0,0,0,0,0,0,2a,2e,0
10397,2023,0,0,0,0,0,0,0,2a,2e,0
10398,2012,1710,170,396,138,90,41,0,1,1,1
10398,2013,1716,168,391,144,94,38,0,1,1,1
10398,2014,1720,175,398,135,92,40,0,1,1,1
10398,2015,1680,265,85,115,0,0,0,1,1,1
10398,2016,1676,276,113,169,0,0,0,1,1,1
10398,2017,1688,263,134,157,0,0,0,1,1,1
10398,2018,1647,258,121,156,0,0,0,1,1,1
10398,2019,1930,292,121,156,0,0,0,1,1,1
10398,2020,1925,292,132,160,0,0,0,1,1,1
10398,2021,1932,277,146,167,0,0,0,1,1,1
10398,2022,1915,290,138,181,0,0,0,1,1,1
10398,2023,1883,297,0,0,0,0,0,1,1,1
10399,2012,0,365,415,425,0,0,0,1,1,0
10399,2013,0,250,445,455,0,0,0,1,1,0
10399,2014,0,0,461,472,0,0,0,1,1,0
10399,2015,0,0,94,96,0,0,0,1,1,0
10399,2016,0,0,0,0,0,0,0,2a,2a,0
10399,2017,0,0,0,0,0,0,0,2a,2a,0
10399,2018,0,0,0,0,0,0,0,2a,2a,0
10399,2019,0,0,0,0,0,0,0,2a,2a,0
10399,2020,0,0,0,0,0,0,0,2a,2a,0
10399,2021,0,0,0,0,0,0,0,2a,2a,0
10399,2022,0,0,0,0,0,0,0,2a,2a,0
10399,2023,0,0,0,0,0,0,0,2a,2a,0
10400,2012,3524,406,183,748,516,0,0,3a,3a,1
10400,2013,3524,406,183,748,516,0,0,1,1,1
10400,2014,3537,396,184,724,498,0,0,3a,3a,1
10400,2015,3550,385,184,700,480,0,0,1,1,1
10400,2016,3157,397,192,762,488,0,0,1,1,1
10400,2017,3167,387,177,756,502,0,0,1,1,1
10400,2018,3124,365,182,746,497,117,0,1,1,1
10400,2019,3150,350,200,750,500,130,0,1,1,1
10400,2020,3100,325,200,650,500,200,0,1,1,1
10400,2021,3100,250,200,600,500,200,0,1,1,1
10400,2022,3500,250,200,600,500,200,0,1,1,1
10400,2023,3500,250,200,600,500,200,0,1,1,1
10401,2012,972,149,245,252,101,73,0,1,1,1
10401,2013,983,147,237,246,110,82,0,1,1,1
10401,2014,780,120,10,2,0,24,0,1,1,1
10401,2015,780,150,290,320,100,150,0,1,1,1
10401,2016,1140,150,250,300,100,125,0,1,1,1
10401,2017,0,0,0,0,0,0,0,1,1,0
10401,2018,0,0,0,0,0,0,0,1,1,0
10401,2019,0,0,0,0,0,0,0,2a,2a,0
10401,2020,0,0,0,0,0,0,0,2a,2a,0
10401,2021,0,0,0,0,0,0,0,2a,2a,0
10401,2022,0,0,0,0,0,0,0,2a,2a,0
10401,2023,0,0,0,0,0,0,0,2a,2a,0
10402,2012,0,0,0,0,0,0,0,1,1,0
10402,2013,0,0,0,0,0,0,0,2b,2c,0
10402,2014,0,0,0,0,0,0,0,2b,2c,0
10402,2015,0,0,0,0,0,0,0,2b,2c,0
10402,2016,0,0,0,0,0,0,0,2b,2c,0
10402,2017,0,0,0,0,0,0,0,2b,2c,0
10402,2018,0,0,0,0,0,0,0,2b,2c,0
10402,2019,0,0,0,0,0,0,0,2b,2c,0
10402,2020,0,0,0,0,0,0,0,2b,2c,0
10402,2021,0,0,0,0,0,0,0,2b,2c,0
10402,2022,0,0,0,0,0,0,0,2b,2c,0
10402,2023,0,0,0,0,0,0,0,2b,2c,0
10403,2012,800,100,300,200,100,100,0,1,1,1
10403,2013,0,0,0,0,0,0,0,2b,2e,0
10403,2014,0,0,0,0,0,0,0,2b,2e,0
10403,2015,0,0,0,0,0,0,0,2b,2e,0
10403,2016,0,0,0,0,0,0,0,2b,2e,0
10403,2017,0,0,0,0,0,0,0,2b,2e,0
10403,2018,0,0,0,0,0,0,0,2b,2e,0
10403,2019,0,0,0,0,0,0,0,2b,2e,0
10403,2020,0,0,0,0,0,0,0,2b,2e,0
10403,2021,0,0,0,0,0,0,0,2b,2e,0
10403,2022,0,0,0,0,0,0,0,2b,2e,0
10403,2023,0,0,0,0,0,0,0,2b,2e,0
10404,2012,460,35,18,0,80,85,0,1,1,1
10404,2013,475,65,25,60,100,100,0,1,1,1
10404,2014,500,70,120,180,100,90,0,1,1,1
10404,2015,500,30,0,60,50,100,0,1,1,1
10404,2016,500,30,0,60,50,100,0,1,1,1
10404,2017,490,30,10,60,20,75,0,1,1,1
10404,2018,495,30,13,30,10,38,0,3a,3a,1
10404,2019,500,30,15,0,0,0,0,1,1,1
10404,2020,540,34,20,0,0,0,0,1,1,1
10404,2021,580,37,25,0,0,0,0,1,1,1
10404,2022,580,37,25,0,0,0,0,3a,3a,1
10404,2023,0,0,0,0,0,0,0,1,1,0
10405,2012,2745,466,524,422,0,0,0,1,1,1
10405,2013,2749,466,530,423,0,0,0,1,1,1
10405,2014,2760,476,534,421,0,200,0,1,1,1
10405,2015,2740,463,518,414,0,0,0,1,1,1
10405,2016,2754,466,530,420,0,0,0,1,1,1
10405,2017,2754,468,521,428,0,0,0,1,1,1
10405,2018,2754,466,530,420,0,0,0,1,1,1
10405,2019,2751,465,515,423,0,0,0,1,1,1
10405,2020,2756,472,537,430,0,0,0,1,1,1
10405,2021,2758,467,521,421,0,0,0,1,1,1
10405,2022,2760,469,526,424,0,0,0,1,1,1
10405,2023,2760,469,526,416,0,0,0,1,1,1
10406,2012,4194,1175,1564,1403,406,408,0,1,1,1
10406,2013,4192,1182,1566,1405,410,409,0,1,1,1
10406,2014,4500,1100,1200,1000,700,0,0,1,1,1
10406,2015,4500,1100,1200,1000,700,0,0,1,1,1
10406,2016,4523,1462,1462,1094,720,0,0,1,1,1
10406,2017,4496,1476,1497,1091,731,0,0,1,1,1
10406,2018,4397,1452,1486,1082,721,0,0,1,1,1
10406,2019,4520,1475,1400,1100,740,0,0,1,1,1
10406,2020,4510,1460,1415,1115,760,0,0,1,1,1
10406,2021,4500,450,1375,1075,750,0,0,1,1,1
10406,2022,4528,465,1390,1110,775,0,0,1,1,1
10406,2023,4550,475,1405,1120,825,0,0,1,1,1
10407,2012,396,70,192,149,77,36,0,3a,3a,1
10407,2013,396,70,192,149,77,36,0,1,1,1
10407,2014,390,73,187,147,78,37,0,1,1,1
10407,2015,384,81,182,150,0,0,0,1,1,1
10407,2016,400,91,177,142,0,0,0,1,1,1
10407,2017,405,100,181,145,0,0,0,1,1,1
10407,2018,430,126,202,159,0,0,0,1,1,1
10407,2019,419,112,191,144,0,0,0,1,1,1
10407,2020,420,115,190,150,0,0,0,1,1,1
10407,2021,320,100,196,164,0,0,0,1,1,1
10407,2022,409,65,203,175,0,0,0,1,1,1
10407,2023,395,73,218,184,0,0,0,1,1,1
10408,2012,1550,250,500,0,0,0,0,1,1,1
10408,2013,1550,250,500,0,0,0,0,1,1,1
10408,2014,1650,300,500,0,0,0,0,1,1,1
10408,2015,1650,300,500,0,0,0,0,1,1,1
10408,2016,1650,300,500,0,0,0,0,1,1,1
10408,2017,2004,277,298,0,0,0,0,1,1,1
10408,2018,2004,277,298,0,0,0,0,1,1,1
10408,2019,2348,277,303,200,500,0,0,1,1,1
10408,2020,2340,290,303,200,500,0,0,1,1,1
10408,2021,2350,280,303,200,480,0,0,1,1,1
10408,2022,2360,275,303,200,485,0,0,1,1,1
10408,2023,2240,285,550,385,485,0,0,1,1,1
10409,2012,1033,184,15,0,0,12,0,1,1,1
10409,2013,1025,180,20,0,0,10,0,1,1,1
10409,2014,1020,95,0,0,0,0,0,1,1,1
10409,2015,1000,100,0,0,0,0,0,1,1,1
10409,2016,986,115,0,0,0,0,0,1,1,1
10409,2017,1000,107,0,0,0,0,0,1,1,1
10409,2018,982,70,0,0,0,0,0,1,1,1
10409,2019,998,51,0,0,0,0,0,1,1,1
10409,2020,950,19,0,0,0,0,0,1,1,1
10409,2021,672,273,0,0,0,0,0,1,1,1
10409,2022,1006,258,0,0,0,0,0,1,1,1
10409,2023,877,277,381,0,0,0,0,1,1,1
10410,2012,752,165,105,97,72,97,0,1,1,1
10410,2013,1190,196,0,0,120,0,0,1,1,1
10410,2014,1195,194,0,0,120,0,0,1,1,1
10410,2015,904,170,0,0,120,0,0,1,1,1
10410,2016,1200,195,0,0,120,0,0,1,1,1
10410,2017,930,160,0,0,120,30,0,1,1,1
10410,2018,880,150,0,0,130,40,0,1,1,1
10410,2019,860,150,0,0,150,50,0,1,1,1
10410,2020,855,100,0,0,150,60,0,1,1,1
10410,2021,850,100,0,0,130,50,0,1,1,1
10410,2022,850,100,0,0,130,50,0,1,1,1
10410,2023,815,100,0,0,125,50,0,1,1,1
10411,2012,0,0,148,152,0,0,0,1,1,0
10411,2013,0,0,0,0,0,0,0,2c,2e,0
10411,2014,0,0,0,0,0,0,0,2c,2e,0
10411,2015,0,0,0,0,0,0,0,2c,2e,0
10411,2016,0,0,0,0,0,0,0,2c,2e,0
10411,2017,0,0,0,0,0,0,0,2c,2e,0
10411,2018,0,0,0,0,0,0,0,2c,2e,0
10411,2019,0,0,0,0,0,0,0,2c,2e,0
10411,2020,0,0,0,0,0,0,0,2c,2e,0
10411,2021,0,0,0,0,0,0,0,2c,2e,0
10411,2022,0,0,0,0,0,0,0,2c,2e,0
10411,2023,0,0,0,0,0,0,0,2c,2e,0
10412,2012,150,50,70,70,30,30,0,1,1,1
10412,2013,150,50,70,70,30,30,0,1,1,1
10412,2014,150,50,70,70,30,30,0,1,1,1
10412,2015,150,50,70,70,30,30,0,1,1,1
10412,2016,150,50,70,70,30,30,0,1,1,1
10412,2017,150,50,70,70,30,30,0,1,1,1
10412,2018,150,50,70,70,30,30,0,1,1,1
10412,2019,150,50,70,70,30,30,0,1,1,1
10412,2020,0,0,80,75,0,0,0,1,1,0
10412,2021,0,0,80,75,0,0,0,1,1,0
10412,2022,0,0,80,75,0,0,0,1,1,0
10412,2023,0,0,80,75,0,0,0,1,1,0
10413,2012,1270,190,90,450,150,0,0,1,1,1
10413,2013,1270,170,80,450,150,0,0,1,1,1
10413,2014,1307,180,200,200,180,0,0,1,1,1
10413,2015,1307,180,200,200,180,0,0,1,1,1
10413,2016,1332,181,312,241,167,0,0,1,1,1
10413,2017,1335,201,310,250,170,0,0,1,1,1
10413,2018,1300,200,300,250,150,0,0,1,1,1
10413,2019,1255,200,300,250,150,0,0,1,1,1
10413,2020,1250,200,300,250,150,0,0,1,1,1
10413,2021,1245,195,310,240,150,0,0,1,1,1
10413,2022,1230,190,310,230,150,0,0,1,1,1
10413,2023,1215,185,305,220,150,0,0,1,1,1
10414,2012,850,100,480,300,750,4000,0,1,1,1
10414,2013,850,100,480,300,750,300,0,1,1,1
10414,2014,1000,115,1285,800,420,300,0,1,1,1
10414,2015,1000,115,1280,800,420,300,0,1,1,1
10414,2016,995,105,1200,800,415,300,0,1,1,1
10414,2017,980,138,1000,400,400,400,0,1,1,1
10414,2018,1000,150,520,950,330,600,0,1,1,1
10414,2019,1000,170,520,950,330,360,0,1,1,1
10414,2020,995,165,530,950,340,350,0,1,1,1
10414,2021,989,160,520,950,330,350,0,1,1,1
10414,2022,980,150,500,950,330,350,0,1,1,1
10414,2023,980,100,500,950,330,350,0,1,1,1
10415,2012,241,33,105,75,44,28,0,3a,3a,1
10415,2013,241,33,105,75,44,28,0,3a,3a,1
10415,2014,241,33,105,75,44,28,0,3a,3a,1
10415,2015,241,33,105,75,44,28,0,3a,3a,1
10415,2016,241,33,105,75,44,28,0,1,1,1
10415,2017,236,33,99,71,41,26,0,1,1,1
10415,2018,202,28,104,75,44,27,0,1,1,1
10415,2019,198,27,92,66,38,24,0,1,1,1
10415,2020,193,27,84,60,35,21,0,1,1,1
10415,2021,183,23,92,66,38,24,0,1,1,1
10415,2022,167,35,56,40,23,14,0,1,1,1
10415,2023,180,13,58,42,24,16,0,1,1,1
10416,2012,415,20,0,0,0,0,0,1,1,1
10416,2013,411,23,0,0,0,0,0,1,1,1
10416,2014,400,30,165,0,0,100,0,1,1,1
10416,2015,385,40,154,0,0,85,0,1,1,1
10416,2016,410,60,192,0,0,111,0,1,1,1
10416,2017,421,53,195,0,0,102,0,1,1,1
10416,2018,417,50,203,0,0,107,0,1,1,1
10416,2019,428,45,200,0,0,103,0,1,1,1
10416,2020,435,40,225,0,0,95,0,1,1,1
10416,2021,440,35,215,140,0,0,0,1,1,1
10416,2022,440,35,215,140,0,0,0,1,1,1
10416,2023,435,35,270,180,0,0,0,1,1,1
10417,2012,968,155,352,409,160,0,0,1,1,1
10417,2013,975,163,341,388,104,49,0,1,1,1
10417,2014,978,164,346,382,102,48,0,1,1,1
10417,2015,981,168,350,380,102,48,0,1,1,1
10417,2016,985,164,355,386,106,50,0,1,1,1
10417,2017,1000,200,350,380,106,51,0,1,1,1
10417,2018,987,203,358,389,116,55,0,1,1,1
10417,2019,978,197,402,391,112,54,0,1,1,1
10417,2020,980,200,400,390,0,0,0,1,1,1
10417,2021,995,215,410,419,0,0,0,1,1,1
10417,2022,1007,152,428,442,0,0,0,1,1,1
10417,2023,993,144,417,429,0,0,0,1,1,1
10418,2012,952,204,162,0,0,0,0,1,1,1
10418,2013,952,206,161,0,0,0,0,1,1,1
10418,2014,0,0,0,0,0,0,0,2e,2e,0
10418,2015,0,0,0,0,0,0,0,2e,2e,0
10418,2016,0,0,0,0,0,0,0,2e,2e,0
10418,2017,0,0,0,0,0,0,0,2e,2e,0
10418,2018,0,0,0,0,0,0,0,2e,2e,0
10418,2019,0,0,0,0,0,0,0,2e,2e,0
10418,2020,0,0,0,0,0,0,0,2e,2e,0
10418,2021,0,0,0,0,0,0,0,2e,2e,0
10418,2022,0,0,0,0,0,0,0,2e,2e,0
10418,2023,0,0,0,0,0,0,0,2e,2e,0
10419,2012,439,61,249,178,104,64,0,1,1,1
10419,2013,77,11,137,98,57,35,0,1,1,1
10419,2014,225,31,120,86,50,32,0,1,1,1
10419,2015,255,35,125,90,52,33,0,1,1,1
10419,2016,317,44,125,90,52,33,0,1,1,1
10419,2017,328,46,125,90,52,33,0,1,1,1
10419,2018,329,46,125,90,52,33,0,1,1,1
10419,2019,316,44,146,105,61,38,0,1,1,1
10419,2020,329,46,146,105,61,38,0,1,1,1
10419,2021,145,20,146,105,61,38,0,1,1,1
10419,2022,154,21,86,62,36,23,0,1,1,1
10419,2023,0,0,66,67,41,9,0,1,1,0
11865,2012,0,189,2066,2313,2100,823,1666,2c,3a,0
11865,2013,0,189,2066,2313,2100,823,1666,2c,3a,0
11865,2014,0,189,2066,2313,2100,823,1666,1,1,0
11865,2015,0,159,1734,1941,1762,691,1397,1,1,0
11865,2016,0,159,1734,1941,1762,691,1397,1,1,0
11865,2017,0,159,1734,1941,1762,691,1397,2c,3a,0
11865,2018,0,159,1734,1941,1762,691,1397,1,1,0
11865,2019,0,183,1997,2235,2030,796,1609,1,1,0
11865,2020,0,99,1083,1212,1101,431,874,1,1,0
11865,2021,0,134,1469,1644,1493,585,1185,1,1,0
11865,2022,0,54,585,655,595,233,473,1,1,0
11865,2023,0,140,1524,1706,1549,608,1229,1,1,0
10420,2012,885,168,182,370,0,0,0,1,1,1
10420,2013,880,170,0,0,0,0,0,1,1,1
10420,2014,890,160,0,0,0,0,0,1,1,1
10420,2015,880,156,0,0,0,0,0,1,1,1
10420,2016,916,195,0,0,0,0,0,1,1,1
10420,2017,0,0,0,0,0,0,0,2a,2e,0
10420,2018,0,0,0,0,0,0,0,2a,2e,0
10420,2019,0,0,0,0,0,0,0,2a,2e,0
10420,2020,0,0,0,0,0,0,0,2a,2e,0
10420,2021,0,0,0,0,0,0,0,2a,2e,0
10420,2022,0,0,0,0,0,0,0,2a,2e,0
10420,2023,0,0,0,0,0,0,0,2a,2e,0
11950,2012,0,0,0,0,0,0,0,2e,3g,0
11950,2013,0,0,0,0,0,0,0,2e,3g,0
11950,2014,0,0,0,0,0,0,0,2e,3g,0
11950,2015,0,0,0,0,0,0,0,2e,3g,0
11950,2016,0,0,0,0,0,0,0,2e,3g,0
11950,2017,0,0,0,0,0,0,0,2e,3g,0
11950,2018,0,0,0,0,0,0,0,2e,3g,0
11950,2019,0,0,0,0,0,0,0,2e,3g,0
11950,2020,0,0,0,0,0,0,0,2e,3g,0
11950,2021,0,0,0,0,0,0,0,2e,3g,0
11950,2022,0,0,0,0,0,0,0,2e,3g,0
11950,2023,0,0,0,0,0,0,0,2e,3g,0
10421,2012,2335,300,915,420,140,0,0,3a,3a,1
10421,2013,2335,300,915,420,140,0,0,1,1,1
10421,2014,2345,295,915,428,150,0,0,1,1,1
10421,2015,2270,300,100,400,146,0,0,1,1,1
10421,2016,2305,282,989,965,438,0,0,1,1,1
10421,2017,2314,279,978,961,426,0,0,1,1,1
10421,2018,2408,175,975,955,419,0,0,1,1,1
10421,2019,2193,195,955,877,390,0,0,1,1,1
10421,2020,2169,219,950,877,414,0,0,1,1,1
10421,2021,2188,209,955,887,404,0,0,1,1,1
10421,2022,2145,253,921,936,390,0,0,1,1,1
10421,2023,2183,258,913,945,379,0,0,1,1,1
10422,2012,1285,235,541,380,175,0,0,3a,3a,1
10422,2013,1285,235,541,380,175,0,0,1,1,1
10422,2014,1290,230,540,385,175,0,0,1,1,1
10422,2015,1200,200,550,375,180,0,0,1,1,1
10422,2016,1243,97,321,487,0,0,0,1,1,1
10422,2017,1365,86,339,467,0,0,0,1,1,1
10422,2018,1375,104,482,419,0,0,0,3a,3a,1
10422,2019,1384,121,624,370,0,0,0,1,1,1
10422,2020,1330,118,614,341,0,0,0,1,1,1
10422,2021,1333,123,619,336,0,0,0,1,1,1
10422,2022,1326,126,625,338,0,0,0,1,1,1
10422,2023,1335,117,643,346,0,0,0,1,1,1
10423,2012,320,55,130,60,50,80,0,1,1,1
10423,2013,320,55,130,60,50,80,0,1,1,1
10423,2014,320,55,130,60,50,80,0,1,1,1
10423,2015,200,90,50,75,80,120,0,1,1,1
10423,2016,350,50,0,0,60,0,0,1,1,1
10423,2017,350,50,0,0,60,0,0,1,1,1
10423,2018,350,50,120,120,60,50,0,1,1,1
10423,2019,350,50,120,120,60,50,0,3a,3a,1
10423,2020,350,50,120,120,60,50,0,1,1,1
10423,2021,350,50,120,120,60,50,0,1,1,1
10423,2022,350,50,120,120,60,50,0,1,1,1
10423,2023,350,50,120,120,60,50,0,1,1,1
10424,2012,2268,502,437,441,448,185,0,1,1,1
10424,2013,2275,492,472,466,462,253,0,1,1,1
10424,2014,2285,483,475,455,456,252,0,1,1,1
10424,2015,2276,489,481,445,448,249,0,1,1,1
10424,2016,2281,485,486,451,453,250,0,1,1,1
10424,2017,2272,472,479,445,443,225,0,1,1,1
10424,2018,2254,475,482,451,448,220,0,1,1,1
10424,2019,2320,479,478,451,449,220,0,1,1,1
10424,2020,2324,482,486,469,429,210,0,1,1,1
10424,2021,2410,478,488,462,418,216,0,1,1,1
10424,2022,2382,442,482,456,410,206,0,1,1,1
10424,2023,2447,297,487,97,585,243,0,1,1,1
10425,2012,0,0,0,0,0,0,0,1,1,0
10425,2013,0,0,0,0,0,0,0,2b,2c,0
10425,2014,0,0,0,0,0,0,0,2b,2c,0
10425,2015,0,0,0,0,0,0,0,2b,2c,0
10425,2016,0,0,0,0,0,0,0,2b,2c,0
10425,2017,0,0,0,0,0,0,0,2b,2c,0
10425,2018,0,0,0,0,0,0,0,2b,2c,0
10425,2019,0,0,0,0,0,0,0,2b,2c,0
10425,2020,0,0,0,0,0,0,0,2b,2c,0
10425,2021,0,0,0,0,0,0,0,2b,2c,0
10425,2022,0,0,0,0,0,0,0,2b,2c,0
10425,2023,0,0,0,0,0,0,0,2b,2c,0
11951,2012,0,0,0,0,0,0,0,3g,3g,0
11951,2013,0,0,0,0,0,0,0,3g,3g,0
11951,2014,0,0,0,0,0,0,0,3g,3g,0
11951,2015,0,0,0,0,0,0,0,3g,3g,0
11951,2016,0,0,0,0,0,0,0,3g,3g,0
11951,2017,0,0,0,0,0,0,0,3g,3g,0
11951,2018,0,0,0,0,0,0,0,3g,3g,0
11951,2019,0,0,0,0,0,0,0,3g,3g,0
11951,2020,0,0,0,0,0,0,0,3g,3g,0
11951,2021,0,0,0,0,0,0,0,3g,3g,0
11951,2022,0,0,0,0,0,0,0,3g,3g,0
11951,2023,0,0,0,0,0,0,0,3g,3g,0
10426,2012,704,152,130,329,0,0,0,1,1,1
10426,2013,769,120,139,350,0,0,0,1,1,1
10426,2014,800,120,125,125,125,0,0,1,1,1
10426,2015,805,100,130,110,0,0,0,1,1,1
10426,2016,787,98,140,112,0,0,0,1,1,1
10426,2017,778,105,148,120,0,0,0,1,1,1
10426,2018,820,78,187,162,0,0,0,1,1,1
10426,2019,818,76,189,173,0,0,0,1,1,1
10426,2020,819,78,234,117,0,0,0,1,1,1
10426,2021,822,72,226,121,0,0,0,1,1,1
10426,2022,967,199,229,130,0,0,0,1,1,1
10426,2023,1707,244,256,0,0,0,0,1,1,1
10427,2012,4000,500,1400,4000,950,0,0,3a,3a,1
10427,2013,4000,500,1400,4000,950,0,0,3a,3a,1
10427,2014,4000,500,1400,4000,950,0,0,3a,3a,1
10427,2015,4000,500,1400,4000,950,0,0,3a,3a,1
10427,2016,4000,500,1400,4000,950,0,0,3a,3a,1
10427,2017,4000,500,1400,4000,950,0,0,3a,3a,1
10427,2018,4000,500,1400,4000,950,0,0,1,1,1
10427,2019,4000,500,1400,4000,950,0,0,3a,3a,1
10427,2020,4000,500,1400,4000,950,0,0,3a,3a,1
10427,2021,4000,500,1400,4000,950,0,0,3a,3a,1
10427,2022,4000,500,1400,4000,950,0,0,3a,3a,1
10427,2023,4000,500,1400,4000,950,0,0,3a,3a,1
11952,2012,0,0,0,0,0,0,0,2a,2a,0
11952,2013,0,0,0,0,0,0,0,2a,2a,0
11952,2014,0,0,0,0,0,0,0,2a,2a,0
11952,2015,0,0,0,0,0,0,0,2a,2a,0
11952,2016,0,0,0,0,0,0,0,2a,2a,0
11952,2017,0,0,0,0,0,0,0,2a,2a,0
11952,2018,0,0,0,0,0,0,0,2a,2a,0
11952,2019,0,0,0,0,0,0,0,2a,2a,0
11952,2020,0,0,0,0,0,0,0,2a,2a,0
11952,2021,0,0,0,0,0,0,0,2a,2a,0
11952,2022,0,0,0,0,0,0,0,2a,2a,0
11952,2023,0,0,0,0,0,0,0,2a,2a,0
10428,2012,793,0,0,200,200,450,0,1,1,1
10428,2013,793,0,0,100,200,450,0,1,1,1
10428,2014,850,0,0,200,200,300,0,1,1,1
10428,2015,793,0,0,100,200,450,0,1,1,1
10428,2016,650,50,100,100,200,450,0,1,1,1
10428,2017,650,50,100,100,200,450,0,1,1,1
10428,2018,650,50,270,210,90,90,0,1,1,1
10428,2019,650,50,270,210,90,90,0,1,1,1
10428,2020,650,50,270,210,90,90,0,1,1,1
10428,2021,650,50,270,210,90,90,0,1,1,1
10428,2022,650,50,270,210,90,90,0,1,1,1
10428,2023,650,50,270,210,90,90,0,1,1,1
10429,2012,500,103,300,100,100,0,0,1,1,1
10429,2013,500,103,300,100,100,0,0,1,1,1
10429,2014,543,126,166,103,58,48,0,1,1,1
10429,2015,543,126,166,103,58,48,0,1,1,1
10429,2016,543,126,166,103,58,48,0,1,1,1
10429,2017,540,70,166,103,58,48,0,1,1,1
10429,2018,565,73,164,95,99,10,0,1,1,1
10429,2019,565,100,200,150,40,0,0,1,1,1
10429,2020,540,55,50,50,0,0,0,1,1,1
10429,2021,520,45,50,50,0,0,0,1,1,1
10429,2022,518,45,50,48,0,0,0,1,1,1
10429,2023,500,45,50,48,0,0,0,1,1,1
10430,2012,2800,535,680,1768,830,840,0,1,1,1
10430,2013,2822,325,1389,1775,1124,534,0,1,1,1
10430,2014,2817,333,1382,1770,1127,536,0,1,1,1
10430,2015,2810,335,1385,1778,1131,538,0,1,1,1
10430,2016,3145,654,1370,1765,1121,533,0,1,1,1
10430,2017,3199,661,1377,1770,1126,536,0,1,1,1
10430,2018,4019,677,1389,1785,1132,539,0,1,1,1
10430,2019,4026,681,1379,1790,1137,541,0,1,1,1
10430,2020,4020,685,1375,1788,1130,538,0,1,1,1
10430,2021,4150,700,1410,1810,1199,571,0,1,1,1
10430,2022,4183,671,1444,1779,1214,578,0,1,1,1
10430,2023,4074,633,1409,1730,0,0,0,1,1,1
10431,2012,1180,168,475,224,150,250,0,3a,3a,1
10431,2013,0,0,511,410,0,0,0,1,1,0
10431,2014,0,0,516,413,0,0,0,1,1,0
10431,2015,0,0,200,200,0,0,0,1,1,0
10431,2016,0,0,0,0,0,0,0,1,1,0
10431,2017,0,0,0,0,0,0,0,1,1,0
10431,2018,0,0,0,0,0,0,0,2a,2a,0
10431,2019,0,0,0,0,0,0,0,2a,2a,0
10431,2020,0,0,0,0,0,0,0,2a,2a,0
10431,2021,0,0,0,0,0,0,0,2a,2a,0
10431,2022,0,0,0,0,0,0,0,2a,2a,0
10431,2023,0,0,0,0,0,0,0,2a,2a,0
10432,2012,1284,172,383,376,88,149,0,3a,3a,1
10432,2013,1284,172,383,376,88,149,0,1,1,1
10432,2014,642,86,192,188,44,75,0,3a,3a,1
10432,2015,0,0,0,0,0,0,0,2e,2e,0
10432,2016,1069,125,15,0,0,0,0,1,1,1
10432,2017,1255,143,105,0,0,0,0,1,1,1
10432,2018,1394,144,77,0,0,0,0,1,1,1
10432,2019,1400,140,80,0,36,0,0,1,1,1
10432,2020,1389,131,72,0,165,0,0,1,1,1
10432,2021,1410,128,82,252,98,0,0,1,1,1
10432,2022,1425,132,185,0,0,0,0,1,1,1
10432,2023,1437,138,225,0,0,0,0,1,1,1
10433,2012,775,120,300,0,0,0,0,1,1,1
10433,2013,775,120,300,0,0,0,0,1,1,1
10433,2014,775,120,300,0,0,0,0,1,1,1
10433,2015,750,120,300,0,0,0,0,1,1,1
10433,2016,750,150,450,0,0,0,0,1,1,1
10433,2017,784,145,823,0,0,0,0,1,1,1
10433,2018,828,145,823,0,0,0,0,1,1,1
10433,2019,780,145,408,0,0,0,0,1,1,1
10433,2020,779,140,418,0,0,0,0,1,1,1
10433,2021,785,158,408,0,0,0,0,1,1,1
10433,2022,763,173,396,0,0,0,0,1,1,1
10433,2023,772,164,410,0,0,0,0,1,1,1
10434,2012,1300,199,403,297,0,0,0,1,1,1
10434,2013,1300,199,403,297,0,0,0,1,1,1
10434,2014,1325,150,403,297,0,0,0,1,1,1
10434,2015,1300,150,403,297,0,0,0,1,1,1
10434,2016,1300,150,403,297,0,0,0,1,1,1
10434,2017,1300,150,403,297,0,0,0,1,1,1
10434,2018,1300,150,403,297,0,0,0,3a,3a,1
10434,2019,0,0,0,0,0,0,0,1,1,0
10434,2020,1300,200,230,170,0,0,0,1,1,1
10434,2021,1300,200,230,170,0,0,0,1,1,1
10434,2022,1300,200,230,170,0,0,0,1,1,1
10434,2023,1500,245,258,190,0,0,0,1,1,1
10435,2012,2155,299,100,131,143,140,0,1,1,1
10435,2013,900,120,0,0,0,0,0,1,1,1
10435,2014,920,115,380,380,0,0,0,1,1,1
10435,2015,1500,200,180,175,0,0,0,1,1,1
10435,2016,1863,197,505,213,0,0,0,1,1,1
10435,2017,1907,241,509,264,0,0,0,1,1,1
10435,2018,2387,343,682,631,0,0,0,1,1,1
10435,2019,1999,349,673,625,0,0,0,1,1,1
10435,2020,1950,336,667,633,0,0,0,1,1,1
10435,2021,1925,355,653,648,0,0,0,1,1,1
10435,2022,1950,297,672,614,0,0,0,1,1,1
10435,2023,1969,295,687,609,0,0,0,1,1,1
10436,2012,600,90,173,127,0,0,0,1,1,1
10436,2013,550,140,0,0,0,0,0,1,1,1
10436,2014,525,130,0,0,0,0,0,1,1,1
10436,2015,590,95,0,0,0,0,0,1,1,1
10436,2016,480,60,127,93,0,0,0,1,1,1
10436,2017,0,0,0,0,0,0,0,1,1,0
10436,2018,0,0,0,0,0,0,0,2a,2c,0
10436,2019,0,0,0,0,0,0,0,2a,2c,0
10436,2020,0,0,0,0,0,0,0,2a,2c,0
10436,2021,0,0,0,0,0,0,0,2a,2c,0
10436,2022,0,0,0,0,0,0,0,2a,2c,0
10436,2023,0,0,0,0,0,0,0,2a,2c,0
10437,2012,171,24,0,0,0,0,0,3a,3a,1
10437,2013,171,24,0,0,0,0,0,3a,3a,1
10437,2014,171,24,0,0,0,0,0,3a,3a,1
10437,2015,171,24,0,0,0,0,0,3a,3a,1
10437,2016,171,24,0,0,0,0,0,1,1,1
10437,2017,167,23,0,0,0,0,0,1,1,1
10437,2018,173,24,73,52,31,19,0,1,1,1
10437,2019,176,24,58,42,24,16,0,1,1,1
10437,2020,183,25,88,63,37,22,0,1,1,1
10437,2021,176,24,75,54,31,20,0,1,1,1
10437,2022,167,23,75,54,31,20,0,1,1,1
10437,2023,171,24,73,52,31,19,0,1,1,1
10438,2012,2066,332,962,735,282,0,0,1,1,1
10438,2013,2066,332,962,735,282,0,0,1,1,1
10438,2014,2433,205,862,635,248,0,0,1,1,1
10438,2015,2433,205,862,635,248,0,0,1,1,1
10438,2016,2350,250,706,800,300,0,0,1,1,1
10438,2017,2350,325,805,775,315,0,0,1,1,1
10438,2018,2350,325,805,775,315,0,0,1,1,1
10438,2019,2350,325,805,775,315,0,0,1,1,1
10438,2020,2920,340,1450,880,0,0,0,1,1,1
10438,2021,2675,245,1420,862,0,0,0,1,1,1
10438,2022,2688,253,1445,855,0,0,0,1,1,1
10438,2023,2671,249,1450,861,0,0,0,1,1,1
10439,2012,351,49,161,115,67,42,0,3a,3a,1
10439,2013,351,49,161,115,67,42,0,3a,3a,1
10439,2014,351,49,161,115,67,42,0,3a,3a,1
10439,2015,351,49,161,115,67,42,0,3a,3a,1
10439,2016,351,49,161,115,67,42,0,1,1,1
10439,2017,360,50,161,115,67,42,0,3a,3a,1
10439,2018,369,51,161,115,67,42,0,1,1,1
10439,2019,334,46,125,90,52,33,0,1,1,1
10439,2020,334,46,125,90,52,33,0,1,1,1
10439,2021,316,44,117,84,49,30,0,1,1,1
10439,2022,307,43,117,84,49,30,0,1,1,1
10439,2023,307,43,117,84,49,30,0,1,1,1
10440,2012,846,139,187,215,136,0,0,1,1,1
10440,2013,1000,250,225,250,150,0,0,1,1,1
10440,2014,570,0,335,450,0,0,0,1,1,1
10440,2015,800,200,300,300,0,0,0,1,1,1
10440,2016,800,200,300,300,0,0,0,1,1,1
10440,2017,800,200,300,300,0,0,0,1,1,1
10440,2018,825,200,300,300,0,0,0,1,1,1
10440,2019,750,200,100,0,0,0,0,1,1,1
10440,2020,750,200,100,100,0,0,0,1,1,1
10440,2021,850,100,100,100,0,0,0,1,1,1
10440,2022,850,100,100,100,0,0,0,1,1,1
10440,2023,750,100,100,100,0,0,0,1,1,1
10441,2012,1195,254,230,115,70,0,0,1,1,1
10441,2013,1195,254,230,115,70,0,0,1,1,1
10441,2014,1195,254,230,115,70,0,0,1,1,1
10441,2015,1066,201,315,218,35,0,0,3a,3a,1
10441,2016,936,147,400,320,0,0,0,1,1,1
10441,2017,900,140,415,300,0,0,0,1,1,1
10441,2018,850,110,0,0,0,0,0,1,1,1
10441,2019,817,121,70,0,0,0,0,1,1,1
10441,2020,0,0,0,0,0,0,0,1,1,0
10441,2021,0,0,0,0,0,0,0,2b,2b,0
10441,2022,0,0,0,0,0,0,0,2b,2b,0
10441,2023,0,0,0,0,0,0,0,2b,2b,0
10442,2012,476,70,155,138,80,90,0,1,1,1
10442,2013,476,70,155,138,80,90,0,1,1,1
10442,2014,476,70,155,138,80,90,0,1,1,1
10442,2015,476,70,155,138,80,90,0,1,1,1
10442,2016,476,70,155,138,80,90,0,1,1,1
10442,2017,476,70,155,138,80,90,0,1,1,1
10442,2018,476,70,155,138,80,90,0,1,1,1
10442,2019,476,70,155,138,80,90,0,1,1,1
10442,2020,476,70,155,138,80,90,0,1,1,1
10442,2021,476,70,155,138,80,90,0,1,1,1
10442,2022,476,70,155,138,80,90,0,1,1,1
10442,2023,476,70,155,138,80,90,0,1,1,1
10443,2012,800,100,250,400,150,150,0,1,1,1
10443,2013,796,100,250,400,150,150,0,1,1,1
10443,2014,805,125,250,400,150,150,0,1,1,1
10443,2015,801,100,250,400,150,150,0,1,1,1
10443,2016,803,95,248,396,155,147,0,1,1,1
10443,2017,805,92,248,396,155,147,0,1,1,1
10443,2018,830,72,245,378,160,124,0,1,1,1
10443,2019,840,80,250,380,170,130,0,1,1,1
10443,2020,850,85,255,388,175,130,0,1,1,1
10443,2021,847,73,251,383,172,130,0,1,1,1
10443,2022,875,90,255,400,175,155,0,1,1,1
10443,2023,873,88,252,398,173,152,0,1,1,1
10444,2012,260,40,70,50,50,45,0,1,1,1
10444,2013,300,0,0,150,0,0,0,1,1,1
10444,2014,300,0,0,155,0,0,0,1,1,1
10444,2015,300,0,0,150,0,0,0,1,1,1
10444,2016,300,0,0,150,0,0,0,1,1,1
10444,2017,300,0,0,300,0,0,0,1,1,1
10444,2018,0,0,0,375,0,0,0,1,1,0
10444,2019,0,0,0,375,0,0,0,1,1,0
10444,2020,0,0,0,375,0,0,0,1,1,0
10444,2021,0,0,0,400,0,0,0,1,1,0
10444,2022,0,0,0,400,0,0,0,1,1,0
10444,2023,0,0,0,400,0,0,0,1,1,0
10445,2012,400,90,0,0,75,45,0,1,1,1
10445,2013,400,90,0,0,75,45,0,1,1,1
10445,2014,400,90,0,0,75,45,0,1,1,1
10445,2015,400,90,0,0,75,45,0,1,1,1
10445,2016,400,90,0,0,75,45,0,1,1,1
10445,2017,400,90,0,0,75,45,0,1,1,1
10445,2018,400,90,0,0,75,45,0,1,1,1
10445,2019,0,0,400,300,0,0,0,1,1,0
10445,2020,0,0,50,75,0,0,0,1,1,0
10445,2021,0,0,0,50,0,0,0,1,1,0
10445,2022,0,0,0,50,0,0,0,1,1,0
10445,2023,0,0,0,25,0,0,0,1,1,0
10446,2012,1180,136,285,290,0,0,0,1,1,1
10446,2013,1180,130,285,290,0,0,0,1,1,1
10446,2014,1180,130,285,290,0,0,0,1,1,1
10446,2015,1185,135,290,280,0,0,0,1,1,1
10446,2016,1170,140,280,270,0,0,0,1,1,1
10446,2017,1180,135,270,250,0,0,0,1,1,1
10446,2018,1150,130,250,250,0,0,0,1,1,1
10446,2019,1130,125,250,250,0,0,0,1,1,1
10446,2020,1100,120,250,250,0,0,0,1,1,1
10446,2021,1095,115,250,250,0,0,0,1,1,1
10446,2022,1095,115,250,250,0,0,0,1,1,1
10446,2023,1090,110,200,200,0,0,0,1,1,1
10447,2012,680,116,0,0,0,0,0,1,1,1
10447,2013,750,100,0,0,0,0,0,1,1,1
10447,2014,850,120,150,150,100,100,0,1,1,1
10447,2015,850,120,150,150,50,50,0,1,1,1
10447,2016,850,120,150,150,50,50,0,1,1,1
10447,2017,850,120,150,150,50,50,0,1,1,1
10447,2018,850,120,150,150,50,50,0,1,1,1
10447,2019,0,0,0,0,0,0,0,2a,2a,0
10447,2020,0,0,0,0,0,0,0,2a,2a,0
10447,2021,0,0,0,0,0,0,0,2a,2a,0
10447,2022,0,0,0,0,0,0,0,2a,2a,0
10447,2023,0,0,0,0,0,0,0,2a,2a,0
10448,2012,250,25,20,35,15,25,0,1,1,1
10448,2013,0,0,0,0,0,0,0,2c,2c,0
10448,2014,0,0,0,0,0,0,0,1,1,0
10448,2015,0,0,0,0,0,0,0,1,1,0
10448,2016,0,0,0,0,0,0,0,1,1,0
10448,2017,0,0,0,0,0,0,0,2b,2b,0
10448,2018,0,0,0,0,0,0,0,2b,2b,0
10448,2019,0,0,0,0,0,0,0,2b,2b,0
10448,2020,0,0,0,0,0,0,0,2b,2b,0
10448,2021,0,0,0,0,0,0,0,2b,2b,0
10448,2022,0,0,0,0,0,0,0,2b,2b,0
10448,2023,0,0,0,0,0,0,0,2b,2b,0
10449,2012,550,90,0,0,50,0,0,1,1,1
10449,2013,572,70,0,0,50,0,0,1,1,1
10449,2014,300,40,0,0,50,0,0,1,1,1
10449,2015,300,40,0,0,50,0,0,1,1,1
10449,2016,300,35,0,0,50,0,0,1,1,1
10449,2017,673,70,85,221,80,0,0,1,1,1
10449,2018,650,100,120,124,45,0,0,1,1,1
10449,2019,640,102,120,124,45,0,0,1,1,1
10449,2020,700,80,150,250,0,0,0,1,1,1
10449,2021,700,80,150,250,0,0,0,1,1,1
10449,2022,768,19,105,0,0,0,0,1,1,1
10449,2023,0,502,268,258,0,0,0,1,1,0
10450,2012,488,53,55,52,26,55,0,1,1,1
10450,2013,422,50,48,50,24,44,0,1,1,1
10450,2014,389,39,43,42,19,32,0,1,1,1
10450,2015,650,115,0,0,40,0,0,1,1,1
10450,2016,660,110,100,100,100,0,0,1,1,1
10450,2017,650,110,250,300,300,0,0,1,1,1
10450,2018,645,110,250,300,300,0,0,1,1,1
10450,2019,0,0,100,100,0,0,0,1,1,0
10450,2020,60,20,20,20,20,15,0,1,1,1
10450,2021,60,20,20,20,20,15,0,3a,3a,1
10450,2022,60,20,20,20,20,15,0,3a,3a,1
10450,2023,0,0,100,100,0,0,0,1,1,0
10451,2012,610,75,0,0,0,0,0,3a,3a,1
10451,2013,610,75,0,0,0,0,0,1,1,1
10451,2014,628,90,215,163,0,0,0,3a,3a,1
10451,2015,645,105,430,325,0,0,0,1,1,1
10451,2016,0,0,437,326,0,0,0,1,1,0
10451,2017,0,0,200,125,0,0,0,1,1,0
10451,2018,0,0,0,0,0,0,0,1,1,0
10451,2019,0,0,0,0,0,0,0,1,1,0
10451,2020,0,0,0,350,0,0,0,1,1,0
10451,2021,0,0,0,372,0,0,0,1,1,0
10451,2022,0,0,0,409,0,0,0,1,1,0
10451,2023,0,0,0,368,0,0,0,1,1,0
10452,2012,637,50,275,250,0,0,0,1,1,1
10452,2013,640,60,280,245,0,0,0,1,1,1
10452,2014,640,60,280,245,0,0,0,1,1,1
10452,2015,638,59,280,245,0,0,0,1,1,1
10452,2016,638,59,280,245,0,0,0,1,1,1
10452,2017,638,59,280,245,0,0,0,1,1,1
10452,2018,638,59,280,245,0,0,0,1,1,1
10452,2019,638,59,280,245,0,0,0,1,1,1
10452,2020,633,4,138,659,0,0,0,1,1,1
10452,2021,633,4,138,659,0,0,0,1,1,1
10452,2022,658,53,11,857,0,0,0,1,1,1
10452,2023,658,53,11,857,0,0,0,1,1,1
11800,2019,0,0,0,150,0,0,0,1,1,0
11800,2020,0,0,0,150,0,0,0,1,1,0
11800,2021,0,0,0,0,0,0,0,1,1,0
11800,2022,0,0,0,0,100,0,0,1,1,0
11800,2023,0,0,0,0,82,0,0,1,1,0
10453,2012,480,50,100,100,100,0,0,1,1,1
10453,2013,480,50,100,100,100,0,0,1,1,1
10453,2014,450,50,100,100,100,0,0,1,1,1
10453,2015,450,50,100,100,100,0,0,1,1,1
10453,2016,450,50,100,100,100,0,0,1,1,1
10453,2017,450,50,100,100,100,0,0,1,1,1
10453,2018,0,0,200,0,0,0,0,1,1,0
10453,2019,0,0,10,0,0,0,0,1,1,0
10453,2020,0,0,0,0,0,0,0,2b,2b,0
10453,2021,0,0,0,0,0,0,0,2b,2b,0
10453,2022,0,0,0,0,0,0,0,2b,2b,0
10453,2023,0,0,0,0,0,0,0,2b,2b,0
10454,2012,1500,320,300,0,220,0,0,1,1,1
10454,2013,1500,227,200,0,100,0,0,1,1,1
10454,2014,1500,227,200,0,100,0,0,1,1,1
10454,2015,1500,227,200,0,100,0,0,1,1,1
10454,2016,1500,227,200,0,100,0,0,1,1,1
10454,2017,1500,227,200,0,100,0,0,1,1,1
10454,2018,1500,227,200,0,100,0,0,1,1,1
10454,2019,1500,227,200,0,100,0,0,1,1,1
10454,2020,1500,227,200,0,100,0,0,1,1,1
10454,2021,1500,227,200,0,100,0,0,1,1,1
10454,2022,1500,227,200,0,100,0,0,1,1,1
10454,2023,1500,227,200,0,100,0,0,1,1,1
10455,2012,875,180,0,0,0,0,0,1,1,1
10455,2013,0,0,49,51,0,0,0,1,1,0
10455,2014,660,0,95,71,0,0,0,1,1,1
10455,2015,679,0,0,0,0,0,0,1,1,1
10455,2016,686,0,0,0,0,0,0,3a,2c,1
10455,2017,692,0,0,0,0,0,0,1,1,1
10455,2018,543,230,0,0,0,0,0,1,1,1
10455,2019,600,250,0,0,0,0,0,1,1,1
10455,2020,695,0,43,31,0,0,0,1,1,1
10455,2021,536,32,22,16,0,0,0,3a,3a,1
10455,2022,376,64,0,0,0,0,0,1,1,1
10455,2023,393,57,0,0,0,0,0,1,1,1
10456,2012,400,0,0,50,0,15,0,1,1,1
10456,2013,398,0,100,50,0,0,0,1,1,1
10456,2014,395,0,100,50,0,0,0,1,1,1
10456,2015,398,1,110,55,0,0,0,1,1,1
10456,2016,390,1,115,50,0,0,0,1,1,1
10456,2017,405,1,120,55,0,0,0,1,1,1
10456,2018,385,1,120,55,0,0,0,1,1,1
10456,2019,385,1,120,55,0,0,0,1,1,1
10456,2020,395,1,125,60,0,0,0,1,1,1
10456,2021,415,1,150,70,0,0,0,1,1,1
10456,2022,425,1,145,80,0,0,0,1,1,1
10456,2023,438,1,152,84,0,0,0,1,1,1
10457,2012,330,65,150,90,50,50,0,1,1,1
10457,2013,330,65,150,90,50,50,0,1,1,1
10457,2014,330,65,150,90,50,50,0,1,1,1
10457,2015,330,65,150,90,50,50,0,1,1,1
10457,2016,330,65,150,90,50,50,0,1,1,1
10457,2017,0,0,0,0,0,0,0,2a,2a,0
10457,2018,0,0,0,0,0,0,0,2a,2a,0
10457,2019,0,0,0,0,0,0,0,2a,2a,0
10457,2020,0,0,0,0,0,0,0,2a,2a,0
10457,2021,0,0,0,0,0,0,0,2a,2a,0
10457,2022,0,0,0,0,0,0,0,2a,2a,0
10457,2023,0,0,0,0,0,0,0,2a,2a,0
10458,2012,1700,273,714,455,195,260,0,1,1,1
10458,2013,1705,273,714,455,195,260,0,1,1,1
10458,2014,1705,273,714,455,250,260,0,1,1,1
10458,2015,2400,400,540,650,270,380,0,1,1,1
10458,2016,1889,240,829,716,327,329,0,1,1,1
10458,2017,1950,238,850,760,330,320,0,1,1,1
10458,2018,1950,238,850,760,330,320,0,1,1,1
10458,2019,2084,172,850,760,330,230,0,1,1,1
10458,2020,2000,280,850,760,330,230,0,1,1,1
10458,2021,2060,220,1030,910,385,280,0,1,1,1
10458,2022,2030,240,1050,920,390,280,0,1,1,1
10458,2023,2060,270,1050,930,390,300,0,1,1,1
11953,2012,0,0,0,0,0,0,0,3g,3g,0
11953,2013,0,0,0,0,0,0,0,2a,3g,0
11953,2014,0,0,0,0,0,0,0,2a,3g,0
11953,2015,0,0,0,0,0,0,0,2a,2a,0
11953,2016,0,0,0,0,0,0,0,2a,2a,0
11953,2017,0,0,0,0,0,0,0,2a,2a,0
11953,2018,0,0,0,0,0,0,0,2a,2a,0
11953,2019,0,0,0,0,0,0,0,2a,2a,0
11953,2020,0,0,0,0,0,0,0,2a,2a,0
11953,2021,0,0,0,0,0,0,0,2a,2a,0
11953,2022,0,0,0,0,0,0,0,2a,2a,0
11953,2023,0,0,0,0,0,0,0,2a,2a,0
10459,2012,1720,332,443,226,775,302,0,1,1,1
10459,2013,1720,332,443,226,775,302,0,1,1,1
10459,2014,1720,332,443,226,775,302,0,1,1,1
10459,2015,1720,332,443,226,775,302,0,1,1,1
10459,2016,1720,332,443,226,775,302,0,1,1,1
10459,2017,1720,332,443,226,775,302,0,1,1,1
10459,2018,1720,332,443,226,775,302,0,1,1,1
10459,2019,2097,289,443,226,775,302,0,1,1,1
10459,2020,2097,289,215,121,95,89,0,1,1,1
10459,2021,1992,275,198,152,98,73,0,1,1,1
10459,2022,2038,224,187,136,91,73,0,1,1,1
10459,2023,1714,237,197,137,89,83,0,1,1,1
11801,2019,0,0,0,845,0,0,0,1,1,0
11801,2020,0,0,0,837,0,0,0,1,1,0
11801,2021,0,0,0,759,0,0,0,1,1,0
11801,2022,0,0,0,0,0,0,0,1,1,0
11801,2023,0,0,0,0,0,0,0,1,1,0
10460,2012,1380,160,280,280,160,120,0,1,1,1
10460,2013,1380,200,500,180,100,0,0,1,1,1
10460,2014,1380,200,500,180,100,0,0,1,1,1
10460,2015,1175,90,370,155,80,0,0,1,1,1
10460,2016,1160,128,365,290,160,0,0,1,1,1
10460,2017,1145,122,340,288,168,0,0,1,1,1
10460,2018,1142,110,365,270,160,0,0,1,1,1
10460,2019,1142,110,365,270,160,0,0,1,1,1
10460,2020,1132,103,353,283,165,0,0,1,1,1
10460,2021,1134,99,347,292,183,0,0,3a,3a,1
10460,2022,1135,95,340,300,200,0,0,1,1,1
10460,2023,1135,95,340,300,200,0,0,3a,3a,1
10461,2012,1361,276,821,572,0,426,0,1,1,1
10461,2013,1353,274,789,565,0,425,0,1,1,1
10461,2014,1345,202,450,419,0,0,0,1,1,1
10461,2015,1440,279,933,661,0,470,0,1,1,1
10461,2016,1408,311,898,643,0,454,0,1,1,1
10461,2017,1300,250,750,550,0,300,0,1,1,1
10461,2018,1275,250,650,450,0,200,0,1,1,1
10461,2019,1270,248,637,446,0,198,0,1,1,1
10461,2020,1255,245,620,440,0,200,0,1,1,1
10461,2021,1250,250,600,450,0,150,0,1,1,1
10461,2022,1260,240,625,400,0,0,0,1,1,1
10461,2023,1260,240,625,400,0,0,0,3a,3a,1
10462,2012,1270,255,685,264,144,130,0,1,1,1
10462,2013,1261,244,0,0,0,0,0,1,1,1
10462,2014,1265,245,0,0,0,0,0,1,1,1
10462,2015,1272,253,685,264,81,39,0,1,1,1
10462,2016,1270,256,679,670,87,41,0,1,1,1
10462,2017,1265,250,667,670,85,40,0,1,1,1
10462,2018,2009,244,358,0,142,68,0,1,1,1
10462,2019,2002,248,342,0,0,0,0,1,1,1
10462,2020,2005,250,340,0,0,0,0,1,1,1
10462,2021,2100,267,352,0,0,0,0,1,1,1
10462,2022,1438,204,376,0,0,0,0,1,1,1
10462,2023,1414,190,358,0,0,0,0,1,1,1
10463,2012,717,94,273,260,72,29,0,1,1,1
10463,2013,700,85,265,260,70,25,0,1,1,1
10463,2014,720,90,270,245,65,20,0,1,1,1
10463,2015,700,80,280,345,68,30,0,1,1,1
10463,2016,731,107,292,341,68,0,0,1,1,1
10463,2017,748,120,279,334,77,0,0,1,1,1
10463,2018,731,97,292,292,73,0,0,1,1,1
10463,2019,23,0,463,48,0,0,0,1,1,1
10463,2020,0,0,438,0,0,0,0,1,1,0
10463,2021,0,0,365,0,0,0,0,1,1,0
10463,2022,0,0,357,0,0,0,0,1,1,0
10463,2023,0,0,536,0,0,0,0,1,1,0
10464,2012,1400,268,300,350,275,0,0,1,1,1
10464,2013,1380,288,260,380,278,0,0,1,1,1
10464,2014,1411,257,0,260,120,250,0,1,1,1
10464,2015,1411,257,0,260,120,250,0,3a,3a,1
10464,2016,762,130,100,150,150,0,0,1,1,1
10464,2017,800,100,200,170,90,0,0,1,1,1
10464,2018,800,125,130,50,105,80,0,1,1,1
10464,2019,1000,170,300,200,260,100,0,1,1,1
10464,2020,1050,190,275,296,298,180,0,1,1,1
10464,2021,1200,150,192,313,278,120,0,1,1,1
10464,2022,1100,150,390,365,400,300,0,1,1,1
10464,2023,814,155,518,259,127,93,0,1,1,1
10465,2012,1100,140,700,500,200,0,0,1,1,1
10465,2013,1200,100,750,550,200,0,0,1,1,1
10465,2014,1210,95,756,555,195,0,0,1,1,1
10465,2015,1200,95,780,560,190,0,0,1,1,1
10465,2016,1208,102,731,594,146,0,0,1,1,1
10465,2017,1852,195,744,588,162,0,0,1,1,1
10465,2018,1855,193,741,594,166,0,0,1,1,1
10465,2019,1847,185,736,589,157,0,0,1,1,1
10465,2020,1842,169,742,609,134,0,0,1,1,1
10465,2021,1850,165,739,614,138,0,0,1,1,1
10465,2022,1836,187,731,596,151,0,0,1,1,1
10465,2023,1755,204,706,633,156,0,0,1,1,1
10466,2012,721,71,85,97,71,102,0,1,1,1
10466,2013,721,79,85,97,71,102,0,1,1,1
10466,2014,721,79,85,97,71,102,0,1,1,1
10466,2015,721,79,85,97,71,102,0,1,1,1
10466,2016,721,79,85,97,71,102,0,1,1,1
10466,2017,721,79,85,97,71,102,0,1,1,1
10466,2018,721,79,85,97,71,102,0,1,1,1
10466,2019,0,0,0,0,0,0,0,1,1,0
10466,2020,722,66,210,375,131,0,0,1,1,1
10466,2021,695,70,190,350,130,0,0,1,1,1
10466,2022,695,70,190,350,130,0,0,1,1,1
10466,2023,0,200,400,136,64,0,0,1,1,0
10467,2012,1390,200,300,392,287,290,0,1,1,1
10467,2013,1385,204,294,388,290,296,0,1,1,1
10467,2014,1383,203,122,256,530,175,0,1,1,1
10467,2015,1383,203,122,256,530,175,0,1,1,1
10467,2016,1395,133,107,295,439,248,0,1,1,1
10467,2017,1375,150,150,320,290,250,0,1,1,1
10467,2018,1388,157,172,331,205,98,0,1,1,1
10467,2019,1380,163,168,342,201,96,0,1,1,1
10467,2020,1382,166,175,348,195,93,0,1,1,1
10467,2021,1395,155,170,361,197,94,0,1,1,1
10467,2022,1312,182,192,373,205,98,0,1,1,1
10467,2023,1293,170,184,361,0,295,0,1,1,1
10468,2012,1100,120,416,336,115,159,0,1,1,1
10468,2013,1250,150,472,378,109,153,0,1,1,1
10468,2014,1250,150,472,378,109,153,0,1,1,1
10468,2015,1250,150,460,370,169,81,0,1,1,1
10468,2016,1245,152,455,371,163,77,0,1,1,1
10468,2017,0,0,450,360,0,0,0,1,1,0
10468,2018,0,0,0,0,0,0,0,2a,2a,0
10468,2019,0,0,0,0,0,0,0,2a,2a,0
10468,2020,0,0,0,0,0,0,0,2a,2a,0
10468,2021,0,0,0,0,0,0,0,2a,2a,0
10468,2022,0,0,0,0,0,0,0,2a,2a,0
10468,2023,0,0,0,0,0,0,0,2a,2a,0
10469,2012,940,165,350,765,325,405,0,1,1,1
10469,2013,940,165,350,765,325,405,0,1,1,1
10469,2014,940,165,350,765,325,405,0,1,1,1
10469,2015,945,170,340,755,315,405,0,1,1,1
10469,2016,959,172,351,767,312,407,0,1,1,1
10469,2017,951,169,347,761,307,401,0,1,1,1
10469,2018,1248,217,376,782,301,398,0,1,1,1
10469,2019,1209,200,372,760,281,383,0,1,1,1
10469,2020,1209,206,369,763,276,380,0,1,1,1
10469,2021,1209,206,369,763,276,380,0,1,1,1
10469,2022,1200,200,370,750,275,380,0,1,1,1
10469,2023,1200,190,350,750,275,375,0,1,1,1
11898,2012,0,0,0,0,0,0,0,3g,3g,0
11898,2013,0,0,0,0,0,0,0,3g,3g,0
11898,2014,0,0,0,0,0,0,0,3g,3g,0
11898,2015,0,0,0,0,0,0,0,3g,3g,0
11898,2016,0,0,0,0,0,0,0,3g,3g,0
11898,2017,0,0,0,0,0,0,0,2e,2e,0
11898,2018,0,0,0,0,0,0,0,2e,2e,0
11898,2019,0,0,0,0,0,0,0,2e,2e,0
11898,2020,0,0,0,0,0,0,0,2e,2e,0
11898,2021,0,0,0,0,0,0,0,2e,2e,0
11898,2022,0,0,0,0,0,0,0,2e,2e,0
11898,2023,0,0,0,0,0,0,0,2e,2e,0
10470,2012,225,60,60,60,30,30,0,1,1,1
10470,2013,223,60,55,55,30,28,0,3a,3a,1
10470,2014,220,60,50,50,30,25,0,1,1,1
10470,2015,220,60,50,50,30,25,0,3a,3a,1
10470,2016,0,0,0,440,0,0,0,1,1,0
10470,2017,0,0,0,440,0,0,0,1,1,0
10470,2018,0,0,0,0,0,0,0,1,1,0
10470,2019,0,0,0,0,0,0,0,1,1,0
10470,2020,0,0,0,0,0,0,0,1,1,0
10470,2021,0,0,0,0,0,0,0,1,1,0
10470,2022,0,0,0,0,0,0,0,1,1,0
10470,2023,0,0,0,0,0,0,0,1,1,0
10471,2012,3520,565,1895,1500,535,775,0,3a,3a,1
10471,2013,3520,565,1895,1500,535,775,0,1,1,1
10471,2014,3565,550,1694,1440,539,668,0,3a,3a,1
10471,2015,3610,535,1492,1380,542,561,0,1,1,1
10471,2016,3850,435,1452,1385,555,580,0,1,1,1
10471,2017,4019,439,1467,1275,930,625,0,3a,3a,1
10471,2018,4187,442,1481,1164,1304,669,0,1,1,1
10471,2019,3770,537,1601,1410,657,698,0,1,1,1
10471,2020,3760,530,1590,1400,650,690,0,1,1,1
10471,2021,4210,465,1620,1510,720,690,0,1,1,1
10471,2022,4214,475,1590,1400,650,690,0,1,1,1
10471,2023,4225,450,1600,1520,700,680,0,1,1,1
10472,2012,0,0,0,0,0,0,0,1,1,0
10472,2013,0,0,0,0,0,0,0,2a,2b,0
10472,2014,0,0,0,0,0,0,0,2a,2b,0
10472,2015,0,0,0,0,0,0,0,2a,2b,0
10472,2016,0,0,0,0,0,0,0,2a,2b,0
10472,2017,0,0,0,0,0,0,0,2a,2b,0
10472,2018,0,0,0,0,0,0,0,2a,2b,0
10472,2019,0,0,0,0,0,0,0,2a,2b,0
10472,2020,0,0,0,0,0,0,0,2a,2b,0
10472,2021,0,0,0,0,0,0,0,2a,2b,0
10472,2022,0,0,0,0,0,0,0,2a,2b,0
10472,2023,0,0,0,0,0,0,0,2a,2b,0
10473,2012,400,50,60,70,60,50,0,1,1,1
10473,2013,0,0,0,0,0,0,0,1,1,0
10473,2014,0,250,250,0,0,0,0,2c,3a,0
10473,2015,0,250,250,0,0,0,0,2c,3a,0
10473,2016,0,250,250,0,0,0,0,2c,3a,0
10473,2017,0,250,250,0,0,0,0,2c,3a,0
10473,2018,0,250,250,0,0,0,0,2c,3a,0
10473,2019,0,250,250,0,0,0,0,1,1,0
10473,2020,0,255,245,0,0,0,0,1,1,0
10473,2021,0,255,245,0,0,0,0,1,1,0
10473,2022,0,250,240,0,0,0,0,1,1,0
10473,2023,0,245,235,0,0,0,0,1,1,0
10474,2012,500,120,200,200,75,75,0,1,1,1
10474,2013,300,78,100,100,40,40,0,1,1,1
10474,2014,150,20,50,50,20,20,0,1,1,1
10474,2015,0,0,0,0,0,0,10,2a,3a,0
10474,2016,0,0,0,0,0,0,10,2a,3a,0
10474,2017,0,0,0,0,0,0,10,2a,3a,0
10474,2018,0,0,0,0,0,0,10,2a,3a,0
10474,2019,0,0,0,0,0,0,10,2a,3a,0
10474,2020,0,0,0,0,0,0,10,2a,3a,0
10474,2021,0,0,0,0,0,0,0,2a,2e,0
10474,2022,0,0,0,0,0,0,0,2a,2e,0
10474,2023,0,0,0,0,0,0,0,2a,2e,0
10475,2012,1906,303,119,88,336,160,0,1,1,1
10475,2013,1300,280,242,178,0,0,0,1,1,1
10475,2014,1690,230,196,144,64,31,0,1,1,1
10475,2015,1670,280,0,0,64,31,0,1,1,1
10475,2016,1500,270,41,31,203,97,0,1,1,1
10475,2017,1500,322,224,166,98,47,0,1,1,1
10475,2018,1300,222,104,76,176,84,0,1,1,1
10475,2019,1400,240,242,178,0,0,0,1,1,1
10475,2020,1432,332,360,266,0,0,0,1,1,1
10475,2021,1700,290,158,116,102,48,0,1,1,1
10475,2022,1700,290,142,105,102,48,0,1,1,1
10475,2023,1700,290,142,105,102,48,0,1,1,1
10476,2012,801,127,445,328,83,40,0,1,1,1
10476,2013,780,130,230,170,213,102,0,1,1,1
10476,2014,0,0,445,455,0,0,0,1,1,0
10476,2015,0,0,371,379,0,0,0,1,1,0
10476,2016,0,0,346,354,0,0,0,1,1,0
10476,2017,0,0,346,354,0,0,0,1,1,0
10476,2018,0,0,346,354,0,0,0,1,1,0
10476,2019,0,0,346,354,0,0,0,1,1,0
10476,2020,0,0,346,354,0,0,0,2c,3a,0
10476,2021,0,0,0,0,0,0,0,2a,2a,0
10476,2022,0,0,0,0,0,0,0,2a,2a,0
10476,2023,0,0,0,0,0,0,0,2a,2a,0
10477,2012,450,50,115,120,50,45,0,1,1,1
10477,2013,450,50,115,120,50,45,0,1,1,1
10477,2014,500,82,115,120,50,45,0,1,1,1
10477,2015,500,82,115,120,50,45,0,1,1,1
10477,2016,500,82,115,120,50,45,0,1,1,1
10477,2017,500,82,115,120,50,45,0,1,1,1
10477,2018,500,82,115,120,50,45,0,1,1,1
10477,2019,500,82,115,120,50,45,0,1,1,1
10477,2020,500,82,115,120,50,45,0,1,1,1
10477,2021,400,58,115,120,50,45,0,1,1,1
10477,2022,400,58,115,120,50,45,0,1,1,1
10477,2023,400,58,115,120,50,45,0,1,1,1
10478,2012,880,166,72,0,211,0,0,1,1,1
10478,2013,880,166,72,0,211,0,0,1,1,1
10478,2014,777,100,90,180,165,0,0,1,1,1
10478,2015,785,85,85,165,170,0,0,1,1,1
10478,2016,778,154,92,197,170,0,0,1,1,1
10478,2017,780,80,85,160,170,0,0,1,1,1
10478,2018,780,80,85,160,170,0,0,1,1,1
10478,2019,776,80,90,60,70,0,0,1,1,1
10478,2020,768,85,100,60,70,0,0,1,1,1
10478,2021,764,82,100,50,60,0,0,1,1,1
10478,2022,765,80,100,50,60,0,0,1,1,1
10478,2023,770,70,100,50,50,0,0,1,1,1
10479,2012,0,0,0,100,0,0,0,1,1,0
10479,2013,0,0,0,100,0,0,0,2a,3a,0
10479,2014,0,0,0,100,0,0,0,2a,3a,0
10479,2015,0,0,0,100,0,0,0,2a,3a,0
10479,2016,0,0,0,100,0,0,0,2a,3a,0
10479,2017,0,0,0,100,0,0,0,2a,3a,0
10479,2018,0,0,0,100,0,0,0,2a,3a,0
10479,2019,0,0,0,100,0,0,0,2a,3a,0
10479,2020,0,0,0,100,0,0,0,2a,3a,0
10479,2021,0,0,0,100,0,0,0,2a,3a,0
10479,2022,0,0,0,100,0,0,0,2a,3a,0
10479,2023,0,0,0,100,0,0,0,2a,3a,0
11802,2019,0,0,0,0,0,0,85,1,1,0
11802,2020,0,30,0,0,0,0,80,1,1,0
11802,2021,0,30,0,0,0,0,80,1,1,0
11802,2022,0,10,0,0,0,0,75,1,1,0
11802,2023,0,0,0,0,0,0,0,1,1,0
10480,2012,750,150,300,160,0,0,0,1,1,1
10480,2013,750,173,350,280,0,0,0,3a,3a,1
10480,2014,750,195,400,400,0,0,0,1,1,1
10480,2015,997,165,340,385,0,0,0,1,1,1
10480,2016,1023,195,365,390,0,0,0,1,1,1
10480,2017,1106,117,392,411,0,0,0,1,1,1
10480,2018,1082,112,385,394,0,0,0,1,1,1
10480,2019,1072,107,375,365,146,0,0,1,1,1
10480,2020,1082,185,365,370,146,0,0,1,1,1
10480,2021,1092,193,360,365,151,0,0,1,1,1
10480,2022,0,0,0,0,0,0,0,1,1,0
10480,2023,0,0,0,511,236,0,0,1,1,0
10481,2012,2200,410,952,763,325,0,0,1,1,1
10481,2013,2200,410,952,763,325,0,0,1,1,1
10481,2014,2200,410,952,763,325,0,0,1,1,1
10481,2015,2610,319,954,844,386,0,0,1,1,1
10481,2016,2610,310,954,844,386,0,0,1,1,1
10481,2017,2546,310,954,844,386,0,0,1,1,1
10481,2018,2546,310,954,844,386,0,0,1,1,1
10481,2019,2665,310,1100,915,375,0,0,1,1,1
10481,2020,2735,374,1269,1079,422,0,0,1,1,1
10481,2021,2829,430,1006,1195,410,0,0,1,1,1
10481,2022,2789,401,835,1178,487,0,0,1,1,1
10481,2023,2789,401,835,1178,487,0,0,1,1,1
10482,2012,1357,225,575,520,115,0,0,1,1,1
10482,2013,1350,220,550,510,110,0,0,1,1,1
10482,2014,1345,225,560,500,115,0,0,1,1,1
10482,2015,1300,300,565,445,120,0,0,1,1,1
10482,2016,1533,250,627,613,188,0,0,1,1,1
10482,2017,1526,257,617,628,196,0,0,1,1,1
10482,2018,1521,156,477,633,149,0,0,1,1,1
10482,2019,1528,199,466,629,147,0,0,1,1,1
10482,2020,1511,204,438,604,149,0,0,1,1,1
10482,2021,1516,209,433,609,154,0,0,1,1,1
10482,2022,1509,117,438,602,148,0,0,1,1,1
10482,2023,1656,123,428,292,242,0,0,1,1,1
10483,2012,510,105,105,280,80,0,0,1,1,1
10483,2013,570,120,255,466,143,0,0,1,1,1
10483,2014,570,120,120,320,95,0,0,1,1,1
10483,2015,570,120,120,320,95,0,0,1,1,1
10483,2016,0,0,0,0,0,0,0,1,1,0
10483,2017,0,0,0,0,0,0,0,1,1,0
10483,2018,0,0,0,0,0,0,0,2b,2a,0
10483,2019,0,0,0,0,0,0,0,2b,2a,0
10483,2020,0,0,0,0,0,0,0,2b,2a,0
10483,2021,0,0,0,0,0,0,0,2b,2a,0
10483,2022,0,0,0,0,0,0,0,2b,2a,0
10483,2023,0,0,0,0,0,0,0,2b,2a,0
10484,2012,238,90,0,0,0,0,0,1,1,1
10484,2013,0,0,0,0,0,0,0,2a,2e,0
10484,2014,0,0,0,0,0,0,0,2a,2e,0
10484,2015,0,0,0,0,0,0,0,2a,2e,0
10484,2016,0,0,0,0,0,0,0,2a,2e,0
10484,2017,0,0,0,0,0,0,0,2a,2e,0
10484,2018,0,0,0,0,0,0,0,2a,2e,0
10484,2019,0,0,0,0,0,0,0,2a,2e,0
10484,2020,0,0,0,0,0,0,0,2a,2e,0
10484,2021,0,0,0,0,0,0,0,2a,2e,0
10484,2022,0,0,0,0,0,0,0,2a,2e,0
10484,2023,0,0,0,0,0,0,0,2a,2e,0
10485,2012,740,100,0,0,0,0,0,3a,3a,1
10485,2013,740,100,0,0,0,0,0,1,1,1
10485,2014,740,100,0,0,0,0,0,3a,3a,1
10485,2015,740,100,0,0,0,0,0,1,1,1
10485,2016,560,65,0,0,0,0,0,1,1,1
10485,2017,785,56,239,239,151,72,0,1,1,1
10485,2018,773,61,244,249,148,71,0,1,1,1
10485,2019,0,0,0,0,0,0,0,1,1,0
10485,2020,0,0,0,0,0,0,0,2c,2c,0
10485,2021,0,0,0,0,0,0,0,2c,2c,0
10485,2022,0,0,0,0,0,0,0,2c,2c,0
10485,2023,0,0,0,0,0,0,0,2c,2c,0
10486,2012,300,60,0,40,26,0,0,1,1,1
10486,2013,300,60,0,40,26,0,0,1,1,1
10486,2014,300,60,0,40,26,0,0,1,1,1
10486,2015,300,60,65,0,0,0,0,1,1,1
10486,2016,300,60,65,0,0,0,0,1,1,1
10486,2017,300,60,65,0,0,0,0,1,1,1
10486,2018,300,60,65,0,0,0,0,1,1,1
10486,2019,300,60,65,0,0,0,0,1,1,1
10486,2020,300,60,65,0,0,0,0,1,1,1
10486,2021,300,60,65,0,0,0,0,1,1,1
10486,2022,300,60,65,0,0,0,0,1,1,1
10486,2023,300,60,65,0,0,0,0,1,1,1
11860,2012,0,0,0,0,0,0,0,2c,2c,0
11860,2013,0,0,0,0,0,0,0,2c,2c,0
11860,2014,0,0,0,0,0,0,0,1,1,0
11860,2015,0,23,251,281,255,100,204,1,1,0
11860,2016,0,0,0,0,0,0,0,1,1,0
11860,2017,0,26,282,316,287,112,228,2c,3a,0
11860,2018,0,52,564,632,574,225,455,2c,3a,0
11860,2019,0,77,846,947,860,337,683,2c,3a,0
11860,2020,0,103,1128,1263,1147,449,910,1,1,0
11860,2021,0,18,193,216,197,77,156,1,1,0
11860,2022,0,30,333,373,339,133,268,1,1,0
11860,2023,0,28,310,347,315,125,250,1,1,0
11954,2012,0,0,0,0,0,0,0,2b,2b,0
11954,2013,0,0,0,0,0,0,0,2b,2b,0
11954,2014,0,0,0,0,0,0,0,2b,2b,0
11954,2015,0,0,0,0,0,0,0,2b,2b,0
11954,2016,0,0,0,0,0,0,0,2b,2b,0
11954,2017,0,0,0,0,0,0,0,2b,2b,0
11954,2018,0,0,0,0,0,0,0,2b,2b,0
11954,2019,0,0,0,0,0,0,0,2b,2b,0
11954,2020,0,0,0,0,0,0,0,2b,2b,0
11954,2021,0,0,0,0,0,0,0,2b,2b,0
11954,2022,0,0,0,0,0,0,0,2b,2b,0
11954,2023,0,0,0,0,0,0,0,2b,2b,0
10487,2012,635,89,271,232,85,0,0,1,1,1
10487,2013,500,90,250,200,80,0,0,1,1,1
10487,2014,510,92,248,205,82,0,0,1,1,1
10487,2015,505,98,262,203,85,0,0,1,1,1
10487,2016,503,97,265,198,89,0,0,1,1,1
10487,2017,506,96,261,215,92,0,0,1,1,1
10487,2018,670,95,270,230,95,0,0,1,1,1
10487,2019,663,85,250,94,80,0,0,1,1,1
10487,2020,666,87,255,96,84,0,0,1,1,1
10487,2021,660,84,246,92,76,0,0,1,1,1
10487,2022,660,90,0,100,100,0,0,1,1,1
10487,2023,665,89,250,95,75,0,0,1,1,1
10488,2012,280,48,13,40,25,25,0,1,1,1
10488,2013,273,50,15,37,37,18,0,1,1,1
10488,2014,0,0,0,0,0,0,0,2b,2b,0
10488,2015,0,0,0,0,0,0,0,2b,2b,0
10488,2016,0,0,0,0,0,0,0,2b,2b,0
10488,2017,0,0,0,0,0,0,0,2b,2b,0
10488,2018,0,0,0,0,0,0,0,2b,2b,0
10488,2019,0,0,0,0,0,0,0,2b,2b,0
10488,2020,0,0,0,0,0,0,0,2b,2b,0
10488,2021,0,0,0,0,0,0,0,2b,2b,0
10488,2022,0,0,0,0,0,0,0,2b,2b,0
10488,2023,0,0,0,0,0,0,0,2b,2b,0
11955,2019,0,0,0,0,0,0,0,2a,2a,0
11955,2020,0,0,0,0,0,0,0,2a,2a,0
11955,2021,0,0,0,0,0,0,0,2a,2a,0
11955,2022,0,0,0,0,0,0,0,2a,2a,0
11955,2023,0,0,0,0,0,0,0,2a,2a,0
11698,2019,0,0,500,888,679,0,0,1,1,0
11698,2020,0,0,490,800,650,0,0,1,1,0
11698,2021,0,0,490,1900,0,1438,0,1,1,0
11698,2022,0,0,500,1960,0,1440,0,1,1,0
11698,2023,0,0,0,1460,990,980,0,1,1,0
10489,2012,320,52,50,0,0,0,0,1,1,1
10489,2013,322,45,50,0,0,0,0,1,1,1
10489,2014,320,45,50,0,0,0,0,1,1,1
10489,2015,320,45,50,0,0,0,0,1,1,1
10489,2016,320,45,50,0,0,0,0,1,1,1
10489,2017,310,40,50,0,0,0,0,1,1,1
10489,2018,325,50,55,0,0,0,0,1,1,1
10489,2019,328,53,58,0,0,0,0,1,1,1
10489,2020,320,50,52,0,0,0,0,1,1,1
10489,2021,325,55,58,0,0,0,0,1,1,1
10489,2022,0,208,0,0,0,0,0,1,1,0
10489,2023,0,208,0,0,0,0,0,1,1,0
11956,2012,0,0,0,0,0,0,0,2a,3g,0
11956,2013,0,0,0,0,0,0,0,2a,3g,0
11956,2014,0,0,0,0,0,0,0,2a,3g,0
11956,2015,0,0,0,0,0,0,0,2a,3g,0
11956,2016,0,0,0,0,0,0,0,2a,3g,0
11956,2017,0,0,0,0,0,0,0,2a,3g,0
11956,2018,0,0,0,0,0,0,0,2a,3g,0
11956,2019,0,0,0,0,0,0,0,2a,3g,0
11956,2020,0,0,0,0,0,0,0,2a,3g,0
11956,2021,0,0,0,0,0,0,0,2a,3g,0
11956,2022,0,0,0,0,0,0,0,2a,3g,0
11956,2023,0,0,0,0,0,0,0,2a,3g,0
10490,2012,1280,200,345,255,203,97,0,1,1,1
10490,2013,0,0,0,0,0,0,0,2e,2e,0
10490,2014,0,0,0,0,0,0,0,2e,2e,0
10490,2015,0,0,297,303,0,0,0,2c,3a,0
10490,2016,0,0,297,303,0,0,0,1,1,0
10490,2017,0,0,297,303,0,0,0,1,1,0
10490,2018,0,0,297,303,0,0,0,1,1,0
10490,2019,0,0,247,253,0,0,0,1,1,0
10490,2020,0,0,247,253,0,0,0,1,1,0
10490,2021,0,0,247,253,0,0,0,1,1,0
10490,2022,0,0,148,152,0,0,0,1,1,0
10490,2023,0,0,99,101,0,0,0,1,1,0
11957,2012,0,0,0,0,0,0,0,2a,3g,0
11957,2013,0,0,0,0,0,0,0,2a,3g,0
11957,2014,0,0,0,0,0,0,0,2a,3g,0
11957,2015,0,0,0,0,0,0,0,2a,3g,0
11957,2016,0,0,0,0,0,0,0,2a,3g,0
11957,2017,0,0,0,0,0,0,0,2a,3g,0
11957,2018,0,0,0,0,0,0,0,2a,3g,0
11957,2019,0,0,0,0,0,0,0,2a,3g,0
11957,2020,0,0,0,0,0,0,0,2a,3g,0
11957,2021,0,0,0,0,0,0,0,2a,3g,0
11957,2022,0,0,0,0,0,0,0,2a,3g,0
11957,2023,0,0,0,0,0,0,0,2a,3g,0
10491,2012,547,86,182,235,66,67,0,1,1,1
10491,2013,300,0,0,200,100,0,0,1,1,1
10491,2014,330,0,0,300,200,0,0,1,1,1
10491,2015,330,0,0,300,200,0,0,1,1,1
10491,2016,330,0,0,320,230,0,0,1,1,1
10491,2017,330,0,0,320,230,0,0,1,1,1
10491,2018,375,0,0,600,0,0,0,1,1,1
10491,2019,375,0,0,600,0,0,0,1,1,1
10491,2020,375,0,0,600,0,0,0,1,1,1
10491,2021,375,0,0,600,0,0,0,1,1,1
10491,2022,375,0,0,600,0,0,0,1,1,1
10491,2023,375,0,0,600,0,0,0,3a,3a,1
10492,2012,400,20,142,111,48,48,0,1,1,1
10492,2013,300,75,142,111,48,48,0,1,1,1
10492,2014,300,75,140,105,45,45,0,1,1,1
10492,2015,300,75,140,105,45,45,0,1,1,1
10492,2016,0,0,80,850,450,0,0,1,1,0
10492,2017,0,0,80,850,450,0,0,1,1,0
10492,2018,0,0,80,850,450,0,0,1,1,0
10492,2019,0,0,80,660,300,0,0,1,1,0
10492,2020,0,0,230,170,80,225,0,1,1,0
10492,2021,0,0,200,150,75,200,0,1,1,0
10492,2022,0,0,225,125,90,175,0,1,1,0
10492,2023,0,0,200,100,75,150,0,1,1,0
10493,2012,650,130,350,0,0,0,0,3b,3b,1
10493,2013,0,0,0,0,0,0,0,2a,2a,0
10493,2014,0,0,0,0,0,0,0,2a,2a,0
10493,2015,0,0,0,0,0,0,0,2a,2a,0
10493,2016,0,0,0,750,750,750,0,2a,3a,0
10493,2017,0,0,0,750,750,750,0,2a,3a,0
10493,2018,0,0,0,750,750,750,0,2a,3a,0
10493,2019,0,0,0,750,750,750,0,1,1,0
10493,2020,0,0,0,750,750,720,0,1,1,0
10493,2021,0,0,0,759,585,875,0,1,1,0
10493,2022,0,0,0,739,770,874,0,1,1,0
10493,2023,0,0,0,739,770,874,0,2c,3a,0
11767,2019,0,0,0,0,1633,367,0,1,1,0
11767,2020,0,0,0,0,1021,229,0,1,1,0
11767,2021,0,0,0,0,1004,226,0,1,1,0
11767,2022,0,0,0,0,893,200,0,1,1,0
11767,2023,0,0,0,0,880,197,0,1,1,0
10494,2012,329,46,63,45,26,16,0,3a,3a,1
10494,2013,329,46,63,45,26,16,0,3a,3a,1
10494,2014,329,46,63,45,26,16,0,3a,3a,1
10494,2015,329,46,63,45,26,16,0,3a,3a,1
10494,2016,329,46,63,45,26,16,0,1,1,1
10494,2017,329,46,63,45,26,16,0,1,1,1
10494,2018,325,45,52,37,22,14,0,1,1,1
10494,2019,329,46,38,27,16,9,0,1,1,1
10494,2020,329,46,38,27,16,9,0,1,1,1
10494,2021,329,46,10,7,4,4,0,1,1,1
10494,2022,329,46,0,0,0,0,0,1,1,1
10494,2023,329,46,0,0,0,0,0,3a,3a,1
10495,2012,250,0,0,40,0,0,0,1,1,1
10495,2013,250,0,0,42,0,0,0,1,1,1
10495,2014,260,35,0,15,0,0,0,1,1,1
10495,2015,260,35,0,20,0,0,0,1,1,1
10495,2016,260,35,0,20,0,0,0,1,1,1
10495,2017,260,35,0,20,0,0,0,1,1,1
10495,2018,260,35,0,20,0,0,0,1,1,1
10495,2019,260,35,0,20,0,0,0,1,1,1
10495,2020,130,17,0,10,0,0,0,1,1,1
10495,2021,0,0,0,0,0,0,0,2a,2b,0
10495,2022,0,0,0,0,0,0,0,2a,2b,0
10495,2023,0,0,0,0,0,0,0,2a,2b,0
10496,2012,233,40,0,23,20,20,0,3a,3a,1
10496,2013,100,30,0,10,5,5,0,1,1,1
10496,2014,90,9,14,9,9,14,0,1,1,1
10496,2015,90,9,14,9,9,14,0,3a,3a,1
10496,2016,90,9,14,9,9,14,0,3a,3a,1
10496,2017,90,9,14,9,9,14,0,3a,3a,1
10496,2018,90,9,14,9,9,14,0,3a,3a,1
10496,2019,90,9,14,9,9,14,0,3a,3a,1
10496,2020,90,9,14,9,9,14,0,3a,3a,1
10496,2021,90,9,14,9,9,14,0,3a,3a,1
10496,2022,90,9,14,9,9,14,0,3a,3a,1
10496,2023,90,9,14,9,9,14,0,3a,3a,1
10497,2012,500,0,0,0,0,0,0,1,1,1
10497,2013,817,124,0,0,0,0,0,1,1,1
10497,2014,773,188,0,0,0,0,0,1,1,1
10497,2015,800,163,0,0,0,0,0,1,1,1
10497,2016,760,152,0,0,0,0,0,1,1,1
10497,2017,816,166,0,0,0,0,0,1,1,1
10497,2018,832,186,242,178,0,0,0,1,1,1
10497,2019,789,226,252,186,0,0,39,1,1,1
10497,2020,819,184,254,188,0,0,58,1,1,1
10497,2021,834,162,69,51,0,0,0,1,1,1
10497,2022,726,204,360,266,0,0,66,1,1,1
10497,2023,401,141,166,122,0,0,8,1,1,1
11958,2019,0,0,0,0,0,0,0,2a,2a,0
11958,2020,0,0,80,105,0,0,0,1,1,0
11958,2021,0,0,80,105,0,0,0,2c,3a,0
11958,2022,0,0,80,105,0,0,0,2c,3a,0
11958,2023,0,0,80,105,0,0,0,2c,3a,0
10498,2012,402,52,20,45,42,0,0,1,1,1
10498,2013,319,56,18,40,38,0,0,1,1,1
10498,2014,280,36,150,105,30,0,0,1,1,1
10498,2015,280,36,150,105,30,0,0,1,1,1
10498,2016,280,36,150,105,30,0,0,1,1,1
10498,2017,280,36,150,105,30,0,0,1,1,1
10498,2018,280,36,150,105,30,0,0,1,1,1
10498,2019,280,36,150,105,30,0,0,1,1,1
10498,2020,280,36,150,105,30,0,0,1,1,1
10498,2021,280,36,150,105,30,0,0,1,1,1
10498,2022,280,36,150,105,30,0,0,1,1,1
10498,2023,280,36,150,105,0,0,0,1,1,1
10499,2012,240,45,0,0,0,0,0,3a,3a,1
10499,2013,240,45,0,0,0,0,0,1,1,1
10499,2014,240,45,0,0,0,0,0,3a,3a,1
10499,2015,0,0,0,0,4,0,30,2b,3f,0
10499,2016,0,0,0,0,4,0,30,2b,3f,0
10499,2017,0,0,0,0,4,0,30,2b,3f,0
10499,2018,0,0,0,0,4,0,30,2b,3f,0
10499,2019,0,0,0,0,4,0,30,2b,3f,0
10499,2020,0,0,0,0,4,0,30,2b,3f,0
10499,2021,0,0,0,0,4,0,30,2b,3f,0
10499,2022,0,0,0,0,4,0,30,2b,3f,0
10499,2023,0,0,0,0,4,0,30,2b,3f,0
10500,2012,79,11,17,12,7,4,0,1,1,1
10500,2013,83,12,31,22,13,9,0,1,1,1
10500,2014,87,12,46,33,19,12,0,1,1,1
10500,2015,66,9,58,42,24,16,0,1,1,1
10500,2016,79,11,38,27,16,11,0,1,1,1
10500,2017,0,0,16,15,7,2,0,1,1,0
10500,2018,0,0,0,0,0,0,0,1,1,0
10500,2019,0,0,0,0,0,0,0,1,1,0
10500,2020,0,0,0,0,0,0,0,1,1,0
10500,2021,0,0,0,0,0,0,0,1,1,0
10500,2022,0,0,0,0,0,0,0,1,1,0
10500,2023,0,0,0,0,0,0,0,2c,2c,0
10501,2012,3500,700,1600,0,0,0,0,1,1,1
10501,2013,3500,700,0,0,0,0,0,1,1,1
10501,2014,3500,700,0,0,0,0,0,1,1,1
10501,2015,1120,125,0,0,0,0,0,1,1,1
10501,2016,1050,100,0,0,0,0,0,1,1,1
10501,2017,1195,65,516,2945,0,0,0,1,1,1
10501,2018,1127,110,0,0,0,0,0,1,1,1
10501,2019,1191,124,0,0,0,0,0,1,1,1
10501,2020,1246,108,0,0,0,0,0,1,1,1
10501,2021,1223,102,0,0,0,0,0,1,1,1
10501,2022,1227,105,0,0,0,0,0,1,1,1
10501,2023,1223,102,0,0,0,0,0,1,1,1
11959,2019,0,0,0,0,0,0,0,2a,3g,0
11959,2020,0,0,0,0,0,0,0,2a,3g,0
11959,2021,0,0,0,0,0,0,0,2a,3g,0
11959,2022,0,0,0,0,0,0,0,2a,3g,0
11959,2023,0,0,0,0,0,0,0,2a,3g,0
10502,2012,700,200,200,200,150,100,0,1,1,1
10502,2013,700,200,200,200,150,100,0,1,1,1
10502,2014,700,200,200,200,150,100,0,1,1,1
10502,2015,700,200,200,200,150,100,0,1,1,1
10502,2016,700,200,200,200,0,0,0,1,1,1
10502,2017,700,200,200,200,0,0,0,1,1,1
10502,2018,700,200,200,200,0,0,0,1,1,1
10502,2019,700,200,200,200,0,0,0,1,1,1
10502,2020,700,200,200,200,0,0,0,1,1,1
10502,2021,700,200,200,200,0,0,0,1,1,1
10502,2022,700,200,200,200,0,0,0,1,1,1
10502,2023,700,200,200,200,0,0,0,1,1,1
11960,2019,0,0,0,0,0,0,0,2e,2e,0
11960,2020,0,0,0,0,0,0,0,2e,2e,0
11960,2021,0,0,0,0,0,0,0,2e,2e,0
11960,2022,0,0,0,0,0,0,0,2e,2e,0
11960,2023,0,0,0,0,0,0,0,2e,2e,0
10503,2012,360,50,0,30,25,15,0,1,1,1
10503,2013,0,50,0,30,25,15,0,2a,3a,0
10503,2014,0,50,0,30,25,15,0,2a,3a,0
10503,2015,0,50,0,30,25,15,0,2a,3a,0
10503,2016,0,50,0,30,25,15,0,2a,3a,0
10503,2017,0,50,0,30,25,15,0,2a,3a,0
10503,2018,0,50,0,30,25,15,0,2a,3a,0
10503,2019,0,50,0,30,25,15,0,2a,3a,0
10503,2020,0,50,0,30,25,15,0,2a,3a,0
10503,2021,0,50,0,30,25,15,0,2a,3a,0
10503,2022,0,50,0,30,25,15,0,2a,3a,0
10503,2023,0,50,0,30,25,15,0,2a,3a,0
10504,2012,1222,240,350,415,175,250,0,1,1,1
10504,2013,1222,240,350,415,175,250,0,1,1,1
10504,2014,1235,240,350,415,175,250,0,1,1,1
10504,2015,1225,240,350,415,175,250,0,1,1,1
10504,2016,1195,210,50,210,100,250,0,1,1,1
10504,2017,1250,200,0,0,100,250,0,1,1,1
10504,2018,1250,200,0,0,100,250,0,1,1,1
10504,2019,1350,200,0,0,345,525,0,1,1,1
10504,2020,1390,210,0,0,385,525,0,1,1,1
10504,2021,1398,212,0,0,396,535,0,1,1,1
10504,2022,1390,215,0,0,390,540,0,1,1,1
10504,2023,1385,210,0,0,390,545,0,1,1,1
10505,2012,1590,200,1000,230,0,0,0,1,1,1
10505,2013,1590,200,1000,230,0,0,0,1,1,1
10505,2014,1575,220,1000,230,0,0,0,1,1,1
10505,2015,1600,250,1000,400,0,0,0,1,1,1
10505,2016,1600,250,1000,400,0,0,0,1,1,1
10505,2017,1600,250,1000,400,0,0,0,1,1,1
10505,2018,1600,250,1000,400,0,0,0,1,1,1
10505,2019,1600,250,1000,400,0,0,0,1,1,1
10505,2020,1600,250,1000,400,0,0,0,1,1,1
10505,2021,1600,250,1000,400,0,0,0,1,1,1
10505,2022,1600,250,1000,400,0,0,0,1,1,1
10505,2023,1600,250,1000,400,0,0,0,1,1,1
10506,2012,3767,765,1307,910,198,542,0,1,1,1
10506,2013,3980,740,1300,900,195,530,0,1,1,1
10506,2014,4000,735,1310,910,185,515,0,1,1,1
10506,2015,4000,718,1287,976,200,520,0,1,1,1
10506,2016,4062,499,1963,1375,481,589,0,1,1,1
10506,2017,4308,524,2108,1483,468,571,0,1,1,1
10506,2018,4437,609,2130,1493,455,563,0,1,1,1
10506,2019,3926,677,2080,1448,460,546,0,1,1,1
10506,2020,4155,667,2096,1447,463,550,0,1,1,1
10506,2021,4126,669,2091,1442,466,555,0,1,1,1
10506,2022,3997,687,2125,1365,421,531,0,1,1,1
10506,2023,4104,682,2145,1369,414,546,0,1,1,1
10507,2012,763,108,0,0,177,196,0,1,1,1
10507,2013,779,98,0,0,128,140,0,1,1,1
10507,2014,779,98,0,0,128,140,0,1,1,1
10507,2015,779,98,0,0,128,140,0,1,1,1
10507,2016,779,98,0,0,125,140,0,1,1,1
10507,2017,779,98,0,0,125,140,0,1,1,1
10507,2018,780,100,0,0,125,140,0,1,1,1
10507,2019,780,100,0,0,125,140,0,1,1,1
10507,2020,780,100,0,0,125,140,0,1,1,1
10507,2021,780,100,0,0,125,0,0,1,1,1
10507,2022,780,100,0,0,125,0,0,1,1,1
10507,2023,780,100,0,0,125,0,0,1,1,1
10508,2012,1315,230,650,376,75,0,0,1,1,1
10508,2013,1315,198,650,376,75,0,0,1,1,1
10508,2014,1310,203,695,343,240,0,0,3a,3a,1
10508,2015,1305,208,740,309,405,0,0,1,1,1
10508,2016,1305,208,740,309,405,0,0,1,1,1
10508,2017,0,0,0,0,0,0,0,2a,2e,0
10508,2018,0,0,0,0,0,0,0,2a,2e,0
10508,2019,0,0,0,0,0,0,0,2a,2e,0
10508,2020,0,0,0,0,0,0,0,2a,2e,0
10508,2021,0,0,0,0,0,0,0,2a,2e,0
10508,2022,0,0,0,0,0,0,0,2a,2e,0
10508,2023,0,0,0,0,0,0,0,2a,2e,0
10509,2012,1180,320,144,106,0,0,0,1,1,1
10509,2013,1150,300,288,212,0,0,0,1,1,1
10509,2014,1250,300,40,30,27,13,0,1,1,1
10509,2015,1200,300,58,42,0,0,0,1,1,1
10509,2016,1200,207,0,0,54,26,0,1,1,1
10509,2017,1200,287,0,0,54,26,0,1,1,1
10509,2018,1200,287,0,0,54,26,0,1,1,1
10509,2019,1200,287,0,0,54,26,0,1,1,1
10509,2020,0,0,0,0,0,0,0,2a,2a,0
10509,2021,0,0,0,0,0,0,0,2a,2a,0
10509,2022,0,0,0,0,0,0,0,2a,2a,0
10509,2023,0,0,0,0,0,0,0,2a,2a,0
11961,2012,0,0,0,0,0,0,0,3g,3g,0
11961,2013,0,0,0,0,0,0,0,3g,3g,0
11961,2014,0,0,0,0,0,0,0,3g,3g,0
11961,2015,0,0,0,0,0,0,0,3g,3g,0
11961,2016,0,0,0,0,0,0,0,3g,3g,0
11961,2017,0,0,0,0,0,0,0,3g,3g,0
11961,2018,0,0,0,0,0,0,0,3g,3g,0
11961,2019,0,0,0,0,0,0,0,3g,3g,0
11961,2020,0,0,0,0,0,0,0,3g,3g,0
11961,2021,0,0,0,0,0,0,0,3g,3g,0
11961,2022,0,0,0,0,0,0,0,3g,3g,0
11961,2023,0,0,0,0,0,0,0,3g,3g,0
10510,2012,404,56,188,134,79,49,0,3a,3a,1
10510,2013,404,56,188,134,79,49,0,3a,3a,1
10510,2014,404,56,188,134,79,49,0,3a,3a,1
10510,2015,404,56,188,134,79,49,0,3a,3a,1
10510,2016,404,56,188,134,79,49,0,1,1,1
10510,2017,395,55,0,0,0,0,0,1,1,1
10510,2018,395,55,180,128,75,47,0,1,1,1
10510,2019,377,53,175,125,73,47,0,1,1,1
10510,2020,395,55,168,155,70,27,0,1,1,1
10510,2021,395,55,171,123,72,44,0,1,1,1
10510,2022,351,49,167,120,70,43,0,1,1,1
10510,2023,263,37,167,120,70,43,0,1,1,1
11962,2012,0,0,0,0,0,0,0,2a,2e,0
11962,2013,0,0,0,0,0,0,0,2a,2e,0
11962,2014,0,0,0,0,0,0,0,2a,2e,0
11962,2015,0,0,0,0,0,0,0,2a,2e,0
11962,2016,0,0,0,0,0,0,0,2a,2e,0
11962,2017,0,0,0,0,0,0,0,2a,2e,0
11962,2018,0,0,0,0,0,0,0,2a,2e,0
11962,2019,0,0,0,0,0,0,0,2a,2e,0
11962,2020,0,0,0,0,0,0,0,2a,2e,0
11962,2021,0,0,0,0,0,0,0,2a,2e,0
11962,2022,0,0,0,0,0,0,0,2a,2e,0
11962,2023,0,0,0,0,0,0,0,2a,2e,0
10511,2012,500,70,209,149,87,55,0,3a,3a,1
10511,2013,500,70,209,149,87,55,0,3a,3a,1
10511,2014,500,70,209,149,87,55,0,3a,3a,1
10511,2015,500,70,209,149,87,55,0,3a,3a,1
10511,2016,500,70,209,149,87,55,0,1,1,1
10511,2017,500,70,209,149,87,55,0,1,1,1
10511,2018,483,67,0,0,0,0,0,1,1,1
10511,2019,483,67,42,30,17,11,0,1,1,1
10511,2020,579,81,167,120,70,43,0,1,1,1
10511,2021,351,49,209,149,87,55,0,1,1,1
10511,2022,75,10,203,145,85,52,0,1,1,1
10511,2023,48,7,42,30,17,11,0,1,1,1
10512,2012,1085,116,826,535,478,248,0,1,1,1
10512,2013,0,0,0,0,0,0,0,1,1,0
10512,2014,1140,62,33,0,0,0,0,1,1,1
10512,2015,1132,65,40,0,0,0,0,1,1,1
10512,2016,1183,75,1025,0,0,0,0,1,1,1
10512,2017,1196,89,1095,0,0,0,0,1,1,1
10512,2018,1100,80,150,100,50,0,0,1,1,1
10512,2019,1075,95,150,100,100,0,0,1,1,1
10512,2020,1070,90,150,100,100,0,0,1,1,1
10512,2021,1065,95,140,100,100,0,0,1,1,1
10512,2022,1060,95,140,100,100,0,0,1,1,1
10512,2023,1050,95,130,100,100,0,0,1,1,1
10513,2012,179,40,50,32,26,40,0,1,1,1
10513,2013,0,0,0,0,0,0,0,1,1,0
10513,2014,0,0,0,0,0,0,0,2a,2e,0
10513,2015,0,0,0,0,0,0,0,2a,2e,0
10513,2016,0,0,0,0,0,0,0,2a,2e,0
10513,2017,0,0,0,0,0,0,0,2a,2e,0
10513,2018,0,0,0,0,0,0,0,2a,2e,0
10513,2019,0,0,0,0,0,0,0,2a,2e,0
10513,2020,0,0,0,0,0,0,0,2a,2e,0
10513,2021,0,0,0,0,0,0,0,2a,2e,0
10513,2022,0,0,0,0,0,0,0,2a,2e,0
10513,2023,0,0,0,0,0,0,0,2a,2e,0
10514,2012,2691,408,828,479,279,0,0,3a,3a,1
10514,2013,2691,408,828,479,279,0,0,1,1,1
10514,2014,2696,404,807,482,295,0,0,3a,3a,1
10514,2015,2700,400,785,485,310,0,0,1,1,1
10514,2016,2705,471,763,502,333,0,0,1,1,1
10514,2017,2744,490,755,514,342,0,0,1,1,1
10514,2018,2756,464,769,528,355,0,0,1,1,1
10514,2019,3165,438,175,173,170,0,0,1,1,1
10514,2020,3889,677,117,0,0,0,0,1,1,1
10514,2021,3808,731,120,0,0,0,0,1,1,1
10514,2022,3808,726,126,0,0,0,0,1,1,1
10514,2023,3767,780,151,0,0,0,0,1,1,1
10515,2012,850,130,380,280,213,102,0,1,1,1
10515,2013,850,130,380,280,213,102,0,1,1,1
10515,2014,850,130,380,280,213,102,0,1,1,1
10515,2015,850,130,380,280,213,102,0,1,1,1
10515,2016,850,130,380,280,213,102,0,1,1,1
10515,2017,850,130,380,280,213,102,0,1,1,1
10515,2018,856,130,380,280,213,102,0,3a,3a,1
10515,2019,862,130,380,280,213,102,0,3a,3a,1
10515,2020,868,130,380,280,213,102,0,3a,3a,1
10515,2021,874,130,380,280,213,102,0,3a,3a,1
10515,2022,880,130,380,280,213,102,0,1,1,1
10515,2023,880,130,380,280,213,102,0,1,1,1
10516,2012,845,140,200,180,90,80,0,1,1,1
10516,2013,864,125,150,300,0,0,0,1,1,1
10516,2014,864,125,150,300,0,0,0,1,1,1
10516,2015,864,125,150,300,0,0,0,1,1,1
10516,2016,864,125,150,300,0,0,0,1,1,1
10516,2017,864,125,150,300,0,0,0,1,1,1
10516,2018,864,125,150,300,0,0,0,1,1,1
10516,2019,864,125,150,300,0,0,0,1,1,1
10516,2020,864,125,150,300,0,0,0,1,1,1
10516,2021,864,125,150,300,0,0,0,1,1,1
10516,2022,864,125,150,300,0,0,0,1,1,1
10516,2023,864,125,150,300,0,0,0,1,1,1
10517,2012,0,0,0,0,57,13,0,1,1,0
10517,2013,0,0,0,0,41,9,0,1,1,0
10517,2014,0,0,0,0,61,14,155,1,1,0
10517,2015,0,0,0,0,0,0,0,1,1,0
10517,2016,0,0,0,0,0,0,359,2a,3a,0
10517,2017,0,0,0,0,0,0,359,1,1,0
10517,2018,0,0,0,0,0,0,359,2a,3a,0
10517,2019,0,0,0,0,0,0,0,1,1,0
10517,2020,0,0,0,0,0,0,800,1,1,0
10517,2021,0,0,0,0,0,0,800,1,1,0
10517,2022,0,0,0,0,0,0,800,2c,3a,0
10517,2023,0,0,0,0,0,0,800,2c,3a,0
10518,2012,1900,270,450,345,250,300,0,1,1,1
10518,2013,1850,280,450,350,330,380,0,1,1,1
10518,2014,1860,270,440,360,320,390,0,1,1,1
10518,2015,1850,280,440,350,330,0,0,1,1,1
10518,2016,1850,280,400,320,300,0,0,1,1,1
10518,2017,1800,265,401,300,280,0,0,1,1,1
10518,2018,1600,260,400,300,230,0,0,1,1,1
10518,2019,1600,250,400,340,230,0,0,1,1,1
10518,2020,1650,250,400,340,230,0,0,1,1,1
10518,2021,1600,240,200,0,0,0,0,1,1,1
10518,2022,1400,250,220,0,0,0,0,1,1,1
10518,2023,1200,220,200,0,0,0,0,1,1,1
10519,2012,2425,363,1055,697,198,0,0,1,1,1
10519,2013,2439,365,1050,689,205,0,0,1,1,1
10519,2014,2580,310,0,1640,247,0,0,1,1,1
10519,2015,2500,479,1075,700,500,20,0,1,1,1
10519,2016,2439,540,1000,725,550,30,0,1,1,1
10519,2017,2400,350,1000,715,600,40,0,1,1,1
10519,2018,2420,540,1000,725,550,30,0,1,1,1
10519,2019,2409,532,927,712,534,30,0,1,1,1
10519,2020,2415,535,955,720,540,30,0,1,1,1
10519,2021,2412,533,935,715,537,30,0,1,1,1
10519,2022,2412,533,935,715,537,30,0,3a,3a,1
10519,2023,2103,311,1088,962,0,0,0,1,1,1
11878,2012,0,0,0,0,0,0,0,2c,2c,0
11878,2013,0,0,0,0,0,0,0,2c,2c,0
11878,2014,0,0,0,0,0,0,0,1,1,0
11878,2015,0,0,0,0,0,0,0,1,1,0
11878,2016,0,0,0,0,0,0,0,1,1,0
11878,2017,0,0,0,0,0,0,0,2c,2c,0
11878,2018,0,0,0,0,0,0,0,1,1,0
11878,2019,0,0,0,0,0,0,0,1,1,0
11878,2020,0,41,451,505,459,180,364,1,1,0
11878,2021,0,41,451,505,459,180,364,1,1,0
11878,2022,0,0,1,1,1,0,1,1,1,0
11878,2023,0,9,102,114,103,40,82,1,1,0
11777,2019,0,0,7149,5600,13548,15618,0,1,1,0
11777,2020,0,0,7150,5600,13600,15700,0,1,1,0
11777,2021,0,0,10836,7200,7900,9700,0,1,1,0
11777,2022,0,0,4418,9635,6689,19034,0,1,1,0
11777,2023,0,0,4430,9645,6689,19044,0,1,1,0
10520,2012,625,108,574,296,210,157,0,3a,3a,1
10520,2013,625,108,574,296,210,157,0,1,1,1
10520,2014,0,0,0,0,0,0,0,2b,2b,0
10520,2015,0,0,0,0,0,0,0,2a,2b,0
10520,2016,0,0,0,0,0,0,0,2a,2b,0
10520,2017,0,0,0,0,0,0,0,2a,2b,0
10520,2018,0,0,0,0,0,0,0,2a,2b,0
10520,2019,0,0,0,0,0,0,0,2a,2b,0
10520,2020,0,0,0,0,0,0,0,2a,2b,0
10520,2021,0,0,0,0,0,0,0,2a,2b,0
10520,2022,0,0,0,0,0,0,0,2a,2b,0
10520,2023,0,0,0,0,0,0,0,2a,2b,0
10521,2012,0,0,0,0,0,0,0,2b,2b,0
10521,2013,0,0,0,0,0,0,0,1,1,0
10521,2014,0,0,0,0,0,0,0,2b,2b,0
10521,2015,0,0,0,0,0,0,0,2b,2b,0
10521,2016,0,0,0,0,0,0,0,2b,2b,0
10521,2017,0,0,0,0,0,0,0,2b,2b,0
10521,2018,0,0,0,0,0,0,0,2b,2b,0
10521,2019,0,0,0,0,0,0,0,2b,2b,0
10521,2020,0,0,0,0,0,0,0,2b,2b,0
10521,2021,0,0,0,0,0,0,0,2b,2b,0
10521,2022,0,0,0,0,0,0,0,2b,2b,0
10521,2023,0,0,0,0,0,0,0,2b,2b,0
10522,2012,949,119,161,222,121,0,0,1,1,1
10522,2013,952,116,158,224,118,0,0,1,1,1
10522,2014,946,164,350,340,0,0,0,1,1,1
10522,2015,950,165,500,350,0,0,0,1,1,1
10522,2016,950,160,399,295,0,0,0,1,1,1
10522,2017,943,156,389,291,0,0,0,1,1,1
10522,2018,939,162,382,278,0,0,0,1,1,1
10522,2019,1156,225,378,285,0,0,0,1,1,1
10522,2020,1168,236,389,291,0,0,0,1,1,1
10522,2021,1721,302,384,296,0,0,0,1,1,1
10522,2022,1162,237,369,286,0,0,0,1,1,1
10522,2023,1141,220,361,281,0,0,0,1,1,1
11963,2012,650,0,0,0,0,0,0,3b,2a,1
11963,2013,0,0,0,0,0,0,0,2e,2e,0
11963,2014,0,0,0,0,0,0,0,2e,2e,0
11963,2015,0,0,0,0,0,0,0,2e,2e,0
11963,2016,0,0,0,0,0,0,0,2a,2a,0
11963,2017,0,0,0,0,0,0,0,2a,2a,0
11963,2018,0,0,0,0,0,0,0,2a,2a,0
11963,2019,0,0,0,0,0,0,0,2a,2a,0
11963,2020,0,0,0,0,0,0,0,2a,2a,0
11963,2021,0,0,0,0,0,0,0,2a,2a,0
11963,2022,0,0,0,0,0,0,0,2a,2a,0
11963,2023,0,0,0,0,0,0,0,2a,2a,0
10523,2012,180,20,15,25,25,5,0,1,1,1
10523,2013,0,0,15,0,0,0,0,2b,3a,0
10523,2014,0,0,15,0,0,0,0,2b,3a,0
10523,2015,0,0,15,0,0,0,0,2b,3a,0
10523,2016,0,0,15,0,0,0,0,2b,3a,0
10523,2017,0,0,15,0,0,0,0,2b,3a,0
10523,2018,0,0,15,0,0,0,0,2b,3a,0
10523,2019,0,0,15,0,0,0,0,2b,3a,0
10523,2020,0,0,15,0,0,0,0,2b,3a,0
10523,2021,0,0,15,0,0,0,0,2b,3a,0
10523,2022,0,0,15,0,0,0,0,2b,3a,0
10523,2023,0,0,15,0,0,0,0,2b,3a,0
10524,2012,220,0,0,0,0,0,0,3a,2c,1
10524,2013,220,0,0,0,0,0,0,1,1,1
10524,2014,219,0,0,0,0,0,0,3a,2c,1
10524,2015,217,0,0,0,0,0,0,1,1,1
10524,2016,216,0,0,0,0,0,0,1,1,1
10524,2017,210,0,0,0,0,0,0,1,1,1
10524,2018,212,0,0,0,0,0,0,1,1,1
10524,2019,209,0,0,0,0,0,0,1,1,1
10524,2020,212,0,0,0,0,0,0,1,1,1
10524,2021,187,0,0,0,0,0,0,1,1,1
10524,2022,155,0,0,0,0,0,0,1,1,1
10524,2023,165,0,0,0,0,0,0,1,1,1
10525,2012,211,29,63,45,26,16,0,3a,3a,1
10525,2013,211,29,63,45,26,16,0,3a,3a,1
10525,2014,211,29,63,45,26,16,0,3a,3a,1
10525,2015,211,29,63,45,26,16,0,3a,3a,1
10525,2016,211,29,63,45,26,16,0,1,1,1
10525,2017,154,21,0,0,0,0,0,1,1,1
10525,2018,211,29,63,45,26,16,0,1,1,1
10525,2019,154,21,42,30,17,11,0,1,1,1
10525,2020,120,20,38,27,16,9,0,1,1,1
10525,2021,132,18,75,54,31,20,0,1,1,1
10525,2022,120,10,42,30,17,11,0,1,1,1
10525,2023,120,10,42,30,17,11,0,1,1,1
11964,2012,0,0,0,0,0,0,0,2e,3g,0
11964,2013,0,0,0,0,0,0,0,2e,3g,0
11964,2014,0,0,0,0,0,0,0,2e,3g,0
11964,2015,0,0,0,0,0,0,0,2e,3g,0
11964,2016,0,0,0,0,0,0,0,2e,3g,0
11964,2017,0,0,0,0,0,0,0,2e,3g,0
11964,2018,0,0,0,0,0,0,0,2e,3g,0
11964,2019,0,0,0,0,0,0,0,2e,3g,0
11964,2020,0,0,0,0,0,0,0,2e,3g,0
11964,2021,0,0,0,0,0,0,0,2e,3g,0
11964,2022,0,0,0,0,0,0,0,2e,3g,0
11964,2023,0,0,0,0,0,0,0,2e,3g,0
11882,2012,0,201,2191,2452,2227,873,1767,2c,3a,0
11882,2013,0,201,2191,2452,2227,873,1767,2c,3a,0
11882,2014,0,201,2191,2452,2227,873,1767,1,1,0
11882,2015,0,191,2083,2332,2118,830,1680,1,1,0
11882,2016,0,191,2083,2332,2118,830,1680,1,1,0
11882,2017,0,191,2083,2332,2118,830,1680,2c,3a,0
11882,2018,0,191,2083,2332,2118,830,1680,1,1,0
11882,2019,0,227,2477,2773,2518,987,1997,1,1,0
11882,2020,0,237,2592,2901,2634,1032,2090,1,1,0
11882,2021,0,243,2652,2969,2696,1057,2139,1,1,0
11882,2022,0,222,2428,2717,2468,967,1958,1,1,0
11882,2023,0,215,2344,2624,2383,933,1890,1,1,0
10526,2012,465,65,221,158,93,58,0,3a,3a,1
10526,2013,465,65,221,158,93,58,0,3a,3a,1
10526,2014,465,65,221,158,93,58,0,3a,3a,1
10526,2015,465,65,221,158,93,58,0,3a,3a,1
10526,2016,465,65,221,158,93,58,0,1,1,1
10526,2017,465,65,230,164,96,60,0,1,1,1
10526,2018,483,67,230,164,96,60,0,1,1,1
10526,2019,457,63,251,179,105,65,0,1,1,1
10526,2020,483,67,234,167,98,61,0,1,1,1
10526,2021,483,67,234,167,98,61,0,1,1,1
10526,2022,483,67,104,75,44,27,0,1,1,1
10526,2023,492,68,104,75,44,27,0,1,1,1
10527,2012,250,40,100,200,75,6,0,1,1,1
10527,2013,580,42,105,380,120,10,0,1,1,1
10527,2014,580,42,105,380,120,10,0,3a,3a,1
10527,2015,580,42,105,380,120,10,0,1,1,1
10527,2016,580,42,105,380,120,10,0,1,1,1
10527,2017,0,0,0,0,0,0,0,2a,2a,0
10527,2018,0,0,0,0,0,0,0,2a,2a,0
10527,2019,0,0,0,0,0,0,0,2a,2a,0
10527,2020,0,0,0,0,0,0,0,2a,2a,0
10527,2021,0,0,0,0,0,0,0,2a,2a,0
10527,2022,0,0,0,0,0,0,0,2a,2a,0
10527,2023,0,0,0,0,0,0,0,2a,2a,0
11695,2012,0,0,0,0,0,0,0,3g,3g,0
11695,2013,0,0,0,0,0,0,0,3g,3g,0
11695,2014,0,0,0,0,0,0,0,3g,3g,0
11695,2015,0,0,0,0,0,0,0,3g,3g,0
11695,2016,0,0,0,0,0,0,0,3g,3g,0
11695,2017,0,0,0,0,0,0,0,3g,3g,0
11695,2018,0,0,0,0,0,0,0,3g,3g,0
11695,2019,0,0,0,0,0,0,0,3g,3g,0
11695,2020,0,0,0,0,0,0,0,3g,3g,0
11695,2021,0,0,0,0,0,0,0,3g,3g,0
11695,2022,0,0,0,0,0,0,0,3g,3g,0
11695,2023,0,0,0,0,0,0,0,3g,3g,0
10528,2012,1132,110,352,631,0,0,0,1,1,1
10528,2013,1131,104,361,632,0,0,0,1,1,1
10528,2014,1136,116,368,315,636,0,0,1,1,1
10528,2015,1139,108,356,305,561,0,0,1,1,1
10528,2016,1139,108,356,305,561,0,0,1,1,1
10528,2017,1109,105,355,304,622,0,0,1,1,1
10528,2018,1104,106,351,302,609,0,0,1,1,1
10528,2019,1208,0,400,400,0,0,0,1,1,1
10528,2020,1205,0,419,411,0,0,0,1,1,1
10528,2021,1220,0,405,410,0,0,0,1,1,1
10528,2022,1210,0,400,400,0,0,0,1,1,1
10528,2023,1230,0,425,375,0,0,0,1,1,1
10529,2012,430,75,17,13,7,3,0,1,1,1
10529,2013,0,0,0,0,0,0,0,2a,2a,0
10529,2014,0,0,0,0,0,0,0,2a,2a,0
10529,2015,0,0,0,0,0,0,0,2a,2a,0
10529,2016,0,0,0,0,0,0,0,2a,2a,0
10529,2017,0,0,0,0,0,0,0,2a,2a,0
10529,2018,0,0,0,0,0,0,0,2a,2a,0
10529,2019,0,0,0,0,0,0,0,2a,2a,0
10529,2020,0,0,0,0,0,0,0,2a,2a,0
10529,2021,0,0,0,0,0,0,0,2a,2a,0
10529,2022,0,0,0,0,0,0,0,2a,2a,0
10529,2023,0,0,0,0,0,0,0,2a,2a,0
10530,2012,1020,140,370,295,130,150,0,3a,3a,1
10530,2013,1020,140,370,295,130,150,0,1,1,1
10530,2014,1028,137,366,295,130,154,0,3a,3a,1
10530,2015,1035,134,361,294,130,157,0,1,1,1
10530,2016,1038,131,362,291,133,155,0,1,1,1
10530,2017,1033,129,367,284,129,151,0,1,1,1
10530,2018,1026,126,599,429,141,146,0,1,1,1
10530,2019,1028,122,602,468,148,142,0,1,1,1
10530,2020,842,98,563,431,117,121,0,1,1,1
10530,2021,822,90,553,422,121,118,0,1,1,1
10530,2022,769,81,541,416,114,109,0,1,1,1
10530,2023,751,75,547,422,126,117,0,1,1,1
10531,2012,497,92,116,85,96,45,9,1,1,1
10531,2013,472,116,132,97,109,52,0,1,1,1
10531,2014,486,111,125,93,103,49,9,1,1,1
10531,2015,461,128,130,96,128,61,6,1,1,1
10531,2016,450,100,115,85,85,40,10,1,1,1
10531,2017,500,75,173,127,30,15,0,1,1,1
10531,2018,500,80,173,127,25,13,5,3a,3a,1
10531,2019,500,85,173,127,20,10,10,1,1,1
10531,2020,0,0,0,0,0,0,0,1,1,0
10531,2021,0,0,0,0,0,0,0,1,1,0
10531,2022,0,0,0,0,0,0,0,1,1,0
10531,2023,0,0,0,0,0,0,0,2a,2a,0
10532,2012,1300,450,115,85,0,0,0,1,1,1
10532,2013,1300,500,115,85,0,0,0,1,1,1
10532,2014,1300,500,115,85,0,0,0,1,1,1
10532,2015,1300,500,115,85,0,0,0,1,1,1
10532,2016,1300,500,115,85,0,0,0,3a,3a,1
10532,2017,1300,500,115,85,0,0,0,1,1,1
10532,2018,1300,500,115,85,0,0,0,1,1,1
10532,2019,0,0,0,0,0,0,0,2a,2a,0
10532,2020,0,0,0,0,0,0,0,2a,2a,0
10532,2021,0,0,0,0,0,0,0,2a,2a,0
10532,2022,0,0,0,0,0,0,0,2a,2a,0
10532,2023,0,0,0,0,0,0,0,2a,2a,0
10533,2012,430,70,58,42,0,0,0,1,1,1
10533,2013,0,0,0,0,0,0,0,2e,2e,0
10533,2014,0,0,0,0,0,0,0,2e,2e,0
10533,2015,0,0,0,0,0,0,0,2e,2e,0
10533,2016,0,0,0,0,0,0,0,2e,2e,0
10533,2017,0,0,0,0,0,0,0,2e,2e,0
10533,2018,0,0,0,0,0,0,0,2e,2e,0
10533,2019,0,0,0,0,0,0,0,2e,2e,0
10533,2020,0,0,0,0,0,0,0,2e,2e,0
10533,2021,0,0,0,0,0,0,0,2e,2e,0
10533,2022,0,0,0,0,0,0,0,2e,2e,0
10533,2023,0,0,0,0,0,0,0,2e,2e,0
10534,2012,230,30,58,42,0,0,0,1,1,1
10534,2013,0,0,0,0,0,0,0,2e,2e,0
10534,2014,0,0,0,0,0,0,0,2e,2e,0
10534,2015,0,0,0,0,0,0,0,2e,2e,0
10534,2016,0,0,0,0,0,0,0,2e,2e,0
10534,2017,0,0,0,0,0,0,0,2e,2e,0
10534,2018,0,0,0,0,0,0,0,2e,2e,0
10534,2019,0,0,0,0,0,0,0,2e,2e,0
10534,2020,0,0,0,0,0,0,0,2e,2e,0
10534,2021,0,0,0,0,0,0,0,2e,2e,0
10534,2022,0,0,0,0,0,0,0,2e,2e,0
10534,2023,0,0,0,0,0,0,0,2e,2e,0
10535,2012,600,107,180,300,100,100,0,1,1,1
10535,2013,500,100,180,300,100,100,0,1,1,1
10535,2014,500,100,180,300,100,100,0,1,1,1
10535,2015,500,100,180,300,100,100,0,1,1,1
10535,2016,500,100,180,300,100,100,0,1,1,1
10535,2017,600,100,180,300,100,100,0,1,1,1
10535,2018,600,100,180,300,100,100,0,1,1,1
10535,2019,600,100,180,300,100,100,0,1,1,1
10535,2020,600,100,180,300,100,100,0,1,1,1
10535,2021,600,100,180,300,100,100,0,1,1,1
10535,2022,600,100,180,300,100,100,0,1,1,1
10535,2023,600,100,180,300,100,100,0,1,1,1
10536,2012,930,200,250,250,120,0,0,1,1,1
10536,2013,950,200,250,250,120,300,0,1,1,1
10536,2014,950,195,250,160,300,300,0,1,1,1
10536,2015,950,190,260,155,300,300,0,1,1,1
10536,2016,930,180,265,145,300,300,0,1,1,1
10536,2017,1020,120,100,100,50,0,0,1,1,1
10536,2018,900,110,100,100,50,0,0,1,1,1
10536,2019,875,85,100,100,50,0,0,1,1,1
10536,2020,750,75,100,100,50,0,0,1,1,1
10536,2021,0,0,0,0,0,1500,0,1,1,0
10536,2022,0,0,0,0,0,1500,0,1,1,0
10536,2023,0,0,0,0,0,0,0,1,1,0
10537,2012,184,26,84,60,35,21,0,1,1,1
10537,2013,167,23,96,69,40,25,0,1,1,1
10537,2014,88,12,42,30,17,11,0,1,1,1
10537,2015,123,17,63,45,26,16,0,1,1,1
10537,2016,140,20,50,36,21,13,0,1,1,1
10537,2017,114,16,46,33,19,12,0,1,1,1
10537,2018,127,18,63,45,26,16,0,1,1,1
10537,2019,123,17,58,42,24,16,0,1,1,1
10537,2020,125,17,58,42,24,16,0,1,1,1
10537,2021,123,17,58,42,24,16,0,1,1,1
10537,2022,97,13,46,33,19,11,0,1,1,1
10537,2023,114,16,46,34,17,8,0,1,1,1
10538,2012,726,106,298,246,115,0,0,1,1,1
10538,2013,721,106,298,245,115,0,0,1,1,1
10538,2014,730,100,300,200,110,140,0,1,1,1
10538,2015,750,100,300,200,100,125,0,1,1,1
10538,2016,750,100,300,200,100,125,0,1,1,1
10538,2017,760,100,400,250,150,125,0,1,1,1
10538,2018,750,100,425,275,150,100,0,1,1,1
10538,2019,750,100,400,250,150,100,0,1,1,1
10538,2020,750,100,230,250,100,0,0,1,1,1
10538,2021,750,100,250,275,100,0,0,1,1,1
10538,2022,750,100,250,250,100,0,0,1,1,1
10538,2023,750,100,250,250,100,0,0,1,1,1
11688,2012,0,0,0,0,0,0,0,3g,3g,0
11688,2013,0,0,0,0,0,0,0,3g,3g,0
11688,2014,0,0,0,0,0,0,0,3g,3g,0
11688,2015,0,0,0,0,0,0,0,3g,3g,0
11688,2016,0,0,0,0,0,0,0,3g,3g,0
11688,2017,0,0,0,0,0,0,0,3g,3g,0
11688,2018,0,0,0,0,0,0,0,3g,3g,0
11688,2019,0,0,0,0,0,0,0,3g,3g,0
11688,2020,0,0,0,0,0,0,0,3g,3g,0
11688,2021,0,0,0,0,0,0,0,3g,3g,0
11688,2022,0,0,0,0,0,0,0,3g,3g,0
11688,2023,0,0,0,0,0,0,0,3g,3g,0
10539,2012,1400,200,485,350,143,231,0,1,1,1
10539,2013,1400,200,485,350,143,231,0,1,1,1
10539,2014,1400,200,485,350,143,231,0,3a,3a,1
10539,2015,1400,200,485,350,143,231,0,1,1,1
10539,2016,1400,200,485,350,143,231,0,1,1,1
10539,2017,1400,200,485,350,143,231,0,1,1,1
10539,2018,1400,200,560,440,250,0,0,1,1,1
10539,2019,1400,200,560,440,250,0,0,1,1,1
10539,2020,1400,200,560,440,250,0,0,1,1,1
10539,2021,1480,220,600,495,220,0,0,1,1,1
10539,2022,1480,220,600,495,220,0,0,1,1,1
10539,2023,1480,220,600,495,220,0,0,1,1,1
10540,2012,800,165,250,300,100,0,0,1,1,1
10540,2013,700,105,250,180,100,110,0,1,1,1
10540,2014,640,60,185,175,160,150,0,1,1,1
10540,2015,650,60,215,215,100,100,0,1,1,1
10540,2016,500,50,175,175,75,75,0,1,1,1
10540,2017,600,70,236,89,95,83,0,1,1,1
10540,2018,585,40,190,190,150,60,0,1,1,1
10540,2019,560,35,170,170,130,40,0,1,1,1
10540,2020,200,20,100,100,0,0,0,1,1,1
10540,2021,0,0,0,450,0,0,0,1,1,0
10540,2022,0,0,500,0,0,0,0,1,1,0
10540,2023,0,0,150,100,0,0,0,1,1,0
10541,2012,531,74,21,15,9,5,0,1,1,1
10541,2013,373,52,4,3,2,1,0,1,1,1
10541,2014,0,0,0,0,0,0,0,1,1,0
10541,2015,123,17,0,0,0,0,0,1,1,1
10541,2016,140,20,21,15,9,5,0,1,1,1
10541,2017,158,22,0,0,0,0,0,1,1,1
10541,2018,158,22,0,0,0,0,0,1,1,1
10541,2019,219,31,0,0,0,0,0,1,1,1
10541,2020,241,34,0,0,0,0,0,1,1,1
10541,2021,241,34,0,0,0,0,0,1,1,1
10541,2022,262,37,0,0,0,1,0,1,1,1
10541,2023,255,35,0,0,0,0,0,1,1,1
10542,2012,3683,619,1167,1429,0,1785,0,1,1,1
10542,2013,3695,645,1660,1390,500,450,0,1,1,1
10542,2014,3700,635,1665,1400,550,465,0,1,1,1
10542,2015,4000,660,1720,1456,500,500,0,1,1,1
10542,2016,3917,675,1695,1459,508,499,0,1,1,1
10542,2017,3926,655,1707,1474,489,485,0,1,1,1
10542,2018,4006,622,1691,1464,954,1077,0,1,1,1
10542,2019,3992,614,1765,1554,992,1176,0,1,1,1
10542,2020,4835,286,2476,1239,952,1126,0,1,1,1
10542,2021,4845,280,2490,1250,960,1120,0,1,1,1
10542,2022,4840,275,2500,1260,970,1130,0,1,1,1
10542,2023,4855,280,2515,1250,960,1115,0,1,1,1
10543,2012,995,140,425,350,130,0,0,1,1,1
10543,2013,990,120,420,340,125,0,0,1,1,1
10543,2014,1000,110,428,335,120,0,0,1,1,1
10543,2015,990,97,420,310,140,0,0,1,1,1
10543,2016,1072,121,243,0,243,0,0,1,1,1
10543,2017,1088,128,262,0,231,0,0,1,1,1
10543,2018,1130,65,219,0,731,0,0,1,1,1
10543,2019,1123,61,204,0,706,0,0,1,1,1
10543,2020,1116,73,214,0,700,0,0,1,1,1
10543,2021,1118,71,209,0,703,0,0,1,1,1
10543,2022,1111,73,217,0,700,0,0,1,1,1
10543,2023,1087,87,195,0,677,0,0,1,1,1
10544,2012,1100,150,400,400,0,0,0,1,1,1
10544,2013,1721,245,550,400,0,0,0,1,1,1
10544,2014,1725,250,540,415,0,0,0,1,1,1
10544,2015,1700,180,550,430,0,0,0,1,1,1
10544,2016,1789,234,828,877,0,0,0,1,1,1
10544,2017,1774,248,804,889,0,0,0,1,1,1
10544,2018,1828,163,950,994,0,0,0,1,1,1
10544,2019,1815,171,1081,961,0,0,0,1,1,1
10544,2020,1832,157,1179,926,0,0,0,1,1,1
10544,2021,1827,160,1184,921,0,0,0,1,1,1
10544,2022,1815,168,1178,916,0,0,0,1,1,1
10544,2023,1828,195,855,650,273,0,0,1,1,1
10545,2012,900,250,0,0,0,0,0,1,1,1
10545,2013,600,30,150,0,0,0,0,1,1,1
10545,2014,600,40,150,0,0,0,0,1,1,1
10545,2015,600,30,150,0,0,0,0,1,1,1
10545,2016,600,30,150,0,0,0,0,1,1,1
10545,2017,800,150,80,60,0,0,0,1,1,1
10545,2018,800,175,90,75,0,0,0,1,1,1
10545,2019,800,150,80,60,0,0,0,1,1,1
10545,2020,800,150,80,60,0,0,0,1,1,1
10545,2021,800,150,80,0,0,0,0,1,1,1
10545,2022,850,150,80,0,0,0,0,1,1,1
10545,2023,850,150,80,0,0,0,0,1,1,1
11768,2019,0,0,292,340,0,0,0,1,1,0
11768,2020,0,0,0,230,500,0,0,1,1,0
11768,2021,0,0,0,205,525,0,0,1,1,0
11768,2022,0,0,0,225,505,0,0,1,1,0
11768,2023,0,0,0,225,505,0,0,2c,3a,0
10546,2012,281,39,75,54,31,20,0,1,1,1
10546,2013,281,39,84,60,35,21,0,1,1,1
10546,2014,272,38,84,60,35,21,0,1,1,1
10546,2015,262,37,84,60,35,21,0,1,1,1
10546,2016,272,38,84,60,35,21,0,1,1,1
10546,2017,256,36,84,60,35,21,0,1,1,1
10546,2018,255,35,84,60,35,21,0,1,1,1
10546,2019,257,36,84,60,35,21,0,1,1,1
10546,2020,248,34,63,45,26,16,0,1,1,1
10546,2021,246,34,42,30,17,11,0,1,1,1
10546,2022,228,32,48,35,20,13,0,1,1,1
10546,2023,246,34,29,21,34,16,0,1,1,1
10547,2012,1646,358,945,615,0,0,0,3a,3a,1
10547,2013,1642,355,940,620,0,0,0,1,1,1
10547,2014,1633,342,934,629,0,0,0,1,1,1
10547,2015,1633,340,930,620,0,0,0,1,1,1
10547,2016,1770,380,938,626,0,0,0,1,1,1
10547,2017,1850,458,945,633,0,0,0,1,1,1
10547,2018,1875,421,953,648,0,0,0,1,1,1
10547,2019,1884,421,965,658,0,0,0,1,1,1
10547,2020,1870,420,960,700,0,0,0,1,1,1
10547,2021,1915,375,982,710,0,0,0,1,1,1
10547,2022,1922,294,1003,692,0,0,0,1,1,1
10547,2023,1905,282,986,710,0,0,0,1,1,1
10548,2012,1409,231,640,502,246,117,0,3a,3a,1
10548,2013,1409,231,640,502,246,117,0,1,1,1
10548,2014,1411,232,634,506,244,116,0,1,1,1
10548,2015,1406,237,642,498,242,115,0,1,1,1
10548,2016,1415,245,632,506,237,113,0,1,1,1
10548,2017,1419,233,637,511,240,114,0,1,1,1
10548,2018,0,0,1545,0,2543,0,0,1,1,0
10548,2019,0,0,1564,0,2554,0,0,1,1,0
10548,2020,0,0,1262,0,2912,0,0,1,1,0
10548,2021,0,0,1267,0,2925,0,0,1,1,0
10548,2022,0,0,1299,0,2912,0,0,1,1,0
10548,2023,0,0,1389,0,2925,0,0,1,1,0
10549,2012,1410,126,300,0,0,0,0,1,1,1
10549,2013,1320,210,521,0,0,0,0,1,1,1
10549,2014,1320,210,521,0,0,0,0,1,1,1
10549,2015,1300,272,519,0,0,0,0,1,1,1
10549,2016,1299,271,520,0,0,0,0,1,1,1
10549,2017,1307,269,516,0,0,0,0,1,1,1
10549,2018,1303,255,507,133,142,0,0,1,1,1
10549,2019,1306,232,503,129,143,0,0,1,1,1
10549,2020,1287,199,496,124,141,0,0,1,1,1
10549,2021,1287,198,495,123,124,0,0,1,1,1
10549,2022,798,202,0,0,0,0,0,1,1,1
10549,2023,1000,0,0,0,0,0,0,1,1,1
10550,2012,840,113,187,0,0,0,0,1,1,1
10550,2013,436,55,136,0,0,0,0,1,1,1
10550,2014,442,65,142,0,0,0,0,1,1,1
10550,2015,867,100,180,0,0,0,0,1,1,1
10550,2016,0,0,218,1950,390,0,0,1,1,0
10550,2017,0,0,547,547,547,0,0,1,1,0
10550,2018,0,0,536,536,536,0,0,1,1,0
10550,2019,0,0,531,531,531,0,0,1,1,0
10550,2020,0,0,394,204,950,0,0,1,1,0
10550,2021,0,0,424,209,962,0,0,1,1,0
10550,2022,0,0,409,232,891,0,0,1,1,0
10550,2023,0,0,438,24,955,0,0,1,1,0
10551,2012,420,70,0,0,0,0,0,1,1,1
10551,2013,400,60,25,25,0,0,0,1,1,1
10551,2014,420,60,0,60,0,0,0,1,1,1
10551,2015,428,63,0,57,0,0,0,1,1,1
10551,2016,440,60,0,65,0,0,0,1,1,1
10551,2017,470,100,450,200,200,200,0,1,1,1
10551,2018,500,100,450,200,200,200,0,1,1,1
10551,2019,509,89,435,225,210,180,0,1,1,1
10551,2020,515,85,430,225,215,180,0,1,1,1
10551,2021,522,83,425,232,222,174,0,1,1,1
10551,2022,530,85,420,235,225,175,0,1,1,1
10551,2023,545,80,415,240,230,180,0,1,1,1
10552,2012,0,0,0,0,0,0,0,2b,2b,0
10552,2013,0,0,0,0,0,0,0,1,1,0
10552,2014,0,0,0,0,0,0,0,1,1,0
10552,2015,0,0,0,0,0,0,0,1,1,0
10552,2016,0,0,0,0,0,0,0,1,1,0
10552,2017,0,0,0,0,0,0,0,1,1,0
10552,2018,0,0,0,0,0,0,0,1,1,0
10552,2019,0,0,0,0,0,0,0,1,1,0
10552,2020,0,0,0,0,0,0,0,1,1,0
10552,2021,0,0,250,0,0,0,0,1,1,0
10552,2022,0,0,120,100,0,0,0,1,1,0
10552,2023,0,0,123,107,0,0,0,1,1,0
10553,2012,400,60,125,125,50,0,0,1,1,1
10553,2013,499,65,125,125,50,0,0,1,1,1
10553,2014,475,50,125,125,50,0,0,1,1,1
10553,2015,0,0,0,0,0,0,0,2e,2e,0
10553,2016,0,0,0,0,0,0,0,2a,2e,0
10553,2017,0,0,0,0,0,0,0,2a,2e,0
10553,2018,0,0,0,0,0,0,0,2a,2e,0
10553,2019,0,0,0,0,0,0,0,2a,2e,0
10553,2020,0,0,0,0,0,0,0,1,1,0
10553,2021,0,0,0,0,0,0,0,2a,2e,0
10553,2022,0,0,0,0,0,0,0,2a,2e,0
10553,2023,0,0,0,0,0,0,0,2a,2e,0
10554,2012,520,80,80,80,80,60,0,3a,3a,1
10554,2013,300,60,30,50,50,0,0,3a,3a,1
10554,2014,300,60,30,50,50,0,0,1,1,1
10554,2015,300,60,30,50,50,0,0,1,1,1
10554,2016,185,15,100,70,15,10,0,1,1,1
10554,2017,320,30,25,30,50,80,0,1,1,1
10554,2018,350,50,40,100,50,60,0,1,1,1
10554,2019,350,50,80,70,60,80,0,1,1,1
10554,2020,370,50,90,70,60,50,0,1,1,1
10554,2021,400,50,100,100,80,65,0,1,1,1
10554,2022,550,150,105,120,78,58,0,1,1,1
10554,2023,0,0,0,0,0,0,0,1,1,0
10555,2012,1850,150,700,650,280,300,0,1,1,1
10555,2013,1937,308,721,619,298,284,0,1,1,1
10555,2014,1850,250,686,664,260,362,0,1,1,1
10555,2015,1850,250,686,664,260,362,0,1,1,1
10555,2016,1850,250,686,664,260,362,0,1,1,1
10555,2017,1850,250,686,664,260,362,0,1,1,1
10555,2018,1850,250,686,664,260,362,0,1,1,1
10555,2019,1850,250,686,664,260,362,0,1,1,1
10555,2020,1850,250,686,664,260,362,0,1,1,1
10555,2021,1850,250,686,664,260,362,0,1,1,1
10555,2022,1750,250,150,120,180,350,0,1,1,1
10555,2023,1750,250,150,120,180,350,0,1,1,1
11803,2019,0,0,0,0,0,0,1950,1,1,0
11803,2020,0,0,0,0,0,0,1900,1,1,0
11803,2021,0,0,0,0,0,0,1700,1,1,0
11803,2022,0,0,0,0,0,0,1500,1,1,0
11803,2023,0,0,0,0,0,0,1000,1,1,0
10556,2012,450,79,180,200,100,120,0,1,1,1
10556,2013,463,66,200,174,99,100,0,1,1,1
10556,2014,460,68,300,500,250,150,0,1,1,1
10556,2015,470,57,225,400,125,75,0,3a,3a,1
10556,2016,480,45,150,300,0,0,0,1,1,1
10556,2017,470,58,143,308,0,0,0,1,1,1
10556,2018,469,59,140,305,0,0,0,1,1,1
10556,2019,455,70,135,300,0,0,0,1,1,1
10556,2020,465,64,139,293,0,0,0,1,1,1
10556,2021,460,69,140,290,0,0,0,1,1,1
10556,2022,460,69,150,280,0,0,0,1,1,1
10556,2023,453,72,144,286,0,0,0,1,1,1
11965,2012,0,0,0,0,0,0,0,2a,2e,0
11965,2013,0,0,0,0,0,0,0,2a,2e,0
11965,2014,0,0,0,0,0,0,0,2a,2e,0
11965,2015,0,0,0,0,0,0,0,2a,2e,0
11965,2016,0,0,0,0,0,0,0,2a,2e,0
11965,2017,0,0,0,0,0,0,0,2a,2e,0
11965,2018,0,0,0,0,0,0,0,2a,2e,0
11965,2019,0,0,0,0,0,0,0,2a,2e,0
11965,2020,0,0,0,0,0,0,0,2a,2e,0
11965,2021,0,0,0,0,0,0,0,2a,2e,0
11965,2022,0,0,0,0,0,0,0,2a,2e,0
11965,2023,0,0,0,0,0,0,0,2a,2e,0
10557,2012,500,100,150,125,75,0,0,1,1,1
10557,2013,500,100,150,125,75,0,0,3a,3a,1
10557,2014,0,100,150,125,75,0,0,2a,3a,0
10557,2015,0,100,150,125,75,0,0,2a,3a,0
10557,2016,0,0,0,0,0,0,0,2a,2e,0
10557,2017,0,0,0,0,0,0,0,2a,2e,0
10557,2018,0,0,0,0,0,0,0,2a,2e,0
10557,2019,0,0,0,0,0,0,0,2a,2e,0
10557,2020,0,0,0,0,0,0,0,2a,2e,0
10557,2021,0,0,0,0,0,0,0,2a,2e,0
10557,2022,0,0,0,0,0,0,0,2a,2e,0
10557,2023,0,0,0,0,0,0,0,2a,2e,0
10558,2012,300,45,73,170,30,23,0,1,1,1
10558,2013,310,35,111,163,84,72,0,1,1,1
10558,2014,310,35,111,163,84,72,0,1,1,1
10558,2015,270,55,125,189,40,45,0,1,1,1
10558,2016,270,55,125,180,40,45,0,1,1,1
10558,2017,270,55,125,180,36,43,0,1,1,1
10558,2018,270,55,125,180,36,43,0,1,1,1
10558,2019,200,40,125,180,36,40,0,1,1,1
10558,2020,6,2,60,0,0,0,0,1,1,1
10558,2021,0,0,10,0,0,0,0,1,1,0
10558,2022,0,0,0,9,0,0,0,1,1,0
10558,2023,0,0,5,3,0,0,0,1,1,0
10559,2012,482,101,315,160,65,103,0,1,1,1
10559,2013,490,115,312,156,68,101,0,1,1,1
10559,2014,481,112,322,158,65,99,0,1,1,1
10559,2015,497,120,321,165,72,85,0,1,1,1
10559,2016,494,120,318,150,71,88,0,1,1,1
10559,2017,480,100,312,145,70,85,0,1,1,1
10559,2018,483,102,314,146,72,90,0,1,1,1
10559,2019,475,100,315,148,70,89,0,1,1,1
10559,2020,475,100,315,148,70,89,0,3a,3a,1
10559,2021,475,100,315,148,70,89,0,3a,3a,1
10559,2022,475,100,315,148,70,89,0,3a,3a,1
10559,2023,465,120,317,148,70,85,0,1,1,1
10560,2012,2100,365,1200,650,440,650,0,1,1,1
10560,2013,2100,365,1200,650,440,650,0,1,1,1
10560,2014,2200,265,1500,530,570,570,0,1,1,1
10560,2015,2150,275,1500,550,525,550,0,1,1,1
10560,2016,2150,285,1500,550,515,550,0,1,1,1
10560,2017,2200,285,1121,695,523,415,0,1,1,1
10560,2018,2200,300,1100,700,500,400,0,1,1,1
10560,2019,2200,300,1100,700,500,400,0,1,1,1
10560,2020,2200,300,1100,700,500,400,0,1,1,1
10560,2021,2200,300,1100,500,600,500,0,1,1,1
10560,2022,2200,300,1100,500,600,500,0,1,1,1
10560,2023,2600,300,1100,500,600,500,0,1,1,1
10561,2012,3000,420,1400,540,400,690,0,1,1,1
10561,2013,3000,415,1282,528,400,690,0,1,1,1
10561,2014,3030,475,500,1125,800,800,0,1,1,1
10561,2015,3025,475,500,1135,800,800,0,1,1,1
10561,2016,3025,475,500,1125,800,800,0,1,1,1
10561,2017,3250,400,1100,1100,1100,900,0,1,1,1
10561,2018,3250,375,1150,1150,1150,900,0,1,1,1
10561,2019,3200,400,1100,1150,1000,800,0,1,1,1
10561,2020,3200,400,1100,1150,1000,800,0,1,1,1
10561,2021,3200,400,1150,1150,1000,800,0,1,1,1
10561,2022,3200,400,1100,1150,1000,800,0,1,1,1
10561,2023,3300,400,1100,1150,1000,800,0,1,1,1
10562,2012,220,45,75,65,35,25,0,1,1,1
10562,2013,220,45,75,65,35,25,0,1,1,1
10562,2014,235,45,75,65,35,25,0,1,1,1
10562,2015,235,45,75,65,35,25,0,1,1,1
10562,2016,235,45,75,65,35,25,0,1,1,1
10562,2017,215,40,70,60,30,20,0,1,1,1
10562,2018,215,40,70,60,30,20,0,3a,3a,1
10562,2019,215,40,70,60,30,20,0,3a,3a,1
10562,2020,0,0,0,0,0,0,0,2a,2a,0
10562,2021,0,0,0,0,0,0,0,1,1,0
10562,2022,0,0,0,0,0,0,0,2a,2a,0
10562,2023,0,0,0,0,0,0,0,2a,2a,0
10563,2012,300,50,50,50,50,50,0,1,1,1
10563,2013,275,75,150,100,50,50,0,1,1,1
10563,2014,288,88,150,100,50,50,0,3a,3a,1
10563,2015,300,100,150,100,50,50,0,1,1,1
10563,2016,0,0,450,300,0,0,0,2a,3b,0
10563,2017,0,0,0,100,0,0,0,2b,3f,0
10563,2018,0,0,0,100,0,0,0,2b,3f,0
10563,2019,0,0,0,5,5,0,0,1,1,0
10563,2020,0,0,0,0,0,0,0,1,1,0
10563,2021,0,0,0,0,0,0,0,1,1,0
10563,2022,0,0,0,0,0,0,0,1,1,0
10563,2023,0,0,0,0,0,0,0,1,1,0
10564,2012,765,19,0,0,0,0,0,1,1,1
10564,2013,800,20,0,0,0,0,0,1,1,1
10564,2014,810,28,0,0,0,0,0,1,1,1
10564,2015,600,26,0,0,0,0,0,1,1,1
10564,2016,0,0,0,0,0,0,0,1,1,0
10564,2017,850,35,0,0,0,0,0,1,1,1
10564,2018,692,95,0,0,0,0,0,1,1,1
10564,2019,772,0,0,0,0,0,0,1,1,1
10564,2020,775,0,0,0,0,0,0,1,1,1
10564,2021,778,0,0,0,0,0,0,1,1,1
10564,2022,781,0,0,0,0,0,0,1,1,1
10564,2023,769,0,0,0,0,0,0,1,1,1
10565,2012,652,89,413,140,95,121,0,1,1,1
10565,2013,652,89,413,140,95,121,0,3a,3a,1
10565,2014,0,0,0,0,0,0,0,2a,2e,0
10565,2015,0,0,0,0,0,0,0,2a,2e,0
10565,2016,0,0,0,0,0,0,0,2a,2e,0
10565,2017,0,0,0,0,0,0,0,2a,2e,0
10565,2018,0,0,0,0,0,0,0,2a,2e,0
10565,2019,0,0,0,0,0,0,0,2a,2e,0
10565,2020,0,0,0,0,0,0,0,2a,2e,0
10565,2021,0,0,0,0,0,0,0,2a,2e,0
10565,2022,0,0,0,0,0,0,0,2a,2e,0
10565,2023,0,0,0,0,0,0,0,2a,2e,0
10566,2012,658,100,67,75,77,36,0,3a,3a,1
10566,2013,658,100,67,75,77,36,0,3a,3a,1
10566,2014,658,100,67,75,77,36,0,1,1,1
10566,2015,660,102,74,70,81,38,0,1,1,1
10566,2016,659,108,72,64,85,41,0,1,1,1
10566,2017,684,110,70,68,88,42,0,1,1,1
10566,2018,751,128,88,61,79,38,0,1,1,1
10566,2019,757,131,82,63,75,35,0,1,1,1
10566,2020,760,130,80,65,81,39,0,1,1,1
10566,2021,781,137,92,75,89,42,0,1,1,1
10566,2022,791,109,110,88,104,49,0,1,1,1
10566,2023,777,100,105,99,108,52,0,1,1,1
10567,2012,595,80,640,1025,170,400,0,1,1,1
10567,2013,595,80,640,1025,170,400,0,1,1,1
10567,2014,600,85,640,1025,170,400,0,1,1,1
10567,2015,590,100,640,1025,400,400,0,1,1,1
10567,2016,590,100,640,1025,400,400,0,1,1,1
10567,2017,590,100,640,1025,400,400,0,1,1,1
10567,2018,500,100,640,1025,400,400,0,1,1,1
10567,2019,500,100,640,1025,400,400,0,1,1,1
10567,2020,500,100,640,1025,400,400,0,1,1,1
10567,2021,500,100,640,1025,400,400,0,1,1,1
10567,2022,500,100,640,1025,400,400,0,1,1,1
10567,2023,500,100,640,1025,400,400,0,1,1,1
10568,2012,1300,1,0,0,0,0,0,1,1,1
10568,2013,1300,1,0,0,0,0,0,1,1,1
10568,2014,1260,1,0,0,0,0,0,1,1,1
10568,2015,1260,0,0,0,0,0,0,1,1,1
10568,2016,1260,1,0,0,0,0,0,1,1,1
10568,2017,1260,1,0,0,0,0,0,1,1,1
10568,2018,1100,0,0,0,0,0,0,1,1,1
10568,2019,1100,0,0,0,0,0,0,1,1,1
10568,2020,1100,0,0,0,0,0,0,1,1,1
10568,2021,1100,0,0,0,0,0,0,1,1,1
10568,2022,1100,0,0,0,0,0,0,1,1,1
10568,2023,1100,0,0,0,0,0,0,1,1,1
10569,2012,1700,250,200,0,0,200,0,1,1,1
10569,2013,0,0,0,0,0,0,0,1,1,0
10569,2014,0,0,0,0,0,0,0,1,1,0
10569,2015,1000,200,375,290,120,150,0,1,1,1
10569,2016,1000,200,375,290,120,150,0,1,1,1
10569,2017,1000,200,375,290,120,150,0,1,1,1
10569,2018,1000,200,375,290,120,150,0,1,1,1
10569,2019,1560,0,350,275,150,150,0,1,1,1
10569,2020,1560,0,350,275,150,150,0,1,1,1
10569,2021,1560,0,350,275,150,150,0,1,1,1
10569,2022,1440,0,175,138,75,75,0,1,1,1
10569,2023,360,0,0,0,0,0,0,1,1,1
10570,2012,3300,640,1173,1414,1500,1500,0,3a,3a,1
10570,2013,3300,640,1173,1414,1500,1500,0,1,1,1
10570,2014,3317,589,1187,1407,1500,1500,0,3a,3a,1
10570,2015,3333,538,1200,1400,1500,1500,0,1,1,1
10570,2016,3315,525,1200,1400,1500,1500,0,1,1,1
10570,2017,3317,680,1820,1241,1170,950,0,1,1,1
10570,2018,3310,650,1800,1240,1150,950,0,1,1,1
10570,2019,3385,465,1300,1580,930,950,0,1,1,1
10570,2020,3385,460,1300,1560,920,900,0,1,1,1
10570,2021,3380,450,1300,1500,900,900,0,1,1,1
10570,2022,3350,400,1300,1500,900,900,0,1,1,1
10570,2023,3350,400,1300,1500,900,900,0,1,1,1
11778,2019,0,0,0,0,3360,5040,0,1,1,0
11778,2020,0,0,0,0,3350,5020,0,1,1,0
11778,2021,0,0,0,0,3800,5500,0,1,1,0
11778,2022,0,0,0,0,3650,5300,0,1,1,0
11778,2023,0,0,0,0,3680,5290,0,1,1,0
10571,2012,150,15,8,20,27,11,0,1,1,1
10571,2013,145,22,35,30,45,41,0,1,1,1
10571,2014,150,20,35,40,45,20,0,1,1,1
10571,2015,165,20,47,50,20,15,0,1,1,1
10571,2016,150,15,25,20,25,20,0,1,1,1
10571,2017,160,20,45,43,15,18,0,1,1,1
10571,2018,160,20,45,43,15,18,0,3a,3a,1
10571,2019,0,0,250,320,0,0,0,1,1,0
10571,2020,0,0,260,300,0,0,0,1,1,0
10571,2021,0,0,250,310,0,0,0,1,1,0
10571,2022,0,0,260,320,0,0,0,1,1,0
10571,2023,0,0,256,316,0,0,0,1,1,0
10572,2012,660,135,260,285,130,70,0,1,1,1
10572,2013,660,135,245,160,130,70,0,1,1,1
10572,2014,660,135,245,160,130,70,0,1,1,1
10572,2015,660,135,245,160,130,70,0,1,1,1
10572,2016,660,135,245,160,130,70,0,1,1,1
10572,2017,660,135,245,160,130,70,0,1,1,1
10572,2018,660,135,245,160,130,70,0,1,1,1
10572,2019,660,135,245,160,130,70,0,1,1,1
10572,2020,660,135,245,160,130,70,0,1,1,1
10572,2021,660,135,245,160,130,70,0,1,1,1
10572,2022,660,135,245,160,130,70,0,1,1,1
10572,2023,0,0,100,0,0,0,0,1,1,0
10573,2012,460,90,12,8,0,0,0,1,1,1
10573,2013,420,70,0,0,5,3,0,1,1,1
10573,2014,440,70,0,0,0,0,0,1,1,1
10573,2015,400,70,0,0,0,0,0,1,1,1
10573,2016,380,50,0,0,0,0,0,1,1,1
10573,2017,350,50,0,0,0,0,35,1,1,1
10573,2018,300,50,14,11,0,0,50,1,1,1
10573,2019,400,50,29,21,0,0,0,1,1,1
10573,2020,400,0,58,42,0,0,0,1,1,1
10573,2021,400,0,58,42,0,0,0,3a,3a,1
10573,2022,400,0,58,42,0,0,0,3a,3a,1
10573,2023,305,250,17,13,20,10,0,1,1,1
10574,2012,635,0,0,0,0,0,0,1,1,1
10574,2013,0,0,0,0,0,0,0,1,1,0
10574,2014,0,0,0,990,0,0,0,2c,3a,0
10574,2015,0,0,0,990,0,0,0,2c,3a,0
10574,2016,0,0,0,990,0,0,0,2c,3a,0
10574,2017,0,0,0,990,0,0,0,2c,3a,0
10574,2018,0,0,0,990,0,0,0,2c,3a,0
10574,2019,0,0,0,990,0,0,0,2c,3a,0
10574,2020,0,0,0,990,0,0,0,1,1,0
10574,2021,0,0,0,990,0,0,0,1,1,0
10574,2022,0,0,0,975,0,0,0,1,1,0
10574,2023,0,0,0,375,0,0,0,1,1,0
10575,2012,832,236,88,0,545,268,0,1,1,1
10575,2013,865,130,90,0,525,375,0,1,1,1
10575,2014,837,155,198,0,0,0,0,1,1,1
10575,2015,840,159,200,0,0,0,0,1,1,1
10575,2016,904,261,199,0,0,0,0,1,1,1
10575,2017,900,265,200,0,0,0,0,1,1,1
10575,2018,840,200,200,0,0,0,0,1,1,1
10575,2019,820,210,200,0,0,0,0,1,1,1
10575,2020,830,205,200,0,0,0,0,1,1,1
10575,2021,0,0,0,0,0,0,0,1,1,0
10575,2022,0,0,0,0,0,0,0,2b,2b,0
10575,2023,0,0,0,0,0,0,0,1,1,0
10576,2012,1622,240,437,462,431,499,0,1,1,1
10576,2013,1650,240,430,450,430,500,0,1,1,1
10576,2014,1730,160,150,0,450,370,0,1,1,1
10576,2015,1728,160,150,0,450,370,0,3a,3a,1
10576,2016,1725,160,150,0,450,370,0,1,1,1
10576,2017,1750,190,200,200,450,370,0,1,1,1
10576,2018,1750,200,200,200,450,375,0,1,1,1
10576,2019,1650,250,200,0,400,400,0,1,1,1
10576,2020,1650,250,200,1240,400,400,0,1,1,1
10576,2021,1600,250,200,1225,400,200,0,1,1,1
10576,2022,1600,250,200,1225,400,0,0,1,1,1
10576,2023,1650,250,200,1225,400,0,0,1,1,1
11966,2019,0,0,0,0,0,0,0,2a,3g,0
11966,2020,0,0,0,0,0,0,0,2a,3g,0
11966,2021,0,0,0,0,0,0,0,2a,3g,0
11966,2022,0,0,0,0,0,0,0,2a,3g,0
11966,2023,0,0,0,0,0,0,0,2a,3g,0
10577,2012,350,50,55,40,25,20,0,1,1,1
10577,2013,15,4,0,0,0,0,0,1,1,1
10577,2014,0,0,0,0,0,0,0,2a,2a,0
10577,2015,0,0,0,0,0,0,0,2a,2a,0
10577,2016,0,0,0,0,0,0,0,2a,2a,0
10577,2017,0,0,0,0,0,0,0,2a,2a,0
10577,2018,0,0,0,0,0,0,0,2a,2a,0
10577,2019,0,0,0,0,0,0,0,2a,2a,0
10577,2020,0,0,0,0,0,0,0,2a,2a,0
10577,2021,0,0,0,0,0,0,0,2a,2a,0
10577,2022,0,0,0,0,0,0,0,2a,2a,0
10577,2023,0,0,0,0,0,0,0,2a,2a,0
10578,2012,780,130,300,200,100,75,0,1,1,1
10578,2013,780,130,300,200,100,75,0,1,1,1
10578,2014,780,130,300,200,100,75,0,1,1,1
10578,2015,780,130,300,200,100,75,0,1,1,1
10578,2016,780,130,0,200,100,75,0,1,1,1
10578,2017,780,130,0,200,100,75,0,1,1,1
10578,2018,780,130,0,200,100,75,0,1,1,1
10578,2019,780,130,0,200,100,0,0,1,1,1
10578,2020,780,130,0,200,100,75,0,1,1,1
10578,2021,780,130,0,200,100,75,0,1,1,1
10578,2022,780,130,0,200,100,75,0,1,1,1
10578,2023,780,130,0,200,100,75,0,1,1,1
10579,2012,495,62,0,0,0,0,0,3a,3a,1
10579,2013,495,62,0,0,0,0,0,1,1,1
10579,2014,490,60,0,0,0,0,0,1,1,1
10579,2015,468,0,0,0,0,0,0,1,1,1
10579,2016,0,0,438,0,0,0,0,1,1,0
10579,2017,0,0,337,153,0,0,0,2c,3a,0
10579,2018,0,0,235,305,0,0,0,1,1,0
10579,2019,0,0,433,343,0,0,0,2c,3a,0
10579,2020,0,0,701,401,0,0,0,2c,3a,0
10579,2021,0,0,830,420,0,0,0,1,1,0
10579,2022,0,0,835,430,0,0,0,1,1,0
10579,2023,0,0,840,435,0,0,0,1,1,0
10580,2012,1600,10,0,0,0,0,0,1,1,1
10580,2013,1600,100,10,0,0,0,0,1,1,1
10580,2014,1500,200,15,0,0,0,0,1,1,1
10580,2015,1800,300,19,0,0,0,0,1,1,1
10580,2016,1800,300,0,0,0,0,0,1,1,1
10580,2017,1800,300,0,0,0,0,0,1,1,1
10580,2018,1800,300,0,0,0,0,0,1,1,1
10580,2019,2000,500,0,0,0,0,0,1,1,1
10580,2020,2466,408,0,0,0,0,0,1,1,1
10580,2021,3955,745,98,0,0,0,0,1,1,1
10580,2022,4072,484,482,0,0,0,0,1,1,1
10580,2023,4000,700,0,0,0,0,0,1,1,1
11664,2012,1300,150,63,45,26,16,0,3b,3b,1
11664,2013,1300,150,63,45,26,16,0,3b,3b,1
11664,2014,1300,150,63,45,26,16,0,3b,3b,1
11664,2015,1300,150,63,45,26,16,0,3b,3b,1
11664,2016,1300,150,63,45,26,16,0,3b,3b,1
11664,2017,1300,150,63,45,26,16,0,3b,3b,1
11664,2018,1300,150,63,45,26,16,0,3b,3b,1
11664,2019,1300,150,63,45,26,16,0,3b,3b,1
11664,2020,1300,150,63,45,26,16,0,3b,3b,1
11664,2021,1300,150,63,45,26,16,0,3b,3b,1
11664,2022,1300,150,63,45,26,16,0,3b,3b,1
11664,2023,1300,150,63,45,26,16,0,3b,3b,1
10581,2012,875,120,300,310,105,120,0,1,1,1
10581,2013,870,120,300,310,105,120,0,1,1,1
10581,2014,795,120,300,310,105,120,0,1,1,1
10581,2015,792,117,298,311,108,114,0,1,1,1
10581,2016,792,117,298,311,108,114,0,1,1,1
10581,2017,792,117,298,311,108,0,0,1,1,1
10581,2018,792,117,298,311,108,0,0,1,1,1
10581,2019,99,481,400,451,0,0,0,1,1,1
10581,2020,58,626,1269,0,425,0,0,1,1,1
10581,2021,58,626,1269,0,425,0,0,1,1,1
10581,2022,58,626,1269,0,425,0,0,1,1,1
10581,2023,0,626,1269,0,425,0,0,1,1,0
10582,2012,900,123,315,100,243,181,0,1,1,1
10582,2013,1035,123,315,100,243,181,0,1,1,1
10582,2014,1035,123,315,100,243,181,0,1,1,1
10582,2015,1033,123,362,110,600,800,0,1,1,1
10582,2016,1033,123,362,110,600,800,0,1,1,1
10582,2017,1033,123,362,110,600,800,0,1,1,1
10582,2018,1200,126,378,402,680,1000,0,1,1,1
10582,2019,1200,126,378,402,680,1000,0,1,1,1
10582,2020,1194,203,410,607,175,206,0,1,1,1
10582,2021,1194,203,410,607,175,206,0,1,1,1
10582,2022,1550,195,370,525,500,0,0,1,1,1
10582,2023,1550,195,144,570,430,0,0,1,1,1
10583,2012,635,165,460,415,100,0,0,1,1,1
10583,2013,650,155,475,420,100,0,0,1,1,1
10583,2014,650,150,500,450,100,50,0,1,1,1
10583,2015,650,150,500,475,100,50,0,1,1,1
10583,2016,650,150,500,475,100,0,0,1,1,1
10583,2017,0,0,0,200,0,0,0,1,1,0
10583,2018,0,0,0,500,0,0,0,1,1,0
10583,2019,0,0,0,500,0,0,0,1,1,0
10583,2020,0,0,0,500,0,0,0,1,1,0
10583,2021,0,0,0,500,0,0,0,1,1,0
10583,2022,0,0,0,500,0,0,0,1,1,0
10583,2023,0,0,0,500,0,0,0,1,1,0
11967,2012,0,0,0,0,0,0,0,2a,2a,0
11967,2013,0,0,0,0,0,0,0,2a,2a,0
11967,2014,0,0,0,0,0,0,0,2a,2a,0
11967,2015,0,0,0,0,0,0,0,2a,2a,0
11967,2016,0,0,0,0,0,0,0,2a,2a,0
11967,2017,0,0,0,0,0,0,0,2a,2a,0
11967,2018,0,0,0,0,0,0,0,2a,2a,0
11967,2019,0,0,0,0,0,0,0,2a,2a,0
11967,2020,0,0,0,0,0,0,0,2a,2a,0
11967,2021,0,0,0,0,0,0,0,2a,2a,0
11967,2022,0,0,0,0,0,0,0,2a,2a,0
11967,2023,0,0,0,0,0,0,0,2a,2a,0
10584,2012,1093,0,100,400,0,0,0,1,1,1
10584,2013,1093,0,100,400,0,0,0,1,1,1
10584,2014,600,200,0,600,0,0,0,1,1,1
10584,2015,900,0,100,400,0,0,0,1,1,1
10584,2016,0,0,600,450,100,0,0,1,1,0
10584,2017,0,0,600,450,100,0,0,1,1,0
10584,2018,0,0,600,450,100,0,0,1,1,0
10584,2019,0,0,600,450,100,0,0,1,1,0
10584,2020,0,0,600,450,100,0,0,1,1,0
10584,2021,0,0,600,450,100,0,0,2c,3a,0
10584,2022,0,0,600,450,100,0,0,2c,3a,0
10584,2023,0,0,600,450,100,0,0,2c,3a,0
10585,2012,975,125,0,0,110,125,0,1,1,1
10585,2013,975,125,0,0,110,125,0,1,1,1
10585,2014,975,125,0,0,110,125,0,1,1,1
10585,2015,975,125,0,0,110,125,0,1,1,1
10585,2016,975,125,0,0,110,0,0,1,1,1
10585,2017,975,125,0,0,110,0,0,1,1,1
10585,2018,978,133,0,0,81,38,0,1,1,1
10585,2019,969,143,0,0,0,0,0,1,1,1
10585,2020,974,150,0,100,0,0,0,1,1,1
10585,2021,980,135,0,125,0,0,0,1,1,1
10585,2022,948,136,0,137,0,0,0,1,1,1
10585,2023,933,125,0,152,0,0,0,1,1,1
10586,2012,1205,221,487,448,201,200,0,1,1,1
10586,2013,1205,221,490,447,208,210,0,1,1,1
10586,2014,1214,232,488,453,420,428,0,1,1,1
10586,2015,1213,232,494,454,413,428,0,1,1,1
10586,2016,1206,222,487,445,415,416,0,1,1,1
10586,2017,0,137,159,132,0,0,0,1,1,0
10586,2018,1207,213,483,440,424,416,0,1,1,1
10586,2019,0,217,335,390,348,198,0,1,1,0
10586,2020,0,82,210,274,255,0,0,1,1,0
10586,2021,0,79,145,204,22,0,0,1,1,0
10586,2022,0,79,145,204,22,0,0,1,1,0
10586,2023,0,76,145,206,0,0,0,1,1,0
10587,2012,305,45,35,25,0,0,0,1,1,1
10587,2013,305,45,35,25,0,0,0,1,1,1
10587,2014,305,45,35,25,0,0,0,1,1,1
10587,2015,307,47,36,26,0,0,0,1,1,1
10587,2016,306,48,34,25,0,0,0,1,1,1
10587,2017,303,45,31,22,0,0,0,1,1,1
10587,2018,0,0,0,0,0,0,0,2a,2a,0
10587,2019,0,0,0,0,0,0,0,2a,2a,0
10587,2020,0,0,0,0,0,0,0,2a,2a,0
10587,2021,0,0,0,0,0,0,0,2a,2a,0
10587,2022,0,0,0,0,0,0,0,2a,2a,0
10587,2023,0,0,0,0,0,0,0,2a,2a,0
10588,2012,300,50,90,80,75,67,0,1,1,1
10588,2013,245,50,90,80,75,67,0,1,1,1
10588,2014,240,46,90,80,75,67,0,1,1,1
10588,2015,220,30,90,80,75,67,0,1,1,1
10588,2016,215,25,83,76,72,67,0,1,1,1
10588,2017,213,27,80,76,70,66,0,1,1,1
10588,2018,216,30,76,74,70,60,0,1,1,1
10588,2019,216,30,76,74,70,60,0,1,1,1
10588,2020,215,30,77,75,70,60,0,1,1,1
10588,2021,203,25,72,70,65,50,0,1,1,1
10588,2022,199,21,68,55,60,40,0,1,1,1
10588,2023,203,26,72,60,65,45,0,1,1,1
10589,2012,0,0,500,0,0,0,0,1,1,0
10589,2013,0,0,500,0,0,0,0,1,1,0
10589,2014,0,0,459,0,0,0,0,2c,3a,0
10589,2015,0,0,418,0,0,0,0,1,1,0
10589,2016,0,0,0,0,0,0,0,1,1,0
10589,2017,0,0,282,294,0,0,0,2c,3a,0
10589,2018,0,0,282,294,0,0,0,2c,3a,0
10589,2019,0,0,282,294,0,0,0,1,1,0
10589,2020,0,0,0,485,0,0,0,1,1,0
10589,2021,0,0,0,638,0,0,0,1,1,0
10589,2022,0,0,0,646,0,0,0,1,1,0
10589,2023,0,0,0,609,0,0,0,1,1,0
11689,2012,0,0,0,0,0,0,0,2a,2a,0
11689,2013,0,0,0,0,0,0,0,2a,2a,0
11689,2014,0,0,0,0,0,0,0,2a,2a,0
11689,2015,0,0,0,0,0,0,0,2a,2a,0
11689,2016,0,0,0,0,0,0,0,2a,2a,0
11689,2017,0,0,0,0,0,0,0,2a,2a,0
11689,2018,0,0,0,0,0,0,0,2a,2a,0
11689,2019,0,0,0,0,0,0,0,2a,2a,0
11689,2020,0,0,0,0,0,0,0,2a,2a,0
11689,2021,0,0,0,0,0,0,0,2a,2a,0
11689,2022,0,0,0,0,0,0,0,2a,2a,0
11689,2023,0,0,0,0,0,0,0,2a,2a,0
10590,2012,750,100,140,100,100,150,0,1,1,1
10590,2013,755,125,135,90,110,150,0,1,1,1
10590,2014,775,130,130,85,100,125,0,1,1,1
10590,2015,785,100,135,95,86,150,0,1,1,1
10590,2016,806,101,173,120,138,183,0,1,1,1
10590,2017,829,146,253,238,251,0,0,1,1,1
10590,2018,853,122,103,98,0,0,0,1,1,1
10590,2019,967,119,116,104,0,0,0,1,1,1
10590,2020,970,121,117,107,0,0,0,1,1,1
10590,2021,975,123,121,102,0,0,0,1,1,1
10590,2022,996,131,108,94,0,0,0,1,1,1
10590,2023,983,137,89,48,0,0,0,1,1,1
10591,2012,5778,1026,2329,2291,915,1155,0,1,1,1
10591,2013,5978,1000,2397,2300,920,1100,0,1,1,1
10591,2014,6000,1015,2387,2305,900,1090,0,1,1,1
10591,2015,6190,1111,2445,2330,955,1192,0,1,1,1
10591,2016,6108,1082,2471,2346,957,1180,0,1,1,1
10591,2017,6181,1112,2479,2343,945,1184,0,1,1,1
10591,2018,6188,1101,2475,2334,947,1185,0,1,1,1
10591,2019,6185,1107,2477,2348,949,1181,0,1,1,1
10591,2020,6186,1076,2449,2336,945,1184,0,1,1,1
10591,2021,6197,1114,2468,2336,947,1175,0,1,1,1
10591,2022,6199,1110,2478,2325,952,1185,0,1,1,1
10591,2023,6194,1108,2459,2336,948,1187,0,1,1,1
10592,2012,1426,235,62,0,257,263,0,1,1,1
10592,2013,1416,237,59,0,245,249,0,1,1,1
10592,2014,1410,232,56,0,252,256,0,1,1,1
10592,2015,1475,235,650,510,240,0,0,1,1,1
10592,2016,1475,240,650,510,240,0,0,1,1,1
10592,2017,1475,250,625,515,230,0,0,1,1,1
10592,2018,1480,300,350,500,200,0,0,1,1,1
10592,2019,1500,315,650,475,250,0,0,1,1,1
10592,2020,1450,217,53,0,245,256,0,1,1,1
10592,2021,0,0,0,0,0,0,0,1,1,0
10592,2022,0,0,0,0,0,0,0,2b,2b,0
10592,2023,0,0,0,0,0,0,0,1,1,0
10593,2012,0,0,0,0,0,0,0,1,1,0
10593,2013,605,85,10,0,0,5,0,1,1,1
10593,2014,605,85,10,0,0,5,0,1,1,1
10593,2015,605,85,10,0,0,0,0,1,1,1
10593,2016,599,146,22,0,0,0,0,1,1,1
10593,2017,615,150,15,0,0,0,0,1,1,1
10593,2018,308,325,8,0,0,0,0,3a,3a,1
10593,2019,0,500,0,0,0,0,0,1,1,0
10593,2020,0,500,0,0,0,0,0,1,1,0
10593,2021,0,500,0,0,0,0,0,1,1,0
10593,2022,0,500,0,0,0,0,0,1,1,0
10593,2023,0,500,0,0,0,0,0,1,1,0
10594,2012,550,0,345,255,0,0,0,1,1,1
10594,2013,0,0,17,13,0,0,0,2a,3b,0
10594,2014,0,0,17,13,0,0,0,2a,3b,0
10594,2015,0,0,17,13,0,0,0,2a,3b,0
10594,2016,0,0,494,506,0,0,0,1,1,0
10594,2017,0,0,494,506,0,0,0,1,1,0
10594,2018,0,0,494,506,0,0,0,1,1,0
10594,2019,0,0,544,556,0,0,0,1,1,0
10594,2020,0,0,395,405,0,0,0,1,1,0
10594,2021,0,0,0,0,653,147,0,1,1,0
10594,2022,0,0,0,0,555,125,0,1,1,0
10594,2023,0,0,0,0,588,132,0,1,1,0
11804,2019,0,0,4,4,0,0,40,2c,3a,0
11804,2020,0,0,4,4,0,0,40,1,1,0
11804,2021,0,0,8,8,0,0,80,1,1,0
11804,2022,0,0,10,9,0,0,85,1,1,0
11804,2023,0,0,11,11,0,0,108,1,1,0
10595,2012,250,47,144,106,0,0,0,1,1,1
10595,2013,280,40,86,64,0,0,0,1,1,1
10595,2014,280,48,86,64,0,0,0,1,1,1
10595,2015,250,55,121,89,0,0,0,1,1,1
10595,2016,250,30,17,13,0,0,0,1,1,1
10595,2017,0,12,0,1,0,0,0,1,1,0
10595,2018,0,15,5,6,0,0,0,1,1,0
10595,2019,0,0,15,15,8,2,10,1,1,0
10595,2020,0,0,7,8,16,4,0,1,1,0
10595,2021,0,0,11,11,10,3,0,2c,3a,0
10595,2022,0,0,14,14,4,1,0,1,1,0
10595,2023,0,0,10,10,0,0,0,1,1,0
10596,2012,650,90,15,0,175,0,0,1,1,1
10596,2013,575,85,15,0,175,0,0,1,1,1
10596,2014,575,85,15,0,175,0,0,1,1,1
10596,2015,575,85,15,0,175,0,0,1,1,1
10596,2016,575,85,15,0,175,0,0,1,1,1
10596,2017,575,85,15,0,175,0,0,1,1,1
10596,2018,575,85,15,0,175,0,0,1,1,1
10596,2019,575,385,165,300,175,0,0,1,1,1
10596,2020,575,385,165,300,175,0,0,1,1,1
10596,2021,575,385,165,300,175,0,0,1,1,1
10596,2022,575,385,165,300,175,0,0,1,1,1
10596,2023,690,385,165,300,175,0,0,1,1,1
10597,2012,735,95,50,60,100,100,0,1,1,1
10597,2013,730,93,45,55,95,95,0,1,1,1
10597,2014,730,93,45,55,95,95,0,1,1,1
10597,2015,720,120,100,150,100,100,0,1,1,1
10597,2016,650,80,0,0,250,250,0,1,1,1
10597,2017,637,89,0,0,255,242,0,1,1,1
10597,2018,0,0,0,0,0,0,0,1,1,0
10597,2019,0,0,0,0,0,0,0,1,1,0
10597,2020,0,0,0,0,0,0,0,1,1,0
10597,2021,0,0,0,0,0,0,0,1,1,0
10597,2022,0,0,0,0,0,0,0,1,1,0
10597,2023,0,0,0,0,0,0,0,1,1,0
10598,2012,500,60,17,13,17,8,0,1,1,1
10598,2013,499,56,0,0,14,6,0,1,1,1
10598,2014,0,140,30,30,0,0,0,1,1,0
10598,2015,0,130,30,30,0,0,0,1,1,0
10598,2016,480,200,12,8,20,10,0,1,1,1
10598,2017,460,275,35,25,20,10,0,1,1,1
10598,2018,450,180,14,11,27,13,0,1,1,1
10598,2019,480,200,17,13,27,13,0,1,1,1
10598,2020,540,200,24,18,0,0,0,1,1,1
10598,2021,530,200,17,13,17,8,0,1,1,1
10598,2022,525,220,23,17,20,10,0,1,1,1
10598,2023,440,170,17,13,0,0,0,1,1,1
11968,2012,500,80,0,0,0,0,0,3b,3b,1
11968,2013,0,0,0,0,0,0,0,2e,2e,0
11968,2014,0,0,0,0,0,0,0,2e,2e,0
11968,2015,0,0,0,0,0,0,0,2a,2e,0
11968,2016,0,0,0,0,0,0,0,2a,2e,0
11968,2017,0,0,0,0,0,0,0,2a,2e,0
11968,2018,0,0,0,0,0,0,0,2a,2e,0
11968,2019,0,0,0,0,0,0,0,2a,2e,0
11968,2020,0,0,0,0,0,0,0,2a,2e,0
11968,2021,0,0,0,0,0,0,0,2a,2e,0
11968,2022,0,0,0,0,0,0,0,2a,2e,0
11968,2023,0,0,0,0,0,0,0,2a,2e,0
10599,2012,547,94,6,4,0,0,0,1,1,1
10599,2013,560,97,18,13,0,0,0,1,1,1
10599,2014,560,0,0,0,0,0,0,1,1,1
10599,2015,0,0,0,0,0,0,0,2a,2a,0
10599,2016,0,0,0,0,0,0,0,2a,2a,0
10599,2017,0,0,0,0,0,0,0,2a,2a,0
10599,2018,0,0,0,0,0,0,0,2a,2a,0
10599,2019,0,0,0,0,0,0,0,2a,2a,0
10599,2020,0,0,0,0,0,0,0,2a,2a,0
10599,2021,0,0,0,0,0,0,0,2a,2a,0
10599,2022,0,0,0,0,0,0,0,2a,2a,0
10599,2023,0,0,0,0,0,0,0,2a,2a,0
11969,2012,0,0,0,0,0,0,0,2a,3g,0
11969,2013,0,0,0,0,0,0,0,2a,3g,0
11969,2014,0,0,0,0,0,0,0,2a,3g,0
11969,2015,0,0,0,0,0,0,0,2a,3g,0
11969,2016,0,0,0,0,0,0,0,2a,3g,0
11969,2017,0,0,0,0,0,0,0,2a,3g,0
11969,2018,0,0,0,0,0,0,0,2a,3g,0
11969,2019,0,0,0,0,0,0,0,2a,2e,0
11969,2020,0,0,0,0,0,0,0,2a,2e,0
11969,2021,0,0,0,0,0,0,0,2a,2e,0
11969,2022,0,0,0,0,0,0,0,2a,2e,0
11969,2023,0,0,0,0,0,0,0,2a,2e,0
10600,2012,250,30,0,0,0,0,0,1,1,1
10600,2013,250,30,0,0,0,0,0,1,1,1
10600,2014,250,30,0,0,0,0,0,1,1,1
10600,2015,250,30,0,0,0,0,0,1,1,1
10600,2016,90,10,0,0,0,0,0,1,1,1
10600,2017,90,10,0,0,0,0,0,1,1,1
10600,2018,90,10,0,0,0,0,0,1,1,1
10600,2019,0,0,300,0,0,0,0,1,1,0
10600,2020,0,0,270,0,0,0,0,1,1,0
10600,2021,0,0,225,0,0,0,0,1,1,0
10600,2022,0,0,225,0,0,0,0,1,1,0
10600,2023,0,0,218,1,1,1,0,1,1,0
10601,2012,755,74,305,185,729,0,0,1,1,1
10601,2013,0,0,0,0,0,0,0,2a,2e,0
10601,2014,0,0,0,0,0,0,0,2a,2e,0
10601,2015,0,0,0,0,0,0,0,2a,2e,0
10601,2016,0,0,0,0,0,0,0,2a,2e,0
10601,2017,0,0,0,0,0,0,0,2a,2e,0
10601,2018,0,0,0,0,0,0,0,2a,2e,0
10601,2019,0,0,0,0,0,0,0,2a,2e,0
10601,2020,0,0,0,0,0,0,0,2a,2e,0
10601,2021,0,0,0,0,0,0,0,2a,2e,0
10601,2022,0,0,0,0,0,0,0,2a,2e,0
10601,2023,0,0,0,0,0,0,0,2a,2e,0
10602,2012,65,10,0,0,0,0,0,1,1,1
10602,2013,0,0,0,0,0,0,0,1,1,0
10602,2014,275,75,20,0,0,0,0,1,1,1
10602,2015,275,75,20,0,0,0,0,1,1,1
10602,2016,0,80,30,0,0,0,0,1,1,0
10602,2017,0,0,86,70,0,0,0,1,1,0
10602,2018,0,0,0,0,0,0,0,1,1,0
10602,2019,0,0,0,0,0,0,0,1,1,0
10602,2020,0,0,0,0,0,0,0,1,1,0
10602,2021,0,0,0,0,0,0,0,2b,2b,0
10602,2022,0,0,0,0,0,0,0,2b,2b,0
10602,2023,0,0,0,0,0,0,0,2b,2b,0
10603,2012,0,0,148,152,0,0,0,1,1,0
10603,2013,0,0,173,177,0,0,0,1,1,0
10603,2014,0,0,222,228,0,0,0,1,1,0
10603,2015,0,0,0,0,0,0,0,2a,2a,0
10603,2016,0,0,0,0,0,0,0,2a,2a,0
10603,2017,0,0,0,0,0,0,0,2a,2a,0
10603,2018,0,0,0,0,0,0,0,2a,2a,0
10603,2019,0,0,0,0,0,0,0,2a,2a,0
10603,2020,0,0,0,0,0,0,0,2a,2a,0
10603,2021,0,0,0,0,0,0,0,2a,2a,0
10603,2022,0,0,0,0,0,0,0,2a,2a,0
10603,2023,0,0,0,0,0,0,0,2a,2a,0
10604,2012,1500,300,460,340,0,0,0,1,1,1
10604,2013,1500,300,460,340,0,0,0,1,1,1
10604,2014,1500,300,460,340,0,0,0,1,1,1
10604,2015,1500,300,460,340,0,0,0,1,1,1
10604,2016,1500,300,460,340,0,0,0,1,1,1
10604,2017,1500,300,460,340,0,0,0,1,1,1
10604,2018,1500,300,460,340,0,0,0,1,1,1
10604,2019,1500,300,460,340,0,0,0,1,1,1
10604,2020,1500,300,460,340,0,0,0,1,1,1
10604,2021,1500,300,460,340,0,0,0,1,1,1
10604,2022,1500,300,460,340,0,0,0,1,1,1
10604,2023,1500,300,460,340,0,0,0,1,1,1
10605,2012,250,30,0,0,0,0,0,1,1,1
10605,2013,325,32,31,17,15,31,0,1,1,1
10605,2014,329,33,37,18,16,29,0,1,1,1
10605,2015,331,35,39,20,18,31,0,1,1,1
10605,2016,329,36,38,22,19,31,0,1,1,1
10605,2017,326,34,37,23,20,29,0,1,1,1
10605,2018,322,32,36,24,19,26,0,1,1,1
10605,2019,339,39,41,31,28,33,0,1,1,1
10605,2020,352,43,48,36,32,35,0,1,1,1
10605,2021,365,48,43,0,53,40,0,1,1,1
10605,2022,358,50,48,0,52,36,0,1,1,1
10605,2023,358,50,48,0,52,36,0,3a,3a,1
11722,2019,0,0,3460,3540,0,0,0,2a,3b,0
11722,2020,0,0,3460,3540,0,0,0,2a,3b,0
11722,2021,0,0,3460,3540,0,0,0,2a,3b,0
11722,2022,0,0,3460,3540,0,0,0,2a,3b,0
11722,2023,0,0,3460,3540,0,0,0,2a,3b,0
10606,2012,105,15,25,18,10,7,0,1,1,1
10606,2013,110,15,44,31,18,12,0,1,1,1
10606,2014,110,15,44,31,18,12,0,1,1,1
10606,2015,66,9,73,52,31,19,0,1,1,1
10606,2016,125,17,36,26,15,10,0,1,1,1
10606,2017,123,17,63,45,26,16,0,1,1,1
10606,2018,105,15,50,36,21,13,0,1,1,1
10606,2019,97,13,42,30,17,11,0,1,1,1
10606,2020,0,0,21,15,9,6,0,1,1,0
10606,2021,0,0,0,0,0,0,0,1,1,0
10606,2022,0,0,0,0,0,0,0,1,1,0
10606,2023,0,0,0,0,0,0,0,2c,2c,0
10607,2012,1000,378,454,350,195,123,0,3b,3b,1
10607,2013,1000,378,454,350,195,123,0,3b,3b,1
10607,2014,1732,245,0,0,0,0,0,1,1,1
10607,2015,2400,250,0,0,0,0,0,1,1,1
10607,2016,2100,300,0,0,0,0,0,1,1,1
10607,2017,2100,300,0,0,0,0,0,1,1,1
10607,2018,2100,300,0,0,0,0,0,1,1,1
10607,2019,2450,300,0,0,1355,645,0,1,1,1
10607,2020,2150,240,0,0,0,0,0,1,1,1
10607,2021,2150,240,0,0,0,0,0,3a,3a,1
10607,2022,2150,240,0,0,0,0,0,3a,3a,1
10607,2023,2300,300,0,0,0,0,0,1,1,1
10608,2012,2075,364,908,299,298,0,0,1,1,1
10608,2013,1913,364,908,299,298,0,0,1,1,1
10608,2014,1913,364,908,299,298,0,0,3a,3a,1
10608,2015,1913,364,908,299,298,0,0,1,1,1
10608,2016,2135,395,883,341,270,0,0,1,1,1
10608,2017,2175,378,887,348,276,0,0,1,1,1
10608,2018,2150,215,0,1000,300,0,0,1,1,1
10608,2019,2100,227,700,350,350,0,0,1,1,1
10608,2020,2150,215,700,840,380,0,0,1,1,1
10608,2021,2100,275,700,840,380,0,0,1,1,1
10608,2022,2100,400,790,450,380,0,0,1,1,1
10608,2023,2100,300,900,400,350,0,0,1,1,1
10609,2012,1039,169,360,350,200,180,0,1,1,1
10609,2013,1050,0,298,138,244,279,0,1,1,1
10609,2014,1207,0,300,135,234,268,0,1,1,1
10609,2015,1100,220,320,250,200,215,0,1,1,1
10609,2016,1180,230,300,280,210,200,0,1,1,1
10609,2017,920,165,461,295,296,156,0,1,1,1
10609,2018,980,198,381,288,253,178,0,1,1,1
10609,2019,980,198,381,288,253,178,0,1,1,1
10609,2020,1100,50,360,280,250,190,0,1,1,1
10609,2021,1120,60,368,283,244,194,0,1,1,1
10609,2022,1115,50,370,280,240,190,0,1,1,1
10609,2023,1115,50,370,280,240,190,0,3a,3a,1
11899,2019,0,0,0,250,0,0,0,2b,3f,0
11899,2020,0,0,0,0,0,0,0,2b,2e,0
11899,2021,0,0,0,0,0,0,0,2b,2e,0
11899,2022,0,0,0,0,0,0,0,2b,2e,0
11899,2023,0,0,0,0,0,0,0,2b,2e,0
10610,2012,500,70,167,120,70,43,0,3a,3a,1
10610,2013,500,70,167,120,70,43,0,3a,3a,1
10610,2014,500,70,167,120,70,43,0,3a,3a,1
10610,2015,500,70,167,120,70,43,0,3a,3a,1
10610,2016,500,70,167,120,70,43,0,1,1,1
10610,2017,439,61,167,120,70,43,0,1,1,1
10610,2018,439,61,167,120,70,43,0,1,1,1
10610,2019,492,68,150,108,63,39,0,1,1,1
10610,2020,570,0,0,0,0,0,0,1,1,1
10610,2021,0,0,50,46,21,8,0,1,1,0
10610,2022,0,0,0,0,0,0,0,2a,2e,0
10610,2023,0,0,0,0,0,0,0,2a,2e,0
10611,2012,395,55,125,90,52,33,0,3a,3a,1
10611,2013,395,55,125,90,52,33,0,3a,3a,1
10611,2014,395,55,125,90,52,33,0,3a,3a,1
10611,2015,395,55,125,90,52,33,0,3a,3a,1
10611,2016,395,55,125,90,52,33,0,3a,3a,1
10611,2017,395,55,125,90,52,33,0,1,1,1
10611,2018,369,51,134,96,56,34,0,1,1,1
10611,2019,40,5,104,75,44,27,0,1,1,1
10611,2020,40,5,104,75,44,27,0,3a,3a,1
10611,2021,0,0,70,65,29,11,0,1,1,0
10611,2022,0,0,70,65,29,11,0,1,1,0
10611,2023,0,0,64,59,27,10,0,1,1,0
10612,2012,505,80,100,80,0,0,0,1,1,1
10612,2013,505,80,100,0,0,0,0,1,1,1
10612,2014,525,75,0,0,0,0,0,1,1,1
10612,2015,520,75,0,0,0,0,0,1,1,1
10612,2016,400,60,0,0,0,0,0,1,1,1
10612,2017,450,50,65,0,0,0,0,1,1,1
10612,2018,450,50,100,0,0,0,0,1,1,1
10612,2019,440,45,94,0,0,10,0,1,1,1
10612,2020,439,44,95,0,0,0,0,1,1,1
10612,2021,450,50,90,0,0,0,0,1,1,1
10612,2022,441,40,95,0,0,0,0,1,1,1
10612,2023,0,0,0,0,0,0,0,1,1,0
10613,2012,246,34,125,90,52,33,0,3a,3a,1
10613,2013,246,34,125,90,52,33,0,3a,3a,1
10613,2014,246,34,125,90,52,33,0,3a,3a,1
10613,2015,246,34,125,90,52,33,0,3a,3a,1
10613,2016,246,34,125,90,52,33,0,1,1,1
10613,2017,255,35,129,93,54,34,0,1,1,1
10613,2018,259,36,125,90,52,33,0,1,1,1
10613,2019,259,36,125,90,52,33,0,1,1,1
10613,2020,259,36,125,90,52,33,0,1,1,1
10613,2021,261,36,146,105,61,38,0,1,1,1
10613,2022,257,36,0,0,0,0,0,1,1,1
10613,2023,261,36,0,0,0,0,0,1,1,1
10614,2012,762,82,96,0,0,0,0,1,1,1
10614,2013,759,79,98,0,0,0,0,1,1,1
10614,2014,747,75,91,0,0,0,0,1,1,1
10614,2015,779,90,100,0,0,0,0,1,1,1
10614,2016,675,104,85,0,0,0,0,1,1,1
10614,2017,650,90,85,0,0,0,0,1,1,1
10614,2018,600,80,70,0,0,0,0,1,1,1
10614,2019,550,50,80,0,0,0,0,1,1,1
10614,2020,570,60,75,0,0,0,0,1,1,1
10614,2021,570,60,75,0,0,0,0,1,1,1
10614,2022,500,0,100,0,0,0,0,1,1,1
10614,2023,500,0,100,0,0,0,0,1,1,1
10615,2012,1510,295,475,620,110,242,0,1,1,1
10615,2013,1510,295,475,620,110,242,0,1,1,1
10615,2014,1550,270,495,650,125,252,0,1,1,1
10615,2015,1562,275,503,648,132,260,0,1,1,1
10615,2016,1585,265,512,630,140,268,0,1,1,1
10615,2017,1605,235,508,622,148,0,0,1,1,1
10615,2018,1260,195,270,410,220,175,0,1,1,1
10615,2019,1290,285,0,645,360,0,0,1,1,1
10615,2020,1295,293,0,648,364,0,0,1,1,1
10615,2021,1385,277,105,481,305,0,0,1,1,1
10615,2022,1450,210,138,520,360,0,0,1,1,1
10615,2023,1655,179,104,547,350,0,0,1,1,1
11696,2012,0,0,0,0,0,0,0,2a,2a,0
11696,2013,0,0,0,0,0,0,0,2a,2a,0
11696,2014,0,0,0,0,0,0,0,2a,2a,0
11696,2015,0,0,0,0,0,0,0,2a,2a,0
11696,2016,0,0,0,0,0,0,0,2a,2a,0
11696,2017,0,0,0,0,0,0,0,2a,2a,0
11696,2018,0,0,0,0,0,0,0,2a,2a,0
11696,2019,0,0,0,0,0,0,0,2a,2a,0
11696,2020,0,0,0,0,0,0,0,2a,2a,0
11696,2021,0,0,0,0,0,0,0,2a,2a,0
11696,2022,0,0,0,0,0,0,0,2a,2a,0
11696,2023,0,0,0,0,0,0,0,2a,2a,0
10616,2012,6912,1584,2390,1824,691,681,0,1,1,1
10616,2013,7100,1590,2340,1800,700,685,0,1,1,1
10616,2014,7125,1600,2350,1785,720,675,0,1,1,1
10616,2015,7100,1620,2380,1780,700,665,0,1,1,1
10616,2016,7037,1608,2311,1778,703,628,0,1,1,1
10616,2017,7047,1584,2304,1772,682,638,0,1,1,1
10616,2018,7074,1561,2293,1780,675,686,0,1,1,1
10616,2019,4481,129,3952,3025,1134,1162,0,1,1,1
10616,2020,4265,594,4977,4153,1540,1462,0,1,1,1
10616,2021,4290,599,4972,4158,1548,1465,0,1,1,1
10616,2022,4046,575,5070,4192,1452,1443,0,1,1,1
10616,2023,4070,550,5128,4255,1433,1413,0,1,1,1
10617,2012,0,0,0,0,0,0,0,1,1,0
10617,2013,0,0,0,0,0,0,0,1,1,0
10617,2014,0,0,0,0,0,0,0,1,1,0
10617,2015,0,0,0,0,0,0,0,1,1,0
10617,2016,0,0,0,0,0,0,0,1,1,0
10617,2017,0,0,0,0,0,0,0,1,1,0
10617,2018,0,0,0,0,0,0,0,1,1,0
10617,2019,0,0,0,0,0,0,0,1,1,0
10617,2020,0,0,0,0,0,0,0,1,1,0
10617,2021,0,0,0,0,0,0,0,1,1,0
10617,2022,0,0,0,0,0,0,0,1,1,0
10617,2023,0,0,0,0,0,0,0,2c,2c,0
10618,2012,1050,225,600,485,185,0,0,1,1,1
10618,2013,1150,225,600,485,185,0,0,1,1,1
10618,2014,1150,225,600,485,185,0,0,1,1,1
10618,2015,1150,225,600,485,185,0,0,1,1,1
10618,2016,1145,220,600,480,180,0,0,1,1,1
10618,2017,1100,175,315,650,150,0,0,1,1,1
10618,2018,1100,180,310,650,150,0,0,1,1,1
10618,2019,1125,185,500,650,90,0,0,1,1,1
10618,2020,1125,180,500,650,100,0,0,1,1,1
10618,2021,1125,176,500,500,600,0,0,1,1,1
10618,2022,1125,100,500,500,600,0,0,1,1,1
10618,2023,925,100,500,500,500,0,0,1,1,1
10619,2012,525,75,70,0,120,80,0,1,1,1
10619,2013,525,75,70,0,120,80,0,1,1,1
10619,2014,525,75,70,0,120,80,0,1,1,1
10619,2015,525,75,70,0,120,80,0,1,1,1
10619,2016,525,75,70,0,120,80,0,1,1,1
10619,2017,525,75,70,0,120,80,0,1,1,1
10619,2018,525,75,70,0,120,80,0,1,1,1
10619,2019,525,75,70,0,120,80,0,1,1,1
10619,2020,525,75,70,0,120,5,0,1,1,1
10619,2021,525,75,70,0,120,5,0,1,1,1
10619,2022,525,75,70,0,120,5,0,1,1,1
10619,2023,525,75,75,0,125,5,0,1,1,1
11719,2019,0,0,0,45,0,0,0,2c,3a,0
11719,2020,0,0,0,310,0,0,0,1,1,0
11719,2021,0,0,0,370,0,0,0,1,1,0
11719,2022,0,0,0,421,0,0,0,1,1,0
11719,2023,0,0,0,0,0,0,0,1,1,0
11759,2012,0,214,2336,2614,2374,931,1883,2c,3a,0
11759,2013,0,214,2336,2614,2374,931,1883,2c,3a,0
11759,2014,0,214,2336,2614,2374,931,1883,1,1,0
11759,2015,0,100,1097,1228,1116,437,886,1,1,0
11759,2016,0,229,2503,2802,2544,997,2019,1,1,0
11759,2017,0,229,2503,2802,2544,997,2019,2c,3a,0
11759,2018,0,229,2503,2802,2544,997,2019,1,1,0
11759,2019,0,286,3120,3492,3171,1243,2515,1,1,0
11759,2020,0,275,3002,3360,3051,1196,2421,1,1,0
11759,2021,0,252,2751,3079,2797,1096,2219,1,1,0
11759,2022,0,209,2286,2559,2324,911,1845,1,1,0
11759,2023,0,236,2582,2891,2625,1029,2083,1,1,0
11805,2019,0,0,0,400,6500,7500,0,1,1,0
11805,2020,0,0,0,425,6650,7000,0,1,1,0
11805,2021,0,0,0,400,6000,6500,0,1,1,0
11805,2022,0,0,0,400,6000,6500,0,2c,3a,0
11805,2023,0,0,0,300,5500,6000,0,1,1,0
10620,2012,842,126,281,231,58,93,0,1,1,1
10620,2013,839,125,286,243,62,98,0,1,1,1
10620,2014,907,151,657,236,135,0,0,1,1,1
10620,2015,845,130,400,350,150,150,0,1,1,1
10620,2016,800,119,420,325,160,165,0,1,1,1
10620,2017,800,120,420,325,160,165,0,1,1,1
10620,2018,805,110,410,330,170,160,0,1,1,1
10620,2019,780,100,400,300,150,150,0,1,1,1
10620,2020,700,100,400,300,160,155,0,1,1,1
10620,2021,690,105,390,288,150,150,0,1,1,1
10620,2022,760,150,350,275,150,120,0,1,1,1
10620,2023,710,100,400,300,150,135,0,1,1,1
10621,2012,480,75,150,80,78,74,0,3a,3a,1
10621,2013,480,75,150,80,78,74,0,1,1,1
10621,2014,480,75,150,80,78,74,0,3a,3a,1
10621,2015,480,75,150,80,78,74,0,1,1,1
10621,2016,515,97,125,162,77,99,0,1,1,1
10621,2017,515,97,125,162,77,99,0,1,1,1
10621,2018,515,97,125,162,77,99,0,1,1,1
10621,2019,515,97,125,162,77,99,0,1,1,1
10621,2020,521,87,180,126,134,46,0,1,1,1
10621,2021,518,83,174,128,129,32,0,1,1,1
10621,2022,180,25,250,50,0,0,0,1,1,1
10621,2023,250,50,0,0,0,0,0,1,1,1
10622,2012,66,20,20,15,10,7,0,1,1,1
10622,2013,0,0,0,0,0,0,0,2e,2e,0
10622,2014,0,0,0,0,0,0,0,2a,2e,0
10622,2015,0,0,0,0,0,0,0,2a,2e,0
10622,2016,0,0,0,0,0,0,0,2a,2e,0
10622,2017,0,0,0,0,0,0,0,2a,2e,0
10622,2018,0,0,0,0,0,0,0,2a,2e,0
10622,2019,0,0,0,0,0,0,0,2a,2e,0
10622,2020,0,0,0,0,0,0,0,2a,2e,0
10622,2021,0,0,0,0,0,0,0,2a,2e,0
10622,2022,0,0,0,0,0,0,0,2a,2e,0
10622,2023,0,0,0,0,0,0,0,2a,2e,0
10623,2012,370,50,0,110,70,0,0,1,1,1
10623,2013,384,43,0,91,34,0,0,1,1,1
10623,2014,430,47,45,91,34,0,0,1,1,1
10623,2015,430,47,45,91,34,0,0,1,1,1
10623,2016,417,22,45,91,34,0,0,1,1,1
10623,2017,385,20,45,91,34,0,0,1,1,1
10623,2018,0,0,0,0,0,0,0,1,1,0
10623,2019,0,0,0,0,0,0,0,1,1,0
10623,2020,0,0,0,0,0,0,0,2b,2b,0
10623,2021,0,0,0,0,0,0,0,2a,2b,0
10623,2022,0,0,0,0,0,0,0,2a,2b,0
10623,2023,0,0,0,0,0,0,0,2a,2b,0
10624,2012,1075,226,180,184,0,0,0,1,1,1
10624,2013,805,115,179,178,0,0,0,1,1,1
10624,2014,730,120,169,168,0,0,0,1,1,1
10624,2015,785,100,170,200,0,0,0,1,1,1
10624,2016,774,107,177,205,0,0,0,1,1,1
10624,2017,782,94,169,224,0,0,0,1,1,1
10624,2018,755,87,156,209,0,0,0,1,1,1
10624,2019,740,85,152,202,0,0,0,1,1,1
10624,2020,737,82,155,205,0,0,0,1,1,1
10624,2021,745,71,161,198,0,0,0,1,1,1
10624,2022,775,75,165,190,0,0,0,1,1,1
10624,2023,778,73,173,203,0,0,0,1,1,1
10625,2012,702,117,70,0,0,0,0,1,1,1
10625,2013,711,124,77,0,0,0,0,1,1,1
10625,2014,716,122,73,0,0,0,0,1,1,1
10625,2015,722,118,68,0,0,0,0,1,1,1
10625,2016,730,125,76,0,0,0,0,1,1,1
10625,2017,740,130,80,0,0,0,0,1,1,1
10625,2018,767,149,92,0,0,0,0,1,1,1
10625,2019,778,162,98,0,0,0,0,1,1,1
10625,2020,780,160,100,0,0,0,0,1,1,1
10625,2021,800,175,120,0,0,0,0,1,1,1
10625,2022,837,121,139,0,0,0,0,1,1,1
10625,2023,821,114,127,0,0,0,0,1,1,1
10626,2012,790,110,773,553,323,201,0,3a,3a,1
10626,2013,790,110,773,553,323,201,0,3a,3a,1
10626,2014,790,110,773,553,323,201,0,3a,3a,1
10626,2015,790,110,773,553,323,201,0,3a,3a,1
10626,2016,790,110,773,553,323,201,0,1,1,1
10626,2017,834,116,376,269,157,98,0,1,1,1
10626,2018,834,116,376,269,157,98,0,1,1,1
10626,2019,845,117,0,0,0,0,0,1,1,1
10626,2020,729,101,0,0,0,0,0,1,1,1
10626,2021,791,110,323,231,135,84,0,1,1,1
10626,2022,755,105,397,284,166,103,0,1,1,1
10626,2023,651,90,0,0,0,0,0,1,1,1
11877,2012,0,589,6430,7197,6536,2562,5186,2c,3a,0
11877,2013,0,589,6430,7197,6536,2562,5186,2c,3a,0
11877,2014,0,589,6430,7197,6536,2562,5186,1,1,0
11877,2015,0,589,6430,7197,6536,2562,5186,1,1,0
11877,2016,0,589,6430,7197,6536,2562,5186,1,1,0
11877,2017,0,656,7164,8018,7282,2854,5777,2c,3a,0
11877,2018,0,723,7897,8839,8027,3146,6368,1,1,0
11877,2019,0,619,6769,7576,6880,2697,5459,1,1,0
11877,2020,0,764,8348,9344,8486,3326,6732,1,1,0
11877,2021,0,764,8348,9344,8486,3326,6732,1,1,0
11877,2022,0,723,7897,8839,8027,3146,6368,1,1,0
11877,2023,0,764,8348,9344,8486,3326,6732,1,1,0
10627,2012,760,110,23,17,34,16,0,1,1,1
10627,2013,760,110,23,17,34,16,0,1,1,1
10627,2014,760,120,29,21,27,13,0,1,1,1
10627,2015,760,120,29,21,27,13,0,1,1,1
10627,2016,760,120,23,17,41,19,0,1,1,1
10627,2017,780,80,46,34,0,0,0,1,1,1
10627,2018,800,90,29,21,0,0,0,1,1,1
10627,2019,800,90,29,21,0,0,0,1,1,1
10627,2020,800,90,29,21,0,0,0,1,1,1
10627,2021,600,70,15,11,0,0,0,3a,3a,1
10627,2022,400,50,0,0,0,0,0,1,1,1
10627,2023,750,100,69,51,0,0,0,1,1,1
10628,2012,1202,209,407,457,225,167,0,1,1,1
10628,2013,1202,209,407,457,225,167,0,1,1,1
10628,2014,1202,209,407,457,225,167,0,3a,3a,1
10628,2015,601,105,0,0,0,0,0,1,1,1
10628,2016,0,0,0,0,0,0,0,1,1,0
10628,2017,0,0,0,0,0,1500,0,2c,3a,0
10628,2018,0,0,0,0,200,3250,0,2c,3a,0
10628,2019,0,0,0,0,400,5000,0,1,1,0
10628,2020,0,0,0,0,400,5000,0,1,1,0
10628,2021,0,0,0,0,300,2700,0,1,1,0
10628,2022,0,0,0,0,300,2700,0,1,1,0
10628,2023,0,0,0,0,300,2700,0,1,1,0
11970,2012,0,0,0,0,0,0,0,2e,2e,0
11970,2013,0,0,0,0,0,0,0,2e,2e,0
11970,2014,0,0,0,0,0,0,0,2e,2e,0
11970,2015,0,0,0,0,0,0,0,2e,2e,0
11970,2016,0,0,0,0,0,0,0,2e,2e,0
11970,2017,0,0,0,0,0,0,0,2e,2e,0
11970,2018,0,0,0,0,0,0,0,2e,2e,0
11970,2019,0,0,0,0,0,0,0,2e,2e,0
11970,2020,0,0,0,0,0,0,0,2e,2e,0
11970,2021,0,0,0,0,0,0,0,2e,2e,0
11970,2022,0,0,0,0,0,0,0,2e,2e,0
11970,2023,0,0,0,0,0,0,0,2e,2e,0
10629,2012,1874,466,793,610,100,100,0,1,1,1
10629,2013,1874,466,792,610,92,97,0,1,1,1
10629,2014,1885,464,787,608,156,0,0,1,1,1
10629,2015,1865,463,792,613,189,0,0,1,1,1
10629,2016,1875,468,795,609,191,0,0,1,1,1
10629,2017,1878,464,782,600,185,0,0,1,1,1
10629,2018,1878,467,791,608,188,0,0,1,1,1
10629,2019,1869,469,793,602,181,0,0,1,1,1
10629,2020,1858,462,794,611,193,0,0,1,1,1
10629,2021,1889,463,790,606,177,0,0,1,1,1
10629,2022,1886,458,726,599,161,0,0,1,1,1
10629,2023,1886,473,763,603,174,0,0,1,1,1
10630,2012,1684,0,284,0,0,0,0,1,1,1
10630,2013,1750,0,280,0,0,0,0,1,1,1
10630,2014,1755,0,275,0,0,0,0,1,1,1
10630,2015,1560,0,250,0,0,0,0,1,1,1
10630,2016,1699,0,395,0,0,0,0,1,1,1
10630,2017,1703,120,399,0,0,0,0,1,1,1
10630,2018,1694,347,479,0,0,0,0,1,1,1
10630,2019,1690,339,658,0,145,0,0,1,1,1
10630,2020,1732,377,229,331,0,0,0,1,1,1
10630,2021,1743,380,245,345,0,0,0,1,1,1
10630,2022,1736,373,255,353,0,0,0,1,1,1
10630,2023,1735,376,252,359,0,0,0,1,1,1
10631,2012,890,190,90,0,217,0,0,3a,3a,1
10631,2013,890,190,90,0,217,0,0,1,1,1
10631,2014,890,190,90,0,217,0,0,3a,3a,1
10631,2015,890,190,90,0,217,0,0,1,1,1
10631,2016,890,190,90,0,217,0,0,1,1,1
10631,2017,680,68,50,0,110,0,0,1,1,1
10631,2018,0,0,0,0,0,0,0,1,1,0
10631,2019,0,0,0,0,0,0,0,1,1,0
10631,2020,0,0,0,0,0,0,0,1,1,0
10631,2021,0,0,0,0,0,0,0,1,1,0
10631,2022,0,0,0,0,0,0,0,2b,2b,0
10631,2023,0,0,0,0,0,0,0,2b,2b,0
10632,2012,817,168,248,183,87,41,0,1,1,1
10632,2013,879,141,233,172,0,0,0,1,1,1
10632,2014,765,150,173,127,102,48,0,1,1,1
10632,2015,670,150,316,234,0,0,10,1,1,1
10632,2016,700,110,345,255,0,0,30,1,1,1
10632,2017,715,115,357,263,0,0,2,1,1,1
10632,2018,700,115,230,170,0,0,1,1,1,1
10632,2019,730,110,230,170,0,0,15,1,1,1
10632,2020,750,150,115,85,0,0,15,1,1,1
10632,2021,0,0,0,0,0,0,0,2e,2e,0
10632,2022,0,0,0,0,0,0,0,2e,2e,0
10632,2023,0,0,0,0,0,0,0,2e,2e,0
11673,2012,3230,375,1350,1600,575,525,0,3a,3a,1
11673,2013,3230,375,1350,1600,575,525,0,3a,3a,1
11673,2014,3230,375,1350,1600,575,525,0,3a,3a,1
11673,2015,3230,375,1350,1600,575,525,0,3a,3a,1
11673,2016,3230,375,1350,1600,575,525,0,3a,3a,1
11673,2017,3230,375,1350,1600,575,525,0,3a,3a,1
11673,2018,3230,375,1350,1600,575,525,0,3a,3a,1
11673,2019,3230,375,1350,1600,575,525,0,3a,3a,1
11673,2020,3230,375,1350,1600,575,525,0,3a,3a,1
11673,2021,3230,375,1350,1600,575,525,0,1,1,1
11673,2022,3250,360,1375,1020,595,585,0,1,1,1
11673,2023,3240,350,1365,1030,605,595,0,1,1,1
10633,2012,1141,159,63,45,26,16,0,1,1,1
10633,2013,1343,187,531,379,222,138,0,1,1,1
10633,2014,1361,189,418,299,175,108,0,1,1,1
10633,2015,1361,189,345,247,144,89,0,1,1,1
10633,2016,1361,189,272,194,113,71,0,1,1,1
10633,2017,1492,208,543,388,227,142,0,1,1,1
10633,2018,1492,208,627,448,262,163,0,1,1,1
10633,2019,1366,190,937,670,392,244,0,1,1,1
10633,2020,980,136,683,488,286,178,0,1,1,1
10633,2021,1668,232,428,306,179,112,0,1,1,1
10633,2022,1536,214,419,300,175,109,0,1,1,1
10633,2023,1536,214,374,276,237,113,0,1,1,1
10634,2012,211,29,25,18,10,7,0,1,1,1
10634,2013,184,26,25,18,10,7,0,1,1,1
10634,2014,176,24,38,27,16,9,0,1,1,1
10634,2015,193,27,29,21,12,8,0,1,1,1
10634,2016,176,24,38,27,16,9,0,1,1,1
10634,2017,0,0,0,0,0,0,0,1,1,0
10634,2018,0,0,0,0,0,0,0,1,1,0
10634,2019,0,0,0,0,0,0,0,1,1,0
10634,2020,0,0,0,0,0,0,0,1,1,0
10634,2021,0,0,0,0,0,0,0,1,1,0
10634,2022,0,0,0,0,0,0,0,1,1,0
10634,2023,0,0,0,0,0,0,0,2c,2c,0
10635,2012,300,40,80,80,30,32,0,1,1,1
10635,2013,300,40,80,80,30,32,0,1,1,1
10635,2014,160,40,80,80,30,32,0,1,1,1
10635,2015,170,30,75,75,25,25,0,1,1,1
10635,2016,170,30,75,75,25,25,0,1,1,1
10635,2017,160,30,75,75,25,25,0,1,1,1
10635,2018,160,30,75,75,25,25,0,1,1,1
10635,2019,160,30,75,75,25,25,0,1,1,1
10635,2020,160,30,75,75,25,25,0,1,1,1
10635,2021,160,30,75,75,25,25,0,1,1,1
10635,2022,0,0,110,70,0,0,0,1,1,0
10635,2023,0,0,0,0,0,0,0,1,1,0
11864,2012,0,428,4680,5238,4757,1865,3774,2c,3a,0
11864,2013,0,428,4680,5238,4757,1865,3774,2c,3a,0
11864,2014,0,428,4680,5238,4757,1865,3774,1,1,0
11864,2015,0,401,4376,4899,4449,1744,3528,1,1,0
11864,2016,0,317,3460,3873,3517,1378,2790,1,1,0
11864,2017,0,317,3460,3873,3517,1378,2790,2c,3a,0
11864,2018,0,317,3460,3873,3517,1378,2790,1,1,0
11864,2019,0,383,4182,4681,4251,1666,3373,1,1,0
11864,2020,0,413,4514,5052,4588,1798,3640,1,1,0
11864,2021,0,393,4290,4802,4361,1709,3460,1,1,0
11864,2022,0,323,3528,3949,3586,1406,2845,1,1,0
11864,2023,0,339,3704,4145,3765,1475,2987,1,1,0
10636,2012,941,242,0,738,250,400,0,1,1,1
10636,2013,941,242,0,738,250,400,0,1,1,1
10636,2014,950,247,0,730,262,394,0,1,1,1
10636,2015,950,250,0,725,250,380,0,1,1,1
10636,2016,962,245,0,586,252,323,0,1,1,1
10636,2017,1021,206,0,583,241,283,0,1,1,1
10636,2018,1042,234,0,569,255,256,0,1,1,1
10636,2019,1064,225,0,572,250,270,0,1,1,1
10636,2020,1053,208,0,561,242,258,0,1,1,1
10636,2021,1060,205,0,555,240,26,0,1,1,1
10636,2022,1060,205,0,555,240,26,0,3a,3a,1
10636,2023,0,0,0,150,0,0,0,1,1,0
10637,2012,715,157,550,0,0,0,0,1,1,1
10637,2013,722,162,543,0,0,0,0,1,1,1
10637,2014,730,168,556,0,0,0,0,1,1,1
10637,2015,735,170,560,300,0,0,0,1,1,1
10637,2016,715,165,725,286,0,0,0,1,1,1
10637,2017,725,168,733,123,0,0,0,1,1,1
10637,2018,709,174,753,97,0,0,0,1,1,1
10637,2019,715,100,745,96,0,0,0,1,1,1
10637,2020,712,165,745,92,0,0,0,1,1,1
10637,2021,710,168,760,90,0,0,0,1,1,1
10637,2022,0,0,0,0,0,0,0,1,1,0
10637,2023,0,0,0,0,0,0,0,1,1,0
11690,2012,700,131,0,0,271,129,0,3e,3e,1
11690,2013,700,131,0,0,271,129,0,3e,3e,1
11690,2014,700,131,0,0,271,129,0,3e,3e,1
11690,2015,700,131,0,0,271,129,0,3e,3e,1
11690,2016,700,131,0,0,271,129,0,3e,3e,1
11690,2017,700,131,0,0,271,129,0,3e,3e,1
11690,2018,700,131,0,0,271,129,0,3e,3e,1
11690,2019,700,131,0,0,271,129,0,3e,3e,1
11690,2020,700,131,0,0,271,129,0,3e,3e,1
11690,2021,700,131,0,0,271,129,0,3e,3e,1
11690,2022,700,131,0,0,271,129,0,3e,3e,1
11690,2023,700,131,0,0,271,129,0,3e,3e,1
10638,2012,0,0,346,354,0,0,0,1,1,0
10638,2013,0,0,247,253,408,92,0,1,1,0
10638,2014,0,81,415,424,0,0,0,1,1,0
10638,2015,0,0,493,504,0,0,0,1,1,0
10638,2016,0,0,489,500,0,0,0,2c,3a,0
10638,2017,0,0,484,496,0,0,0,1,1,0
10638,2018,0,0,494,506,0,0,0,1,1,0
10638,2019,0,0,366,374,0,0,0,1,1,0
10638,2020,0,112,378,387,0,0,0,1,1,0
10638,2021,0,56,412,421,0,0,0,2c,3a,0
10638,2022,0,0,445,455,0,0,0,1,1,0
10638,2023,0,0,445,455,0,0,0,1,1,0
10639,2012,132,18,104,75,44,27,0,1,1,1
10639,2013,132,18,73,52,31,19,0,1,1,1
10639,2014,132,18,104,75,44,27,0,1,1,1
10639,2015,128,18,0,0,0,0,0,1,1,1
10639,2016,0,0,0,0,0,0,0,1,1,0
10639,2017,125,17,0,0,0,0,0,1,1,1
10639,2018,129,18,0,0,0,0,0,1,1,1
10639,2019,129,18,0,0,0,0,0,1,1,1
10639,2020,128,18,81,58,34,22,0,1,1,1
10639,2021,124,17,161,115,67,43,0,1,1,1
10639,2022,122,17,140,100,58,37,0,1,1,1
10639,2023,0,17,140,100,58,37,0,2a,3a,0
10640,2012,162,22,0,0,0,0,0,3a,3a,1
10640,2013,162,22,0,0,0,0,0,3a,3a,1
10640,2014,162,22,0,0,0,0,0,3a,3a,1
10640,2015,162,22,0,0,0,0,0,3a,3a,1
10640,2016,162,22,0,0,0,0,0,1,1,1
10640,2017,259,36,0,0,0,0,0,1,1,1
10640,2018,169,24,0,0,0,0,0,1,1,1
10640,2019,114,16,0,0,0,0,0,1,1,1
10640,2020,185,26,0,0,0,0,0,3a,3a,1
10640,2021,255,35,0,0,0,0,0,1,1,1
10640,2022,246,34,0,0,0,0,0,1,1,1
10640,2023,483,67,0,0,0,0,0,1,1,1
10641,2012,770,107,376,269,157,98,0,3a,3a,1
10641,2013,770,107,376,269,157,98,0,3a,3a,1
10641,2014,770,107,376,269,157,98,0,3a,3a,1
10641,2015,770,107,376,269,157,98,0,3a,3a,1
10641,2016,770,107,376,269,157,98,0,1,1,1
10641,2017,702,98,334,239,140,87,0,1,1,1
10641,2018,729,101,0,0,0,0,0,1,1,1
10641,2019,681,95,0,0,0,0,0,1,1,1
10641,2020,729,101,0,0,0,0,0,1,1,1
10641,2021,720,100,0,0,0,0,0,1,1,1
10641,2022,658,92,0,0,0,0,0,1,1,1
10641,2023,834,116,228,163,95,59,0,1,1,1
10642,2012,0,0,1012,1035,0,0,0,1,1,0
10642,2013,0,0,237,243,0,0,0,1,1,0
10642,2014,0,0,237,243,0,0,0,2a,3a,0
10642,2015,0,0,237,243,0,0,0,2a,3a,0
10642,2016,0,0,0,0,0,0,0,2a,2a,0
10642,2017,0,0,0,0,0,0,0,2a,2a,0
10642,2018,0,0,0,0,0,0,0,2a,2a,0
10642,2019,0,0,0,0,0,0,0,2a,2a,0
10642,2020,0,0,0,0,0,0,0,2a,2a,0
10642,2021,0,0,0,0,0,0,0,2a,2a,0
10642,2022,0,0,0,0,0,0,0,2a,2a,0
10642,2023,0,0,0,0,0,0,0,2a,2a,0
10643,2012,1093,105,493,304,112,196,0,3a,3a,1
10643,2013,1093,105,493,304,112,196,0,1,1,1
10643,2014,1085,141,479,306,142,188,0,3a,3a,1
10643,2015,1077,176,465,308,172,179,0,1,1,1
10643,2016,1206,148,434,373,252,171,0,1,1,1
10643,2017,1121,148,450,362,250,165,0,1,1,1
10643,2018,1130,147,465,365,260,170,0,1,1,1
10643,2019,1166,139,495,322,301,229,0,1,1,1
10643,2020,1169,132,490,365,312,242,0,1,1,1
10643,2021,1059,144,492,342,322,243,0,1,1,1
10643,2022,1170,146,492,370,322,248,0,1,1,1
10643,2023,1170,148,497,372,324,249,0,1,1,1
10644,2012,500,30,10,50,50,0,0,1,1,1
10644,2013,606,109,24,0,0,0,0,1,1,1
10644,2014,606,109,24,0,0,0,0,1,1,1
10644,2015,606,109,24,0,0,0,0,1,1,1
10644,2016,0,0,0,0,0,0,0,1,1,0
10644,2017,0,0,0,0,0,0,0,2a,2e,0
10644,2018,0,0,0,0,0,0,0,2a,2e,0
10644,2019,0,0,0,0,0,0,0,2a,2e,0
10644,2020,0,0,0,0,0,0,0,2a,2e,0
10644,2021,0,0,0,0,0,0,0,2a,2e,0
10644,2022,0,0,0,0,0,0,0,2a,2e,0
10644,2023,0,0,0,0,0,0,0,2a,2e,0
10645,2012,405,74,82,0,0,0,0,1,1,1
10645,2013,409,62,12,0,0,0,0,1,1,1
10645,2014,390,66,0,0,0,0,0,1,1,1
10645,2015,447,70,0,0,0,0,0,1,1,1
10645,2016,356,52,0,0,0,0,0,1,1,1
10645,2017,0,0,0,0,0,0,30,2b,3a,0
10645,2018,0,0,0,0,0,0,30,2c,3a,0
10645,2019,0,0,0,0,0,0,30,2c,3a,0
10645,2020,0,0,0,0,0,0,30,2c,3a,0
10645,2021,0,0,0,0,0,0,30,2c,3a,0
10645,2022,0,0,0,0,0,0,30,2c,3a,0
10645,2023,0,0,0,0,0,0,30,2c,3a,0
10646,2012,439,61,167,120,70,43,0,1,1,1
10646,2013,457,63,63,45,26,16,0,1,1,1
10646,2014,457,63,63,45,26,16,0,1,1,1
10646,2015,439,61,63,45,26,16,0,1,1,1
10646,2016,465,65,63,45,26,16,0,1,1,1
10646,2017,527,73,209,149,87,55,0,1,1,1
10646,2018,500,70,242,173,101,64,0,1,1,1
10646,2019,518,72,242,173,101,64,0,1,1,1
10646,2020,553,77,155,111,65,41,0,1,1,1
10646,2021,571,79,67,48,28,17,0,1,1,1
10646,2022,615,85,67,48,28,17,0,1,1,1
10646,2023,597,83,17,13,88,42,0,1,1,1
10647,2012,1460,232,175,0,0,560,0,1,1,1
10647,2013,1473,222,188,0,372,177,0,1,1,1
10647,2014,1467,225,181,0,369,175,0,1,1,1
10647,2015,1465,220,180,0,366,174,0,1,1,1
10647,2016,1475,225,175,0,374,178,0,1,1,1
10647,2017,1480,229,178,0,379,181,0,1,1,1
10647,2018,1499,241,193,0,389,185,0,1,1,1
10647,2019,1500,240,198,0,0,0,0,1,1,1
10647,2020,1508,236,201,0,0,0,0,1,1,1
10647,2021,1490,225,165,0,0,0,0,1,1,1
10647,2022,1526,239,203,0,0,0,0,1,1,1
10647,2023,1526,239,203,0,0,0,0,3a,3a,1
10648,2012,1725,275,750,600,250,0,0,1,1,1
10648,2013,1725,275,750,600,250,0,0,1,1,1
10648,2014,1725,275,750,600,250,0,0,1,1,1
10648,2015,1725,275,750,600,250,0,0,1,1,1
10648,2016,1725,275,750,600,250,0,0,1,1,1
10648,2017,1725,275,750,600,250,0,0,1,1,1
10648,2018,1725,275,750,600,250,0,0,1,1,1
10648,2019,1725,275,750,600,250,0,0,1,1,1
10648,2020,1725,275,750,600,250,0,0,1,1,1
10648,2021,1725,275,750,600,250,0,0,1,1,1
10648,2022,1725,275,750,600,250,0,0,1,1,1
10648,2023,1725,275,750,600,250,0,0,1,1,1
10649,2012,702,98,334,239,140,87,0,3a,3a,1
10649,2013,702,98,334,239,140,87,0,3a,3a,1
10649,2014,702,98,334,239,140,87,0,3a,3a,1
10649,2015,702,98,334,239,140,87,0,3a,3a,1
10649,2016,702,98,334,239,140,87,0,1,1,1
10649,2017,702,98,334,239,140,87,0,1,1,1
10649,2018,702,98,334,239,140,87,0,1,1,1
10649,2019,615,85,0,0,0,0,0,1,1,1
10649,2020,702,98,334,239,140,87,0,1,1,1
10649,2021,702,98,167,120,70,43,0,1,1,1
10649,2022,702,98,167,120,70,43,0,1,1,1
10649,2023,702,98,167,120,70,43,0,3a,3a,1
10650,2012,680,85,165,269,0,0,0,3a,3a,1
10650,2013,680,85,165,269,0,0,0,1,1,1
10650,2014,685,80,167,265,0,0,0,1,1,1
10650,2015,710,85,145,280,0,0,0,1,1,1
10650,2016,754,98,157,295,0,0,0,1,1,1
10650,2017,760,100,167,280,0,0,0,1,1,1
10650,2018,750,92,170,277,0,0,0,1,1,1
10650,2019,760,92,170,277,0,0,0,1,1,1
10650,2020,745,169,196,293,0,0,0,1,1,1
10650,2021,742,166,204,297,0,0,0,1,1,1
10650,2022,747,165,212,292,0,0,0,1,1,1
10650,2023,300,38,110,142,0,0,0,1,1,1
10651,2012,2000,300,2000,800,400,500,0,1,1,1
10651,2013,2020,310,2000,800,900,0,0,1,1,1
10651,2014,2010,316,2010,795,890,0,0,1,1,1
10651,2015,2020,300,2000,795,421,490,0,1,1,1
10651,2016,2096,341,1998,838,463,536,0,1,1,1
10651,2017,2085,349,2008,823,456,542,0,1,1,1
10651,2018,2065,346,1972,814,0,0,0,1,1,1
10651,2019,2076,355,1979,819,0,0,0,1,1,1
10651,2020,2340,243,959,821,0,0,0,1,1,1
10651,2021,2210,355,1462,195,1413,0,0,1,1,1
10651,2022,2164,374,1438,212,1423,0,0,1,1,1
10651,2023,2294,392,1408,225,1359,0,0,1,1,1
10652,2012,600,80,250,75,50,50,0,1,1,1
10652,2013,0,0,0,0,0,0,0,2a,2e,0
10652,2014,0,0,0,0,0,0,0,2a,2e,0
10652,2015,0,0,0,0,0,0,0,2a,2e,0
10652,2016,0,0,0,0,0,0,0,2a,2e,0
10652,2017,0,0,0,0,0,0,0,2a,2e,0
10652,2018,0,0,0,0,0,0,0,2a,2e,0
10652,2019,0,0,0,0,0,0,0,2a,2e,0
10652,2020,0,0,0,0,0,0,0,2a,2e,0
10652,2021,0,0,0,0,0,0,0,2a,2e,0
10652,2022,0,0,0,0,0,0,0,2a,2e,0
10652,2023,0,0,0,0,0,0,0,2a,2e,0
10653,2012,1338,277,81,0,110,0,0,1,1,1
10653,2013,1340,304,85,0,112,0,0,1,1,1
10653,2014,1433,249,532,411,115,176,0,1,1,1
10653,2015,1441,255,600,630,200,470,0,1,1,1
10653,2016,1445,250,575,600,210,450,0,1,1,1
10653,2017,877,48,0,0,0,0,0,1,1,1
10653,2018,725,88,0,0,0,0,0,1,1,1
10653,2019,1100,100,375,375,0,0,0,1,1,1
10653,2020,1100,100,350,400,0,0,0,1,1,1
10653,2021,1096,103,341,410,0,0,0,1,1,1
10653,2022,1105,110,330,385,0,0,0,1,1,1
10653,2023,1113,116,319,389,0,0,0,1,1,1
10654,2012,1420,259,1257,655,125,52,0,1,1,1
10654,2013,1400,250,1280,680,120,48,0,1,1,1
10654,2014,1280,235,1266,665,115,45,0,1,1,1
10654,2015,1250,200,1260,655,100,50,0,1,1,1
10654,2016,1366,186,1223,675,121,48,0,1,1,1
10654,2017,1385,195,1197,687,135,65,0,1,1,1
10654,2018,1438,68,1218,828,404,170,0,1,1,1
10654,2019,1507,183,975,828,399,175,0,1,1,1
10654,2020,1560,185,960,843,414,170,0,1,1,1
10654,2021,1590,187,963,848,409,171,0,1,1,1
10654,2022,1594,172,949,828,425,157,0,1,1,1
10654,2023,1613,168,945,812,429,146,0,1,1,1
10655,2012,1926,425,804,596,36,66,0,3a,3a,1
10655,2013,1700,436,800,600,0,0,0,1,1,1
10655,2014,1625,425,900,800,200,120,0,1,1,1
10655,2015,1625,425,900,800,200,120,0,1,1,1
10655,2016,1575,277,750,550,275,120,0,1,1,1
10655,2017,1700,325,900,700,300,0,0,1,1,1
10655,2018,1550,350,850,700,275,220,0,1,1,1
10655,2019,1417,306,687,660,218,211,0,1,1,1
10655,2020,1325,250,630,610,260,200,0,1,1,1
10655,2021,1400,300,650,600,240,100,0,1,1,1
10655,2022,1130,265,650,550,190,50,0,1,1,1
10655,2023,1100,245,640,550,190,50,0,1,1,1
10656,2012,1070,174,70,0,0,0,0,1,1,1
10656,2013,1055,177,80,0,0,0,0,1,1,1
10656,2014,1060,170,75,0,0,0,0,1,1,1
10656,2015,1040,165,80,0,0,0,0,1,1,1
10656,2016,0,0,0,0,0,0,0,1,1,0
10656,2017,0,0,0,0,0,0,0,2b,2e,0
10656,2018,0,0,0,0,0,0,0,2a,2e,0
10656,2019,0,0,0,0,0,0,0,2a,2e,0
10656,2020,0,0,0,0,0,0,0,2a,2e,0
10656,2021,0,0,0,0,0,0,0,2a,2e,0
10656,2022,0,0,0,0,0,0,0,2a,2e,0
10656,2023,0,0,0,0,0,0,0,2a,2e,0
10657,2012,2673,547,959,710,128,243,0,1,1,1
10657,2013,2663,550,962,704,122,320,0,1,1,1
10657,2014,2690,403,1008,775,224,336,0,1,1,1
10657,2015,3000,700,1000,800,150,400,0,1,1,1
10657,2016,2800,500,1050,810,200,420,0,1,1,1
10657,2017,2800,445,1095,820,250,425,0,1,1,1
10657,2018,2780,440,1090,815,225,415,0,1,1,1
10657,2019,2775,445,1095,812,223,408,0,1,1,1
10657,2020,2780,440,1088,815,225,415,0,1,1,1
10657,2021,2700,450,1060,800,200,400,0,1,1,1
10657,2022,2800,440,1130,800,200,300,0,1,1,1
10657,2023,2668,422,1024,902,204,46,0,1,1,1
11691,2012,1322,181,314,257,137,89,0,3f,3f,1
11691,2013,1322,181,314,257,137,89,0,3f,3f,1
11691,2014,1322,181,314,257,137,89,0,3f,3f,1
11691,2015,0,0,0,0,0,0,0,2e,2e,0
11691,2016,0,0,0,0,0,0,0,2e,2e,0
11691,2017,0,0,0,0,0,0,0,2e,2e,0
11691,2018,0,0,0,0,0,0,0,2e,2e,0
11691,2019,0,0,0,0,0,0,0,2e,2e,0
11691,2020,0,0,0,0,0,0,0,2e,2e,0
11691,2021,0,0,0,0,0,0,0,2e,2e,0
11691,2022,0,0,0,0,0,0,0,2e,2e,0
11691,2023,0,0,0,0,0,0,0,2e,2e,0
10658,2012,416,42,120,195,0,0,0,1,1,1
10658,2013,23,0,0,0,0,0,0,1,1,1
10658,2014,220,17,0,0,0,0,0,1,1,1
10658,2015,0,0,0,0,0,0,0,2c,2c,0
10658,2016,0,0,0,0,0,0,0,1,1,0
10658,2017,0,0,0,0,0,0,0,1,1,0
10658,2018,0,0,0,0,0,0,0,1,1,0
10658,2019,0,0,0,0,0,0,0,1,1,0
10658,2020,0,0,0,0,0,0,0,1,1,0
10658,2021,0,0,0,0,0,0,0,1,1,0
10658,2022,0,0,0,0,0,0,0,1,1,0
10658,2023,0,0,0,0,0,0,0,1,1,0
10659,2012,1833,256,435,615,360,345,0,1,1,1
10659,2013,1778,248,422,597,349,335,0,1,1,1
10659,2014,1707,238,405,573,335,322,0,1,1,1
10659,2015,1707,238,405,573,335,322,0,1,1,1
10659,2016,1701,236,402,571,333,320,0,1,1,1
10659,2017,1691,226,395,564,328,317,0,1,1,1
10659,2018,1679,229,399,542,317,301,0,1,1,1
10659,2019,1694,225,378,539,312,297,0,1,1,1
10659,2020,1685,226,380,540,316,299,0,1,1,1
10659,2021,1680,220,375,550,300,300,0,1,1,1
10659,2022,1600,200,325,500,300,300,0,1,1,1
10659,2023,1500,300,300,500,300,300,0,1,1,1
10660,2012,595,80,200,200,90,100,0,1,1,1
10660,2013,595,80,200,200,90,100,0,1,1,1
10660,2014,595,80,200,200,90,100,0,1,1,1
10660,2015,595,80,200,200,90,100,0,1,1,1
10660,2016,595,80,200,200,90,100,0,1,1,1
10660,2017,595,80,200,200,90,100,0,1,1,1
10660,2018,595,80,200,200,90,100,0,1,1,1
10660,2019,595,80,200,200,90,100,0,1,1,1
10660,2020,610,66,200,160,80,91,0,1,1,1
10660,2021,610,66,180,140,80,80,0,1,1,1
10660,2022,408,44,135,105,60,60,0,1,1,1
10660,2023,0,0,0,0,0,0,0,2a,2a,0
10661,2012,1032,190,20,142,83,154,0,1,1,1
10661,2013,1040,185,20,152,73,141,0,1,1,1
10661,2014,1040,185,20,152,73,141,0,1,1,1
10661,2015,550,35,200,200,75,0,0,1,1,1
10661,2016,550,35,200,200,75,0,0,1,1,1
10661,2017,550,100,200,200,75,0,0,1,1,1
10661,2018,550,100,200,200,75,0,0,1,1,1
10661,2019,800,100,200,200,200,0,0,1,1,1
10661,2020,795,100,200,200,200,0,0,1,1,1
10661,2021,790,100,150,150,150,0,0,1,1,1
10661,2022,625,50,150,150,150,0,0,1,1,1
10661,2023,600,50,100,100,100,0,0,1,1,1
10662,2012,1160,229,83,0,0,33,0,1,1,1
10662,2013,1200,180,75,125,75,0,0,1,1,1
10662,2014,1320,262,235,225,125,0,0,1,1,1
10662,2015,1422,256,239,231,137,0,0,1,1,1
10662,2016,1752,272,248,239,138,0,0,1,1,1
10662,2017,1732,281,242,239,133,0,0,1,1,1
10662,2018,1786,284,245,242,131,0,0,1,1,1
10662,2019,1741,283,245,249,131,0,0,1,1,1
10662,2020,1739,292,241,248,141,0,0,1,1,1
10662,2021,1749,289,242,242,139,0,0,1,1,1
10662,2022,1552,287,248,246,132,0,0,1,1,1
10662,2023,1550,275,245,240,125,0,0,1,1,1
10663,2012,3200,450,110,0,0,0,0,1,1,1
10663,2013,3200,450,150,1550,0,0,0,1,1,1
10663,2014,3000,300,150,1550,200,0,0,1,1,1
10663,2015,3000,300,150,1550,200,0,0,1,1,1
10663,2016,2200,250,600,1550,200,0,0,1,1,1
10663,2017,2283,480,638,574,193,0,0,1,1,1
10663,2018,2125,350,650,600,200,0,0,1,1,1
10663,2019,0,0,0,0,0,0,0,1,1,0
10663,2020,0,0,500,1400,0,0,0,1,1,0
10663,2021,0,0,1150,2430,910,0,0,1,1,0
10663,2022,0,0,1100,2250,890,0,0,1,1,0
10663,2023,0,0,0,0,0,0,0,1,1,0
10664,2012,498,65,145,0,0,0,0,1,1,1
10664,2013,510,80,130,0,0,0,0,1,1,1
10664,2014,518,84,137,0,0,0,0,1,1,1
10664,2015,520,85,140,0,0,0,0,1,1,1
10664,2016,532,75,146,0,0,0,0,1,1,1
10664,2017,240,20,0,0,0,15,0,1,1,1
10664,2018,230,25,0,0,0,15,0,1,1,1
10664,2019,300,35,25,30,25,40,0,1,1,1
10664,2020,310,45,20,20,20,20,0,1,1,1
10664,2021,315,40,20,25,25,20,0,1,1,1
10664,2022,350,50,40,10,10,0,0,1,1,1
10664,2023,280,35,30,10,10,0,0,1,1,1
11662,2012,2681,204,97,1365,780,1950,0,3a,3a,1
11662,2013,2681,204,97,1365,780,1950,0,3a,3a,1
11662,2014,2681,204,97,1365,780,1950,0,3a,3a,1
11662,2015,2681,204,97,1365,780,1950,0,3a,3a,1
11662,2016,2681,204,97,1365,780,1950,0,3a,3a,1
11662,2017,2681,204,97,1365,780,1950,0,3a,3a,1
11662,2018,2681,204,97,1365,780,1950,0,3a,3a,1
11662,2019,2681,204,97,1365,780,1950,0,3a,3a,1
11662,2020,2681,204,97,1365,780,1950,0,3a,3a,1
11662,2021,2681,204,97,1365,780,1950,0,1,1,1
11662,2022,2678,207,102,1345,770,1906,0,1,1,1
11662,2023,2730,195,195,1072,877,1170,0,1,1,1
10665,2012,105,15,29,21,12,8,0,1,1,1
10665,2013,86,12,35,25,15,9,0,1,1,1
10665,2014,97,13,33,24,14,9,0,1,1,1
10665,2015,101,14,33,24,14,9,0,1,1,1
10665,2016,88,12,42,30,17,11,0,1,1,1
10665,2017,98,14,33,24,14,9,0,1,1,1
10665,2018,97,13,33,24,14,9,0,1,1,1
10665,2019,90,12,29,21,12,8,0,1,1,1
10665,2020,90,13,28,20,12,8,0,1,1,1
10665,2021,84,12,26,19,11,7,0,1,1,1
10665,2022,89,12,19,13,8,5,0,1,1,1
10665,2023,86,12,12,9,16,8,0,1,1,1
10666,2012,2555,428,714,779,3490,4033,0,1,1,1
10666,2013,2635,348,775,778,3485,4020,0,1,1,1
10666,2014,2682,351,1141,906,3507,3994,0,1,1,1
10666,2015,2660,343,768,782,3489,4034,0,1,1,1
10666,2016,2663,346,771,777,3485,4037,0,1,1,1
10666,2017,2620,375,775,781,3734,4033,0,1,1,1
10666,2018,2650,350,775,780,3500,4000,0,1,1,1
10666,2019,2594,398,776,782,241,268,0,1,1,1
10666,2020,2603,398,776,779,246,261,0,1,1,1
10666,2021,2618,381,774,783,236,276,0,1,1,1
10666,2022,2600,345,770,770,230,230,0,1,1,1
10666,2023,2565,435,774,786,255,245,0,1,1,1
10667,2012,365,0,143,154,0,0,0,1,1,1
10667,2013,365,0,143,154,0,0,0,1,1,1
10667,2014,375,0,0,150,155,0,0,1,1,1
10667,2015,365,1,143,154,0,0,0,1,1,1
10667,2016,365,1,145,155,0,0,0,1,1,1
10667,2017,365,1,145,155,0,0,0,1,1,1
10667,2018,365,1,145,155,0,0,0,1,1,1
10667,2019,365,1,145,155,0,0,0,1,1,1
10667,2020,365,1,145,155,0,0,0,1,1,1
10667,2021,365,50,145,155,0,0,0,1,1,1
10667,2022,365,50,145,155,0,0,0,1,1,1
10667,2023,525,50,0,0,0,0,0,1,1,1
10668,2012,898,0,400,0,0,0,0,1,1,1
10668,2013,895,0,400,0,0,0,0,1,1,1
10668,2014,895,0,400,0,0,0,0,1,1,1
10668,2015,895,0,400,0,0,0,0,1,1,1
10668,2016,895,0,400,0,0,0,0,1,1,1
10668,2017,800,95,400,0,0,0,0,1,1,1
10668,2018,800,95,400,0,0,0,0,1,1,1
10668,2019,800,95,400,0,0,0,0,1,1,1
10668,2020,800,95,400,0,0,0,0,1,1,1
10668,2021,800,95,400,0,0,0,0,1,1,1
10668,2022,800,95,400,0,0,0,0,1,1,1
10668,2023,800,95,400,0,0,0,0,1,1,1
10669,2012,0,0,247,253,0,0,0,1,1,0
10669,2013,0,0,198,202,0,0,0,1,1,0
10669,2014,0,0,173,177,0,0,7,1,1,0
10669,2015,0,0,148,152,0,0,0,1,1,0
10669,2016,0,0,198,202,0,0,0,1,1,0
10669,2017,0,0,198,202,0,0,0,1,1,0
10669,2018,0,0,198,202,0,0,0,1,1,0
10669,2019,0,0,198,202,0,0,0,1,1,0
10669,2020,0,0,198,202,0,0,0,1,1,0
10669,2021,0,0,198,202,0,0,0,1,1,0
10669,2022,0,0,148,152,0,0,0,1,1,0
10669,2023,0,0,148,152,0,0,0,2c,3a,0
10670,2012,228,32,0,0,0,0,0,3a,3a,1
10670,2013,228,32,0,0,0,0,0,3a,3a,1
10670,2014,228,32,0,0,0,0,0,3a,3a,1
10670,2015,228,32,0,0,0,0,0,3a,3a,1
10670,2016,228,32,0,0,0,0,0,1,1,1
10670,2017,211,29,0,0,0,0,0,1,1,1
10670,2018,211,29,0,0,0,0,0,1,1,1
10670,2019,211,29,0,0,0,0,0,3a,3a,1
10670,2020,211,29,0,0,0,0,0,1,1,1
10670,2021,211,29,0,0,0,0,0,1,1,1
10670,2022,211,29,0,0,0,0,0,1,1,1
10670,2023,211,29,0,0,0,0,0,1,1,1
10671,2012,1815,220,169,145,0,0,0,1,1,1
10671,2013,1809,221,172,155,0,0,0,1,1,1
10671,2014,1797,100,100,0,0,0,0,1,1,1
10671,2015,1799,265,185,0,0,0,0,1,1,1
10671,2016,1810,290,180,0,0,0,0,1,1,1
10671,2017,1800,265,185,0,0,0,0,1,1,1
10671,2018,1794,100,0,0,0,0,0,1,1,1
10671,2019,1797,95,0,0,0,0,0,1,1,1
10671,2020,1871,240,245,0,0,0,0,1,1,1
10671,2021,1874,236,241,0,0,0,0,1,1,1
10671,2022,1859,234,238,0,0,0,0,1,1,1
10671,2023,1975,139,0,0,0,0,0,1,1,1
10672,2012,1945,268,356,345,332,10,0,1,1,1
10672,2013,1957,263,354,326,335,14,0,1,1,1
10672,2014,1491,227,710,431,309,4,0,1,1,1
10672,2015,1550,300,750,450,315,0,0,1,1,1
10672,2016,1545,290,740,460,310,0,0,1,1,1
10672,2017,1400,250,725,450,300,0,0,1,1,1
10672,2018,1300,200,730,440,275,0,0,1,1,1
10672,2019,1100,200,750,450,250,0,0,1,1,1
10672,2020,1120,190,740,460,250,0,0,1,1,1
10672,2021,1100,200,750,450,250,0,0,1,1,1
10672,2022,1075,225,700,500,200,0,0,1,1,1
10672,2023,1000,200,700,500,200,0,0,1,1,1
10673,2012,1049,290,320,329,210,103,0,3a,3a,1
10673,2013,1042,290,329,333,214,102,0,1,1,1
10673,2014,1048,286,333,333,210,100,0,1,1,1
10673,2015,1040,280,330,320,203,97,0,1,1,1
10673,2016,0,0,248,240,152,73,0,2a,3a,0
10673,2017,0,0,165,160,102,49,0,2a,3a,0
10673,2018,0,0,83,80,51,24,0,2a,3a,0
10673,2019,0,0,0,0,0,0,0,2e,2e,0
10673,2020,0,0,0,0,0,0,0,2e,2e,0
10673,2021,0,0,0,0,0,0,0,2e,2e,0
10673,2022,0,0,0,0,0,0,0,2e,2e,0
10673,2023,0,0,0,0,0,0,0,2e,2e,0
10674,2012,3400,495,1275,800,300,0,0,1,1,1
10674,2013,3400,500,1300,750,320,0,0,1,1,1
10674,2014,3450,450,1500,1000,400,0,0,1,1,1
10674,2015,3400,450,1500,900,400,0,0,1,1,1
10674,2016,3400,425,1500,875,400,0,0,1,1,1
10674,2017,3400,400,1500,875,400,0,0,1,1,1
10674,2018,3400,400,1500,900,400,0,0,1,1,1
10674,2019,3400,400,1500,850,400,0,0,1,1,1
10674,2020,3450,575,1875,850,300,0,0,1,1,1
10674,2021,3450,600,1900,850,300,0,0,1,1,1
10674,2022,3363,585,1852,828,292,0,0,1,1,1
10674,2023,3217,613,1809,878,268,0,0,1,1,1
10675,2012,420,120,90,110,45,25,0,1,1,1
10675,2013,420,120,90,110,45,25,0,1,1,1
10675,2014,420,120,90,110,45,25,0,1,1,1
10675,2015,420,120,90,110,45,25,0,1,1,1
10675,2016,420,120,90,110,45,25,0,1,1,1
10675,2017,0,0,400,300,150,0,0,1,1,0
10675,2018,0,0,300,350,250,0,0,1,1,0
10675,2019,0,0,300,350,250,0,0,1,1,0
10675,2020,0,0,300,350,250,0,0,1,1,0
10675,2021,0,0,300,350,250,0,0,1,1,0
10675,2022,0,0,300,350,250,0,0,1,1,0
10675,2023,0,0,150,175,125,0,0,1,1,0
10676,2012,595,60,0,0,40,140,0,1,1,1
10676,2013,606,82,0,0,117,55,0,1,1,1
10676,2014,603,80,0,0,120,57,0,1,1,1
10676,2015,609,78,0,0,115,55,0,1,1,1
10676,2016,0,0,0,0,0,0,0,2a,2a,0
10676,2017,0,0,0,0,0,0,0,2a,2a,0
10676,2018,0,0,0,0,0,0,0,2a,2a,0
10676,2019,0,0,0,0,0,0,0,2a,2a,0
10676,2020,0,0,0,0,0,0,0,2a,2a,0
10676,2021,0,0,0,0,0,0,0,2a,2a,0
10676,2022,0,0,0,0,0,0,0,2a,2a,0
10676,2023,0,0,0,0,0,0,0,2a,2a,0
10677,2012,1300,175,350,0,0,0,0,3a,3a,1
10677,2013,1300,175,350,0,0,0,0,1,1,1
10677,2014,1296,180,360,0,0,0,0,1,1,1
10677,2015,1300,200,315,0,0,0,0,1,1,1
10677,2016,1316,138,268,0,0,0,0,1,1,1
10677,2017,1355,97,253,0,0,0,0,1,1,1
10677,2018,1418,83,156,0,0,0,0,1,1,1
10677,2019,1398,71,152,0,0,0,0,1,1,1
10677,2020,1376,73,154,0,0,0,0,1,1,1
10677,2021,1354,67,175,0,0,0,0,1,1,1
10677,2022,1331,71,189,0,0,0,0,1,1,1
10677,2023,1347,64,193,0,0,0,0,1,1,1
10678,2012,1852,310,740,700,255,250,0,1,1,1
10678,2013,1825,348,807,645,329,156,0,1,1,1
10678,2014,1820,357,815,636,331,158,0,1,1,1
10678,2015,1829,350,822,639,327,156,0,1,1,1
10678,2016,1836,359,830,641,325,155,0,1,1,1
10678,2017,1840,350,824,652,317,151,0,1,1,1
10678,2018,1862,364,837,668,323,154,0,1,1,1
10678,2019,1870,372,821,601,306,146,0,1,1,1
10678,2020,1880,365,820,600,305,145,0,1,1,1
10678,2021,1900,320,840,615,318,152,0,1,1,1
10678,2022,1951,301,856,629,305,145,0,1,1,1
10678,2023,1925,318,903,584,293,139,0,1,1,1
10679,2012,0,0,3,2,1,0,0,1,1,0
10679,2013,0,0,0,0,0,0,0,1,1,0
10679,2014,0,0,0,0,0,0,0,1,1,0
10679,2015,0,0,0,0,0,0,0,1,1,0
10679,2016,0,0,0,0,0,0,0,1,1,0
10679,2017,0,0,0,0,0,0,0,1,1,0
10679,2018,0,0,0,0,0,0,0,1,1,0
10679,2019,0,0,0,0,0,0,0,1,1,0
10679,2020,0,0,0,0,0,0,0,1,1,0
10679,2021,0,0,0,0,0,0,0,1,1,0
10679,2022,0,0,0,0,0,0,0,1,1,0
10679,2023,0,0,0,0,0,0,0,2c,2c,0
10680,2012,825,137,279,206,0,0,0,1,1,1
10680,2013,825,125,230,170,0,0,0,1,1,1
10680,2014,900,0,431,319,0,0,0,1,1,1
10680,2015,750,100,288,212,136,64,0,1,1,1
10680,2016,880,175,345,255,122,58,0,1,1,1
10680,2017,1050,150,173,127,542,258,0,1,1,1
10680,2018,1150,175,115,85,542,258,0,1,1,1
10680,2019,1350,150,29,21,745,355,0,1,1,1
10680,2020,1300,150,46,34,542,258,0,1,1,1
10680,2021,1200,150,115,85,0,0,0,1,1,1
10680,2022,1100,50,0,0,0,0,0,1,1,1
10680,2023,1100,50,0,0,0,0,0,3a,3a,1
10681,2012,1432,285,31,263,250,250,0,1,1,1
10681,2013,1520,300,310,270,250,0,0,1,1,1
10681,2014,1520,305,310,260,250,0,0,1,1,1
10681,2015,1520,305,310,260,250,0,0,1,1,1
10681,2016,1511,285,300,250,250,0,0,1,1,1
10681,2017,1589,60,300,250,250,0,0,1,1,1
10681,2018,1450,100,300,250,250,0,0,1,1,1
10681,2019,1300,150,300,250,250,0,0,1,1,1
10681,2020,1300,145,300,300,250,0,0,1,1,1
10681,2021,1285,145,300,300,250,0,0,1,1,1
10681,2022,1250,130,300,300,250,0,0,1,1,1
10681,2023,1225,115,300,250,250,0,0,1,1,1
10682,2012,149,21,25,18,10,7,0,1,1,1
10682,2013,167,23,21,15,9,5,0,1,1,1
10682,2014,193,27,42,30,17,11,0,1,1,1
10682,2015,127,18,42,30,17,11,0,1,1,1
10682,2016,176,24,13,9,5,3,0,1,1,1
10682,2017,255,35,42,30,17,11,0,1,1,1
10682,2018,246,34,42,30,17,11,0,1,1,1
10682,2019,281,39,42,30,17,11,0,1,1,1
10682,2020,263,37,46,33,19,12,0,1,1,1
10682,2021,325,45,50,36,21,13,0,1,1,1
10682,2022,325,45,50,36,21,13,0,1,1,1
10682,2023,316,44,0,0,81,39,0,1,1,1
10683,2012,2600,170,0,0,542,258,0,1,1,1
10683,2013,2650,170,37,28,542,258,0,1,1,1
10683,2014,560,80,3,2,108,52,0,1,1,1
10683,2015,0,0,153,157,0,0,0,1,1,0
10683,2016,0,0,153,157,0,0,0,2c,3a,0
10683,2017,0,0,0,0,0,0,0,2a,2a,0
10683,2018,0,0,0,0,0,0,0,2a,2a,0
10683,2019,0,0,0,0,0,0,0,2a,2a,0
10683,2020,0,0,0,0,0,0,0,2a,2a,0
10683,2021,0,0,0,0,0,0,0,2a,2a,0
10683,2022,0,0,0,0,0,0,0,2a,2a,0
10683,2023,0,0,0,0,0,0,0,2a,2a,0
10684,2012,1315,208,579,313,86,0,0,3a,3a,1
10684,2013,1345,201,575,310,82,0,0,1,1,1
10684,2014,1049,98,713,399,107,0,0,1,1,1
10684,2015,1300,212,561,311,62,0,0,1,1,1
10684,2016,1357,218,568,325,72,0,0,1,1,1
10684,2017,1344,210,572,321,86,0,0,1,1,1
10684,2018,1346,205,575,322,91,0,0,1,1,1
10684,2019,1407,210,577,325,93,0,0,1,1,1
10684,2020,1396,212,569,321,78,0,0,1,1,1
10684,2021,1440,218,572,322,69,0,0,1,1,1
10684,2022,670,215,565,320,72,0,0,1,1,1
10684,2023,658,214,546,316,73,0,0,1,1,1
10685,2012,1260,130,300,210,130,230,0,1,1,1
10685,2013,1280,120,310,270,130,200,0,1,1,1
10685,2014,1283,147,333,308,147,227,0,1,1,1
10685,2015,1260,128,325,193,140,160,0,1,1,1
10685,2016,1260,130,325,190,130,176,0,1,1,1
10685,2017,1260,90,300,180,130,210,0,1,1,1
10685,2018,1260,95,295,160,125,180,0,1,1,1
10685,2019,1180,84,283,174,129,176,0,1,1,1
10685,2020,1160,80,276,179,130,185,0,1,1,1
10685,2021,1110,92,296,167,127,185,0,1,1,1
10685,2022,383,33,75,44,33,50,0,1,1,1
10685,2023,0,0,0,0,0,0,0,1,1,0
10686,2012,1262,223,520,340,215,160,0,3a,3a,1
10686,2013,1262,223,520,340,215,160,0,1,1,1
10686,2014,1262,223,520,340,215,160,0,3a,3a,1
10686,2015,1262,223,520,340,215,160,0,1,1,1
10686,2016,1262,223,520,340,215,160,0,1,1,1
10686,2017,1262,223,520,340,215,160,0,1,1,1
10686,2018,1262,224,520,340,215,160,0,1,1,1
10686,2019,1262,224,520,340,215,160,0,1,1,1
10686,2020,1220,150,400,250,0,0,0,1,1,1
10686,2021,1150,150,380,240,0,0,0,1,1,1
10686,2022,1050,150,370,220,0,0,0,1,1,1
10686,2023,1000,140,350,220,0,0,0,3a,3a,1
10687,2012,640,140,0,0,220,100,0,1,1,1
10687,2013,850,100,0,0,120,0,0,1,1,1
10687,2014,800,81,0,0,100,0,0,1,1,1
10687,2015,800,81,0,0,100,0,0,1,1,1
10687,2016,850,130,0,0,120,0,0,1,1,1
10687,2017,761,90,0,0,120,0,0,1,1,1
10687,2018,761,90,0,0,60,0,0,1,1,1
10687,2019,761,90,0,0,60,0,0,1,1,1
10687,2020,760,90,0,300,300,60,0,1,1,1
10687,2021,520,1,145,0,70,0,0,1,1,1
10687,2022,520,1,145,0,70,0,0,3a,3a,1
10687,2023,533,0,145,0,73,0,0,1,1,1
10688,2012,2700,240,155,0,0,740,0,1,1,1
10688,2013,2711,253,167,0,512,243,0,1,1,1
10688,2014,2708,246,179,0,510,243,0,1,1,1
10688,2015,2715,240,183,0,512,243,0,1,1,1
10688,2016,2720,242,189,0,516,245,0,1,1,1
10688,2017,2730,250,191,0,515,245,0,1,1,1
10688,2018,2753,268,208,0,527,250,0,1,1,1
10688,2019,2766,278,191,0,508,242,0,1,1,1
10688,2020,2800,300,0,0,0,0,0,1,1,1
10688,2021,2720,265,0,0,0,0,0,1,1,1
10688,2022,2883,404,0,0,0,0,0,1,1,1
10688,2023,2864,413,0,0,0,0,0,1,1,1
10689,2012,680,65,0,0,0,0,0,1,1,1
10689,2013,0,0,0,0,0,0,0,1,1,0
10689,2014,400,40,50,50,20,0,0,1,1,1
10689,2015,410,42,55,55,50,0,0,1,1,1
10689,2016,400,40,50,50,50,0,0,1,1,1
10689,2017,405,40,50,50,50,0,0,1,1,1
10689,2018,590,50,12,0,0,0,0,1,1,1
10689,2019,600,60,20,0,0,0,0,1,1,1
10689,2020,595,55,0,0,0,0,0,1,1,1
10689,2021,595,50,0,0,0,0,0,1,1,1
10689,2022,595,50,0,0,0,0,0,3a,3a,1
10689,2023,590,50,0,0,0,0,0,1,1,1
10690,2012,1416,190,529,585,254,255,0,3a,3a,1
10690,2013,1416,190,529,585,254,255,0,1,1,1
10690,2014,1457,199,530,584,279,287,0,3a,3a,1
10690,2015,1498,208,531,583,303,319,0,1,1,1
10690,2016,1497,193,523,574,318,331,0,1,1,1
10690,2017,1492,215,415,553,330,334,0,1,1,1
10690,2018,1481,205,434,563,327,325,0,1,1,1
10690,2019,1448,201,429,563,318,316,0,1,1,1
10690,2020,1343,184,484,561,283,260,0,1,1,1
10690,2021,1458,191,578,572,291,190,0,1,1,1
10690,2022,1397,195,570,580,288,209,0,1,1,1
10690,2023,1311,194,540,581,293,212,0,1,1,1
11806,2019,0,0,0,0,2440,2453,0,1,1,0
11806,2020,0,0,0,0,2423,2439,0,1,1,0
11806,2021,0,0,0,0,2145,2687,0,1,1,0
11806,2022,0,0,0,0,2159,2681,0,1,1,0
11806,2023,0,0,0,0,0,6825,0,1,1,0
10691,2012,2018,308,1070,1400,675,0,0,1,1,1
10691,2013,2030,300,1094,1381,462,220,0,1,1,1
10691,2014,0,0,0,21,21,0,0,1,1,0
10691,2015,0,0,1990,2510,460,0,0,1,1,0
10691,2016,0,0,2030,2531,511,0,0,1,1,0
10691,2017,0,0,2008,2402,511,0,0,1,1,0
10691,2018,0,0,1969,2379,504,0,0,1,1,0
10691,2019,0,0,2350,2325,1160,0,0,1,1,0
10691,2020,0,0,2350,2350,1225,0,0,1,1,0
10691,2021,0,0,2250,2250,1200,0,0,1,1,0
10691,2022,0,0,2350,2400,2750,0,0,1,1,0
10691,2023,0,0,2331,2412,2781,0,0,1,1,0
10692,2012,4000,500,0,0,0,0,0,1,1,1
10692,2013,4000,475,0,0,0,0,0,1,1,1
10692,2014,4020,465,0,0,0,0,0,1,1,1
10692,2015,4124,471,0,0,0,0,0,1,1,1
10692,2016,4118,458,0,0,0,0,0,1,1,1
10692,2017,4109,462,0,0,0,0,0,1,1,1
10692,2018,4111,463,0,0,0,0,0,1,1,1
10692,2019,4119,464,0,0,0,0,0,1,1,1
10692,2020,4096,456,0,0,0,0,0,1,1,1
10692,2021,4128,466,0,0,0,0,0,1,1,1
10692,2022,4127,467,0,0,0,0,0,1,1,1
10692,2023,4126,469,0,0,0,0,0,1,1,1
10693,2012,675,123,40,56,136,64,0,3a,3a,1
10693,2013,675,123,40,56,136,64,0,1,1,1
10693,2014,681,120,49,57,131,63,0,1,1,1
10693,2015,688,126,48,59,129,61,0,1,1,1
10693,2016,679,129,51,55,134,64,0,1,1,1
10693,2017,685,109,70,40,0,0,0,1,1,1
10693,2018,0,0,0,140,0,0,0,1,1,0
10693,2019,0,0,0,900,0,0,0,1,1,0
10693,2020,0,0,0,870,0,0,0,1,1,0
10693,2021,0,0,0,870,0,0,0,1,1,0
10693,2022,0,0,0,870,0,0,0,1,1,0
10693,2023,0,0,0,842,0,0,0,1,1,0
10694,2012,2047,204,413,305,281,133,0,1,1,1
10694,2013,1349,175,0,0,0,0,0,1,1,1
10694,2014,1717,327,261,193,501,238,0,1,1,1
10694,2015,1816,398,368,272,473,225,0,1,1,1
10694,2016,1845,423,375,277,384,183,0,1,1,1
10694,2017,1843,529,280,207,269,128,0,1,1,1
10694,2018,1859,524,187,138,135,64,0,3a,3a,1
10694,2019,1874,518,94,69,0,0,0,1,1,1
10694,2020,1895,515,111,82,0,0,0,1,1,1
10694,2021,1887,517,101,75,0,0,0,1,1,1
10694,2022,1892,507,105,77,0,0,0,1,1,1
10694,2023,1896,509,108,79,0,0,0,1,1,1
10695,2012,150,26,50,0,0,25,0,3a,3a,1
10695,2013,150,26,50,0,0,25,0,1,1,1
10695,2014,150,26,50,0,0,25,0,3a,3a,1
10695,2015,0,0,0,0,0,0,0,1,1,0
10695,2016,0,0,0,0,0,0,0,2a,2a,0
10695,2017,0,0,0,0,0,0,0,2a,2a,0
10695,2018,0,0,0,0,0,0,0,2a,2a,0
10695,2019,0,0,0,0,0,0,0,2a,2a,0
10695,2020,0,0,0,0,0,0,0,2a,2a,0
10695,2021,0,0,0,0,0,0,0,2a,2a,0
10695,2022,0,0,0,0,0,0,0,2a,2a,0
10695,2023,0,0,0,0,0,0,0,2a,2a,0
10696,2012,980,200,144,106,68,32,0,1,1,1
10696,2013,980,180,46,34,0,0,0,1,1,1
10696,2014,980,180,23,17,0,0,0,1,1,1
10696,2015,940,160,0,0,47,23,0,1,1,1
10696,2016,857,117,24,18,47,23,0,1,1,1
10696,2017,879,128,76,57,54,26,0,1,1,1
10696,2018,0,0,0,0,0,0,0,1,1,0
10696,2019,1000,250,0,0,0,0,0,1,1,1
10696,2020,1000,250,0,0,0,0,0,1,1,1
10696,2021,1000,250,0,0,0,0,0,1,1,1
10696,2022,1000,250,0,0,0,0,0,1,1,1
10696,2023,900,200,0,0,0,0,0,1,1,1
10697,2012,515,80,305,210,0,0,0,1,1,1
10697,2013,485,120,300,207,0,0,0,1,1,1
10697,2014,0,0,0,0,0,0,0,2a,3g,0
10697,2015,0,0,0,0,0,0,0,2a,3g,0
10697,2016,0,0,0,0,0,0,0,2a,3g,0
10697,2017,0,0,0,0,0,0,0,2a,2e,0
10697,2018,0,0,0,0,0,0,0,2a,2e,0
10697,2019,0,0,0,0,0,0,0,2a,2e,0
10697,2020,0,0,0,0,0,0,0,2a,2e,0
10697,2021,0,0,0,0,0,0,0,2a,2e,0
10697,2022,0,0,0,0,0,0,0,2a,2e,0
10697,2023,0,0,0,0,0,0,0,2a,2e,0
10698,2012,0,0,0,0,0,0,0,1,1,0
10698,2013,0,0,0,0,0,0,0,1,1,0
10698,2014,0,0,0,0,0,0,0,1,1,0
10698,2015,0,0,0,0,0,0,0,1,1,0
10698,2016,0,0,0,0,0,0,0,1,1,0
10698,2017,0,0,0,0,0,0,0,1,1,0
10698,2018,0,0,0,0,0,0,0,2c,2c,0
10698,2019,0,0,0,0,0,0,0,2c,2c,0
10698,2020,0,0,0,0,0,0,0,1,1,0
10698,2021,0,0,0,0,0,0,0,1,1,0
10698,2022,0,0,0,0,0,0,0,1,1,0
10698,2023,0,0,0,0,0,0,0,2c,2c,0
10699,2012,740,100,300,200,98,100,0,1,1,1
10699,2013,740,100,300,200,98,100,0,1,1,1
10699,2014,740,100,300,200,98,100,0,1,1,1
10699,2015,740,100,300,200,98,100,0,1,1,1
10699,2016,740,100,300,200,98,100,0,1,1,1
10699,2017,740,100,300,200,98,100,0,1,1,1
10699,2018,740,100,300,200,98,100,0,1,1,1
10699,2019,614,83,300,200,98,100,0,1,1,1
10699,2020,0,0,330,300,0,0,0,1,1,0
10699,2021,0,0,0,0,0,0,0,1,1,0
10699,2022,0,0,0,0,0,0,0,1,1,0
10699,2023,0,0,0,0,0,0,0,1,1,0
10700,2012,0,0,0,0,0,0,0,1,1,0
10700,2013,0,0,0,0,0,0,0,1,1,0
10700,2014,0,0,0,0,0,0,0,1,1,0
10700,2015,0,0,0,0,0,0,0,1,1,0
10700,2016,0,0,0,0,0,0,0,1,1,0
10700,2017,0,0,0,0,0,0,0,1,1,0
10700,2018,0,0,0,0,0,0,0,1,1,0
10700,2019,0,0,0,0,0,0,0,1,1,0
10700,2020,0,0,0,0,0,0,0,1,1,0
10700,2021,0,0,0,0,0,0,0,1,1,0
10700,2022,0,0,0,0,0,0,0,1,1,0
10700,2023,0,0,0,0,0,0,0,1,1,0
10701,2012,260,40,80,80,40,40,0,3a,3a,1
10701,2013,260,40,80,80,40,40,0,1,1,1
10701,2014,260,40,80,80,50,50,0,3a,3a,1
10701,2015,260,40,80,80,60,60,0,1,1,1
10701,2016,250,40,90,90,90,50,0,1,1,1
10701,2017,260,40,100,100,30,30,0,1,1,1
10701,2018,270,30,80,80,70,40,0,1,1,1
10701,2019,300,40,60,50,30,30,0,1,1,1
10701,2020,250,30,75,75,50,50,0,1,1,1
10701,2021,250,40,75,75,50,50,0,1,1,1
10701,2022,240,30,100,100,75,50,0,1,1,1
10701,2023,230,40,40,40,40,40,0,1,1,1
11807,2019,0,0,0,0,0,0,1600,1,1,0
11807,2020,0,0,0,0,0,0,800,1,1,0
11807,2021,0,0,0,0,0,0,800,1,1,0
11807,2022,0,0,0,0,0,0,750,1,1,0
11807,2023,0,0,0,0,0,0,750,1,1,0
11971,2012,0,0,0,0,0,0,0,3g,3g,0
11971,2013,0,0,0,0,0,0,0,3g,3g,0
11971,2014,0,0,0,0,0,0,0,2e,2e,0
11971,2015,0,0,0,0,0,0,0,2e,2e,0
11971,2016,0,0,0,0,0,0,0,2e,2e,0
11971,2017,0,0,0,0,0,0,0,2e,2e,0
11971,2018,0,0,0,0,0,0,0,2e,2e,0
11971,2019,0,0,0,0,0,0,0,2e,2e,0
11971,2020,0,0,0,0,0,0,0,2e,2e,0
11971,2021,0,0,0,0,0,0,0,2e,2e,0
11971,2022,0,0,0,0,0,0,0,2e,2e,0
11971,2023,0,0,0,0,0,0,0,2e,2e,0
10702,2012,250,40,345,255,0,0,0,1,1,1
10702,2013,300,50,403,297,0,0,0,1,1,1
10702,2014,900,0,0,0,0,0,0,1,1,1
10702,2015,900,0,0,0,0,0,0,1,1,1
10702,2016,900,0,0,0,0,0,0,1,1,1
10702,2017,1499,0,0,0,0,0,0,1,1,1
10702,2018,925,145,0,0,0,0,0,1,1,1
10702,2019,899,138,0,0,0,0,7,1,1,1
10702,2020,868,117,69,51,0,0,11,1,1,1
10702,2021,865,107,63,47,0,0,0,1,1,1
10702,2022,783,92,0,0,0,0,0,1,1,1
10702,2023,558,100,1,1,0,0,3,1,1,1
10703,2012,500,79,200,120,0,0,0,1,1,1
10703,2013,500,87,200,120,0,0,0,1,1,1
10703,2014,586,1,200,120,80,80,0,1,1,1
10703,2015,586,1,200,120,0,0,0,1,1,1
10703,2016,586,1,200,120,0,0,0,1,1,1
10703,2017,586,1,200,120,0,0,0,1,1,1
10703,2018,509,1,200,120,0,0,0,1,1,1
10703,2019,509,1,200,120,0,0,0,1,1,1
10703,2020,509,1,200,120,0,0,0,1,1,1
10703,2021,509,1,200,120,0,0,0,1,1,1
10703,2022,509,1,200,120,0,0,0,1,1,1
10703,2023,509,1,200,120,0,0,0,1,1,1
10704,2012,773,109,281,244,96,0,0,1,1,1
10704,2013,742,97,243,254,93,0,0,1,1,1
10704,2014,730,92,270,220,78,0,0,1,1,1
10704,2015,834,1,50,0,0,0,0,1,1,1
10704,2016,834,0,50,0,0,0,0,1,1,1
10704,2017,834,0,50,0,0,0,0,1,1,1
10704,2018,834,0,50,0,0,0,0,1,1,1
10704,2019,834,0,50,0,0,0,0,1,1,1
10704,2020,834,0,50,0,0,0,0,1,1,1
10704,2021,834,0,50,0,0,0,0,1,1,1
10704,2022,834,0,50,0,0,0,0,1,1,1
10704,2023,834,0,50,0,0,0,0,1,1,1
10705,2012,1325,198,988,0,0,0,0,3a,3a,1
10705,2013,1325,198,988,0,0,0,0,1,1,1
10705,2014,1322,225,975,0,0,0,0,1,1,1
10705,2015,1319,302,899,0,0,0,0,1,1,1
10705,2016,1324,324,922,0,0,0,0,1,1,1
10705,2017,1327,319,941,0,0,0,0,1,1,1
10705,2018,1325,321,936,0,0,0,0,1,1,1
10705,2019,1329,314,948,0,0,0,0,1,1,1
10705,2020,1326,326,952,0,0,0,0,1,1,1
10705,2021,1326,329,949,0,0,0,0,1,1,1
10705,2022,1231,331,952,0,0,0,0,1,1,1
10705,2023,1204,331,936,0,0,0,0,1,1,1
10706,2019,0,0,0,0,3455,7740,0,1,1,0
10706,2020,0,0,0,0,3455,7720,0,1,1,0
10706,2021,0,0,0,0,3430,7700,0,1,1,0
10706,2022,0,0,0,0,3440,7690,0,1,1,0
10706,2023,0,0,0,0,3420,7810,0,1,1,0
10707,2012,123,17,38,27,16,9,0,1,1,1
10707,2013,121,17,38,27,16,9,0,1,1,1
10707,2014,122,17,36,26,15,9,0,1,1,1
10707,2015,111,16,28,20,12,8,0,1,1,1
10707,2016,108,15,0,0,0,0,0,1,1,1
10707,2017,0,0,0,0,0,0,0,1,1,0
10707,2018,0,0,0,0,0,0,0,1,1,0
10707,2019,0,0,0,0,0,0,0,1,1,0
10707,2020,0,0,0,0,0,0,0,1,1,0
10707,2021,0,0,0,0,0,0,0,1,1,0
10707,2022,0,0,0,0,0,0,0,1,1,0
10707,2023,0,0,0,0,0,0,0,2c,2c,0
10708,2012,1420,213,635,505,0,0,0,1,1,1
10708,2013,1435,208,635,505,0,0,0,1,1,1
10708,2014,1432,205,630,498,0,0,0,1,1,1
10708,2015,1440,198,560,550,0,0,0,1,1,1
10708,2016,1438,195,558,550,0,0,0,1,1,1
10708,2017,1275,170,575,545,0,0,0,1,1,1
10708,2018,1205,150,530,535,0,0,0,1,1,1
10708,2019,1240,152,540,445,0,0,0,1,1,1
10708,2020,1262,190,410,435,0,0,0,1,1,1
10708,2021,1280,97,493,550,0,0,0,1,1,1
10708,2022,1250,95,490,550,0,0,0,1,1,1
10708,2023,1000,90,0,0,0,0,0,1,1,1
10709,2012,150,40,0,0,0,0,0,3b,3b,1
10709,2013,150,40,0,0,0,0,0,3b,3b,1
10709,2014,162,27,0,0,0,0,0,3a,3a,1
10709,2015,173,13,0,0,0,0,0,3a,3a,1
10709,2016,185,0,0,0,0,0,0,1,1,1
10709,2017,516,115,0,0,0,0,0,1,1,1
10709,2018,529,107,0,0,0,0,0,1,1,1
10709,2019,482,126,0,0,0,0,3,1,1,1
10709,2020,456,0,0,0,0,0,0,1,1,1
10709,2021,270,0,0,0,0,0,0,1,1,1
10709,2022,0,0,0,0,330,74,0,1,1,0
10709,2023,0,0,107,110,0,0,0,1,1,0
10710,2012,2910,345,860,950,225,0,0,1,1,1
10710,2013,2650,250,900,800,400,320,0,1,1,1
10710,2014,2310,273,366,455,700,327,0,1,1,1
10710,2015,2450,368,382,465,675,336,0,1,1,1
10710,2016,2850,422,967,877,302,0,0,1,1,1
10710,2017,2883,435,1205,847,248,0,0,1,1,1
10710,2018,2415,360,1000,400,100,0,0,1,1,1
10710,2019,2585,180,866,653,232,0,0,1,1,1
10710,2020,2654,154,842,530,605,0,0,1,1,1
10710,2021,2775,255,905,555,595,0,0,1,1,1
10710,2022,2686,304,0,1468,459,0,0,1,1,1
10710,2023,2600,157,1200,800,400,0,0,1,1,1
11866,2012,0,225,2460,2753,2500,980,1983,2c,3a,0
11866,2013,0,225,2460,2753,2500,980,1983,2c,3a,0
11866,2014,0,225,2460,2753,2500,980,1983,1,1,0
11866,2015,0,135,1474,1650,1498,587,1189,1,1,0
11866,2016,0,135,1474,1650,1498,587,1189,1,1,0
11866,2017,0,135,1471,1646,1495,586,1186,2c,3a,0
11866,2018,0,134,1467,1642,1491,584,1182,1,1,0
11866,2019,0,184,2008,2248,2041,800,1619,1,1,0
11866,2020,0,249,2726,3051,2771,1086,2197,1,1,0
11866,2021,0,182,1984,2221,2017,791,1600,1,1,0
11866,2022,0,205,2237,2504,2274,891,1803,1,1,0
11866,2023,0,279,3046,3409,3096,1214,2456,1,1,0
10711,2012,250,30,120,75,100,30,0,1,1,1
10711,2013,320,30,100,80,0,0,0,1,1,1
10711,2014,320,30,100,80,0,0,0,1,1,1
10711,2015,320,30,100,80,0,0,0,3a,3a,1
10711,2016,320,30,100,80,0,0,0,1,1,1
10711,2017,320,30,100,80,0,0,0,1,1,1
10711,2018,320,30,100,80,0,0,0,1,1,1
10711,2019,320,30,100,80,0,0,0,1,1,1
10711,2020,350,30,100,80,0,0,0,1,1,1
10711,2021,350,30,100,80,0,0,0,1,1,1
10711,2022,350,30,100,80,0,0,0,1,1,1
10711,2023,350,30,100,80,0,0,0,1,1,1
10712,2012,397,63,175,140,41,19,0,3a,3a,1
10712,2013,397,63,175,140,41,19,0,1,1,1
10712,2014,394,69,171,153,45,21,0,1,1,1
10712,2015,401,63,175,148,49,23,0,1,1,1
10712,2016,406,60,170,152,47,23,0,1,1,1
10712,2017,410,62,170,155,45,22,0,1,1,1
10712,2018,403,55,177,162,49,24,0,1,1,1
10712,2019,411,58,165,157,42,20,0,1,1,1
10712,2020,415,55,170,160,41,19,0,1,1,1
10712,2021,405,40,160,170,35,17,0,1,1,1
10712,2022,393,61,171,184,40,19,0,1,1,1
10712,2023,378,82,159,173,44,21,0,1,1,1
10713,2012,1250,305,558,463,163,180,0,1,1,1
10713,2013,1241,230,566,455,237,113,0,1,1,1
10713,2014,1237,239,556,450,245,116,0,1,1,1
10713,2015,1244,231,551,454,246,117,0,1,1,1
10713,2016,1248,239,550,450,244,116,0,1,1,1
10713,2017,1250,244,555,455,247,118,0,1,1,1
10713,2018,1269,257,570,449,252,120,0,1,1,1
10713,2019,1272,263,589,427,248,118,0,1,1,1
10713,2020,1275,260,585,420,244,116,0,1,1,1
10713,2021,1269,272,595,430,234,111,0,1,1,1
10713,2022,1295,184,618,444,228,108,0,1,1,1
10713,2023,1274,195,603,430,237,113,0,1,1,1
10714,2012,110,15,36,25,15,9,0,1,1,1
10714,2013,114,16,21,15,9,5,0,1,1,1
10714,2014,123,17,29,21,12,8,0,1,1,1
10714,2015,127,18,50,36,21,13,0,1,1,1
10714,2016,132,18,50,36,21,13,0,1,1,1
10714,2017,130,18,40,28,17,10,0,1,1,1
10714,2018,123,17,27,19,11,8,0,1,1,1
10714,2019,127,18,42,30,17,11,0,1,1,1
10714,2020,148,21,33,23,14,9,0,1,1,1
10714,2021,140,20,23,16,10,6,0,1,1,1
10714,2022,140,20,32,23,13,9,0,1,1,1
10714,2023,145,20,21,15,27,13,0,1,1,1
10715,2012,88,12,27,19,11,8,0,1,1,1
10715,2013,88,12,27,19,11,8,0,1,1,1
10715,2014,88,12,27,19,11,8,0,1,1,1
10715,2015,84,12,29,21,12,8,0,1,1,1
10715,2016,88,12,28,20,12,8,0,1,1,1
10715,2017,88,12,0,0,0,0,0,1,1,1
10715,2018,88,12,29,21,12,8,0,1,1,1
10715,2019,88,12,29,21,12,8,0,1,1,1
10715,2020,88,12,29,21,12,8,0,1,1,1
10715,2021,88,12,29,21,12,8,0,1,1,1
10715,2022,87,12,27,19,11,8,0,1,1,1
10715,2023,93,13,18,14,26,12,0,1,1,1
10716,2012,375,100,75,75,60,60,0,1,1,1
10716,2013,390,125,70,70,45,45,0,1,1,1
10716,2014,390,125,70,70,45,45,0,1,1,1
10716,2015,390,125,70,70,45,45,0,1,1,1
10716,2016,320,50,70,70,45,45,0,1,1,1
10716,2017,320,50,70,70,45,45,0,1,1,1
10716,2018,0,0,0,0,0,0,0,2b,2e,0
10716,2019,0,0,0,0,0,0,0,2b,2e,0
10716,2020,0,0,0,0,0,0,0,2b,2e,0
10716,2021,0,0,0,0,0,0,0,2b,2e,0
10716,2022,0,0,0,0,0,0,0,2b,2e,0
10716,2023,0,0,0,0,0,0,0,2b,2e,0
10717,2012,800,122,180,376,162,65,0,3a,3a,1
10717,2013,800,122,180,376,162,65,0,1,1,1
10717,2014,800,110,165,370,145,45,0,1,1,1
10717,2015,790,100,170,360,140,55,0,1,1,1
10717,2016,1012,86,744,249,232,0,0,1,1,1
10717,2017,1004,78,747,263,215,0,0,1,1,1
10717,2018,1006,82,742,266,222,0,0,1,1,1
10717,2019,987,78,738,271,229,0,0,1,1,1
10717,2020,984,78,741,209,258,0,0,1,1,1
10717,2021,979,84,745,199,277,0,0,1,1,1
10717,2022,1067,87,727,204,248,0,0,1,1,1
10717,2023,1053,100,722,219,243,0,0,1,1,1
10718,2012,4830,634,1359,1846,854,1242,0,1,1,1
10718,2013,4821,650,1363,1830,1403,667,0,1,1,1
10718,2014,4826,643,1366,1822,1409,670,0,1,1,1
10718,2015,4818,640,1360,1820,1412,671,0,1,1,1
10718,2016,4822,646,1354,1825,1403,667,0,1,1,1
10718,2017,5200,920,1346,1820,1393,662,0,1,1,1
10718,2018,5214,901,1363,1809,1402,667,0,1,1,1
10718,2019,5563,510,855,1756,640,750,0,1,1,1
10718,2020,5510,521,1860,2020,715,685,0,1,1,1
10718,2021,5490,496,1820,2001,723,670,0,1,1,1
10718,2022,5477,508,1736,1826,731,741,0,1,1,1
10718,2023,5468,511,1744,1833,724,769,0,1,1,1
10719,2012,750,355,168,0,0,0,0,1,1,1
10719,2013,770,346,78,0,0,0,0,1,1,1
10719,2014,773,223,72,0,0,0,0,3a,3a,1
10719,2015,775,100,65,0,0,0,0,1,1,1
10719,2016,950,152,0,0,0,0,0,1,1,1
10719,2017,952,148,0,0,0,0,0,1,1,1
10719,2018,958,152,24,0,0,0,0,1,1,1
10719,2019,958,152,750,956,420,0,0,1,1,1
10719,2020,958,152,750,956,420,0,0,1,1,1
10719,2021,990,160,750,950,420,0,0,1,1,1
10719,2022,990,160,750,950,420,140,0,1,1,1
10719,2023,990,160,600,550,200,190,0,1,1,1
10720,2012,885,200,120,0,96,0,0,1,1,1
10720,2013,865,190,120,0,96,0,0,1,1,1
10720,2014,590,100,60,0,48,0,0,1,1,1
10720,2015,570,80,60,0,25,0,0,1,1,1
10720,2016,570,80,60,0,25,0,0,1,1,1
10720,2017,570,80,60,0,25,0,0,1,1,1
10720,2018,427,60,45,0,19,0,0,1,1,1
10720,2019,0,0,0,0,0,0,0,2a,2a,0
10720,2020,0,0,0,0,0,0,0,1,1,0
10720,2021,0,0,0,0,0,0,0,2a,2a,0
10720,2022,0,0,0,0,0,0,0,2a,2a,0
10720,2023,0,0,0,0,0,0,0,2a,2a,0
10721,2012,649,132,261,178,65,59,0,1,1,1
10721,2013,650,112,249,165,59,48,0,1,1,1
10721,2014,653,123,293,188,52,63,0,1,1,1
10721,2015,744,130,0,500,0,0,0,1,1,1
10721,2016,750,124,550,550,0,0,0,1,1,1
10721,2017,765,100,550,550,0,0,0,1,1,1
10721,2018,770,100,560,540,0,0,0,1,1,1
10721,2019,0,100,560,540,0,0,0,1,1,0
10721,2020,0,100,560,540,0,0,0,1,1,0
10721,2021,0,100,560,540,0,0,0,2c,3a,0
10721,2022,0,100,560,540,0,0,0,1,1,0
10721,2023,0,100,560,540,0,0,0,2c,3a,0
10722,2012,0,0,0,0,0,0,0,1,1,0
10722,2013,25,10,5,7,3,0,0,1,1,1
10722,2014,18,5,10,0,0,0,0,1,1,1
10722,2015,0,0,0,0,0,0,0,1,1,0
10722,2016,170,15,0,0,0,0,0,1,1,1
10722,2017,190,20,0,0,0,10,0,1,1,1
10722,2018,196,29,0,0,0,0,0,1,1,1
10722,2019,196,29,0,0,0,0,0,1,1,1
10722,2020,260,35,0,20,1,0,0,1,1,1
10722,2021,215,25,0,30,0,0,0,1,1,1
10722,2022,0,0,0,0,0,0,0,1,1,0
10722,2023,0,0,0,0,0,0,0,1,1,0
10723,2012,781,191,11,8,0,0,0,1,1,1
10723,2013,760,98,6,4,0,0,0,1,1,1
10723,2014,0,0,0,0,0,0,0,2a,2a,0
10723,2015,0,0,0,0,0,0,0,2a,2a,0
10723,2016,0,0,0,0,0,0,0,2a,2a,0
10723,2017,0,0,0,0,0,0,0,2a,2a,0
10723,2018,0,0,0,0,0,0,0,2a,2a,0
10723,2019,0,0,0,0,0,0,0,2a,2a,0
10723,2020,0,0,0,0,0,0,0,2a,2a,0
10723,2021,0,0,0,0,0,0,0,2a,2a,0
10723,2022,0,0,0,0,0,0,0,2a,2a,0
10723,2023,0,0,0,0,0,0,0,2a,2a,0
10724,2012,669,32,0,0,0,0,0,1,1,1
10724,2013,680,41,0,0,0,0,0,1,1,1
10724,2014,672,45,0,0,0,0,0,1,1,1
10724,2015,681,48,0,0,0,0,0,1,1,1
10724,2016,688,48,0,0,0,0,0,1,1,1
10724,2017,705,62,0,0,0,0,0,1,1,1
10724,2018,711,70,0,0,0,0,0,1,1,1
10724,2019,0,0,793,95,0,0,0,1,1,0
10724,2020,0,0,800,100,0,0,0,1,1,0
10724,2021,0,0,852,125,0,0,0,1,1,0
10724,2022,0,0,867,139,0,0,0,1,1,0
10724,2023,0,0,850,122,0,0,0,1,1,0
10725,2012,339,0,182,0,1020,1113,0,1,1,1
10725,2013,335,0,337,0,1015,1115,0,1,1,1
10725,2014,315,0,325,0,1080,1215,0,1,1,1
10725,2015,320,0,300,0,1075,1200,0,1,1,1
10725,2016,333,0,310,0,1069,1180,0,1,1,1
10725,2017,341,0,306,0,1090,1192,0,1,1,1
10725,2018,341,0,292,0,1072,1170,0,1,1,1
10725,2019,50,0,263,0,965,1053,0,1,1,1
10725,2020,0,0,0,1500,4900,1100,0,1,1,0
10725,2021,0,0,0,1520,4920,1104,0,1,1,0
10725,2022,0,0,0,1548,4907,1102,0,1,1,0
10725,2023,0,0,0,1548,4907,1102,0,2c,3a,0
10726,2012,2750,280,485,370,0,140,0,1,1,1
10726,2013,2800,270,450,365,0,135,0,1,1,1
10726,2014,2810,275,455,360,0,140,0,1,1,1
10726,2015,2350,276,485,320,0,100,0,1,1,1
10726,2016,2437,195,487,341,0,0,0,1,1,1
10726,2017,2453,187,501,351,0,0,0,1,1,1
10726,2018,2388,180,492,341,0,0,0,1,1,1
10726,2019,2364,195,487,351,0,0,0,1,1,1
10726,2020,2413,204,487,341,0,0,0,1,1,1
10726,2021,2416,209,502,333,0,0,0,1,1,1
10726,2022,2433,195,521,312,0,0,0,1,1,1
10726,2023,2440,203,514,318,0,0,0,1,1,1
10727,2012,52,3,0,0,3,2,1,1,1,1
10727,2013,0,0,1,2,0,0,3,1,1,0
10727,2014,0,0,30,30,41,9,0,1,1,0
10727,2015,0,0,69,71,0,0,0,1,1,0
10727,2016,0,0,64,66,13,3,0,1,1,0
10727,2017,0,0,59,61,0,0,0,1,1,0
10727,2018,0,0,59,61,0,0,3,1,1,0
10727,2019,0,0,40,40,0,0,0,1,1,0
10727,2020,0,0,0,0,0,0,0,2a,2a,0
10727,2021,0,0,0,0,0,0,0,2a,2a,0
10727,2022,0,0,0,0,0,0,0,2a,2a,0
10727,2023,0,0,0,0,0,0,0,2a,2a,0
10728,2012,2127,270,0,0,233,381,0,1,1,1
10728,2013,2480,300,1000,1250,700,390,0,1,1,1
10728,2014,2035,384,1189,710,672,400,0,1,1,1
10728,2015,2035,384,1189,710,672,400,0,1,1,1
10728,2016,2035,384,1189,710,672,400,0,1,1,1
10728,2017,2035,384,1189,710,672,400,0,1,1,1
10728,2018,2150,380,1100,1500,900,400,0,1,1,1
10728,2019,2150,380,1100,1500,900,400,0,1,1,1
10728,2020,2243,410,1450,1100,830,420,0,1,1,1
10728,2021,2127,270,120,200,250,300,0,1,1,1
10728,2022,2127,270,120,200,250,300,0,1,1,1
10728,2023,2300,230,1400,1200,400,400,0,1,1,1
10729,2012,4000,450,0,0,0,0,0,1,1,1
10729,2013,4250,500,0,0,0,0,0,1,1,1
10729,2014,4225,656,0,0,0,0,0,1,1,1
10729,2015,4350,650,0,0,0,0,0,1,1,1
10729,2016,4300,700,0,0,0,0,0,1,1,1
10729,2017,4300,700,0,0,0,0,0,1,1,1
10729,2018,4300,700,0,0,0,0,0,1,1,1
10729,2019,4000,620,0,0,0,0,0,1,1,1
10729,2020,4000,620,0,0,0,0,0,1,1,1
10729,2021,4300,700,0,0,0,0,0,1,1,1
10729,2022,4000,600,0,0,0,0,0,1,1,1
10729,2023,4300,650,0,0,0,0,0,1,1,1
10730,2012,438,44,38,145,45,35,0,1,1,1
10730,2013,460,55,143,176,48,41,0,1,1,1
10730,2014,450,52,140,175,46,40,0,1,1,1
10730,2015,440,47,125,160,42,41,0,1,1,1
10730,2016,480,63,130,160,40,40,0,1,1,1
10730,2017,481,61,130,160,40,40,0,1,1,1
10730,2018,465,55,125,145,40,40,0,1,1,1
10730,2019,461,56,125,145,40,40,0,1,1,1
10730,2020,285,13,75,87,24,24,0,1,1,1
10730,2021,0,0,0,0,0,0,0,1,1,0
10730,2022,0,0,0,0,0,0,0,1,1,0
10730,2023,0,0,0,0,0,0,0,1,1,0
11972,2012,0,0,0,0,0,0,0,2e,2e,0
11972,2013,0,0,0,0,0,0,0,2e,2e,0
11972,2014,0,0,0,0,0,0,0,2e,2e,0
11972,2015,0,0,0,0,0,0,0,2e,2e,0
11972,2016,0,0,0,0,0,0,0,2e,2e,0
11972,2017,0,0,0,0,0,0,0,2e,2e,0
11972,2018,0,0,0,0,0,0,0,2e,2e,0
11972,2019,0,0,0,0,0,0,0,2e,2e,0
11972,2020,0,0,0,0,0,0,0,2e,2e,0
11972,2021,0,0,0,0,0,0,0,2e,2e,0
11972,2022,0,0,0,0,0,0,0,2e,2e,0
11972,2023,0,0,0,0,0,0,0,2e,2e,0
10731,2012,4000,500,980,1000,450,435,0,3a,3a,1
10731,2013,4000,500,980,1000,450,435,0,1,1,1
10731,2014,4249,647,1226,1275,525,718,0,3a,3a,1
10731,2015,4497,793,1471,1550,600,1000,0,1,1,1
10731,2016,4350,750,1500,1400,550,750,0,1,1,1
10731,2017,4000,500,1600,1450,500,700,0,1,1,1
10731,2018,3500,500,1550,1475,600,500,0,1,1,1
10731,2019,3450,600,1500,1500,575,0,0,1,1,1
10731,2020,3475,550,1525,1480,585,400,0,1,1,1
10731,2021,3425,525,1500,1400,580,400,0,1,1,1
10731,2022,3500,500,1600,1400,550,400,0,1,1,1
10731,2023,3500,500,1600,1400,550,400,0,1,1,1
10732,2012,750,200,205,210,100,100,0,1,1,1
10732,2013,750,200,205,210,100,100,0,1,1,1
10732,2014,755,215,205,210,100,100,0,1,1,1
10732,2015,755,215,205,210,100,100,0,1,1,1
10732,2016,752,213,202,208,98,99,0,1,1,1
10732,2017,750,205,200,200,95,90,0,1,1,1
10732,2018,742,198,200,200,95,90,0,1,1,1
10732,2019,735,182,200,200,95,90,0,1,1,1
10732,2020,735,184,200,200,93,90,0,1,1,1
10732,2021,740,175,198,195,90,88,0,1,1,1
10732,2022,738,162,198,195,90,88,0,1,1,1
10732,2023,787,178,215,210,105,94,0,1,1,1
10733,2012,300,40,85,55,25,75,0,1,1,1
10733,2013,300,40,85,55,25,75,0,1,1,1
10733,2014,240,45,90,60,25,70,0,1,1,1
10733,2015,253,40,95,70,30,70,0,1,1,1
10733,2016,257,38,92,65,28,67,0,1,1,1
10733,2017,261,32,88,63,25,67,0,1,1,1
10733,2018,251,35,90,67,30,70,0,1,1,1
10733,2019,246,32,90,67,30,70,0,1,1,1
10733,2020,245,30,100,60,25,60,0,1,1,1
10733,2021,245,30,100,60,25,60,0,1,1,1
10733,2022,238,22,110,60,20,53,0,1,1,1
10733,2023,238,24,112,62,22,55,0,1,1,1
11692,2012,0,0,0,0,0,0,0,3g,3g,0
11692,2013,0,0,0,0,0,0,0,3g,3g,0
11692,2014,0,0,0,0,0,0,0,3g,3g,0
11692,2015,0,0,0,0,0,0,0,3g,3g,0
11692,2016,0,0,0,0,0,0,0,3g,3g,0
11692,2017,0,0,0,0,0,0,0,2e,2e,0
11692,2018,0,0,0,0,0,0,0,2e,2e,0
11692,2019,0,0,0,0,0,0,0,2e,2e,0
11692,2020,0,0,0,0,0,0,0,2e,2e,0
11692,2021,0,0,0,0,0,0,0,2e,2e,0
11692,2022,0,0,0,0,0,0,0,2e,2e,0
11692,2023,0,0,0,0,0,0,0,2e,2e,0
10734,2012,434,49,175,113,88,37,0,1,1,1
10734,2013,486,33,64,61,53,0,0,1,1,1
10734,2014,546,57,196,122,73,59,0,1,1,1
10734,2015,546,57,196,122,73,59,0,1,1,1
10734,2016,540,55,195,120,70,55,0,1,1,1
10734,2017,546,57,196,122,73,59,0,1,1,1
10734,2018,546,57,116,117,18,19,0,1,1,1
10734,2019,550,60,116,117,18,19,0,1,1,1
10734,2020,550,60,116,117,18,19,0,1,1,1
10734,2021,0,0,99,99,0,0,0,1,1,0
10734,2022,520,60,50,125,50,0,0,1,1,1
10734,2023,520,60,50,125,50,0,0,1,1,1
10735,2012,470,60,0,0,0,0,0,1,1,1
10735,2013,470,60,0,0,0,0,0,1,1,1
10735,2014,500,60,0,0,0,0,0,1,1,1
10735,2015,500,60,0,0,0,0,0,1,1,1
10735,2016,496,55,0,0,0,0,0,1,1,1
10735,2017,485,55,0,0,0,0,0,1,1,1
10735,2018,480,60,0,0,0,0,0,1,1,1
10735,2019,400,30,0,0,0,0,0,1,1,1
10735,2020,400,25,0,0,0,0,0,1,1,1
10735,2021,395,30,0,0,0,0,0,1,1,1
10735,2022,350,25,0,0,0,0,0,1,1,1
10735,2023,325,25,0,0,0,0,0,1,1,1
10736,2012,1000,95,489,0,0,0,0,1,1,1
10736,2013,1000,86,480,0,0,0,0,1,1,1
10736,2014,1015,90,470,0,0,0,0,1,1,1
10736,2015,880,95,465,0,0,0,0,1,1,1
10736,2016,0,344,982,492,290,0,0,1,1,0
10736,2017,0,0,996,498,268,0,0,1,1,0
10736,2018,0,0,988,495,281,0,0,1,1,0
10736,2019,0,0,957,478,268,0,0,1,1,0
10736,2020,0,0,960,482,273,0,0,1,1,0
10736,2021,0,0,969,487,277,0,0,1,1,0
10736,2022,0,0,956,472,292,0,0,1,1,0
10736,2023,0,0,950,487,316,0,0,1,1,0
11862,2012,0,45,496,556,505,198,400,2c,3a,0
11862,2013,0,45,496,556,505,198,400,2c,3a,0
11862,2014,0,45,496,556,505,198,400,1,1,0
11862,2015,0,83,902,1010,917,360,728,1,1,0
11862,2016,0,83,902,1010,917,360,728,1,1,0
11862,2017,0,93,1015,1137,1032,405,819,2c,3a,0
11862,2018,0,103,1128,1263,1147,449,910,1,1,0
11862,2019,0,227,2485,2781,2526,990,2003,1,1,0
11862,2020,0,249,2720,3045,2765,1084,2194,1,1,0
11862,2021,0,237,2587,2895,2629,1031,2085,1,1,0
11862,2022,0,127,1383,1548,1405,551,1114,1,1,0
11862,2023,0,28,308,344,313,123,248,1,1,0
10737,2012,1068,176,0,0,0,0,0,1,1,1
10737,2013,1100,168,0,0,0,0,0,1,1,1
10737,2014,1115,170,0,0,0,0,0,1,1,1
10737,2015,1100,100,0,0,0,0,0,1,1,1
10737,2016,1083,146,0,0,0,0,0,1,1,1
10737,2017,1099,133,0,0,0,0,0,1,1,1
10737,2018,1096,136,0,0,0,0,0,1,1,1
10737,2019,1116,170,0,0,0,0,0,1,1,1
10737,2020,1023,170,0,0,0,0,0,1,1,1
10737,2021,1048,168,0,0,0,0,0,1,1,1
10737,2022,1009,170,0,0,0,0,0,1,1,1
10737,2023,1023,133,0,0,0,0,0,1,1,1
10738,2012,263,37,125,90,52,33,0,1,1,1
10738,2013,237,33,104,75,44,27,0,1,1,1
10738,2014,263,37,125,90,52,33,0,1,1,1
10738,2015,237,33,113,81,47,29,0,1,1,1
10738,2016,246,34,125,90,52,33,0,1,1,1
10738,2017,198,27,63,45,26,16,0,1,1,1
10738,2018,158,22,75,54,31,20,0,1,1,1
10738,2019,193,27,84,60,35,21,0,1,1,1
10738,2020,176,24,84,60,35,21,0,1,1,1
10738,2021,202,28,84,60,35,21,0,1,1,1
10738,2022,202,28,84,60,35,21,0,1,1,1
10738,2023,219,31,29,21,20,10,0,1,1,1
10739,2012,527,73,167,120,70,43,0,1,1,1
10739,2013,509,71,29,21,12,8,0,1,1,1
10739,2014,518,72,84,60,35,21,0,1,1,1
10739,2015,483,67,84,60,35,21,0,1,1,1
10739,2016,483,67,167,120,70,43,0,1,1,1
10739,2017,483,67,84,60,35,21,0,1,1,1
10739,2018,483,67,84,60,35,21,0,1,1,1
10739,2019,461,64,125,90,52,33,0,1,1,1
10739,2020,431,60,146,105,61,38,0,1,1,1
10739,2021,571,79,167,120,70,43,0,1,1,1
10739,2022,571,79,188,134,79,49,0,1,1,1
10739,2023,527,73,127,93,146,69,0,1,1,1
10740,2012,3359,510,1526,1495,853,438,0,1,1,1
10740,2013,3346,501,1523,1489,845,425,0,1,1,1
10740,2014,3258,487,1814,1009,394,598,0,1,1,1
10740,2015,3450,500,1820,1010,500,600,0,1,1,1
10740,2016,3430,485,1800,1000,490,595,0,1,1,1
10740,2017,3200,500,1600,825,65,400,0,1,1,1
10740,2018,3500,460,1625,850,75,350,0,1,1,1
10740,2019,3500,455,1620,845,72,343,0,1,1,1
10740,2020,3500,458,1623,843,74,374,0,1,1,1
10740,2021,3500,450,1600,840,70,370,0,1,1,1
10740,2022,3000,500,1500,900,100,300,0,1,1,1
10740,2023,3000,500,1500,900,100,300,0,1,1,1
10741,2012,490,120,150,210,60,60,0,1,1,1
10741,2013,490,120,150,210,60,60,0,1,1,1
10741,2014,0,0,0,0,0,0,0,2b,2b,0
10741,2015,0,0,0,0,0,0,0,1,1,0
10741,2016,0,0,0,0,0,0,0,1,1,0
10741,2017,0,0,0,0,0,0,0,1,1,0
10741,2018,0,0,0,0,0,0,0,1,1,0
10741,2019,0,0,0,0,0,0,0,1,1,0
10741,2020,0,0,0,0,0,0,0,1,1,0
10741,2021,0,0,0,0,0,0,0,1,1,0
10741,2022,0,0,0,0,0,0,0,1,1,0
10741,2023,0,0,0,0,0,0,0,1,1,0
10742,2012,1520,196,465,0,470,0,0,1,1,1
10742,2013,1567,200,0,475,480,0,0,1,1,1
10742,2014,1565,198,485,0,490,0,0,1,1,1
10742,2015,1540,200,500,0,480,0,0,1,1,1
10742,2016,1563,230,526,0,461,0,0,1,1,1
10742,2017,1657,195,97,0,975,0,0,1,1,1
10742,2018,1698,185,92,0,955,0,0,1,1,1
10742,2019,1696,180,97,0,936,0,0,1,1,1
10742,2020,1900,214,146,0,975,0,0,1,1,1
10742,2021,2145,292,149,0,979,0,0,1,1,1
10742,2022,2151,303,141,0,975,0,0,1,1,1
10742,2023,2174,321,156,0,955,0,0,1,1,1
10743,2012,2600,540,2880,1000,900,0,0,1,1,1
10743,2013,2600,540,2800,800,800,0,0,1,1,1
10743,2014,2350,530,2400,750,750,0,0,1,1,1
10743,2015,2375,535,2450,825,725,0,0,3a,3a,1
10743,2016,2400,540,2500,900,700,0,0,1,1,1
10743,2017,2350,520,2400,850,650,0,0,1,1,1
10743,2018,2400,520,2400,840,650,0,0,1,1,1
10743,2019,2400,510,2300,830,650,0,0,1,1,1
10743,2020,2400,500,2300,850,640,0,0,1,1,1
10743,2021,2450,500,2300,850,600,0,0,1,1,1
10743,2022,2450,500,2300,2200,850,0,0,1,1,1
10743,2023,2400,500,2200,2000,840,0,0,1,1,1
10744,2012,610,80,229,199,100,0,0,1,1,1
10744,2013,610,80,229,199,100,0,0,1,1,1
10744,2014,610,80,229,199,100,0,0,1,1,1
10744,2015,610,80,229,199,100,120,0,1,1,1
10744,2016,610,80,229,199,100,120,0,1,1,1
10744,2017,610,80,229,199,100,120,0,1,1,1
10744,2018,610,80,229,199,100,120,0,1,1,1
10744,2019,610,80,229,199,100,120,0,1,1,1
10744,2020,610,80,229,199,100,120,0,1,1,1
10744,2021,610,80,229,199,100,120,0,1,1,1
10744,2022,610,80,229,199,100,100,0,1,1,1
10744,2023,672,0,360,200,0,0,0,1,1,1
10745,2012,2000,300,525,360,240,0,0,1,1,1
10745,2013,2000,300,525,360,240,0,0,1,1,1
10745,2014,1950,300,525,360,240,0,0,1,1,1
10745,2015,1950,300,525,360,240,0,0,1,1,1
10745,2016,2200,390,578,390,293,0,0,1,1,1
10745,2017,2200,390,578,390,293,0,0,1,1,1
10745,2018,2050,370,587,375,296,0,0,1,1,1
10745,2019,2200,400,600,400,300,0,0,1,1,1
10745,2020,2000,400,350,350,450,375,0,1,1,1
10745,2021,2000,400,375,375,450,400,0,1,1,1
10745,2022,2000,400,350,375,450,400,0,1,1,1
10745,2023,1950,360,350,370,440,395,0,1,1,1
10746,2012,5287,656,1898,1956,620,869,0,1,1,1
10746,2013,3456,609,0,0,0,0,0,1,1,1
10746,2014,5062,605,1658,2730,1415,835,0,1,1,1
10746,2015,5000,559,1490,1800,800,1000,0,1,1,1
10746,2016,5282,628,1888,2158,1326,1911,0,1,1,1
10746,2017,5303,603,1864,2180,1317,1881,0,1,1,1
10746,2018,5374,629,1630,1103,1919,946,0,1,1,1
10746,2019,5460,700,1464,1023,1711,766,0,1,1,1
10746,2020,5493,682,1451,999,1677,741,0,1,1,1
10746,2021,5493,697,1452,1001,1672,745,0,1,1,1
10746,2022,5485,704,1444,994,1669,731,0,1,1,1
10746,2023,5525,731,1565,1680,650,755,0,1,1,1
10747,2012,4442,739,1934,1562,733,646,0,1,1,1
10747,2013,4468,718,2000,1580,700,672,0,1,1,1
10747,2014,4565,720,2100,1615,710,675,0,1,1,1
10747,2015,4570,700,2120,1600,700,689,0,1,1,1
10747,2016,4626,687,2086,1669,742,692,0,1,1,1
10747,2017,4619,677,2099,1659,751,682,0,1,1,1
10747,2018,4608,672,2106,1667,739,677,0,1,1,1
10747,2019,4635,687,2115,1681,745,688,0,1,1,1
10747,2020,4625,697,2120,1686,750,692,0,1,1,1
10747,2021,4630,702,2122,1681,760,694,0,1,1,1
10747,2022,4586,727,2047,1704,741,680,0,1,1,1
10747,2023,4570,690,2178,1703,705,716,0,1,1,1
10748,2012,1786,223,817,555,308,0,0,1,1,1
10748,2013,1870,216,800,552,304,304,0,1,1,1
10748,2014,1888,203,810,562,300,310,0,1,1,1
10748,2015,1875,120,794,790,290,300,0,1,1,1
10748,2016,1901,177,809,867,343,331,0,1,1,1
10748,2017,1916,168,803,853,351,344,0,1,1,1
10748,2018,1906,173,780,843,341,321,0,1,1,1
10748,2019,1950,175,770,828,321,312,0,1,1,1
10748,2020,1862,268,765,780,341,341,0,1,1,1
10748,2021,1864,271,770,775,346,336,0,1,1,1
10748,2022,1883,254,721,794,316,307,0,1,1,1
10748,2023,1155,263,672,814,263,370,0,1,1,1
10749,2012,404,56,196,140,82,52,0,3a,3a,1
10749,2013,404,56,196,140,82,52,0,3a,3a,1
10749,2014,404,56,196,140,82,52,0,3a,3a,1
10749,2015,404,56,196,140,82,52,0,3a,3a,1
10749,2016,404,56,196,140,82,52,0,1,1,1
10749,2017,413,57,196,140,82,52,0,1,1,1
10749,2018,439,61,209,149,87,55,0,1,1,1
10749,2019,439,61,209,149,87,55,0,1,1,1
10749,2020,395,55,232,166,97,61,0,1,1,1
10749,2021,404,56,216,155,90,57,0,1,1,1
10749,2022,439,61,209,149,87,55,0,1,1,1
10749,2023,457,63,267,191,112,70,0,1,1,1
10750,2012,384,72,40,45,35,0,0,1,1,1
10750,2013,378,70,45,43,26,13,0,1,1,1
10750,2014,380,68,48,47,28,14,0,1,1,1
10750,2015,380,68,48,47,28,14,0,3a,3a,1
10750,2016,0,0,0,0,0,0,0,1,1,0
10750,2017,0,0,20,10,0,0,0,1,1,0
10750,2018,0,0,35,19,0,0,0,1,1,0
10750,2019,0,0,350,200,0,0,0,1,1,0
10750,2020,0,0,468,210,0,0,0,1,1,0
10750,2021,0,0,451,217,0,0,0,1,1,0
10750,2022,0,0,468,241,0,0,0,1,1,0
10750,2023,0,0,451,206,0,0,0,1,1,0
10751,2012,0,0,0,0,3267,733,0,1,1,0
10751,2013,0,0,0,0,5308,1192,0,1,1,0
10751,2014,0,0,0,0,5410,1215,0,2c,3a,0
10751,2015,0,0,0,0,5512,1238,0,1,1,0
10751,2016,0,0,0,0,4614,1036,0,2c,3a,0
10751,2017,0,0,0,0,3716,834,0,1,1,0
10751,2018,0,0,0,0,3716,834,0,2c,3a,0
10751,2019,0,0,0,0,0,0,0,1,1,0
10751,2020,0,0,0,0,0,0,0,1,1,0
10751,2021,0,0,0,0,0,0,0,2c,2c,0
10751,2022,0,0,0,0,0,0,0,2c,2c,0
10751,2023,0,0,0,0,0,0,0,2c,2c,0
11973,2012,0,0,0,0,0,0,0,2a,2e,0
11973,2013,0,0,0,0,0,0,0,2a,2e,0
11973,2014,0,0,0,0,0,0,0,2a,2e,0
11973,2015,0,0,0,0,0,0,0,2a,2e,0
11973,2016,0,0,0,0,0,0,0,2a,2e,0
11973,2017,0,0,0,0,0,0,0,2a,2e,0
11973,2018,0,0,0,0,0,0,0,2a,2e,0
11973,2019,0,0,0,0,0,0,0,2a,2e,0
11973,2020,0,0,0,0,0,0,0,2a,2e,0
11973,2021,0,0,0,0,0,0,0,2a,2e,0
11973,2022,0,0,0,0,0,0,0,2a,2e,0
11973,2023,0,0,0,0,0,0,0,2a,2e,0
10752,2012,69,10,15,11,6,5,0,1,1,1
10752,2013,75,11,17,12,7,4,0,1,1,1
10752,2014,75,10,17,12,7,4,0,1,1,1
10752,2015,75,10,10,7,4,4,0,1,1,1
10752,2016,75,11,13,9,5,3,0,1,1,1
10752,2017,70,10,15,11,6,4,0,1,1,1
10752,2018,70,10,15,11,6,4,0,1,1,1
10752,2019,70,10,15,11,6,4,0,1,1,1
10752,2020,66,9,15,11,6,4,0,1,1,1
10752,2021,57,8,15,10,6,4,0,1,1,1
10752,2022,0,0,0,0,0,0,0,1,1,0
10752,2023,0,0,0,0,0,0,0,2a,3g,0
10753,2012,725,100,0,0,0,0,0,1,1,1
10753,2013,725,100,0,0,0,0,0,1,1,1
10753,2014,725,100,0,0,0,0,0,1,1,1
10753,2015,720,100,0,0,0,0,0,1,1,1
10753,2016,640,100,0,0,0,0,0,1,1,1
10753,2017,720,100,0,0,0,0,0,1,1,1
10753,2018,640,100,0,0,0,0,0,1,1,1
10753,2019,729,109,40,0,0,0,0,1,1,1
10753,2020,729,109,20,0,0,0,0,1,1,1
10753,2021,729,109,20,0,0,0,0,1,1,1
10753,2022,729,109,20,0,0,0,0,1,1,1
10753,2023,729,109,20,0,0,0,0,1,1,1
10754,2012,1275,300,180,0,240,580,0,1,1,1
10754,2013,1400,300,250,0,450,390,0,1,1,1
10754,2014,1450,300,150,0,150,450,0,1,1,1
10754,2015,1400,300,200,0,150,600,0,1,1,1
10754,2016,1400,300,300,0,250,650,0,1,1,1
10754,2017,1400,300,300,0,250,650,0,1,1,1
10754,2018,1450,250,200,0,400,500,0,1,1,1
10754,2019,1530,300,180,0,350,500,0,1,1,1
10754,2020,1410,480,270,0,510,510,0,1,1,1
10754,2021,1400,250,125,0,475,475,0,1,1,1
10754,2022,1550,320,135,0,435,610,0,1,1,1
10754,2023,1425,276,312,0,324,460,0,1,1,1
10755,2012,1175,0,744,1164,200,0,0,1,1,1
10755,2013,1150,0,925,875,0,0,0,1,1,1
10755,2014,1225,0,800,800,250,0,0,1,1,1
10755,2015,1200,0,800,775,150,0,0,1,1,1
10755,2016,1240,0,700,950,200,0,0,1,1,1
10755,2017,1225,0,825,880,0,0,0,1,1,1
10755,2018,1240,0,900,900,0,0,0,1,1,1
10755,2019,1220,0,580,1200,150,0,0,1,1,1
10755,2020,1240,0,950,776,360,0,0,1,1,1
10755,2021,1240,0,700,1100,0,0,0,1,1,1
10755,2022,1250,0,580,1050,0,0,0,1,1,1
10755,2023,1250,0,500,1150,0,0,0,1,1,1
10756,2012,2872,377,1086,1175,0,0,0,3a,3a,1
10756,2013,2872,377,1086,1175,0,0,0,1,1,1
10756,2014,2884,348,1088,1182,0,0,0,1,1,1
10756,2015,2879,351,1089,1179,0,0,0,1,1,1
10756,2016,2881,362,1075,1165,0,0,0,1,1,1
10756,2017,2876,358,1097,1175,0,0,0,1,1,1
10756,2018,2892,362,1019,1169,0,0,0,1,1,1
10756,2019,2918,426,1038,1175,0,0,0,1,1,1
10756,2020,2911,418,1065,1185,0,0,0,1,1,1
10756,2021,2922,439,1076,1189,0,0,0,1,1,1
10756,2022,2926,441,1078,1187,0,0,0,1,1,1
10756,2023,2901,425,1025,1175,0,0,0,1,1,1
10757,2012,3300,510,1200,402,0,0,0,1,1,1
10757,2013,3317,504,1222,416,0,0,0,1,1,1
10757,2014,3311,506,1219,410,0,0,0,1,1,1
10757,2015,2784,380,385,386,381,0,0,1,1,1
10757,2016,2000,380,385,386,381,0,0,1,1,1
10757,2017,3407,614,388,379,394,0,0,1,1,1
10757,2018,3388,609,390,365,380,0,0,1,1,1
10757,2019,3388,609,390,365,380,0,0,1,1,1
10757,2020,3375,600,390,365,380,0,0,1,1,1
10757,2021,3390,580,375,350,375,0,0,1,1,1
10757,2022,3400,550,385,335,400,0,0,1,1,1
10757,2023,3410,560,375,350,450,0,0,1,1,1
10758,2012,600,50,0,0,0,0,0,1,1,1
10758,2013,300,20,0,0,0,0,0,1,1,1
10758,2014,265,10,0,0,0,0,0,1,1,1
10758,2015,260,35,0,0,0,0,0,1,1,1
10758,2016,365,85,100,0,0,0,0,1,1,1
10758,2017,300,60,300,100,50,0,0,1,1,1
10758,2018,300,75,300,150,50,0,0,1,1,1
10758,2019,354,50,300,150,65,0,0,1,1,1
10758,2020,365,65,300,100,50,0,0,1,1,1
10758,2021,350,65,250,100,50,0,0,1,1,1
10758,2022,345,70,250,100,65,0,0,1,1,1
10758,2023,345,70,250,100,65,0,0,3a,3a,1
10759,2012,0,0,0,0,0,0,0,2b,2b,0
10759,2013,0,0,0,0,0,0,0,2b,2b,0
10759,2014,0,0,0,0,0,0,0,2b,2b,0
10759,2015,0,0,0,0,0,0,0,2b,2b,0
10759,2016,0,0,0,0,0,0,0,1,1,0
10759,2017,0,0,0,0,0,0,0,1,1,0
10759,2018,0,0,0,0,0,0,0,1,1,0
10759,2019,0,0,0,0,0,0,0,1,1,0
10759,2020,0,0,0,0,0,0,0,1,1,0
10759,2021,0,0,0,0,0,0,0,1,1,0
10759,2022,0,0,0,0,0,0,0,1,1,0
10759,2023,0,0,0,0,0,0,0,2c,2c,0
10760,2012,1150,240,500,450,300,300,0,1,1,1
10760,2013,1150,240,500,450,300,300,0,1,1,1
10760,2014,1150,240,500,450,300,300,0,1,1,1
10760,2015,1150,240,500,450,300,300,0,1,1,1
10760,2016,1130,230,500,450,300,300,0,1,1,1
10760,2017,1095,225,500,425,300,300,0,1,1,1
10760,2018,1130,225,500,430,300,300,0,1,1,1
10760,2019,1120,220,500,425,300,300,0,1,1,1
10760,2020,1115,200,500,430,300,300,0,1,1,1
10760,2021,1112,200,500,415,300,300,0,1,1,1
10760,2022,1110,200,500,415,300,300,0,1,1,1
10760,2023,1100,200,500,415,300,300,0,1,1,1
11870,2012,0,0,0,0,0,0,0,2c,2c,0
11870,2013,0,0,0,0,0,0,0,2c,2c,0
11870,2014,0,0,0,0,0,0,0,1,1,0
11870,2015,0,0,0,0,0,0,0,1,1,0
11870,2016,0,0,0,0,0,0,0,1,1,0
11870,2017,0,0,0,0,0,0,0,2c,2c,0
11870,2018,0,0,0,0,0,0,0,1,1,0
11870,2019,0,0,0,0,0,0,0,1,1,0
11870,2020,0,0,0,0,0,0,0,1,1,0
11870,2021,0,0,0,0,0,0,0,1,1,0
11870,2022,0,0,0,0,0,0,0,1,1,0
11870,2023,0,0,0,0,0,0,0,1,1,0
10761,2012,2320,370,180,0,350,250,0,1,1,1
10761,2013,2325,375,190,0,330,235,0,1,1,1
10761,2014,2280,250,175,0,385,250,0,1,1,1
10761,2015,2290,250,175,0,375,240,0,1,1,1
10761,2016,2280,250,175,0,375,240,0,1,1,1
10761,2017,2310,300,175,0,300,240,0,1,1,1
10761,2018,2315,300,200,0,300,250,0,1,1,1
10761,2019,1800,300,0,0,0,0,0,1,1,1
10761,2020,1679,266,0,0,0,0,0,1,1,1
10761,2021,1680,275,0,0,0,0,0,1,1,1
10761,2022,2800,600,0,0,0,0,0,1,1,1
10761,2023,2875,170,0,0,0,0,0,1,1,1
10762,2012,3570,654,0,0,0,0,0,1,1,1
10762,2013,4380,836,0,0,0,0,0,3a,3a,1
10762,2014,5190,1018,0,0,0,0,0,3a,3a,1
10762,2015,6000,1200,0,0,0,0,0,1,1,1
10762,2016,4800,1200,0,0,0,0,0,1,1,1
10762,2017,6000,1200,0,0,0,0,0,1,1,1
10762,2018,6000,1200,0,0,0,0,0,1,1,1
10762,2019,6000,1200,0,0,0,0,0,1,1,1
10762,2020,6000,1200,0,0,0,0,0,1,1,1
10762,2021,6000,1200,0,0,0,0,0,1,1,1
10762,2022,6000,1200,0,0,0,0,0,1,1,1
10762,2023,6000,1200,0,0,0,0,0,1,1,1
10763,2012,2972,452,983,461,190,189,0,1,1,1
10763,2013,2971,452,984,462,190,189,0,1,1,1
10763,2014,2979,463,990,472,378,379,0,1,1,1
10763,2015,2974,461,975,470,380,379,0,1,1,1
10763,2016,2969,450,980,463,369,364,0,1,1,1
10763,2017,2226,343,733,350,278,280,0,1,1,1
10763,2018,2971,444,990,455,358,362,0,1,1,1
10763,2019,2977,454,979,460,371,371,0,1,1,1
10763,2020,2939,449,975,459,369,359,0,1,1,1
10763,2021,2976,457,978,458,376,371,0,1,1,1
10763,2022,2976,457,978,458,376,371,0,3a,3a,1
10763,2023,2982,461,989,470,378,0,0,1,1,1
10764,2012,652,85,310,150,120,4,0,1,1,1
10764,2013,660,80,315,152,123,0,0,1,1,1
10764,2014,651,78,298,150,118,0,0,1,1,1
10764,2015,650,75,295,150,110,0,0,1,1,1
10764,2016,660,90,325,160,150,0,0,1,1,1
10764,2017,658,87,328,162,153,0,0,1,1,1
10764,2018,660,78,315,158,147,0,0,1,1,1
10764,2019,675,70,250,205,90,0,0,1,1,1
10764,2020,682,81,310,155,142,0,0,1,1,1
10764,2021,660,75,300,160,145,0,0,1,1,1
10764,2022,670,80,300,200,65,0,0,1,1,1
10764,2023,670,82,305,195,85,0,0,1,1,1
10765,2012,210,0,315,0,138,0,0,1,1,1
10765,2013,222,0,320,0,145,0,0,1,1,1
10765,2014,250,0,308,0,148,0,0,1,1,1
10765,2015,246,0,305,0,135,0,0,1,1,1
10765,2016,0,35,315,0,135,0,0,1,1,0
10765,2017,0,42,306,0,128,0,0,1,1,0
10765,2018,0,40,295,0,105,0,0,1,1,0
10765,2019,0,0,595,0,0,0,0,1,1,0
10765,2020,0,0,585,0,0,0,0,1,1,0
10765,2021,0,0,430,0,0,0,0,1,1,0
10765,2022,0,0,560,0,0,0,0,1,1,0
10765,2023,0,0,512,0,0,0,0,1,1,0
11974,2012,0,0,0,0,0,0,0,2e,2e,0
11974,2013,0,0,0,0,0,0,0,2e,2e,0
11974,2014,0,0,0,0,0,0,0,2e,2e,0
11974,2015,0,0,0,0,0,0,0,2e,2e,0
11974,2016,0,0,0,0,0,0,0,2e,2e,0
11974,2017,0,0,0,0,0,0,0,2e,2e,0
11974,2018,0,0,0,0,0,0,0,2e,2e,0
11974,2019,0,0,0,0,0,0,0,2e,2e,0
11974,2020,0,0,0,0,0,0,0,2e,2e,0
11974,2021,0,0,0,0,0,0,0,2e,2e,0
11974,2022,0,0,0,0,0,0,0,2e,2e,0
11974,2023,0,0,0,0,0,0,0,2e,2e,0
10766,2012,1160,150,1120,896,225,0,0,1,1,1
10766,2013,1150,85,396,297,325,0,0,1,1,1
10766,2014,1150,85,396,297,325,0,0,1,1,1
10766,2015,1150,85,396,297,325,0,0,1,1,1
10766,2016,1150,85,396,297,325,0,0,1,1,1
10766,2017,1150,85,396,297,325,0,0,1,1,1
10766,2018,1500,170,390,300,320,0,0,1,1,1
10766,2019,1500,170,390,300,320,0,0,1,1,1
10766,2020,1500,170,390,300,320,0,0,1,1,1
10766,2021,1700,200,290,200,310,0,0,1,1,1
10766,2022,1650,195,290,200,300,0,0,1,1,1
10766,2023,1650,195,290,200,300,0,0,1,1,1
10767,2012,2900,395,1100,850,300,0,0,3a,3a,1
10767,2013,2900,395,1100,850,300,0,0,1,1,1
10767,2014,2900,385,1150,1050,388,0,0,3a,3a,1
10767,2015,2900,375,1200,1250,475,0,0,1,1,1
10767,2016,2900,380,1200,1250,475,0,0,1,1,1
10767,2017,2900,380,1200,1250,475,0,0,1,1,1
10767,2018,2950,375,1200,1250,500,0,0,1,1,1
10767,2019,3200,600,1200,1200,400,0,0,1,1,1
10767,2020,3250,600,1300,1200,200,0,0,1,1,1
10767,2021,3300,650,1200,1400,300,500,0,1,1,1
10767,2022,3200,600,1150,1400,400,450,0,1,1,1
10767,2023,3200,600,1150,1400,400,0,0,1,1,1
10768,2012,480,65,150,90,0,0,0,1,1,1
10768,2013,480,65,150,90,0,0,0,1,1,1
10768,2014,480,65,170,70,0,0,0,1,1,1
10768,2015,470,63,150,110,0,0,0,3a,3a,1
10768,2016,460,60,130,150,0,0,0,1,1,1
10768,2017,440,60,50,0,0,0,0,1,1,1
10768,2018,440,60,50,0,0,0,0,1,1,1
10768,2019,432,59,50,0,0,0,0,1,1,1
10768,2020,365,65,50,0,0,0,0,1,1,1
10768,2021,20,10,0,0,0,0,0,1,1,1
10768,2022,0,0,0,0,0,0,0,2b,2b,0
10768,2023,0,0,0,0,0,0,0,2b,2b,0
11975,2012,0,0,0,0,0,0,0,2a,3g,0
11975,2013,0,0,0,0,0,0,0,2a,3g,0
11975,2014,0,0,0,0,0,0,0,2a,3g,0
11975,2015,0,0,0,0,0,0,0,2a,3g,0
11975,2016,0,0,0,0,0,0,0,2a,3g,0
11975,2017,0,0,0,0,0,0,0,2a,3g,0
11975,2018,0,0,0,0,0,0,0,2a,3g,0
11975,2019,0,0,0,0,0,0,0,2a,3g,0
11975,2020,0,0,0,0,0,0,0,2a,3g,0
11975,2021,0,0,0,0,0,0,0,2a,3g,0
11975,2022,0,0,0,0,0,0,0,2a,3g,0
11975,2023,0,0,0,0,0,0,0,2a,3g,0
11976,2012,0,0,0,0,0,0,0,1,1,0
11976,2013,0,0,0,0,0,0,0,1,1,0
11976,2014,0,0,0,0,0,0,0,1,1,0
11976,2015,0,0,0,0,0,0,0,1,1,0
11976,2016,0,0,0,0,0,0,0,1,1,0
11976,2017,0,0,0,0,0,0,0,1,1,0
11976,2018,0,0,0,0,0,0,0,1,1,0
11976,2019,0,0,0,0,0,0,0,1,1,0
11976,2020,0,0,0,0,0,0,0,1,1,0
11976,2021,0,0,0,0,0,0,0,1,1,0
11976,2022,0,0,0,0,0,0,0,1,1,0
11976,2023,0,0,0,0,0,0,0,1,1,0
10769,2012,0,0,0,0,0,0,0,1,1,0
10769,2013,0,0,0,0,0,0,0,1,1,0
10769,2014,0,0,0,0,0,0,900,1,1,0
10769,2015,0,0,0,0,0,0,1000,1,1,0
10769,2016,0,0,0,0,0,0,950,1,1,0
10769,2017,0,0,0,0,0,0,950,1,1,0
10769,2018,0,0,0,0,0,0,950,1,1,0
10769,2019,0,0,0,0,0,0,950,1,1,0
10769,2020,0,0,0,0,0,0,950,1,1,0
10769,2021,0,0,0,0,0,0,950,1,1,0
10769,2022,0,0,0,0,0,0,950,1,1,0
10769,2023,0,0,0,0,0,0,950,1,1,0
11977,2019,0,0,0,0,0,0,0,2a,2a,0
11977,2020,0,0,0,0,0,0,0,2a,2a,0
11977,2021,0,0,0,0,0,0,0,2a,2a,0
11977,2022,0,0,0,0,0,0,0,2a,2a,0
11977,2023,0,0,0,0,0,0,0,2a,2a,0
10770,2012,420,40,50,60,50,80,0,1,1,1
10770,2013,420,40,50,60,50,80,0,1,1,1
10770,2014,420,40,50,60,50,80,0,1,1,1
10770,2015,400,35,120,85,90,90,0,1,1,1
10770,2016,400,35,120,85,90,90,0,1,1,1
10770,2017,440,50,100,100,70,70,0,1,1,1
10770,2018,440,50,100,100,70,70,0,3a,3a,1
10770,2019,0,0,0,0,0,0,0,2c,2c,0
10770,2020,0,0,0,0,0,0,0,2c,2c,0
10770,2021,0,0,0,0,0,0,0,1,1,0
10770,2022,0,0,0,0,0,0,0,1,1,0
10770,2023,0,0,0,0,0,0,0,1,1,0
10771,2012,2396,312,976,720,327,235,0,1,1,1
10771,2013,2661,446,1202,948,476,227,0,1,1,1
10771,2014,2644,440,1209,942,479,228,0,1,1,1
10771,2015,2640,445,1212,946,479,228,0,1,1,1
10771,2016,2631,448,1218,950,474,226,0,1,1,1
10771,2017,2329,480,1209,962,478,227,0,1,1,1
10771,2018,2333,497,1220,968,484,230,0,1,1,1
10771,2019,2405,501,1215,975,488,232,0,1,1,1
10771,2020,2387,488,1191,959,477,227,0,1,1,1
10771,2021,2456,495,1220,972,490,233,0,1,1,1
10771,2022,2617,403,1241,955,507,241,0,1,1,1
10771,2023,2587,390,1222,938,515,245,0,1,1,1
10772,2012,1159,156,145,0,0,0,0,3a,3a,1
10772,2013,1159,156,145,0,0,0,0,1,1,1
10772,2014,1164,152,205,0,0,0,0,1,1,1
10772,2015,1125,198,210,0,0,0,0,1,1,1
10772,2016,1117,190,208,0,0,0,0,1,1,1
10772,2017,1120,200,205,0,0,0,0,1,1,1
10772,2018,1100,175,200,0,0,0,0,1,1,1
10772,2019,1200,110,400,0,0,0,0,1,1,1
10772,2020,1150,145,300,0,0,0,0,1,1,1
10772,2021,1200,150,300,0,0,0,0,1,1,1
10772,2022,1100,200,200,0,0,0,0,1,1,1
10772,2023,1150,145,300,0,0,0,0,1,1,1
11872,2012,0,351,3832,4290,3896,1527,3090,2c,3a,0
11872,2013,0,351,3832,4290,3896,1527,3090,2c,3a,0
11872,2014,0,351,3832,4290,3896,1527,3090,1,1,0
11872,2015,0,351,3832,4290,3896,1527,3090,1,1,0
11872,2016,0,351,3832,4290,3896,1527,3090,1,1,0
11872,2017,0,355,3877,4340,3941,1545,3126,2c,3a,0
11872,2018,0,359,3921,4389,3986,1562,3162,1,1,0
11872,2019,0,366,3997,4474,4063,1593,3223,1,1,0
11872,2020,0,379,4136,4629,4204,1648,3335,1,1,0
11872,2021,0,377,4124,4616,4192,1643,3325,1,1,0
11872,2022,0,361,3948,4419,4013,1573,3183,1,1,0
11872,2023,0,340,3711,4154,3772,1478,2993,1,1,0
11875,2012,0,93,1019,1140,1036,406,822,2c,3a,0
11875,2013,0,93,1019,1140,1036,406,822,2c,3a,0
11875,2014,0,93,1019,1140,1036,406,822,1,1,0
11875,2015,0,93,1019,1140,1036,406,822,1,1,0
11875,2016,0,93,1019,1140,1036,406,822,1,1,0
11875,2017,0,94,1031,1153,1048,411,832,2c,3a,0
11875,2018,0,95,1042,1166,1059,415,841,1,1,0
11875,2019,0,199,2177,2437,2213,867,1755,1,1,0
11875,2020,0,201,2192,2454,2228,873,1768,1,1,0
11875,2021,0,201,2195,2456,2231,874,1770,1,1,0
11875,2022,0,188,2051,2296,2085,817,1653,1,1,0
11875,2023,0,182,1994,2232,2027,794,1608,1,1,0
11873,2012,0,269,2941,3292,2990,1172,2372,2c,3a,0
11873,2013,0,269,2941,3292,2990,1172,2372,2c,3a,0
11873,2014,0,269,2941,3292,2990,1172,2372,1,1,0
11873,2015,0,269,2941,3292,2990,1172,2372,1,1,0
11873,2016,0,269,2941,3292,2990,1172,2372,1,1,0
11873,2017,0,275,2999,3357,3049,1195,2419,2c,3a,0
11873,2018,0,280,3057,3422,3108,1218,2465,1,1,0
11873,2019,0,270,2952,3304,3001,1176,2381,1,1,0
11873,2020,0,266,2902,3248,2950,1156,2341,1,1,0
11873,2021,0,254,2775,3106,2821,1106,2238,1,1,0
11873,2022,0,244,2667,2985,2711,1063,2150,1,1,0
11873,2023,0,229,2504,2803,2545,998,2019,1,1,0
11874,2012,0,795,8687,9723,8830,3461,7005,2c,3a,0
11874,2013,0,795,8687,9723,8830,3461,7005,2c,3a,0
11874,2014,0,795,8687,9723,8830,3461,7005,1,1,0
11874,2015,0,795,8687,9723,8830,3461,7005,1,1,0
11874,2016,0,795,8687,9723,8830,3461,7005,1,1,0
11874,2017,0,779,8514,9529,8654,3392,6865,2c,3a,0
11874,2018,0,763,8340,9335,8478,3323,6725,1,1,0
11874,2019,0,747,8160,9133,8294,3251,6580,1,1,0
11874,2020,0,749,8188,9165,8323,3262,6605,1,1,0
11874,2021,0,750,8193,9171,8328,3264,6607,1,1,0
11874,2022,0,733,8005,8960,8137,3189,6454,1,1,0
11874,2023,0,717,7833,8767,7962,3121,6316,1,1,0
11876,2012,0,72,790,885,803,315,638,2c,3a,0
11876,2013,0,72,790,885,803,315,638,2c,3a,0
11876,2014,0,72,790,885,803,315,638,1,1,0
11876,2015,0,0,0,0,0,0,0,1,1,0
11876,2016,0,0,0,0,0,0,0,1,1,0
11876,2017,0,40,439,491,446,175,354,2c,3a,0
11876,2018,0,80,877,982,892,350,707,1,1,0
11876,2019,0,79,863,966,877,344,697,1,1,0
11876,2020,0,83,910,1019,925,363,735,1,1,0
11876,2021,0,80,870,974,884,347,700,1,1,0
11876,2022,0,83,911,1020,926,363,735,1,1,0
11876,2023,0,75,819,917,833,326,660,1,1,0
11879,2012,0,140,1529,1712,1555,609,1233,2c,3a,0
11879,2013,0,140,1529,1712,1555,609,1233,2c,3a,0
11879,2014,0,140,1529,1712,1555,609,1233,1,1,0
11879,2015,0,121,1321,1479,1344,526,1065,2c,3a,0
11879,2016,0,102,1113,1247,1132,443,898,2c,3a,0
11879,2017,0,83,906,1014,921,361,730,2c,3a,0
11879,2018,0,64,698,781,710,278,562,2c,3a,0
11879,2019,0,45,490,549,498,195,395,2c,3a,0
11879,2020,0,26,282,316,287,112,227,1,1,0
11879,2021,0,1,14,15,14,5,11,1,1,0
11879,2022,0,61,669,748,680,266,539,1,1,0
11879,2023,0,92,1000,1120,1017,397,807,1,1,0
10773,2012,4044,553,961,788,420,272,0,3a,3a,1
10773,2013,4044,553,961,788,420,272,0,3a,3a,1
10773,2014,4044,553,961,788,420,272,0,1,1,1
10773,2015,3585,490,852,698,372,242,0,1,1,1
10773,2016,3585,490,852,698,372,242,0,1,1,1
10773,2017,3585,490,852,698,372,242,0,3a,3a,1
10773,2018,3585,490,852,698,372,242,0,1,1,1
10773,2019,3570,496,0,0,968,460,0,1,1,1
10773,2020,3135,428,745,611,326,211,0,1,1,1
10773,2021,3397,472,0,0,714,339,0,1,1,1
10773,2022,2228,304,529,434,231,152,0,1,1,1
10773,2023,2335,319,555,455,242,158,0,1,1,1
10774,2012,3790,585,120,0,0,0,0,1,1,1
10774,2013,3800,575,140,0,0,0,0,1,1,1
10774,2014,3800,560,150,0,0,0,0,1,1,1
10774,2015,3800,575,140,0,0,0,0,1,1,1
10774,2016,3800,565,150,0,0,0,0,1,1,1
10774,2017,3800,495,150,0,0,0,0,1,1,1
10774,2018,3807,570,200,0,0,0,0,1,1,1
10774,2019,3800,500,200,0,0,0,0,1,1,1
10774,2020,3800,500,200,0,0,0,0,1,1,1
10774,2021,3800,500,200,0,0,0,0,1,1,1
10774,2022,3800,650,500,0,0,0,0,1,1,1
10774,2023,3800,650,500,0,0,0,0,1,1,1
10775,2012,160,0,0,0,0,0,0,1,1,1
10775,2013,160,0,0,0,0,0,0,1,1,1
10775,2014,160,0,0,0,0,0,0,1,1,1
10775,2015,160,0,0,0,0,0,0,1,1,1
10775,2016,160,0,0,0,0,0,0,1,1,1
10775,2017,160,0,0,0,0,0,0,1,1,1
10775,2018,100,0,0,0,0,0,0,1,1,1
10775,2019,100,0,0,0,0,0,0,1,1,1
10775,2020,100,0,0,0,0,0,0,3a,2c,1
10775,2021,0,0,0,0,0,0,0,2a,2a,0
10775,2022,0,0,0,0,0,0,0,2a,2a,0
10775,2023,0,0,0,0,0,0,0,2a,2a,0
10776,2012,590,100,232,176,84,63,0,1,1,1
10776,2013,590,100,232,176,84,63,0,1,1,1
10776,2014,450,75,150,100,30,30,0,1,1,1
10776,2015,450,75,150,100,30,30,0,1,1,1
10776,2016,450,75,150,100,30,30,0,1,1,1
10776,2017,450,75,150,100,30,30,0,1,1,1
10776,2018,0,0,170,776,973,1752,0,1,1,0
10776,2019,0,0,390,585,3412,3412,0,1,1,0
10776,2020,0,0,0,0,3315,3656,0,1,1,0
10776,2021,0,0,0,0,3329,3660,0,1,1,0
10776,2022,0,0,0,0,3810,3666,0,1,1,0
10776,2023,0,0,0,0,3836,3607,0,1,1,0
10777,2012,565,90,108,116,0,0,0,1,1,1
10777,2013,569,85,109,115,0,0,0,1,1,1
10777,2014,570,82,80,100,0,0,0,1,1,1
10777,2015,575,90,90,95,50,0,0,1,1,1
10777,2016,590,85,85,90,52,0,0,1,1,1
10777,2017,592,81,88,92,56,0,0,1,1,1
10777,2018,590,84,90,81,45,0,0,1,1,1
10777,2019,580,80,90,70,45,0,0,1,1,1
10777,2020,577,79,85,69,43,0,0,1,1,1
10777,2021,540,60,80,70,45,0,0,1,1,1
10777,2022,545,61,84,62,0,0,0,1,1,1
10777,2023,0,0,0,0,0,0,0,1,1,0
10778,2012,2600,520,1300,634,0,35,0,1,1,1
10778,2013,2600,520,1300,634,0,35,0,1,1,1
10778,2014,2600,520,1300,634,0,35,0,1,1,1
10778,2015,2600,520,1300,634,0,35,0,1,1,1
10778,2016,2600,520,1300,634,0,35,0,1,1,1
10778,2017,2600,520,1300,634,0,35,0,1,1,1
10778,2018,2600,520,1300,634,0,35,0,1,1,1
10778,2019,2600,520,1300,900,400,550,0,1,1,1
10778,2020,2600,520,1300,900,400,550,0,1,1,1
10778,2021,2600,520,1300,900,400,550,0,1,1,1
10778,2022,2600,520,1300,900,400,550,0,1,1,1
10778,2023,2600,520,1300,900,400,550,0,1,1,1
11978,2019,0,0,195,0,0,0,0,1,1,0
11978,2020,0,0,195,0,0,0,0,2c,3a,0
11978,2021,0,0,195,0,0,0,0,2c,3a,0
11978,2022,0,0,195,0,0,0,0,2c,3a,0
11978,2023,0,0,195,0,0,0,0,2c,3a,0
10779,2012,715,130,240,220,120,120,0,1,1,1
10779,2013,715,130,240,220,120,120,0,1,1,1
10779,2014,715,130,240,220,120,120,0,1,1,1
10779,2015,715,130,240,220,120,120,0,1,1,1
10779,2016,715,130,240,220,120,120,0,1,1,1
10779,2017,715,130,240,220,120,120,0,1,1,1
10779,2018,625,100,240,220,120,120,0,1,1,1
10779,2019,500,130,100,120,90,90,0,1,1,1
10779,2020,50,0,20,20,0,0,0,1,1,1
10779,2021,0,0,120,20,0,0,0,1,1,0
10779,2022,0,0,0,0,0,0,0,1,1,0
10779,2023,0,0,0,0,0,0,0,1,1,0
11979,2019,0,0,0,0,0,0,0,2a,3g,0
11979,2020,0,0,0,0,0,0,0,2a,3g,0
11979,2021,0,0,0,0,0,0,0,2a,3g,0
11979,2022,0,0,0,0,0,0,0,2a,3g,0
11979,2023,0,0,0,0,0,0,0,2a,3g,0
10780,2012,6500,560,450,450,0,0,0,3a,3a,1
10780,2013,6500,560,450,450,0,0,0,3a,3a,1
10780,2014,6500,560,450,450,0,0,0,3a,3a,1
10780,2015,6500,560,450,450,0,0,0,3a,3a,1
10780,2016,6500,560,450,450,0,0,0,3a,3a,1
10780,2017,6500,560,450,450,0,0,0,3a,3a,1
10780,2018,6500,560,450,450,0,0,0,1,1,1
10780,2019,6500,600,0,0,0,0,0,1,1,1
10780,2020,7200,400,200,0,0,0,0,1,1,1
10780,2021,7200,400,200,0,0,0,0,3a,3a,1
10780,2022,7200,400,200,0,0,0,0,1,1,1
10780,2023,7200,400,200,0,0,0,0,1,1,1
10781,2012,555,63,0,0,0,0,0,1,1,1
10781,2013,542,70,0,0,0,0,0,1,1,1
10781,2014,537,72,0,0,0,0,0,1,1,1
10781,2015,535,70,0,0,0,0,0,1,1,1
10781,2016,528,75,0,0,0,0,0,1,1,1
10781,2017,534,81,0,0,0,0,0,1,1,1
10781,2018,521,103,0,0,0,0,0,1,1,1
10781,2019,511,99,0,0,0,0,0,1,1,1
10781,2020,491,107,0,0,0,0,0,1,1,1
10781,2021,500,115,0,0,0,0,0,1,1,1
10781,2022,523,81,0,0,0,0,0,1,1,1
10781,2023,503,75,0,0,0,0,0,1,1,1
10782,2012,1193,168,205,152,0,0,0,1,1,1
10782,2013,300,50,403,297,0,0,0,1,1,1
10782,2014,500,0,403,297,0,0,50,1,1,1
10782,2015,500,0,403,297,0,0,50,1,1,1
10782,2016,500,0,403,297,0,0,0,1,1,1
10782,2017,500,0,403,297,0,0,50,1,1,1
10782,2018,500,0,403,297,0,0,50,1,1,1
10782,2019,500,0,403,297,0,0,50,1,1,1
10782,2020,500,0,403,297,0,0,50,1,1,1
10782,2021,500,0,403,297,0,0,50,1,1,1
10782,2022,500,0,403,297,0,0,50,1,1,1
10782,2023,500,0,403,297,0,0,50,1,1,1
10783,2012,9090,1786,3190,2563,950,0,0,1,1,1
10783,2013,6803,1192,3090,2461,673,320,0,1,1,1
10783,2014,6798,1196,3095,2453,676,321,0,1,1,1
10783,2015,6792,1190,3099,2458,677,322,0,1,1,1
10783,2016,6800,1175,3091,2450,672,319,0,1,1,1
10783,2017,6803,1183,3098,2456,676,322,0,1,1,1
10783,2018,6791,1190,3111,2469,684,326,0,1,1,1
10783,2019,6801,1187,3106,2460,689,328,0,1,1,1
10783,2020,6805,1180,3110,2466,691,329,0,1,1,1
10783,2021,6812,1196,3120,2482,708,337,0,1,1,1
10783,2022,7319,1366,3157,2422,691,329,0,1,1,1
10783,2023,7299,1350,3133,2402,680,324,0,1,1,1
10784,2012,1670,161,97,0,60,239,0,1,1,1
10784,2013,1678,171,95,0,60,240,0,1,1,1
10784,2014,1670,175,90,0,65,250,0,1,1,1
10784,2015,1790,152,95,0,70,236,0,1,1,1
10784,2016,1771,172,750,0,99,75,0,1,1,1
10784,2017,1732,204,809,0,70,0,0,1,1,1
10784,2018,1701,238,0,200,0,0,0,1,1,1
10784,2019,1872,263,353,265,0,0,0,1,1,1
10784,2020,2096,243,697,585,0,0,0,1,1,1
10784,2021,2091,198,702,596,0,0,0,1,1,1
10784,2022,2068,184,721,606,0,0,0,1,1,1
10784,2023,2100,199,741,593,0,292,0,1,1,1
10785,2012,525,83,98,73,195,93,0,1,1,1
10785,2013,400,104,121,90,108,51,0,1,1,1
10785,2014,352,41,116,85,67,32,0,1,1,1
10785,2015,352,41,116,85,67,32,0,3a,3a,1
10785,2016,1200,225,0,0,156,74,0,1,1,1
10785,2017,1200,225,0,0,156,74,0,1,1,1
10785,2018,1250,200,0,0,156,74,0,1,1,1
10785,2019,1250,200,0,0,156,74,0,1,1,1
10785,2020,1250,200,0,0,156,74,0,1,1,1
10785,2021,1200,150,115,85,0,0,0,1,1,1
10785,2022,1200,150,115,85,0,0,0,1,1,1
10785,2023,1200,150,115,85,0,0,0,1,1,1
10786,2012,1259,210,521,353,0,0,0,1,1,1
10786,2013,1275,201,525,368,0,0,0,1,1,1
10786,2014,1100,143,225,246,0,0,0,1,1,1
10786,2015,1146,156,476,320,0,0,0,1,1,1
10786,2016,1139,159,472,322,0,0,0,1,1,1
10786,2017,1269,205,481,231,0,0,0,1,1,1
10786,2018,1278,212,485,237,0,0,0,1,1,1
10786,2019,1354,221,498,356,122,0,0,1,1,1
10786,2020,1364,228,502,362,129,0,0,1,1,1
10786,2021,1359,229,515,365,125,0,0,1,1,1
10786,2022,1348,226,512,357,0,0,0,1,1,1
10786,2023,1297,200,490,361,0,0,0,1,1,1
10787,2012,950,155,75,0,75,75,0,1,1,1
10787,2013,951,157,75,0,75,75,0,1,1,1
10787,2014,951,157,75,0,75,75,0,1,1,1
10787,2015,951,157,75,0,75,75,0,1,1,1
10787,2016,951,157,75,0,75,75,0,1,1,1
10787,2017,951,157,75,0,75,75,0,1,1,1
10787,2018,951,157,75,0,75,75,0,1,1,1
10787,2019,1000,150,30,100,80,50,0,1,1,1
10787,2020,945,140,35,110,90,50,0,1,1,1
10787,2021,950,145,35,105,85,50,0,1,1,1
10787,2022,950,145,35,105,85,50,0,1,1,1
10787,2023,950,145,35,105,85,50,0,1,1,1
10788,2012,1500,180,615,65,140,380,0,1,1,1
10788,2013,1500,180,615,65,140,380,0,1,1,1
10788,2014,1650,200,615,65,140,380,0,1,1,1
10788,2015,1650,205,610,60,140,360,0,1,1,1
10788,2016,1645,215,600,70,130,350,0,1,1,1
10788,2017,1632,200,600,170,100,280,0,1,1,1
10788,2018,1625,200,600,150,100,230,0,1,1,1
10788,2019,1550,200,550,300,150,200,0,1,1,1
10788,2020,790,150,400,200,100,100,0,1,1,1
10788,2021,0,0,0,0,0,0,0,1,1,0
10788,2022,0,0,0,0,0,0,0,1,1,0
10788,2023,0,0,0,0,0,0,0,2c,2c,0
11980,2012,0,0,0,0,0,0,0,2a,3g,0
11980,2013,0,0,0,0,0,0,0,2a,3g,0
11980,2014,0,0,0,0,0,0,0,2a,3g,0
11980,2015,0,0,0,0,0,0,0,2a,3g,0
11980,2016,0,0,0,0,0,0,0,2a,3g,0
11980,2017,0,0,0,0,0,0,0,2a,3g,0
11980,2018,0,0,0,0,0,0,0,2a,3g,0
11980,2019,0,0,0,0,0,0,0,2a,3g,0
11980,2020,0,0,0,0,0,0,0,2a,3g,0
11980,2021,0,0,0,0,0,0,0,2a,3g,0
11980,2022,0,0,0,0,0,0,0,2a,3g,0
11980,2023,0,0,0,0,0,0,0,2a,3g,0
11981,2019,0,0,33,34,0,0,0,2a,3b,0
11981,2020,0,0,33,34,0,0,0,2a,3b,0
11981,2021,0,0,0,0,0,0,0,2a,2a,0
11981,2022,0,0,0,0,0,0,0,2a,2a,0
11981,2023,0,0,0,0,0,0,0,2a,2a,0
10789,2012,80,40,21,15,38,26,0,1,1,1
10789,2013,50,20,20,17,40,25,0,1,1,1
10789,2014,0,0,20,17,40,0,0,1,1,0
10789,2015,0,0,20,15,40,0,0,1,1,0
10789,2016,0,0,10,15,20,0,0,1,1,0
10789,2017,0,0,0,15,5,0,0,1,1,0
10789,2018,0,0,0,15,5,0,0,1,1,0
10789,2019,0,0,0,15,5,0,0,1,1,0
10789,2020,0,0,0,15,5,0,0,1,1,0
10789,2021,0,0,0,5,0,0,0,1,1,0
10789,2022,0,0,0,0,0,0,0,2a,2a,0
10789,2023,0,0,0,0,0,0,0,2a,2a,0
10790,2012,50,0,0,0,0,0,0,1,1,1
10790,2013,0,0,0,0,0,0,0,1,1,0
10790,2014,0,0,0,0,0,0,0,1,1,0
10790,2015,50,0,0,0,0,0,0,1,1,1
10790,2016,0,0,0,0,0,0,0,1,1,0
10790,2017,0,0,0,0,0,0,0,1,1,0
10790,2018,0,0,0,0,0,0,0,1,1,0
10790,2019,0,0,0,0,0,0,0,2c,2c,0
10790,2020,0,0,0,0,0,0,0,1,1,0
10790,2021,0,0,0,0,0,0,0,2b,2b,0
10790,2022,0,0,0,0,0,0,0,2b,2b,0
10790,2023,0,0,0,0,0,0,0,2b,2b,0
10791,2012,600,80,50,125,85,90,0,1,1,1
10791,2013,601,78,50,125,85,90,0,1,1,1
10791,2014,601,78,50,125,85,90,0,1,1,1
10791,2015,601,78,50,125,85,90,0,1,1,1
10791,2016,601,78,50,125,85,90,0,1,1,1
10791,2017,601,78,50,125,85,90,0,1,1,1
10791,2018,601,78,50,125,85,90,0,1,1,1
10791,2019,601,78,275,350,85,90,0,1,1,1
10791,2020,601,78,275,350,85,90,0,1,1,1
10791,2021,601,78,275,350,85,90,0,1,1,1
10791,2022,601,78,275,350,85,90,0,1,1,1
10791,2023,724,230,0,0,0,0,0,1,1,1
10792,2012,1385,333,479,498,170,52,0,1,1,1
10792,2013,1111,185,486,400,90,43,0,1,1,1
10792,2014,1106,179,493,402,88,42,0,1,1,1
10792,2015,1101,185,498,392,92,44,0,1,1,1
10792,2016,1108,190,611,386,2372,1128,0,1,1,1
10792,2017,1115,195,616,392,2375,1130,0,1,1,1
10792,2018,1101,203,623,405,2385,1135,0,1,1,1
10792,2019,1119,213,617,388,2396,1140,0,1,1,1
10792,2020,1092,208,620,416,2548,1212,0,1,1,1
10792,2021,980,190,600,340,2407,1145,0,1,1,1
10792,2022,1000,168,622,325,2420,1151,0,1,1,1
10792,2023,988,153,613,317,2407,1145,0,1,1,1
10793,2012,750,100,350,350,150,150,0,1,1,1
10793,2013,750,100,0,0,150,150,0,1,1,1
10793,2014,750,100,250,250,250,150,0,1,1,1
10793,2015,750,100,0,0,0,0,0,1,1,1
10793,2016,680,120,225,100,10,0,0,1,1,1
10793,2017,500,90,150,150,150,50,0,1,1,1
10793,2018,400,75,125,125,75,60,0,1,1,1
10793,2019,400,75,120,120,75,60,0,1,1,1
10793,2020,400,75,120,120,75,60,0,1,1,1
10793,2021,0,0,0,0,0,0,0,1,1,0
10793,2022,0,0,0,0,0,0,0,1,1,0
10793,2023,0,0,0,0,0,0,0,1,1,0
10794,2012,678,84,675,845,0,0,0,1,1,1
10794,2013,689,80,656,825,0,0,0,1,1,1
10794,2014,673,74,315,196,55,80,0,1,1,1
10794,2015,800,134,650,650,250,0,0,1,1,1
10794,2016,810,124,642,652,253,0,0,1,1,1
10794,2017,800,130,640,650,250,0,0,1,1,1
10794,2018,815,115,630,650,250,0,0,1,1,1
10794,2019,800,130,700,650,275,0,0,1,1,1
10794,2020,812,118,640,640,260,0,0,1,1,1
10794,2021,800,120,600,600,250,0,0,1,1,1
10794,2022,800,120,600,600,250,0,0,3a,3a,1
10794,2023,800,120,600,600,250,0,0,3a,3a,1
11723,2019,0,0,0,0,0,0,0,2d,2d,0
11723,2020,0,0,0,0,0,0,0,2d,2d,0
11723,2021,0,0,0,309,0,0,0,1,1,0
11723,2022,0,0,0,308,273,0,0,1,1,0
11723,2023,0,0,0,305,282,0,0,1,1,0
10795,2012,320,43,13,9,12,6,0,1,1,1
10795,2013,320,72,39,29,31,15,0,1,1,1
10795,2014,310,68,67,49,15,7,0,1,1,1
10795,2015,301,63,72,54,15,7,0,1,1,1
10795,2016,290,63,75,55,58,27,0,1,1,1
10795,2017,228,76,84,62,28,14,0,1,1,1
10795,2018,240,34,76,57,22,10,0,1,1,1
10795,2019,260,76,74,54,24,11,0,1,1,1
10795,2020,285,47,46,34,0,0,0,1,1,1
10795,2021,275,68,30,23,0,0,0,1,1,1
10795,2022,255,68,6,5,0,0,32,1,1,1
10795,2023,220,78,0,0,0,0,33,1,1,1
10796,2012,753,129,315,143,74,0,0,1,1,1
10796,2013,750,136,313,151,72,0,0,1,1,1
10796,2014,733,114,297,168,117,0,0,1,1,1
10796,2015,770,114,314,158,90,0,0,1,1,1
10796,2016,775,113,315,161,89,0,0,1,1,1
10796,2017,733,110,296,170,118,0,0,1,1,1
10796,2018,768,115,312,162,91,0,0,1,1,1
10796,2019,782,123,275,210,72,0,0,1,1,1
10796,2020,783,119,327,266,67,0,0,1,1,1
10796,2021,801,128,317,217,69,0,0,1,1,1
10796,2022,801,128,325,218,69,0,0,1,1,1
10796,2023,780,121,259,215,74,0,0,1,1,1
11808,2019,0,0,0,65,0,0,0,2c,3a,0
11808,2020,0,0,0,65,0,0,0,1,1,0
11808,2021,0,0,61,62,0,0,0,2c,3a,0
11808,2022,0,0,122,58,0,0,0,1,1,0
11808,2023,0,0,100,50,0,0,0,1,1,0
11693,2012,0,0,0,0,0,0,0,3g,3g,0
11693,2013,0,0,0,0,0,0,0,3g,3g,0
11693,2014,0,0,0,0,0,0,0,3g,3g,0
11693,2015,0,0,0,0,0,0,0,3g,3g,0
11693,2016,0,0,0,0,0,0,0,3g,3g,0
11693,2017,0,0,0,0,0,0,0,2e,2e,0
11693,2018,0,0,0,0,0,0,0,2e,2e,0
11693,2019,0,0,0,0,0,0,0,2e,2e,0
11693,2020,0,0,0,0,0,0,0,2e,2e,0
11693,2021,0,0,0,0,0,0,0,2e,2e,0
11693,2022,0,0,0,0,0,0,0,2e,2e,0
11693,2023,0,0,0,0,0,0,0,2e,2e,0
10797,2012,1086,87,385,236,25,25,0,1,1,1
10797,2013,1086,87,390,234,23,22,0,1,1,1
10797,2014,1097,93,395,244,88,20,0,1,1,1
10797,2015,1092,94,394,243,45,16,0,1,1,1
10797,2016,1140,214,387,236,40,0,0,1,1,1
10797,2017,1140,214,385,235,37,0,0,1,1,1
10797,2018,1134,223,377,229,25,0,0,1,1,1
10797,2019,1117,217,384,244,40,0,0,1,1,1
10797,2020,1143,223,381,292,42,0,0,1,1,1
10797,2021,1143,223,381,292,42,0,0,1,1,1
10797,2022,1145,219,373,234,35,0,0,1,1,1
10797,2023,1148,225,365,235,46,0,0,1,1,1
10798,2012,500,0,288,212,0,0,0,1,1,1
10798,2013,0,0,0,0,0,0,0,2a,2a,0
10798,2014,0,0,0,0,0,0,0,2a,2a,0
10798,2015,0,0,0,0,0,0,0,2a,2a,0
10798,2016,0,0,0,0,0,0,0,2a,2a,0
10798,2017,0,0,0,0,0,0,0,2a,2a,0
10798,2018,0,0,0,0,0,0,0,2a,2a,0
10798,2019,0,0,0,0,0,0,0,2a,2a,0
10798,2020,0,0,0,0,0,0,0,2a,2a,0
10798,2021,0,0,0,0,0,0,0,2a,2a,0
10798,2022,0,0,0,0,0,0,0,2a,2a,0
10798,2023,0,0,0,0,0,0,0,2a,2a,0
11982,2012,0,0,0,0,0,0,0,3g,3g,0
11982,2013,0,0,0,0,0,0,0,3g,3g,0
11982,2014,0,0,0,0,0,0,0,3g,3g,0
11982,2015,0,0,0,0,0,0,0,3g,3g,0
11982,2016,0,0,0,0,0,0,0,3g,3g,0
11982,2017,0,0,0,0,0,0,0,3g,3g,0
11982,2018,0,0,0,0,0,0,0,3g,3g,0
11982,2019,0,0,0,0,0,0,0,3g,3g,0
11982,2020,0,0,0,0,0,0,0,3g,3g,0
11982,2021,0,0,0,0,0,0,0,3g,3g,0
11982,2022,0,0,0,0,0,0,0,3g,3g,0
11982,2023,0,0,0,0,0,0,0,3g,3g,0
10799,2012,1000,100,200,0,0,0,0,1,1,1
10799,2013,1057,139,378,243,142,215,0,1,1,1
10799,2014,1000,150,250,200,150,0,0,1,1,1
10799,2015,1000,150,250,200,150,0,0,1,1,1
10799,2016,1000,150,500,300,150,0,0,1,1,1
10799,2017,900,150,500,300,150,0,0,1,1,1
10799,2018,700,50,550,350,200,0,0,1,1,1
10799,2019,0,200,700,500,0,0,0,1,1,0
10799,2020,0,300,1000,100,0,0,0,1,1,0
10799,2021,0,300,1000,100,0,0,0,1,1,0
10799,2022,0,150,975,162,0,0,0,1,1,0
10799,2023,0,300,1045,145,0,0,0,1,1,0
11809,2019,0,0,500,0,0,0,0,1,1,0
11809,2020,0,0,500,0,0,0,0,1,1,0
11809,2021,0,0,500,0,0,0,0,1,1,0
11809,2022,0,0,500,0,0,0,0,1,1,0
11809,2023,0,0,500,0,0,0,0,1,1,0
10800,2012,1275,205,46,0,0,0,0,1,1,1
10800,2013,1240,170,50,0,0,0,0,1,1,1
10800,2014,1232,165,51,0,0,0,0,1,1,1
10800,2015,1239,171,56,0,0,0,0,1,1,1
10800,2016,1235,170,61,0,0,0,0,1,1,1
10800,2017,1238,159,65,0,0,0,0,1,1,1
10800,2018,1238,173,65,0,0,0,0,1,1,1
10800,2019,1223,179,69,0,0,0,0,1,1,1
10800,2020,1222,180,80,0,0,0,0,1,1,1
10800,2021,1235,172,95,0,0,0,0,1,1,1
10800,2022,1214,174,111,0,0,0,0,1,1,1
10800,2023,1193,166,102,0,0,0,0,1,1,1
10801,2012,176,24,0,0,0,0,0,3a,3a,1
10801,2013,176,24,0,0,0,0,0,3a,3a,1
10801,2014,176,24,0,0,0,0,0,3a,3a,1
10801,2015,176,24,0,0,0,0,0,3a,3a,1
10801,2016,176,24,0,0,0,0,0,1,1,1
10801,2017,0,0,0,0,0,0,0,2a,2e,0
10801,2018,0,0,0,0,0,0,0,2a,2e,0
10801,2019,0,0,0,0,0,0,0,2a,2e,0
10801,2020,0,0,0,0,0,0,0,2a,2e,0
10801,2021,0,0,0,0,0,0,0,2a,2e,0
10801,2022,0,0,0,0,0,0,0,2a,2e,0
10801,2023,0,0,0,0,0,0,0,2a,2e,0
10802,2012,500,80,105,115,90,80,0,1,1,1
10802,2013,500,80,105,115,90,80,0,1,1,1
10802,2014,500,80,105,115,90,80,0,1,1,1
10802,2015,500,80,105,115,90,80,0,1,1,1
10802,2016,500,80,105,115,90,80,0,1,1,1
10802,2017,500,75,150,50,0,0,0,1,1,1
10802,2018,500,75,150,50,0,0,0,1,1,1
10802,2019,500,75,150,50,0,0,0,1,1,1
10802,2020,500,75,150,50,0,0,0,1,1,1
10802,2021,500,75,150,50,0,0,0,1,1,1
10802,2022,500,75,150,50,0,0,0,1,1,1
10802,2023,500,75,150,50,0,0,0,1,1,1
10803,2012,285,0,690,510,0,0,0,1,1,1
10803,2013,263,10,500,370,95,45,0,3a,3a,1
10803,2014,242,20,311,229,190,90,0,3a,3a,1
10803,2015,220,30,121,89,285,135,0,1,1,1
10803,2016,300,70,230,170,271,129,0,1,1,1
10803,2017,360,80,236,174,271,129,0,1,1,1
10803,2018,400,60,184,136,271,129,0,1,1,1
10803,2019,390,50,115,85,136,64,0,1,1,1
10803,2020,410,30,58,42,0,0,0,1,1,1
10803,2021,420,25,46,34,0,0,0,1,1,1
10803,2022,400,30,29,21,0,0,0,1,1,1
10803,2023,460,40,40,30,0,0,0,1,1,1
10804,2012,1565,126,646,561,321,255,0,1,1,1
10804,2013,1675,164,642,937,200,250,0,1,1,1
10804,2014,1685,170,645,942,205,252,0,1,1,1
10804,2015,1690,172,638,921,225,260,0,1,1,1
10804,2016,1710,181,647,933,231,110,0,1,1,1
10804,2017,1842,215,702,586,213,0,0,1,1,1
10804,2018,1865,185,850,760,175,0,0,1,1,1
10804,2019,1858,165,847,785,140,0,0,1,1,1
10804,2020,1858,165,847,785,140,0,0,1,1,1
10804,2021,1960,184,839,788,142,0,0,1,1,1
10804,2022,1968,172,788,480,285,0,0,1,1,1
10804,2023,1960,165,790,480,295,0,0,1,1,1
10805,2012,985,148,218,221,46,0,0,1,1,1
10805,2013,998,141,210,215,43,0,0,1,1,1
10805,2014,1015,136,215,218,45,0,0,1,1,1
10805,2015,1017,145,176,0,0,0,0,1,1,1
10805,2016,1023,136,181,98,28,0,0,1,1,1
10805,2017,1029,141,176,96,21,0,0,1,1,1
10805,2018,1031,144,194,181,48,0,0,1,1,1
10805,2019,1010,150,197,196,47,0,0,1,1,1
10805,2020,1023,146,216,213,46,0,0,1,1,1
10805,2021,1020,142,205,210,24,0,0,1,1,1
10805,2022,0,0,0,0,0,0,0,1,1,0
10805,2023,0,0,0,0,0,0,0,1,1,0
10806,2012,241,34,90,64,38,23,0,3a,3a,1
10806,2013,241,34,90,64,38,23,0,3a,3a,1
10806,2014,241,34,90,64,38,23,0,3a,3a,1
10806,2015,241,34,90,64,38,23,0,3a,3a,1
10806,2016,241,34,90,64,38,23,0,1,1,1
10806,2017,241,34,90,64,38,23,0,1,1,1
10806,2018,241,34,90,64,38,23,0,1,1,1
10806,2019,241,34,90,64,38,23,0,1,1,1
10806,2020,241,34,90,64,38,23,0,1,1,1
10806,2021,241,34,90,65,38,23,0,1,1,1
10806,2022,241,34,90,64,38,23,0,1,1,1
10806,2023,219,31,79,57,33,21,0,1,1,1
10807,2012,290,40,0,0,0,0,0,3a,3a,1
10807,2013,290,40,0,0,0,0,0,3a,3a,1
10807,2014,290,40,0,0,0,0,0,3a,3a,1
10807,2015,290,40,0,0,0,0,0,3a,3a,1
10807,2016,290,40,0,0,0,0,0,1,1,1
10807,2017,351,49,0,0,0,0,0,1,1,1
10807,2018,351,49,0,0,0,0,0,1,1,1
10807,2019,351,49,0,0,0,0,0,1,1,1
10807,2020,351,49,0,0,0,0,0,1,1,1
10807,2021,351,49,0,0,0,0,0,1,1,1
10807,2022,351,49,0,0,0,0,0,1,1,1
10807,2023,351,49,0,0,0,0,0,3a,3a,1
10808,2012,702,98,0,0,0,0,0,3a,3a,1
10808,2013,702,98,0,0,0,0,0,3a,3a,1
10808,2014,702,98,0,0,0,0,0,3a,3a,1
10808,2015,702,98,0,0,0,0,0,3a,3a,1
10808,2016,702,98,0,0,0,0,0,1,1,1
10808,2017,702,98,376,269,157,98,0,1,1,1
10808,2018,702,98,0,0,0,0,0,1,1,1
10808,2019,702,98,0,0,0,0,0,1,1,1
10808,2020,746,104,0,0,0,0,0,1,1,1
10808,2021,746,104,0,0,0,0,0,1,1,1
10808,2022,773,107,0,0,0,0,0,1,1,1
10808,2023,773,107,0,0,0,0,0,1,1,1
10809,2012,53,7,0,0,0,0,0,3a,3a,1
10809,2013,53,7,0,0,0,0,0,3a,3a,1
10809,2014,53,7,0,0,0,0,0,3a,3a,1
10809,2015,53,7,0,0,0,0,0,3a,3a,1
10809,2016,53,7,0,0,0,0,0,3a,3a,1
10809,2017,53,7,0,0,0,0,0,1,1,1
10809,2018,75,10,0,0,0,0,0,1,1,1
10809,2019,0,0,0,0,0,0,0,2a,2e,0
10809,2020,0,0,0,0,0,0,0,2a,2e,0
10809,2021,0,0,0,0,0,0,0,2a,2e,0
10809,2022,0,0,0,0,0,0,0,2a,2e,0
10809,2023,0,0,0,0,0,0,0,2a,2e,0
11983,2019,0,0,0,100,50,0,0,2a,3a,0
11983,2020,0,0,0,100,50,0,0,2a,3a,0
11983,2021,0,0,0,100,50,0,0,2a,3a,0
11983,2022,0,0,0,100,50,0,0,1,1,0
11983,2023,0,0,0,90,45,0,0,1,1,0
10810,2012,1260,221,451,330,112,27,0,1,1,1
10810,2013,1290,220,450,325,100,25,0,1,1,1
10810,2014,1302,228,455,320,102,20,0,1,1,1
10810,2015,1260,180,400,358,87,24,0,1,1,1
10810,2016,1284,154,401,379,101,38,0,1,1,1
10810,2017,1269,139,388,352,124,43,0,1,1,1
10810,2018,1337,109,392,361,129,42,0,1,1,1
10810,2019,1314,146,385,362,129,37,0,1,1,1
10810,2020,1316,138,365,375,141,39,0,1,1,1
10810,2021,1247,208,360,368,145,43,0,1,1,1
10810,2022,1204,234,380,354,151,37,0,1,1,1
10810,2023,1170,248,399,336,134,43,0,1,1,1
10811,2012,1136,198,6,3,0,0,0,3a,3a,1
10811,2013,1070,210,0,0,0,0,0,1,1,1
10811,2014,1470,0,26,19,0,0,0,1,1,1
10811,2015,1460,54,0,0,0,0,0,1,1,1
10811,2016,1448,25,0,0,0,0,0,1,1,1
10811,2017,1510,175,0,0,0,0,0,1,1,1
10811,2018,1525,160,0,0,0,0,0,1,1,1
10811,2019,1533,148,0,0,0,0,0,1,1,1
10811,2020,1545,142,0,0,0,0,0,1,1,1
10811,2021,1500,153,0,0,0,0,0,1,1,1
10811,2022,1478,161,0,0,0,0,0,1,1,1
10811,2023,908,7,0,0,0,0,0,1,1,1
10812,2012,456,67,0,0,0,0,0,1,1,1
10812,2013,0,0,0,0,0,0,0,1,1,0
10812,2014,0,0,0,0,0,0,0,1,1,0
10812,2015,0,0,0,100,100,100,0,1,1,0
10812,2016,0,0,0,121,107,78,0,1,1,0
10812,2017,0,0,0,73,68,29,0,1,1,0
10812,2018,0,0,0,60,63,21,0,1,1,0
10812,2019,0,0,0,30,32,11,0,2c,3a,0
10812,2020,0,0,0,0,0,0,0,2e,2e,0
10812,2021,0,0,0,0,0,0,0,2e,2e,0
10812,2022,0,0,0,0,0,0,0,2e,2e,0
10812,2023,0,0,0,0,0,0,0,2e,2e,0
10813,2012,263,37,84,60,35,21,0,3a,3a,1
10813,2013,263,37,84,60,35,21,0,3a,3a,1
10813,2014,263,37,84,60,35,21,0,3a,3a,1
10813,2015,263,37,84,60,35,21,0,3a,3a,1
10813,2016,263,37,84,60,35,21,0,1,1,1
10813,2017,237,33,92,66,39,24,0,1,1,1
10813,2018,263,37,0,0,0,0,0,1,1,1
10813,2019,246,34,0,0,0,0,0,1,1,1
10813,2020,237,33,73,52,31,19,0,1,1,1
10813,2021,237,33,98,70,41,25,0,1,1,1
10813,2022,228,32,109,78,45,28,0,1,1,1
10813,2023,228,32,109,78,45,28,0,1,1,1
10814,2012,470,90,17,13,0,0,0,1,1,1
10814,2013,430,65,0,0,0,0,0,1,1,1
10814,2014,450,70,23,17,0,0,0,1,1,1
10814,2015,400,50,0,0,0,0,0,1,1,1
10814,2016,400,60,17,13,0,0,0,1,1,1
10814,2017,400,50,23,17,0,0,0,1,1,1
10814,2018,300,50,14,11,0,0,0,1,1,1
10814,2019,550,80,0,0,0,0,20,1,1,1
10814,2020,525,80,0,0,0,0,30,1,1,1
10814,2021,500,50,0,0,0,0,0,1,1,1
10814,2022,500,50,0,0,0,0,0,3a,3a,1
10814,2023,450,0,58,42,0,0,0,1,1,1
10815,2012,0,0,0,0,0,0,0,2d,2d,0
10815,2013,0,0,0,0,0,0,0,2d,2d,0
10815,2014,0,0,141,144,0,0,0,1,1,0
10815,2015,0,0,49,51,0,0,0,1,1,0
10815,2016,0,0,5,5,0,0,0,2a,3b,0
10815,2017,0,0,0,0,0,0,0,1,1,0
10815,2018,0,0,0,0,0,0,0,2c,2c,0
10815,2019,0,0,0,0,0,0,0,2c,2c,0
10815,2020,0,0,0,0,0,0,0,2c,2c,0
10815,2021,0,0,0,0,0,0,0,2c,2c,0
10815,2022,0,0,0,0,0,0,0,2c,2c,0
10815,2023,0,0,0,0,0,0,0,2c,2c,0
10816,2012,600,100,0,0,0,0,0,1,1,1
10816,2013,800,0,29,21,0,0,0,1,1,1
10816,2014,850,0,0,0,41,19,0,1,1,1
10816,2015,850,0,0,0,37,18,0,1,1,1
10816,2016,850,107,0,0,27,13,0,1,1,1
10816,2017,850,102,0,0,27,13,0,1,1,1
10816,2018,1000,0,0,0,0,0,0,1,1,1
10816,2019,1000,0,0,0,0,0,0,1,1,1
10816,2020,0,0,0,0,0,0,0,2a,2a,0
10816,2021,0,0,0,0,0,0,0,2a,2a,0
10816,2022,0,0,0,0,0,0,0,2a,2a,0
10816,2023,0,0,0,0,0,0,0,2a,2a,0
10817,2012,1290,275,335,332,200,900,0,3a,3a,1
10817,2013,1290,275,335,332,200,900,0,1,1,1
10817,2014,1300,285,350,350,200,950,0,1,1,1
10817,2015,1317,283,342,375,214,971,0,3a,3a,1
10817,2016,1333,280,334,399,228,991,0,1,1,1
10817,2017,1315,285,313,405,234,1001,0,1,1,1
10817,2018,1291,282,312,399,229,989,0,1,1,1
10817,2019,1277,288,310,370,238,1004,0,1,1,1
10817,2020,1292,343,364,561,313,609,0,1,1,1
10817,2021,1308,370,357,531,336,341,0,1,1,1
10817,2022,1331,331,310,551,377,359,0,1,1,1
10817,2023,1312,352,316,516,362,365,0,1,1,1
10818,2012,1000,200,115,85,0,0,0,1,1,1
10818,2013,1240,224,58,42,0,0,0,1,1,1
10818,2014,1600,400,58,42,0,0,0,1,1,1
10818,2015,1650,200,115,85,0,0,2,1,1,1
10818,2016,1650,175,144,106,0,0,0,1,1,1
10818,2017,1600,250,86,64,0,0,0,1,1,1
10818,2018,1650,200,81,59,0,0,0,1,1,1
10818,2019,1680,200,46,34,0,0,0,1,1,1
10818,2020,1050,160,173,127,34,16,0,1,1,1
10818,2021,1050,160,173,127,34,16,0,1,1,1
10818,2022,1050,160,173,127,14,6,0,1,1,1
10818,2023,1050,150,173,127,0,0,0,1,1,1
10819,2012,647,84,0,0,0,0,0,1,1,1
10819,2013,518,67,0,0,0,0,0,3a,3a,1
10819,2014,388,50,0,0,0,0,0,3a,3a,1
10819,2015,259,34,0,0,0,0,0,3a,3a,1
10819,2016,129,17,0,0,0,0,0,3a,3a,1
10819,2017,0,0,0,0,0,0,0,2a,2e,0
10819,2018,0,0,0,0,0,0,0,2a,2e,0
10819,2019,0,0,0,0,0,0,0,2a,2e,0
10819,2020,0,0,0,0,0,0,0,2a,2e,0
10819,2021,0,0,0,0,0,0,0,2a,2e,0
10819,2022,0,0,0,0,0,0,0,2a,2e,0
10819,2023,0,0,0,0,0,0,0,2a,2e,0
10820,2012,310,30,130,70,60,0,0,3a,3a,1
10820,2013,310,30,130,70,60,0,0,3a,3a,1
10820,2014,310,30,130,70,60,0,0,3a,3a,1
10820,2015,310,30,130,70,60,0,0,3a,3a,1
10820,2016,310,30,130,70,60,0,0,3a,3a,1
10820,2017,310,30,130,70,60,0,0,3a,3a,1
10820,2018,310,30,130,70,60,0,0,1,1,1
10820,2019,286,61,92,139,49,32,0,1,1,1
10820,2020,0,0,160,160,0,10,0,1,1,0
10820,2021,0,0,80,19,19,0,0,1,1,0
10820,2022,0,0,80,19,19,0,0,2b,3a,0
10820,2023,0,0,80,19,19,0,0,2b,3a,0
10821,2012,1800,150,458,647,243,210,0,3a,3a,1
10821,2013,1800,150,458,647,243,210,0,1,1,1
10821,2014,1743,175,757,741,122,263,0,3a,3a,1
10821,2015,1685,200,1055,835,0,315,0,1,1,1
10821,2016,1696,212,1084,984,0,294,0,1,1,1
10821,2017,1679,193,979,995,0,303,0,1,1,1
10821,2018,1672,180,967,989,0,296,0,1,1,1
10821,2019,1686,193,970,994,0,302,0,1,1,1
10821,2020,1633,243,965,999,0,312,0,1,1,1
10821,2021,1637,250,962,995,0,316,0,1,1,1
10821,2022,1628,248,957,985,0,325,0,1,1,1
10821,2023,1615,248,978,1010,0,317,0,1,1,1
10822,2012,5700,880,1900,1900,700,50,0,3a,3a,1
10822,2013,5700,880,1900,1900,700,50,0,1,1,1
10822,2014,5720,885,1915,1923,690,52,0,1,1,1
10822,2015,5686,750,1880,1946,700,50,0,1,1,1
10822,2016,5770,841,1786,1941,706,67,0,1,1,1
10822,2017,5657,832,1772,1747,743,56,0,1,1,1
10822,2018,5997,848,1409,1584,1032,28,0,3a,3a,1
10822,2019,6336,864,1045,1420,1320,0,0,1,1,1
10822,2020,5394,618,993,2185,0,0,0,1,1,1
10822,2021,5365,605,982,2130,0,0,0,1,1,1
10822,2022,5350,600,960,2105,0,0,0,1,1,1
10822,2023,0,0,0,0,0,0,0,1,1,0
10823,2012,2885,530,757,0,0,0,0,1,1,1
10823,2013,2887,535,755,0,0,0,0,3a,3a,1
10823,2014,2888,539,752,0,0,0,0,3a,3a,1
10823,2015,2890,544,750,0,0,0,0,1,1,1
10823,2016,2894,539,757,0,0,0,0,1,1,1
10823,2017,2888,547,765,0,0,0,0,1,1,1
10823,2018,2897,558,772,0,0,0,0,1,1,1
10823,2019,2888,540,768,0,0,0,0,1,1,1
10823,2020,2882,545,775,0,0,0,0,1,1,1
10823,2021,2865,540,770,0,0,0,0,1,1,1
10823,2022,2840,554,803,0,0,0,0,1,1,1
10823,2023,2827,540,820,0,0,0,0,1,1,1
11779,2019,0,0,900,890,0,0,0,1,1,0
11779,2020,0,0,895,890,0,0,0,1,1,0
11779,2021,0,0,750,850,0,0,0,1,1,0
11779,2022,0,0,740,800,0,0,0,1,1,0
11779,2023,0,0,740,800,0,0,0,2c,3a,0
10824,2012,500,68,0,0,0,0,0,3a,3a,1
10824,2013,500,68,0,0,0,0,0,1,1,1
10824,2014,515,70,0,0,0,0,0,1,1,1
10824,2015,500,65,0,0,0,0,0,1,1,1
10824,2016,495,70,0,0,0,0,0,1,1,1
10824,2017,508,62,0,0,0,0,0,1,1,1
10824,2018,502,59,0,0,0,0,0,1,1,1
10824,2019,492,54,0,0,0,0,0,1,1,1
10824,2020,487,53,0,0,0,0,0,1,1,1
10824,2021,494,56,0,0,0,0,0,1,1,1
10824,2022,500,60,0,0,0,0,0,1,1,1
10824,2023,548,77,0,0,0,0,0,1,1,1
10825,2012,203,671,0,0,0,0,0,1,1,1
10825,2013,206,670,0,0,0,0,0,1,1,1
10825,2014,15,147,0,0,0,11,0,1,1,1
10825,2015,199,670,0,0,0,0,0,1,1,1
10825,2016,205,673,0,0,0,0,0,1,1,1
10825,2017,195,672,0,0,0,0,0,1,1,1
10825,2018,202,672,0,0,0,0,0,1,1,1
10825,2019,211,674,0,0,0,0,0,1,1,1
10825,2020,0,662,0,0,0,0,0,1,1,0
10825,2021,0,115,0,0,0,0,0,1,1,0
10825,2022,0,104,0,0,0,0,0,1,1,0
10825,2023,0,105,0,0,0,0,0,1,1,0
10826,2012,725,127,345,351,121,134,0,1,1,1
10826,2013,732,135,342,345,120,128,0,1,1,1
10826,2014,705,126,285,332,106,64,0,3a,3a,1
10826,2015,678,116,228,318,91,0,0,1,1,1
10826,2016,610,105,150,240,235,0,0,1,1,1
10826,2017,582,130,128,188,75,0,0,1,1,1
10826,2018,582,130,128,188,75,0,0,3a,3a,1
10826,2019,400,40,100,400,0,0,0,1,1,1
10826,2020,0,0,0,0,0,0,0,2a,2a,0
10826,2021,0,0,0,0,0,0,0,2a,2a,0
10826,2022,0,0,0,0,0,0,0,2a,2a,0
10826,2023,0,0,0,0,0,0,0,2a,2a,0
10827,2012,782,142,369,351,139,138,0,1,1,1
10827,2013,782,143,365,355,142,138,0,1,1,1
10827,2014,795,155,367,308,146,136,0,1,1,1
10827,2015,791,156,366,311,147,144,0,1,1,1
10827,2016,782,139,353,301,134,128,0,1,1,1
10827,2017,392,71,174,156,68,70,0,1,1,1
10827,2018,785,144,351,301,138,135,0,1,1,1
10827,2019,790,145,353,297,140,137,0,1,1,1
10827,2020,792,150,359,305,136,142,0,1,1,1
10827,2021,792,148,342,304,138,133,0,1,1,1
10827,2022,794,146,358,299,133,139,0,1,1,1
10827,2023,795,145,358,303,135,139,0,1,1,1
10828,2012,640,204,200,0,0,115,0,1,1,1
10828,2013,750,100,249,303,106,115,0,1,1,1
10828,2014,740,105,245,300,100,110,0,1,1,1
10828,2015,740,105,245,300,100,110,0,1,1,1
10828,2016,740,105,245,300,100,110,0,1,1,1
10828,2017,740,105,245,300,100,110,0,1,1,1
10828,2018,740,105,245,300,100,110,0,1,1,1
10828,2019,760,115,245,300,100,110,0,1,1,1
10828,2020,750,135,280,330,100,0,0,1,1,1
10828,2021,640,130,180,230,50,0,0,1,1,1
10828,2022,630,135,180,150,30,0,0,1,1,1
10828,2023,640,130,180,150,30,0,0,1,1,1
10829,2012,675,200,173,127,136,64,0,1,1,1
10829,2013,675,200,173,127,136,64,0,1,1,1
10829,2014,675,200,173,127,136,64,0,1,1,1
10829,2015,675,200,173,127,136,64,0,1,1,1
10829,2016,620,120,173,127,136,64,0,1,1,1
10829,2017,675,200,173,127,136,64,0,1,1,1
10829,2018,663,200,173,127,68,32,0,3a,3a,1
10829,2019,650,200,173,127,0,0,0,1,1,1
10829,2020,625,150,116,85,17,8,0,3a,3a,1
10829,2021,600,100,58,42,34,16,0,1,1,1
10829,2022,600,100,58,42,34,16,0,3a,3a,1
10829,2023,600,100,58,42,34,16,0,3a,3a,1
11810,2019,0,675,0,0,0,0,710,1,1,0
11810,2020,0,600,0,0,0,0,700,1,1,0
11810,2021,0,500,0,0,0,0,650,1,1,0
11810,2022,0,100,0,0,0,0,450,1,1,0
11810,2023,0,100,0,0,0,0,450,2c,3a,0
10830,2012,1463,236,540,399,0,0,0,1,1,1
10830,2013,1400,210,489,361,51,24,0,1,1,1
10830,2014,1358,216,546,404,0,0,19,1,1,1
10830,2015,1286,241,504,373,0,0,21,1,1,1
10830,2016,0,0,130,134,0,0,0,1,1,0
10830,2017,1400,0,0,0,0,0,0,3b,2a,1
10830,2018,1300,240,403,297,0,0,0,3b,3b,1
10830,2019,0,0,0,0,0,0,0,2a,2a,0
10830,2020,0,0,0,0,0,0,0,2a,2a,0
10830,2021,0,0,0,0,0,0,0,2a,2a,0
10830,2022,0,0,0,0,0,0,0,2a,2a,0
10830,2023,0,0,0,0,0,0,0,2a,2a,0
11880,2012,0,0,0,0,0,0,0,2c,2c,0
11880,2013,0,0,0,0,0,0,0,2c,2c,0
11880,2014,0,0,0,0,0,0,0,2c,2c,0
11880,2015,0,0,0,0,0,0,0,2c,2c,0
11880,2016,0,0,0,0,0,0,0,2c,2c,0
11880,2017,0,0,0,0,0,0,0,2c,2c,0
11880,2018,0,0,0,0,0,0,0,2c,2c,0
11880,2019,0,0,0,0,0,0,0,2c,2c,0
11880,2020,0,0,0,0,0,0,0,2c,2c,0
11880,2021,0,0,0,0,0,0,0,1,1,0
11880,2022,0,21,226,253,229,90,181,1,1,0
11880,2023,0,21,226,253,229,89,182,1,1,0
10831,2012,380,190,65,120,431,0,0,1,1,1
10831,2013,740,100,550,540,1011,0,0,1,1,1
10831,2014,550,203,420,440,440,0,0,1,1,1
10831,2015,276,102,210,220,220,0,0,3a,3a,1
10831,2016,0,0,0,0,0,0,0,1,1,0
10831,2017,0,0,0,0,0,0,0,2a,2c,0
10831,2018,0,0,0,0,0,0,0,2a,2c,0
10831,2019,0,0,0,0,0,0,0,2a,2c,0
10831,2020,0,0,0,0,0,0,0,2a,2c,0
10831,2021,0,0,0,0,0,0,0,2a,2c,0
10831,2022,0,0,0,0,0,0,0,2a,2c,0
10831,2023,0,0,0,0,0,0,0,2a,2c,0
10832,2012,176,24,53,38,22,14,0,3a,3a,1
10832,2013,176,24,53,38,22,14,0,3a,3a,1
10832,2014,176,24,53,38,22,14,0,3a,3a,1
10832,2015,176,24,53,38,22,14,0,3a,3a,1
10832,2016,176,24,53,38,22,14,0,1,1,1
10832,2017,32,5,39,28,16,10,0,1,1,1
10832,2018,21,3,26,19,11,7,17,3a,3a,1
10832,2019,11,2,13,9,5,3,33,3a,3a,1
10832,2020,0,0,0,0,0,0,50,1,1,0
10832,2021,0,0,0,0,0,0,50,2c,3a,0
10832,2022,0,0,0,0,0,0,50,2c,3a,0
10832,2023,0,0,0,0,0,0,50,2c,3a,0
10833,2012,1086,172,81,0,0,0,0,1,1,1
10833,2013,1089,174,79,0,0,0,0,1,1,1
10833,2014,1098,180,86,0,0,0,0,1,1,1
10833,2015,1093,179,85,0,0,0,0,1,1,1
10833,2016,1085,172,84,0,0,0,0,1,1,1
10833,2017,544,85,38,0,0,0,0,1,1,1
10833,2018,1078,171,84,0,0,0,0,1,1,1
10833,2019,1082,166,78,0,0,0,0,1,1,1
10833,2020,1086,166,81,0,0,0,0,1,1,1
10833,2021,1096,174,69,0,0,0,0,1,1,1
10833,2022,1099,429,73,0,0,0,0,1,1,1
10833,2023,1098,180,74,0,0,0,0,1,1,1
10834,2012,1242,163,60,44,0,0,0,1,1,1
10834,2013,982,156,120,89,0,0,0,1,1,1
10834,2014,1206,271,131,97,0,0,0,1,1,1
10834,2015,1237,199,140,104,0,0,0,1,1,1
10834,2016,1250,250,87,65,0,0,0,1,1,1
10834,2017,1326,214,131,97,0,0,0,1,1,1
10834,2018,1350,144,187,139,0,0,0,1,1,1
10834,2019,1215,290,49,36,0,0,0,1,1,1
10834,2020,1120,242,127,94,0,0,0,1,1,1
10834,2021,1082,259,54,40,0,0,0,1,1,1
10834,2022,818,187,59,43,0,0,7,1,1,1
10834,2023,0,0,0,0,0,0,0,2a,2a,0
10835,2012,1200,260,546,404,0,0,0,1,1,1
10835,2013,1210,280,633,467,0,0,0,1,1,1
10835,2014,1210,280,633,467,0,0,0,3a,3a,1
10835,2015,1345,138,600,444,0,0,0,1,1,1
10835,2016,1435,260,288,212,0,0,0,1,1,1
10835,2017,1502,228,263,195,0,0,0,1,1,1
10835,2018,1392,213,552,408,0,0,0,1,1,1
10835,2019,1307,331,315,232,0,0,11,1,1,1
10835,2020,1121,300,302,223,0,0,13,1,1,1
10835,2021,1273,320,58,42,0,0,0,1,1,1
10835,2022,1045,289,817,604,0,0,0,1,1,1
10835,2023,913,161,554,409,0,0,26,1,1,1
10836,2012,340,0,0,0,0,350,0,1,1,1
10836,2013,340,0,0,0,0,350,0,1,1,1
10836,2014,340,0,0,0,0,350,0,1,1,1
10836,2015,340,0,0,0,0,350,0,1,1,1
10836,2016,340,0,0,0,0,0,0,1,1,1
10836,2017,340,0,0,0,0,0,0,1,1,1
10836,2018,340,0,0,0,0,0,0,1,1,1
10836,2019,345,0,0,0,0,0,0,1,1,1
10836,2020,345,0,0,0,0,0,0,1,1,1
10836,2021,345,0,0,0,0,0,0,1,1,1
10836,2022,345,0,0,0,0,0,0,1,1,1
10836,2023,345,0,0,0,0,0,0,1,1,1
10837,2012,700,0,200,200,0,0,0,1,1,1
10837,2013,700,0,200,200,0,0,0,1,1,1
10837,2014,715,0,0,200,0,0,0,1,1,1
10837,2015,709,0,200,200,0,0,0,1,1,1
10837,2016,696,0,200,200,0,0,0,1,1,1
10837,2017,687,0,198,195,0,0,0,1,1,1
10837,2018,680,0,200,205,0,0,0,1,1,1
10837,2019,672,0,200,205,0,0,0,1,1,1
10837,2020,679,0,195,203,0,0,0,1,1,1
10837,2021,663,0,187,203,0,0,0,1,1,1
10837,2022,665,0,183,199,0,0,0,1,1,1
10837,2023,623,0,181,198,0,0,0,1,1,1
10838,2012,2753,437,973,845,262,0,0,1,1,1
10838,2013,2922,403,946,965,518,485,0,1,1,1
10838,2014,2870,400,1001,1007,514,513,0,1,1,1
10838,2015,2882,375,1970,486,496,0,0,1,1,1
10838,2016,2819,398,940,922,498,525,0,1,1,1
10838,2017,2882,331,915,952,511,497,0,1,1,1
10838,2018,2880,381,800,950,450,580,0,1,1,1
10838,2019,2880,381,800,950,450,580,0,1,1,1
10838,2020,2800,350,800,920,400,525,0,1,1,1
10838,2021,2750,300,900,900,400,525,0,1,1,1
10838,2022,2750,285,850,925,450,540,0,1,1,1
10838,2023,2755,250,800,885,420,450,0,1,1,1
10839,2012,200,26,0,37,32,30,0,1,1,1
10839,2013,182,17,0,21,19,31,0,1,1,1
10839,2014,184,20,0,24,31,31,0,1,1,1
10839,2015,187,21,0,26,25,29,0,1,1,1
10839,2016,141,18,0,30,16,20,0,1,1,1
10839,2017,137,20,0,21,25,35,0,1,1,1
10839,2018,138,15,0,25,24,22,0,1,1,1
10839,2019,109,11,0,38,16,25,0,1,1,1
10839,2020,0,0,34,15,0,0,0,1,1,0
10839,2021,0,0,22,0,0,0,0,1,1,0
10839,2022,0,0,17,0,0,0,0,1,1,0
10839,2023,0,0,0,0,0,0,0,1,1,0
10840,2012,1056,137,465,220,214,0,0,1,1,1
10840,2013,1061,142,460,210,216,0,0,1,1,1
10840,2014,1120,122,476,368,108,0,0,1,1,1
10840,2015,1120,125,480,375,110,0,0,1,1,1
10840,2016,1105,120,450,375,100,0,0,1,1,1
10840,2017,1125,115,440,370,100,0,0,1,1,1
10840,2018,1155,120,440,370,100,0,0,1,1,1
10840,2019,1155,120,435,370,100,0,0,1,1,1
10840,2020,1155,115,435,365,100,0,0,1,1,1
10840,2021,1100,100,400,350,100,0,0,1,1,1
10840,2022,1100,100,500,400,300,0,0,1,1,1
10840,2023,1100,100,400,350,100,0,0,1,1,1
11811,2019,0,0,400,0,100,0,0,1,1,0
11811,2020,0,0,450,0,125,0,0,1,1,0
11811,2021,0,0,400,0,150,0,0,1,1,0
11811,2022,0,0,100,150,150,0,0,1,1,0
11811,2023,0,0,300,0,100,0,0,1,1,0
10841,2012,420,80,100,80,35,0,0,1,1,1
10841,2013,420,80,100,80,35,0,0,1,1,1
10841,2014,420,80,100,80,35,0,0,1,1,1
10841,2015,420,80,100,80,35,0,0,3a,3a,1
10841,2016,420,80,100,80,35,0,0,1,1,1
10841,2017,420,80,100,80,35,0,0,1,1,1
10841,2018,425,75,100,80,35,0,0,1,1,1
10841,2019,425,75,100,80,35,0,0,1,1,1
10841,2020,425,75,100,80,35,0,0,1,1,1
10841,2021,425,75,100,80,35,0,0,1,1,1
10841,2022,425,75,100,80,35,0,0,1,1,1
10841,2023,425,75,100,80,35,0,0,1,1,1
10842,2012,614,110,52,38,12,6,0,1,1,1
10842,2013,620,120,17,13,30,15,0,1,1,1
10842,2014,640,145,20,15,34,16,0,1,1,1
10842,2015,675,240,46,34,24,11,0,1,1,1
10842,2016,612,180,25,19,20,10,0,1,1,1
10842,2017,0,0,0,0,0,0,0,2a,2a,0
10842,2018,0,0,0,0,0,0,0,2a,2a,0
10842,2019,0,0,0,0,0,0,0,2a,2a,0
10842,2020,0,0,0,0,0,0,0,2a,2a,0
10842,2021,0,0,0,0,0,0,0,2a,2a,0
10842,2022,0,0,0,0,0,0,0,2a,2a,0
10842,2023,0,0,0,0,0,0,0,2a,2a,0
10843,2012,580,76,58,156,128,82,0,1,1,1
10843,2013,585,75,56,128,156,0,0,1,1,1
10843,2014,560,110,0,0,275,0,0,1,1,1
10843,2015,0,0,0,0,0,0,0,2b,2e,0
10843,2016,0,0,0,0,0,0,0,1,1,0
10843,2017,0,0,0,0,0,0,0,2b,2c,0
10843,2018,0,0,0,0,0,0,0,2b,2c,0
10843,2019,0,0,150,150,0,0,0,2b,3a,0
10843,2020,0,0,150,150,0,0,0,2b,3a,0
10843,2021,0,0,150,150,0,0,0,2b,3a,0
10843,2022,0,0,150,150,0,0,0,1,1,0
10843,2023,0,0,129,145,0,0,0,1,1,0
11984,2012,0,0,0,0,0,0,0,3g,3g,0
11984,2013,0,0,0,0,0,0,0,3g,3g,0
11984,2014,0,0,0,0,0,0,0,2e,2e,0
11984,2015,0,0,0,0,0,0,0,2e,2e,0
11984,2016,0,0,0,0,0,0,0,2e,2e,0
11984,2017,0,0,0,0,0,0,0,2e,2e,0
11984,2018,0,0,0,0,0,0,0,2e,2e,0
11984,2019,0,0,0,0,0,0,0,2e,2e,0
11984,2020,0,0,0,0,0,0,0,2e,2e,0
11984,2021,0,0,0,0,0,0,0,2e,2e,0
11984,2022,0,0,0,0,0,0,0,2e,2e,0
11984,2023,0,0,0,0,0,0,0,2e,2e,0
10844,2012,920,120,29,21,34,16,0,1,1,1
10844,2013,930,120,35,25,34,16,0,1,1,1
10844,2014,980,0,0,0,34,16,0,1,1,1
10844,2015,940,60,23,17,34,16,0,1,1,1
10844,2016,940,50,23,17,0,0,0,1,1,1
10844,2017,940,100,0,0,0,0,0,1,1,1
10844,2018,940,100,23,17,0,0,0,1,1,1
10844,2019,920,150,29,21,0,0,0,1,1,1
10844,2020,900,160,29,21,0,0,0,1,1,1
10844,2021,800,130,26,19,0,0,0,3a,3a,1
10844,2022,700,100,23,17,0,0,0,1,1,1
10844,2023,800,100,40,30,0,0,0,1,1,1
11985,2012,0,0,0,0,0,0,0,2a,3g,0
11985,2013,0,0,0,0,0,0,0,2a,3g,0
11985,2014,0,0,0,0,0,0,0,2a,3g,0
11985,2015,0,0,0,0,0,0,0,2a,3g,0
11985,2016,0,0,0,0,0,0,0,2a,3g,0
11985,2017,0,0,0,0,0,0,0,2a,3g,0
11985,2018,0,0,0,0,0,0,0,2a,3g,0
11985,2019,0,0,0,0,0,0,0,2a,3g,0
11985,2020,0,0,0,0,0,0,0,2a,3g,0
11985,2021,0,0,0,0,0,0,0,2a,3g,0
11985,2022,0,0,0,0,0,0,0,2a,3g,0
11985,2023,0,0,0,0,0,0,0,2a,3g,0
10845,2012,800,125,460,225,65,145,0,1,1,1
10845,2013,850,100,460,225,65,145,0,1,1,1
10845,2014,855,112,460,225,65,145,0,1,1,1
10845,2015,865,120,465,230,70,150,0,1,1,1
10845,2016,850,120,465,230,70,150,0,1,1,1
10845,2017,852,125,470,235,85,140,0,1,1,1
10845,2018,852,125,470,235,85,140,0,1,1,1
10845,2019,803,112,470,235,85,140,0,1,1,1
10845,2020,820,110,460,220,80,130,0,1,1,1
10845,2021,816,105,452,208,74,120,0,1,1,1
10845,2022,807,102,452,208,74,120,0,1,1,1
10845,2023,809,104,453,209,76,122,0,1,1,1
10846,2012,670,110,150,120,50,70,0,1,1,1
10846,2013,672,102,157,120,45,72,0,1,1,1
10846,2014,690,95,120,195,68,92,0,1,1,1
10846,2015,589,83,240,212,70,74,0,1,1,1
10846,2016,589,83,240,212,70,74,0,1,1,1
10846,2017,616,99,120,212,82,84,0,1,1,1
10846,2018,636,115,140,205,105,109,0,1,1,1
10846,2019,695,120,218,269,99,141,0,1,1,1
10846,2020,685,105,193,236,90,120,0,1,1,1
10846,2021,682,103,187,233,88,119,0,1,1,1
10846,2022,676,85,213,135,70,105,0,1,1,1
10846,2023,0,0,700,650,0,0,0,1,1,0
10847,2012,1100,300,0,0,0,0,0,1,1,1
10847,2013,1150,300,0,0,0,0,0,1,1,1
10847,2014,1100,355,0,0,0,0,0,1,1,1
10847,2015,1100,250,0,0,0,0,0,1,1,1
10847,2016,1120,300,0,0,0,0,0,1,1,1
10847,2017,1145,250,0,0,0,0,0,1,1,1
10847,2018,990,250,0,0,0,0,0,1,1,1
10847,2019,0,0,0,0,0,0,0,2a,2a,0
10847,2020,0,0,0,0,0,0,0,2a,2a,0
10847,2021,0,0,0,0,0,0,0,2a,2a,0
10847,2022,0,0,0,0,0,0,0,2a,2a,0
10847,2023,0,0,0,0,0,0,0,2a,2a,0
10848,2012,162,23,21,15,9,5,0,1,1,1
10848,2013,0,0,104,96,43,17,0,1,1,0
10848,2014,0,0,104,96,43,17,0,1,1,0
10848,2015,0,0,0,0,0,0,0,1,1,0
10848,2016,0,0,0,0,0,0,0,1,1,0
10848,2017,0,0,0,0,0,0,0,1,1,0
10848,2018,0,0,0,0,0,0,0,1,1,0
10848,2019,0,0,0,0,0,0,0,1,1,0
10848,2020,0,0,0,0,0,0,0,1,1,0
10848,2021,0,0,0,0,0,0,0,1,1,0
10848,2022,0,0,0,0,0,0,0,1,1,0
10848,2023,0,0,0,0,0,0,0,2c,2c,0
10849,2012,800,0,115,85,0,0,0,1,1,1
10849,2013,900,0,115,85,0,0,0,1,1,1
10849,2014,900,0,115,85,0,0,0,1,1,1
10849,2015,900,0,115,85,0,0,0,1,1,1
10849,2016,900,0,115,85,0,0,0,3a,3a,1
10849,2017,900,0,115,85,0,0,0,1,1,1
10849,2018,900,0,115,85,0,0,0,1,1,1
10849,2019,900,0,115,85,0,0,0,1,1,1
10849,2020,900,0,115,85,0,0,0,1,1,1
10849,2021,900,0,115,85,0,0,0,1,1,1
10849,2022,0,0,0,0,0,0,0,2a,2a,0
10849,2023,0,0,0,0,0,0,0,2a,2a,0
10850,2012,515,32,92,0,0,74,0,1,1,1
10850,2013,495,26,82,0,0,52,0,1,1,1
10850,2014,496,30,80,0,0,55,0,1,1,1
10850,2015,495,35,74,0,0,50,0,1,1,1
10850,2016,511,39,73,0,0,43,0,1,1,1
10850,2017,511,43,67,0,0,45,0,1,1,1
10850,2018,494,38,68,0,0,47,0,1,1,1
10850,2019,0,0,0,550,0,0,0,1,1,0
10850,2020,0,0,0,550,0,0,0,1,1,0
10850,2021,0,0,0,550,0,0,0,1,1,0
10850,2022,0,0,0,550,0,0,0,1,1,0
10850,2023,0,0,0,400,0,0,0,1,1,0
10851,2012,1050,120,40,0,0,80,0,1,1,1
10851,2013,1050,120,40,0,0,80,0,1,1,1
10851,2014,1050,120,500,400,222,255,0,1,1,1
10851,2015,1200,200,575,537,250,208,0,1,1,1
10851,2016,1424,198,515,573,231,280,0,1,1,1
10851,2017,1600,257,558,571,289,325,0,1,1,1
10851,2018,1630,258,588,608,331,365,0,1,1,1
10851,2019,1778,259,680,598,330,373,0,1,1,1
10851,2020,1961,286,863,413,351,573,0,1,1,1
10851,2021,2066,323,966,417,385,385,0,1,1,1
10851,2022,2050,350,800,450,400,400,0,1,1,1
10851,2023,2050,0,400,450,400,400,0,1,1,1
10852,2012,1146,137,220,174,0,0,0,1,1,1
10852,2013,1149,131,216,168,0,0,0,1,1,1
10852,2014,1030,120,205,159,0,0,0,1,1,1
10852,2015,1121,125,210,160,0,0,0,1,1,1
10852,2016,850,140,172,110,115,118,0,1,1,1
10852,2017,1027,111,0,0,133,133,0,1,1,1
10852,2018,1036,82,0,0,142,142,0,1,1,1
10852,2019,934,118,545,0,147,0,0,1,1,1
10852,2020,936,121,546,0,136,0,0,1,1,1
10852,2021,950,124,541,0,143,0,0,1,1,1
10852,2022,961,97,518,0,160,0,0,1,1,1
10852,2023,950,107,560,0,128,0,0,1,1,1
10853,2012,74,10,17,12,7,4,0,1,1,1
10853,2013,76,11,15,10,6,4,0,1,1,1
10853,2014,68,10,23,17,10,6,0,1,1,1
10853,2015,72,10,23,17,10,6,0,1,1,1
10853,2016,73,10,24,17,10,6,0,1,1,1
10853,2017,71,10,21,15,9,5,0,1,1,1
10853,2018,76,11,24,17,10,7,0,1,1,1
10853,2019,73,10,19,14,8,5,0,1,1,1
10853,2020,71,10,18,13,8,5,0,1,1,1
10853,2021,74,10,16,12,7,4,0,1,1,1
10853,2022,76,11,18,13,7,4,0,1,1,1
10853,2023,2,0,13,9,0,0,0,1,1,1
11986,2012,0,0,0,0,0,0,0,3g,3g,0
11986,2013,0,0,0,0,0,0,0,3g,3g,0
11986,2014,0,0,0,0,0,0,0,3g,3g,0
11986,2015,0,0,0,0,0,0,0,3g,3g,0
11986,2016,0,0,0,0,0,0,0,3g,3g,0
11986,2017,0,0,0,0,0,0,0,3g,3g,0
11986,2018,0,0,0,0,0,0,0,3g,3g,0
11986,2019,0,0,0,0,0,0,0,3g,3g,0
11986,2020,0,0,0,0,0,0,0,3g,3g,0
11986,2021,0,0,0,0,0,0,0,3g,3g,0
11986,2022,0,0,0,0,0,0,0,3g,3g,0
11986,2023,0,0,0,0,0,0,0,3g,3g,0
10854,2012,500,85,138,183,80,75,0,1,1,1
10854,2013,493,102,138,183,80,75,0,1,1,1
10854,2014,493,102,138,183,80,75,0,1,1,1
10854,2015,493,102,138,183,80,75,0,1,1,1
10854,2016,493,102,138,183,80,75,0,1,1,1
10854,2017,493,102,138,183,80,75,0,1,1,1
10854,2018,410,84,114,150,66,62,0,1,1,1
10854,2019,0,0,300,0,0,0,0,1,1,0
10854,2020,0,0,300,0,0,0,0,1,1,0
10854,2021,0,0,300,0,0,0,0,1,1,0
10854,2022,0,0,310,0,0,0,0,1,1,0
10854,2023,0,0,315,0,0,0,0,1,1,0
10855,2012,310,35,151,63,17,11,0,1,1,1
10855,2013,345,45,241,163,63,35,0,1,1,1
10855,2014,341,48,249,171,61,37,0,1,1,1
10855,2015,342,48,247,170,60,35,0,1,1,1
10855,2016,339,46,243,169,61,36,0,1,1,1
10855,2017,337,44,241,172,59,37,0,1,1,1
10855,2018,334,41,243,169,57,33,0,1,1,1
10855,2019,326,39,237,162,53,29,0,1,1,1
10855,2020,324,37,232,160,55,2,0,1,1,1
10855,2021,324,37,232,160,55,2,0,1,1,1
10855,2022,340,45,230,150,60,35,0,1,1,1
10855,2023,330,50,200,150,50,35,0,1,1,1
10856,2012,2250,400,1000,0,600,700,0,1,1,1
10856,2013,2262,391,1018,0,594,711,0,1,1,1
10856,2014,2258,380,1000,0,585,700,0,1,1,1
10856,2015,2265,365,1010,0,1285,0,0,1,1,1
10856,2016,2237,292,1218,0,2006,0,0,1,1,1
10856,2017,2147,509,138,0,0,0,0,1,1,1
10856,2018,2145,502,131,0,0,0,0,1,1,1
10856,2019,2159,507,141,0,0,0,0,1,1,1
10856,2020,2145,502,141,0,0,0,0,1,1,1
10856,2021,2154,499,143,0,0,0,0,1,1,1
10856,2022,2162,497,138,0,0,0,0,1,1,1
10856,2023,2028,349,437,0,0,0,0,1,1,1
10857,2012,2175,350,700,652,231,360,0,1,1,1
10857,2013,2175,350,700,652,237,360,0,1,1,1
10857,2014,2175,350,700,652,231,360,0,1,1,1
10857,2015,2175,350,700,652,231,360,0,1,1,1
10857,2016,2175,350,700,652,231,360,0,1,1,1
10857,2017,2175,350,700,652,231,360,0,1,1,1
10857,2018,2175,350,700,652,231,360,0,1,1,1
10857,2019,2175,350,700,652,231,360,0,1,1,1
10857,2020,2175,350,700,652,231,360,0,1,1,1
10857,2021,2175,350,700,652,231,360,0,1,1,1
10857,2022,2175,350,900,900,300,300,0,1,1,1
10857,2023,2175,350,900,900,300,300,0,1,1,1
10858,2012,2000,300,200,350,310,200,0,1,1,1
10858,2013,2000,300,200,350,310,200,0,1,1,1
10858,2014,2000,300,200,350,310,200,0,1,1,1
10858,2015,2000,300,200,350,310,200,0,1,1,1
10858,2016,2000,300,200,350,310,200,0,1,1,1
10858,2017,2000,300,200,350,310,200,0,1,1,1
10858,2018,2000,300,200,350,310,200,0,1,1,1
10858,2019,2000,300,200,350,310,200,0,1,1,1
10858,2020,2000,300,200,350,310,200,0,1,1,1
10858,2021,3000,450,1000,1000,800,800,0,1,1,1
10858,2022,2800,400,1000,1000,800,800,0,1,1,1
10858,2023,2800,400,1000,1000,800,800,0,1,1,1
10859,2012,1078,195,330,240,240,145,0,1,1,1
10859,2013,1080,192,333,245,270,128,0,1,1,1
10859,2014,1075,195,335,250,268,127,0,1,1,1
10859,2015,1070,190,330,245,264,126,0,1,1,1
10859,2016,1365,685,342,240,263,125,0,1,1,1
10859,2017,1374,689,347,245,266,127,0,1,1,1
10859,2018,1414,704,359,240,259,123,0,1,1,1
10859,2019,1421,711,340,252,247,117,0,1,1,1
10859,2020,1420,715,333,250,244,116,0,1,1,1
10859,2021,1440,700,346,265,252,120,0,1,1,1
10859,2022,2081,302,359,272,236,112,0,1,1,1
10859,2023,2066,291,344,264,228,109,0,1,1,1
10860,2012,1348,325,318,376,0,0,0,1,1,1
10860,2013,1367,322,324,369,0,0,0,1,1,1
10860,2014,1450,203,552,380,87,0,0,1,1,1
10860,2015,1469,203,557,383,90,0,0,1,1,1
10860,2016,1460,205,560,385,90,0,0,1,1,1
10860,2017,1375,200,525,355,100,0,0,1,1,1
10860,2018,1300,220,550,400,80,0,0,1,1,1
10860,2019,1350,250,500,350,100,0,0,1,1,1
10860,2020,1392,309,551,393,0,0,0,1,1,1
10860,2021,1410,282,564,402,0,0,0,1,1,1
10860,2022,1422,219,586,430,0,0,0,1,1,1
10860,2023,1408,225,570,422,0,0,0,1,1,1
10861,2012,290,40,110,95,45,0,0,1,1,1
10861,2013,290,40,110,95,45,0,0,1,1,1
10861,2014,285,40,110,95,45,0,0,1,1,1
10861,2015,290,40,110,95,45,0,0,1,1,1
10861,2016,290,40,110,95,45,0,0,1,1,1
10861,2017,240,50,110,95,45,0,0,1,1,1
10861,2018,210,40,80,60,25,25,0,1,1,1
10861,2019,210,40,80,60,25,25,0,1,1,1
10861,2020,210,40,80,60,25,25,0,1,1,1
10861,2021,210,40,80,60,25,25,0,1,1,1
10861,2022,210,40,80,60,25,25,0,1,1,1
10861,2023,210,40,80,60,25,25,0,1,1,1
10862,2012,885,120,292,268,300,0,0,1,1,1
10862,2013,973,161,351,301,114,0,0,1,1,1
10862,2014,0,0,0,0,0,0,0,2a,2e,0
10862,2015,0,0,0,0,0,0,0,2a,2e,0
10862,2016,0,0,0,0,0,0,0,2a,2e,0
10862,2017,0,0,0,0,0,0,0,2a,2e,0
10862,2018,0,0,0,0,0,0,0,2a,2e,0
10862,2019,0,0,0,0,0,0,0,2a,2e,0
10862,2020,0,0,0,0,0,0,0,2a,2e,0
10862,2021,0,0,0,0,0,0,0,2a,2e,0
10862,2022,0,0,0,0,0,0,0,2a,2e,0
10862,2023,0,0,0,0,0,0,0,2a,2e,0
11906,2012,0,0,0,0,0,0,0,2a,3g,0
11906,2013,0,0,0,0,0,0,0,2a,3g,0
11906,2014,0,0,0,0,0,0,0,2a,3g,0
11906,2015,0,0,0,0,0,0,0,2a,3g,0
11906,2016,0,0,0,0,0,0,0,2a,3g,0
11906,2017,0,0,0,0,0,0,0,2a,3g,0
11906,2018,0,0,0,0,0,0,0,2a,3g,0
11906,2019,0,0,0,0,0,0,0,2a,3g,0
11906,2020,0,0,0,0,0,0,0,2a,3g,0
11906,2021,0,0,0,0,0,0,0,2a,3g,0
11906,2022,0,0,0,0,0,0,0,2a,3g,0
11906,2023,0,0,0,0,0,0,0,2a,3g,0
11812,2019,0,0,7,2500,1100,0,0,1,1,0
11812,2020,0,0,0,2480,1060,0,0,1,1,0
11812,2021,0,0,0,2200,1150,0,0,1,1,0
11812,2022,0,0,0,4480,0,0,0,1,1,0
11812,2023,0,0,0,4358,0,0,0,1,1,0
10863,2012,4300,650,2200,2000,425,425,0,1,1,1
10863,2013,4300,650,2100,1900,425,0,0,1,1,1
10863,2014,4300,650,2100,1900,425,0,0,1,1,1
10863,2015,4300,650,2100,1900,425,0,0,1,1,1
10863,2016,4500,650,2100,1900,625,0,0,1,1,1
10863,2017,4489,621,2100,1700,400,174,0,1,1,1
10863,2018,4366,565,2200,1800,400,425,0,1,1,1
10863,2019,4280,534,2200,1850,527,425,0,1,1,1
10863,2020,4350,500,2200,1850,520,425,0,1,1,1
10863,2021,4300,850,1800,1355,600,425,0,1,1,1
10863,2022,4245,630,2000,1715,650,425,0,1,1,1
10863,2023,4225,610,1950,1705,650,425,0,1,1,1
11881,2012,0,149,1624,1818,1651,647,1311,2c,3a,0
11881,2013,0,149,1624,1818,1651,647,1311,2c,3a,0
11881,2014,0,149,1624,1818,1651,647,1311,1,1,0
11881,2015,0,149,1624,1818,1651,647,1311,1,1,0
11881,2016,0,149,1624,1818,1651,647,1311,1,1,0
11881,2017,0,238,2599,2909,2642,1036,2096,2c,3a,0
11881,2018,0,327,3574,4000,3633,1424,2881,1,1,0
11881,2019,0,210,2299,2573,2337,916,1854,1,1,0
11881,2020,0,188,2050,2295,2084,817,1654,1,1,0
11881,2021,0,191,2089,2338,2123,832,1684,1,1,0
11881,2022,0,197,2151,2407,2186,857,1735,1,1,0
11881,2023,0,176,1922,2151,1953,765,1550,1,1,0
10864,2012,1375,300,625,625,200,200,0,1,1,1
10864,2013,1375,300,625,625,200,200,0,1,1,1
10864,2014,1375,300,625,625,200,200,0,1,1,1
10864,2015,1375,300,625,625,200,200,0,1,1,1
10864,2016,1375,300,625,625,200,200,0,1,1,1
10864,2017,1375,300,625,625,200,200,0,1,1,1
10864,2018,1375,300,625,625,200,200,0,1,1,1
10864,2019,1585,267,900,725,317,300,0,1,1,1
10864,2020,1585,267,900,725,317,300,0,1,1,1
10864,2021,1585,267,900,725,317,300,0,1,1,1
10864,2022,1800,200,450,450,300,300,0,1,1,1
10864,2023,3180,600,450,0,520,0,0,1,1,1
10865,2012,110,15,13,10,6,3,0,1,1,1
10865,2013,105,15,23,16,10,6,0,1,1,1
10865,2014,105,15,23,16,10,6,0,1,1,1
10865,2015,101,14,24,17,10,6,0,1,1,1
10865,2016,104,14,25,18,10,6,0,1,1,1
10865,2017,101,14,24,17,10,7,0,1,1,1
10865,2018,99,14,25,18,10,7,0,1,1,1
10865,2019,101,14,23,16,10,6,0,1,1,1
10865,2020,101,14,21,15,9,6,0,1,1,1
10865,2021,101,14,19,14,8,5,0,1,1,1
10865,2022,101,14,22,16,9,6,0,1,1,1
10865,2023,101,14,14,11,12,6,0,1,1,1
10866,2012,397,32,92,90,45,42,0,1,1,1
10866,2013,0,0,0,0,0,0,0,2e,2e,0
10866,2014,0,0,0,0,0,0,0,2e,2e,0
10866,2015,0,0,0,0,0,0,0,2a,2e,0
10866,2016,0,0,0,0,0,0,0,2a,2e,0
10866,2017,0,0,0,0,0,0,0,2a,2e,0
10866,2018,0,0,0,0,0,0,0,2a,2e,0
10866,2019,0,0,0,0,0,0,0,2a,2e,0
10866,2020,0,0,0,0,0,0,0,2a,2e,0
10866,2021,0,0,0,0,0,0,0,2a,2e,0
10866,2022,0,0,0,0,0,0,0,2a,2e,0
10866,2023,0,0,0,0,0,0,0,2a,2e,0
10867,2012,1112,206,0,0,0,0,0,1,1,1
10867,2013,1200,100,0,0,0,0,0,1,1,1
10867,2014,1198,101,0,0,0,0,0,1,1,1
10867,2015,980,0,0,0,0,0,0,1,1,1
10867,2016,1211,0,219,589,0,0,0,1,1,1
10867,2017,1178,162,0,0,0,0,0,1,1,1
10867,2018,1165,169,0,0,0,0,0,1,1,1
10867,2019,1154,159,0,0,0,0,0,1,1,1
10867,2020,1149,158,0,0,0,0,0,1,1,1
10867,2021,1111,153,0,0,0,0,0,1,1,1
10867,2022,1144,157,0,0,0,0,0,1,1,1
10867,2023,1323,0,0,0,0,0,0,1,1,1
10868,2012,452,79,0,0,130,0,0,1,1,1
10868,2013,449,75,0,0,127,0,0,1,1,1
10868,2014,397,0,195,298,0,0,0,1,1,1
10868,2015,400,0,200,300,150,0,0,1,1,1
10868,2016,399,0,190,286,129,0,0,1,1,1
10868,2017,395,0,200,280,125,0,0,1,1,1
10868,2018,390,0,195,285,120,0,0,1,1,1
10868,2019,395,0,198,283,124,0,0,1,1,1
10868,2020,390,0,195,285,120,0,0,1,1,1
10868,2021,400,0,200,275,100,0,0,1,1,1
10868,2022,375,0,100,175,150,0,0,1,1,1
10868,2023,390,0,0,0,0,0,0,1,1,1
11987,2012,0,0,0,0,0,0,0,2e,2e,0
11987,2013,0,0,0,0,0,0,0,2e,2e,0
11987,2014,0,0,0,0,0,0,0,2e,2e,0
11987,2015,0,0,0,0,0,0,0,2e,2e,0
11987,2016,0,0,0,0,0,0,0,2e,2e,0
11987,2017,0,0,0,0,0,0,0,2e,2e,0
11987,2018,0,0,0,0,0,0,0,2e,2e,0
11987,2019,0,0,0,0,0,0,0,2e,2e,0
11987,2020,0,0,0,0,0,0,0,2e,2e,0
11987,2021,0,0,0,0,0,0,0,2e,2e,0
11987,2022,0,0,0,0,0,0,0,2e,2e,0
11987,2023,0,0,0,0,0,0,0,2e,2e,0
11988,2012,0,0,0,0,0,0,0,3g,3g,0
11988,2013,0,0,0,0,0,0,0,3g,3g,0
11988,2014,0,0,0,0,0,0,0,3g,3g,0
11988,2015,0,0,0,0,0,0,0,3g,3g,0
11988,2016,0,0,0,0,0,0,0,2e,2e,0
11988,2017,0,0,0,0,0,0,0,2e,2e,0
11988,2018,0,0,0,0,0,0,0,2e,2e,0
11988,2019,0,0,0,0,0,0,0,2e,2e,0
11988,2020,0,0,0,0,0,0,0,2e,2e,0
11988,2021,0,0,0,0,0,0,0,2e,2e,0
11988,2022,0,0,0,0,0,0,0,2e,2e,0
11988,2023,0,0,0,0,0,0,0,2e,2e,0
10869,2012,2100,300,800,800,150,0,0,1,1,1
10869,2013,2100,300,800,800,150,0,0,1,1,1
10869,2014,2100,300,800,800,150,0,0,1,1,1
10869,2015,2100,300,800,800,150,0,0,1,1,1
10869,2016,2100,300,800,800,150,0,0,1,1,1
10869,2017,2200,400,900,900,200,0,0,1,1,1
10869,2018,2200,400,900,800,200,0,0,1,1,1
10869,2019,2150,300,900,800,200,0,0,1,1,1
10869,2020,2300,450,900,800,200,0,0,1,1,1
10869,2021,2320,440,900,800,200,0,0,1,1,1
10869,2022,2330,445,900,800,200,0,0,1,1,1
10869,2023,2310,460,900,800,200,0,0,1,1,1
11780,2019,0,0,0,0,0,0,1108,1,1,0
11780,2020,0,0,0,0,0,0,1300,1,1,0
11780,2021,0,0,0,0,0,0,1270,1,1,0
11780,2022,0,0,0,0,0,0,1305,1,1,0
11780,2023,0,0,0,0,0,0,1260,1,1,0
10870,2012,1522,227,778,0,0,0,0,1,1,1
10870,2013,1526,228,785,0,0,0,0,1,1,1
10870,2014,1521,231,825,0,0,0,0,1,1,1
10870,2015,1512,231,792,0,0,0,0,1,1,1
10870,2016,1510,234,798,0,0,0,0,1,1,1
10870,2017,1522,229,818,0,0,0,0,1,1,1
10870,2018,1564,231,825,0,0,0,0,1,1,1
10870,2019,1566,233,832,0,0,0,0,1,1,1
10870,2020,769,236,844,0,0,0,0,1,1,1
10870,2021,1518,225,821,0,0,0,0,1,1,1
10870,2022,1518,225,821,0,0,0,0,1,1,1
10870,2023,1507,214,838,0,0,0,0,1,1,1
11781,2019,0,0,1232,986,22755,24936,0,1,1,0
11781,2020,0,0,1187,965,22656,24834,0,1,1,0
11781,2021,0,0,1179,971,22622,24871,0,1,1,0
11781,2022,0,0,1172,977,22669,24871,0,1,1,0
11781,2023,0,0,0,192,13063,25488,0,1,1,0
11765,2019,0,0,0,0,2496,8313,0,1,1,0
11765,2020,0,0,0,0,2535,8043,0,1,1,0
11765,2021,0,0,0,0,2544,8019,0,1,1,0
11765,2022,0,0,0,0,2025,6858,0,1,1,0
11765,2023,0,0,0,0,2247,7389,0,1,1,0
10871,2012,2332,348,921,826,314,0,0,1,1,1
10871,2013,2395,299,807,786,328,0,0,1,1,1
10871,2014,2373,303,863,788,320,0,0,1,1,1
10871,2015,2374,307,863,786,331,0,0,3a,3a,1
10871,2016,2374,311,862,784,342,0,0,1,1,1
10871,2017,1280,175,90,290,0,291,0,1,1,1
10871,2018,1280,175,90,200,0,150,0,1,1,1
10871,2019,1280,150,100,130,0,130,0,1,1,1
10871,2020,1248,134,97,115,0,100,0,1,1,1
10871,2021,1210,209,422,0,0,0,0,1,1,1
10871,2022,1200,205,400,0,0,0,0,1,1,1
10871,2023,1475,205,415,455,0,0,0,1,1,1
10872,2012,61,9,31,22,13,9,0,1,1,1
10872,2013,57,8,27,19,11,8,0,1,1,1
10872,2014,57,8,27,19,11,8,0,1,1,1
10872,2015,57,8,31,22,13,9,0,1,1,1
10872,2016,66,9,31,22,13,9,0,1,1,1
10872,2017,0,0,30,28,13,4,0,1,1,0
10872,2018,0,0,0,0,0,0,0,1,1,0
10872,2019,0,0,0,0,0,0,0,1,1,0
10872,2020,0,0,0,0,0,0,0,1,1,0
10872,2021,0,0,0,0,0,0,0,1,1,0
10872,2022,0,0,0,0,0,0,0,1,1,0
10872,2023,0,0,0,0,0,0,0,2c,2c,0
11663,2012,1804,182,19,14,8,5,0,3b,3b,1
11663,2013,1804,182,19,14,8,5,0,3b,3b,1
11663,2014,1804,182,19,14,8,5,0,3b,3b,1
11663,2015,1804,182,19,14,8,5,0,3b,3b,1
11663,2016,1804,182,19,14,8,5,0,3b,3b,1
11663,2017,1804,182,19,14,8,5,0,3b,3b,1
11663,2018,1804,182,19,14,8,5,0,3b,3b,1
11663,2019,1804,182,19,14,8,5,0,3b,3b,1
11663,2020,1804,182,19,14,8,5,0,3b,3b,1
11663,2021,1804,182,19,14,8,5,0,3b,3b,1
11663,2022,1804,182,19,14,8,5,0,3b,3b,1
11663,2023,0,0,0,0,0,0,0,2e,2e,0
11989,2012,0,0,0,0,0,0,0,2a,3g,0
11989,2013,0,0,0,0,0,0,0,2a,3g,0
11989,2014,0,0,0,0,0,0,0,2a,3g,0
11989,2015,0,0,0,0,0,0,0,2a,3g,0
11989,2016,0,0,0,0,0,0,0,2a,3g,0
11989,2017,0,0,0,0,0,0,0,2a,2e,0
11989,2018,0,0,0,0,0,0,0,2a,2e,0
11989,2019,0,0,0,0,0,0,0,2a,2e,0
11989,2020,0,0,0,0,0,0,0,2a,2e,0
11989,2021,0,0,0,0,0,0,0,2a,2e,0
11989,2022,0,0,0,0,0,0,0,2a,2e,0
11989,2023,0,0,0,0,0,0,0,2a,2e,0
10873,2012,130,23,45,42,16,16,0,3a,3a,1
10873,2013,130,23,45,42,16,16,0,1,1,1
10873,2014,138,25,67,61,21,18,0,3a,3a,1
10873,2015,146,26,89,79,25,20,0,1,1,1
10873,2016,145,25,87,76,22,20,0,1,1,1
10873,2017,142,26,82,73,22,21,0,1,1,1
10873,2018,149,31,83,75,26,19,0,1,1,1
10873,2019,132,29,80,68,22,16,0,1,1,1
10873,2020,152,36,77,58,26,18,0,1,1,1
10873,2021,155,35,76,58,25,19,0,1,1,1
10873,2022,158,36,74,55,24,16,0,1,1,1
10873,2023,160,37,75,57,26,18,0,1,1,1
11990,2012,0,0,0,0,0,0,0,2a,2e,0
11990,2013,0,0,0,0,0,0,0,2a,2e,0
11990,2014,0,0,0,0,0,0,0,2a,2e,0
11990,2015,0,0,0,0,0,0,0,2a,2e,0
11990,2016,0,0,0,0,0,0,0,2a,2e,0
11990,2017,0,0,0,0,0,0,0,2a,2e,0
11990,2018,0,0,0,0,0,0,0,2a,2e,0
11990,2019,0,0,0,0,0,0,0,2a,2e,0
11990,2020,0,0,0,0,0,0,0,2a,2e,0
11990,2021,0,0,0,0,0,0,0,2a,2e,0
11990,2022,0,0,0,0,0,0,0,2a,2e,0
11990,2023,0,0,0,0,0,0,0,2a,2e,0
10874,2012,340,50,135,120,45,0,0,1,1,1
10874,2013,340,50,135,120,45,0,0,1,1,1
10874,2014,349,58,133,124,34,16,0,1,1,1
10874,2015,352,61,130,129,37,17,0,1,1,1
10874,2016,357,64,139,133,40,19,0,1,1,1
10874,2017,360,69,144,138,39,19,0,1,1,1
10874,2018,387,84,159,152,47,23,0,1,1,1
10874,2019,0,0,144,158,51,11,0,1,1,0
10874,2020,0,0,150,165,57,13,0,1,1,0
10874,2021,0,0,162,172,62,14,0,1,1,0
10874,2022,0,0,177,160,73,17,0,1,1,0
10874,2023,0,0,177,160,73,17,0,2c,3a,0
10875,2012,3170,585,1120,860,240,0,0,1,1,1
10875,2013,3162,566,1111,879,169,81,0,1,1,1
10875,2014,3157,564,1120,872,167,80,0,1,1,1
10875,2015,3150,570,1114,867,161,77,0,1,1,1
10875,2016,3175,578,1110,865,160,76,0,1,1,1
10875,2017,3181,580,1115,860,161,77,0,1,1,1
10875,2018,3206,611,1124,883,169,80,0,1,1,1
10875,2019,3222,628,1130,856,157,74,0,1,1,1
10875,2020,3220,630,1135,854,156,74,0,1,1,1
10875,2021,3254,652,1142,905,167,79,0,1,1,1
10875,2022,3312,519,1166,1003,173,82,0,1,1,1
10875,2023,3227,510,1131,997,176,84,0,1,1,1
10876,2012,2000,0,800,1900,450,0,0,1,1,1
10876,2013,2023,0,814,1897,445,0,0,1,1,1
10876,2014,2020,0,940,1885,440,0,0,1,1,1
10876,2015,2025,0,950,1875,445,0,0,1,1,1
10876,2016,1755,0,1306,829,292,0,0,1,1,1
10876,2017,1959,78,60,66,121,0,0,1,1,1
10876,2018,1952,82,56,63,115,0,0,1,1,1
10876,2019,1959,87,63,66,121,0,0,1,1,1
10876,2020,1993,92,68,68,146,0,0,1,1,1
10876,2021,1991,88,73,71,151,0,0,1,1,1
10876,2022,1998,85,71,67,146,0,0,1,1,1
10876,2023,1549,349,437,980,0,0,0,1,1,1
10877,2012,900,115,200,200,0,0,0,1,1,1
10877,2013,900,115,200,200,0,0,0,1,1,1
10877,2014,900,115,200,200,0,0,0,1,1,1
10877,2015,845,120,185,190,0,0,0,1,1,1
10877,2016,829,145,216,204,0,0,0,1,1,1
10877,2017,985,100,0,0,0,0,0,1,1,1
10877,2018,875,125,200,150,150,0,0,1,1,1
10877,2019,850,130,200,150,150,0,0,1,1,1
10877,2020,860,115,200,150,150,0,0,1,1,1
10877,2021,855,110,200,200,0,0,0,1,1,1
10877,2022,855,110,200,200,0,0,0,1,1,1
10877,2023,500,0,100,100,0,0,0,1,1,1
10878,2012,1650,270,600,0,0,0,0,3a,3a,1
10878,2013,1650,270,600,0,0,0,0,1,1,1
10878,2014,1548,265,692,0,0,0,0,1,1,1
10878,2015,1651,211,760,0,0,0,0,1,1,1
10878,2016,1663,216,764,0,0,0,0,1,1,1
10878,2017,1650,220,600,0,0,0,0,1,1,1
10878,2018,1685,229,722,0,0,0,0,3a,3a,1
10878,2019,1720,238,844,0,0,0,0,1,1,1
10878,2020,1714,237,841,0,0,0,0,1,1,1
10878,2021,1673,231,821,0,0,0,0,1,1,1
10878,2022,1700,235,834,0,0,0,0,1,1,1
10878,2023,1725,238,847,0,0,0,0,1,1,1
10879,2012,1275,8,0,0,0,0,0,1,1,1
10879,2013,1298,10,0,0,0,0,0,1,1,1
10879,2014,1159,0,0,0,0,0,0,1,1,1
10879,2015,1200,0,0,0,0,0,0,1,1,1
10879,2016,1189,0,0,0,0,0,0,1,1,1
10879,2017,1195,0,0,0,0,0,0,1,1,1
10879,2018,1225,0,0,0,0,0,0,1,1,1
10879,2019,1220,0,0,0,0,0,0,1,1,1
10879,2020,1210,0,0,0,0,0,0,1,1,1
10879,2021,1215,0,0,0,0,0,0,1,1,1
10879,2022,1200,0,0,0,0,0,0,1,1,1
10879,2023,1200,0,0,0,0,0,0,1,1,1
11720,2019,0,0,150,0,0,0,0,1,1,0
11720,2020,0,0,95,0,0,0,0,1,1,0
11720,2021,0,0,95,0,0,0,0,2c,3a,0
11720,2022,0,0,95,0,0,0,0,2c,3a,0
11720,2023,0,0,95,0,0,0,0,2c,3a,0
10880,2012,0,0,0,0,0,0,0,1,1,0
10880,2013,0,0,0,0,0,0,0,1,1,0
10880,2014,175,0,0,0,20,0,0,1,1,1
10880,2015,175,0,0,0,20,0,0,1,1,1
10880,2016,140,0,0,0,0,0,0,1,1,1
10880,2017,203,48,50,50,50,30,0,1,1,1
10880,2018,200,30,30,30,30,30,0,1,1,1
10880,2019,620,50,100,0,0,0,0,1,1,1
10880,2020,615,50,100,0,0,0,0,1,1,1
10880,2021,610,50,100,0,0,0,0,1,1,1
10880,2022,595,45,100,0,0,0,0,1,1,1
10880,2023,0,0,0,0,0,0,0,1,1,0
10881,2012,1085,130,1076,335,216,175,0,1,1,1
10881,2013,0,0,790,784,0,0,0,1,1,0
10881,2014,0,0,1800,1500,0,0,0,1,1,0
10881,2015,0,0,1900,1600,0,0,0,1,1,0
10881,2016,0,0,1875,1565,0,0,0,1,1,0
10881,2017,0,0,1894,1547,0,0,0,1,1,0
10881,2018,0,0,1828,1608,0,0,0,1,1,0
10881,2019,0,0,0,3020,2940,0,0,1,1,0
10881,2020,0,0,0,3010,2970,0,0,1,1,0
10881,2021,0,0,0,2975,2950,0,0,1,1,0
10881,2022,0,0,0,2965,2925,0,0,1,1,0
10881,2023,0,0,0,2845,2725,0,0,1,1,0
10882,2012,800,200,215,300,100,50,0,1,1,1
10882,2013,0,0,0,0,0,0,0,2b,2b,0
10882,2014,0,0,0,0,0,0,0,2b,2b,0
10882,2015,0,0,0,0,0,0,0,2b,2b,0
10882,2016,0,0,0,0,0,0,0,2b,2b,0
10882,2017,0,0,0,0,0,0,0,2b,2b,0
10882,2018,0,0,0,0,0,0,0,2b,2b,0
10882,2019,0,0,0,0,0,0,0,2b,2b,0
10882,2020,0,0,0,0,0,0,0,2b,2b,0
10882,2021,0,0,0,0,0,0,0,2b,2b,0
10882,2022,0,0,0,0,0,0,0,2b,2b,0
10882,2023,0,0,0,0,0,0,0,2b,2b,0
10883,2012,2400,40,850,850,600,10,0,1,1,1
10883,2013,2400,40,850,850,600,10,0,1,1,1
10883,2014,2090,350,850,850,600,10,0,1,1,1
10883,2015,2090,350,850,850,600,10,0,1,1,1
10883,2016,2260,380,850,850,600,10,0,1,1,1
10883,2017,2260,380,850,850,600,10,0,1,1,1
10883,2018,2260,380,850,850,600,10,0,1,1,1
10883,2019,2450,400,850,850,600,0,0,1,1,1
10883,2020,2450,400,850,850,608,0,0,1,1,1
10883,2021,2450,400,850,850,600,0,0,1,1,1
10883,2022,3050,450,950,725,425,0,0,1,1,1
10883,2023,3050,450,950,725,425,0,0,1,1,1
10884,2012,395,55,167,120,70,43,0,3a,3a,1
10884,2013,395,55,167,120,70,43,0,3a,3a,1
10884,2014,395,55,167,120,70,43,0,3a,3a,1
10884,2015,395,55,167,120,70,43,0,3a,3a,1
10884,2016,395,55,167,120,70,43,0,1,1,1
10884,2017,439,61,201,143,84,52,0,1,1,1
10884,2018,439,61,188,134,79,49,0,1,1,1
10884,2019,439,61,188,134,79,49,0,1,1,1
10884,2020,439,61,167,120,70,43,0,1,1,1
10884,2021,439,61,167,120,70,43,0,1,1,1
10884,2022,465,65,50,36,21,13,0,1,1,1
10884,2023,465,65,50,36,21,13,0,1,1,1
11694,2012,0,0,0,0,0,0,0,3g,3g,0
11694,2013,0,0,0,0,0,0,0,2e,2e,0
11694,2014,0,0,0,0,0,0,0,2a,2e,0
11694,2015,0,0,0,0,0,0,0,2a,2e,0
11694,2016,0,0,0,0,0,0,0,2a,2e,0
11694,2017,0,0,0,0,0,0,0,2a,2e,0
11694,2018,0,0,0,0,0,0,0,2a,2e,0
11694,2019,0,0,0,0,0,0,0,2a,2e,0
11694,2020,0,0,0,0,0,0,0,2a,2e,0
11694,2021,0,0,0,0,0,0,0,2a,2e,0
11694,2022,0,0,0,0,0,0,0,2a,2e,0
11694,2023,0,0,0,0,0,0,0,2a,2e,0
11991,2012,0,0,0,0,0,0,0,2a,3g,0
11991,2013,0,0,0,0,0,0,0,2a,3g,0
11991,2014,0,0,0,0,0,0,0,2a,3g,0
11991,2015,0,0,0,0,0,0,0,2a,3g,0
11991,2016,0,0,0,0,0,0,0,2a,3g,0
11991,2017,0,0,0,0,0,0,0,2a,3g,0
11991,2018,0,0,0,0,0,0,0,2a,3g,0
11991,2019,0,0,0,0,0,0,0,2a,3g,0
11991,2020,0,0,0,0,0,0,0,2a,3g,0
11991,2021,0,0,0,0,0,0,0,2a,2e,0
11991,2022,0,0,0,0,0,0,0,2a,2e,0
11991,2023,0,0,0,0,0,0,0,2a,2e,0
10885,2012,3731,585,1452,1321,570,634,0,1,1,1
10885,2013,3698,614,1720,1892,588,0,0,1,1,1
10885,2014,3625,728,1640,1292,491,490,0,1,1,1
10885,2015,3489,409,1780,1085,491,637,0,1,1,1
10885,2016,3486,412,1789,1090,522,642,0,1,1,1
10885,2017,3496,482,1720,1376,520,498,0,1,1,1
10885,2018,3550,450,600,900,800,800,0,1,1,1
10885,2019,3488,481,1715,1382,514,493,0,1,1,1
10885,2020,3649,393,912,864,613,936,0,1,1,1
10885,2021,3501,424,1760,1063,600,850,0,1,1,1
10885,2022,3300,500,100,0,0,800,0,1,1,1
10885,2023,3300,500,100,0,0,800,0,1,1,1
10886,2012,2175,325,385,200,150,10,0,1,1,1
10886,2013,2370,300,380,975,330,5,0,1,1,1
10886,2014,2390,320,500,800,210,10,0,1,1,1
10886,2015,2390,320,500,800,210,10,0,1,1,1
10886,2016,2390,320,500,800,200,10,0,1,1,1
10886,2017,2300,280,500,800,200,10,0,1,1,1
10886,2018,2440,350,650,750,290,0,0,1,1,1
10886,2019,2480,310,630,680,240,0,0,1,1,1
10886,2020,2485,330,582,817,384,0,0,1,1,1
10886,2021,2475,350,550,700,300,0,0,1,1,1
10886,2022,2475,425,550,700,300,0,0,1,1,1
10886,2023,2550,350,700,700,300,0,0,1,1,1
10887,2012,626,60,279,202,194,115,0,1,1,1
10887,2013,560,60,300,150,80,100,0,1,1,1
10887,2014,630,50,200,120,100,120,0,1,1,1
10887,2015,630,50,200,120,100,120,0,1,1,1
10887,2016,500,50,200,120,120,130,0,1,1,1
10887,2017,500,50,200,120,120,130,0,1,1,1
10887,2018,0,0,0,0,0,0,0,1,1,0
10887,2019,625,190,0,612,0,0,0,1,1,1
10887,2020,615,180,0,607,0,0,0,1,1,1
10887,2021,610,170,0,600,0,0,0,1,1,1
10887,2022,600,30,100,600,0,0,0,1,1,1
10887,2023,600,30,100,600,0,0,0,1,1,1
10888,2012,0,0,316,324,0,0,0,1,1,0
10888,2013,0,0,329,336,0,0,0,1,1,0
10888,2014,0,0,306,314,41,9,0,1,1,0
10888,2015,0,0,321,329,24,6,0,1,1,0
10888,2016,0,0,346,354,0,0,0,1,1,0
10888,2017,0,0,346,354,0,0,0,1,1,0
10888,2018,0,0,346,354,0,0,0,1,1,0
10888,2019,0,0,346,354,0,0,0,1,1,0
10888,2020,0,0,346,354,0,0,0,1,1,0
10888,2021,0,0,346,354,0,0,0,2c,3a,0
10888,2022,0,0,346,354,0,0,0,1,1,0
10888,2023,0,0,346,354,0,0,0,1,1,0
10889,2012,1692,230,729,394,183,0,0,1,1,1
10889,2013,1765,220,700,380,180,0,0,1,1,1
10889,2014,1785,245,785,600,198,0,0,1,1,1
10889,2015,1980,220,800,600,200,0,0,1,1,1
10889,2016,1987,251,819,651,225,0,0,1,1,1
10889,2017,1998,243,808,663,235,0,0,1,1,1
10889,2018,1989,227,813,658,240,0,0,1,1,1
10889,2019,1961,221,815,667,228,0,0,1,1,1
10889,2020,1959,219,823,672,229,0,0,1,1,1
10889,2021,1961,224,833,666,223,0,0,1,1,1
10889,2022,1977,204,814,682,235,0,0,1,1,1
10889,2023,2024,238,789,663,243,0,0,1,1,1
10890,2012,264,46,61,45,128,61,0,1,1,1
10890,2013,245,51,64,47,118,56,0,1,1,1
10890,2014,262,63,52,39,127,61,0,1,1,1
10890,2015,252,38,59,44,122,58,0,1,1,1
10890,2016,195,31,52,38,111,53,0,1,1,1
10890,2017,115,20,46,34,70,34,0,1,1,1
10890,2018,130,20,43,32,68,32,0,1,1,1
10890,2019,7,0,35,25,3,2,0,1,1,1
10890,2020,7,0,35,25,3,2,0,3a,3a,1
10890,2021,7,0,35,25,3,2,0,3a,3a,1
10890,2022,7,0,35,25,3,2,0,3a,3a,1
10890,2023,7,0,35,25,3,2,0,3a,3a,1
10891,2012,500,150,136,105,0,300,0,1,1,1
10891,2013,525,150,136,105,0,300,0,1,1,1
10891,2014,525,150,140,120,0,300,0,1,1,1
10891,2015,525,150,140,113,0,300,0,3a,3a,1
10891,2016,525,150,140,105,0,300,0,1,1,1
10891,2017,525,150,140,105,0,300,0,1,1,1
10891,2018,525,150,140,105,0,300,0,1,1,1
10891,2019,525,150,140,105,0,300,0,1,1,1
10891,2020,525,150,140,105,0,300,0,1,1,1
10891,2021,525,150,140,105,0,300,0,1,1,1
10891,2022,525,150,140,105,0,300,0,1,1,1
10891,2023,600,136,140,105,0,300,0,1,1,1
10892,2012,1080,110,350,350,100,200,0,1,1,1
10892,2013,1080,110,350,350,100,200,0,1,1,1
10892,2014,1080,110,350,350,100,200,0,1,1,1
10892,2015,1080,110,350,350,100,200,0,1,1,1
10892,2016,1080,110,350,350,100,200,0,1,1,1
10892,2017,1080,110,350,350,100,200,0,1,1,1
10892,2018,1290,0,0,300,160,200,0,1,1,1
10892,2019,1290,0,0,300,160,200,0,1,1,1
10892,2020,1290,0,0,300,160,200,0,1,1,1
10892,2021,1290,0,0,300,160,200,0,1,1,1
10892,2022,1290,0,0,300,160,200,0,1,1,1
10892,2023,1290,0,0,300,160,200,0,1,1,1
10893,2012,828,83,208,264,0,0,0,1,1,1
10893,2013,890,80,200,260,0,0,0,1,1,1
10893,2014,895,85,205,255,0,0,0,1,1,1
10893,2015,900,70,180,270,0,0,0,1,1,1
10893,2016,780,97,292,243,0,0,0,1,1,1
10893,2017,796,100,279,257,0,0,0,1,1,1
10893,2018,897,97,468,195,0,0,0,1,1,1
10893,2019,893,91,465,192,0,0,0,1,1,1
10893,2020,901,68,280,228,121,141,0,1,1,1
10893,2021,915,72,315,230,152,65,0,1,1,1
10893,2022,935,79,290,235,146,44,0,1,1,1
10893,2023,946,83,280,230,149,33,0,1,1,1
10894,2012,972,0,730,299,426,98,0,1,1,1
10894,2013,970,0,800,300,400,100,0,1,1,1
10894,2014,975,0,810,290,402,105,0,1,1,1
10894,2015,1000,0,745,300,375,70,0,1,1,1
10894,2016,1557,0,570,423,371,90,0,1,1,1
10894,2017,1527,95,0,0,693,0,0,1,1,1
10894,2018,1517,91,0,0,680,0,0,1,1,1
10894,2019,1513,88,0,0,510,0,0,1,1,1
10894,2020,1507,81,102,199,316,0,0,1,1,1
10894,2021,1512,82,110,215,310,0,0,1,1,1
10894,2022,1512,98,133,232,392,0,0,1,1,1
10894,2023,1515,101,138,237,396,0,0,1,1,1
10895,2012,1960,335,765,415,410,400,0,1,1,1
10895,2013,1940,330,825,400,405,386,0,1,1,1
10895,2014,1953,320,832,389,415,392,0,1,1,1
10895,2015,1900,302,801,354,386,380,0,1,1,1
10895,2016,975,292,780,390,292,0,0,1,1,1
10895,2017,1960,295,766,402,300,0,0,1,1,1
10895,2018,1872,297,390,292,294,0,0,1,1,1
10895,2019,1823,243,385,312,292,0,0,1,1,1
10895,2020,1852,248,390,292,341,0,0,1,1,1
10895,2021,1876,243,404,302,336,0,0,1,1,1
10895,2022,1896,227,438,292,357,0,0,1,1,1
10895,2023,1950,160,424,311,370,0,0,1,1,1
10896,2012,980,182,0,0,0,0,0,3a,3a,1
10896,2013,980,182,0,0,0,0,0,1,1,1
10896,2014,980,182,0,0,0,0,0,3a,3a,1
10896,2015,235,0,290,214,0,0,0,1,1,1
10896,2016,273,0,290,214,0,0,0,3a,3a,1
10896,2017,310,0,289,213,0,0,0,1,1,1
10896,2018,336,0,288,212,0,0,0,1,1,1
10896,2019,320,0,236,174,0,0,0,1,1,1
10896,2020,349,0,164,121,0,0,0,1,1,1
10896,2021,450,93,82,61,0,0,0,3a,3a,1
10896,2022,550,185,0,0,0,0,0,1,1,1
10896,2023,485,90,6,4,0,0,0,1,1,1
10897,2012,735,130,60,45,17,8,0,1,1,1
10897,2013,770,140,78,57,44,21,0,1,1,1
10897,2014,800,150,86,64,51,24,0,1,1,1
10897,2015,750,100,98,72,41,19,0,1,1,1
10897,2016,600,75,86,64,0,0,0,1,1,1
10897,2017,0,0,0,0,0,0,0,1,1,0
10897,2018,0,0,0,0,0,0,0,2c,2c,0
10897,2019,0,0,0,0,0,0,0,2c,2c,0
10897,2020,0,0,0,0,0,0,0,2c,2c,0
10897,2021,0,0,0,0,0,0,0,2c,2c,0
10897,2022,0,0,0,0,0,0,0,2c,2c,0
10897,2023,0,0,0,0,0,0,0,2c,2c,0
10898,2012,1782,340,898,618,265,260,0,1,1,1
10898,2013,1782,340,898,618,356,169,0,1,1,1
10898,2014,1777,342,891,620,354,168,0,1,1,1
10898,2015,1775,340,890,615,352,168,0,1,1,1
10898,2016,2000,300,500,300,0,0,0,1,1,1
10898,2017,2000,311,535,352,0,0,0,1,1,1
10898,2018,2036,310,622,414,0,0,0,1,1,1
10898,2019,2045,315,655,525,150,0,0,1,1,1
10898,2020,2110,295,679,532,125,0,0,1,1,1
10898,2021,2112,293,684,541,115,0,0,1,1,1
10898,2022,2057,317,653,527,0,0,0,1,1,1
10898,2023,2060,315,650,530,0,0,0,1,1,1
10899,2012,1750,228,558,423,301,0,0,1,1,1
10899,2013,1780,220,550,420,300,0,0,1,1,1
10899,2014,1785,225,565,435,320,0,0,1,1,1
10899,2015,1639,210,541,426,300,0,0,1,1,1
10899,2016,1699,271,568,450,287,0,0,1,1,1
10899,2017,1707,260,560,452,299,0,0,1,1,1
10899,2018,1756,251,546,460,284,0,0,1,1,1
10899,2019,1875,233,551,475,261,0,0,1,1,1
10899,2020,1854,214,563,481,272,0,0,1,1,1
10899,2021,1822,212,561,483,264,0,0,1,1,1
10899,2022,1830,216,545,501,279,0,0,1,1,1
10899,2023,1833,219,560,496,284,0,0,1,1,1
10900,2012,840,150,360,360,120,120,0,1,1,1
10900,2013,840,150,360,360,120,120,0,1,1,1
10900,2014,840,150,360,360,120,120,0,1,1,1
10900,2015,840,150,360,360,120,120,0,1,1,1
10900,2016,840,150,360,360,120,120,0,1,1,1
10900,2017,840,150,360,360,120,120,0,1,1,1
10900,2018,840,150,360,340,390,122,0,1,1,1
10900,2019,840,150,360,340,390,122,0,1,1,1
10900,2020,850,150,355,305,175,175,0,1,1,1
10900,2021,850,150,355,305,175,175,0,1,1,1
10900,2022,850,150,345,305,175,175,0,1,1,1
10900,2023,850,150,345,305,175,175,0,1,1,1
10901,2012,170,140,0,0,0,0,0,1,1,1
10901,2013,195,130,0,0,0,0,0,1,1,1
10901,2014,240,100,0,0,0,0,0,1,1,1
10901,2015,240,120,0,0,0,0,4,1,1,1
10901,2016,240,120,0,0,7,3,5,1,1,1
10901,2017,400,0,0,0,0,0,0,1,1,1
10901,2018,400,0,0,0,0,0,0,1,1,1
10901,2019,385,0,0,0,0,0,0,1,1,1
10901,2020,385,0,0,0,0,0,0,1,1,1
10901,2021,385,0,0,0,0,0,0,3a,2c,1
10901,2022,385,0,0,0,0,0,0,1,1,1
10901,2023,400,0,0,0,0,0,0,1,1,1
10902,2012,747,115,282,274,100,107,0,1,1,1
10902,2013,739,122,290,264,142,68,0,1,1,1
10902,2014,732,124,283,270,143,68,0,1,1,1
10902,2015,745,128,289,273,141,67,0,1,1,1
10902,2016,751,124,293,270,136,64,0,1,1,1
10902,2017,713,94,455,192,0,0,0,1,1,1
10902,2018,721,94,455,192,0,0,0,1,1,1
10902,2019,721,92,455,192,0,0,0,1,1,1
10902,2020,750,97,459,195,0,0,0,1,1,1
10902,2021,758,102,467,195,0,0,0,1,1,1
10902,2022,750,111,468,199,0,0,0,1,1,1
10902,2023,828,48,0,0,0,0,0,1,1,1
10903,2012,0,0,104,106,0,0,0,1,1,0
10903,2013,0,0,94,96,33,7,0,1,1,0
10903,2014,0,0,114,116,0,0,0,1,1,0
10903,2015,0,0,114,116,0,0,0,1,1,0
10903,2016,0,0,178,182,0,0,0,1,1,0
10903,2017,0,0,64,66,0,0,0,1,1,0
10903,2018,0,0,64,66,0,0,0,1,1,0
10903,2019,0,0,79,81,0,0,0,1,1,0
10903,2020,0,0,109,111,0,0,0,1,1,0
10903,2021,0,0,138,142,0,0,0,1,1,0
10903,2022,0,0,148,152,0,0,0,1,1,0
10903,2023,0,0,188,192,49,11,0,1,1,0
10904,2012,180,30,48,36,37,18,0,1,1,1
10904,2013,140,20,37,28,27,13,0,1,1,1
10904,2014,0,0,0,0,0,0,0,2a,2a,0
10904,2015,0,0,0,0,0,0,0,2a,2a,0
10904,2016,0,0,0,0,0,0,0,2a,2a,0
10904,2017,0,0,0,0,0,0,0,2a,2a,0
10904,2018,0,0,0,0,0,0,0,2a,2a,0
10904,2019,0,0,0,0,0,0,0,2a,2a,0
10904,2020,0,0,0,0,0,0,0,2a,2a,0
10904,2021,0,0,0,0,0,0,0,2a,2a,0
10904,2022,0,0,0,0,0,0,0,2a,2a,0
10904,2023,0,0,0,0,0,0,0,2a,2a,0
10905,2012,754,100,77,182,157,58,0,1,1,1
10905,2013,775,90,65,170,150,45,0,1,1,1
10905,2014,780,85,70,175,145,40,0,1,1,1
10905,2015,764,69,70,150,100,36,0,1,1,1
10905,2016,820,70,90,202,152,50,0,1,1,1
10905,2017,775,88,95,182,147,40,0,1,1,1
10905,2018,768,73,93,241,89,45,0,1,1,1
10905,2019,768,73,93,241,89,45,0,1,1,1
10905,2020,768,73,93,241,89,45,0,1,1,1
10905,2021,768,73,93,241,89,45,0,1,1,1
10905,2022,768,73,93,241,89,45,0,1,1,1
10905,2023,768,73,93,241,89,45,0,1,1,1
10906,2012,1081,135,481,210,165,164,0,1,1,1
10906,2013,858,103,65,0,243,123,0,1,1,1
10906,2014,858,103,65,0,243,123,0,1,1,1
10906,2015,858,103,65,0,243,123,0,1,1,1
10906,2016,949,91,214,165,229,124,0,1,1,1
10906,2017,925,95,200,160,200,120,0,1,1,1
10906,2018,925,95,200,160,200,120,0,1,1,1
10906,2019,0,0,0,0,0,0,0,2e,2e,0
10906,2020,0,0,0,0,0,0,0,2e,2e,0
10906,2021,0,0,0,0,0,0,0,2a,2e,0
10906,2022,0,0,0,0,0,0,0,2a,2e,0
10906,2023,0,0,0,0,0,0,0,2a,2e,0
10907,2012,220,20,60,20,0,0,0,3a,3a,1
10907,2013,220,20,60,20,0,0,0,1,1,1
10907,2014,210,20,75,55,0,0,0,3a,3a,1
10907,2015,200,20,90,90,0,0,0,1,1,1
10907,2016,200,20,90,90,0,0,0,1,1,1
10907,2017,0,0,0,0,0,0,0,1,1,0
10907,2018,0,0,0,0,0,0,0,1,1,0
10907,2019,0,0,0,0,0,0,0,1,1,0
10907,2020,0,0,0,0,0,0,0,1,1,0
10907,2021,0,0,0,0,0,0,0,1,1,0
10907,2022,0,0,0,0,0,0,0,1,1,0
10907,2023,0,0,0,0,0,0,0,1,1,0
10908,2012,1985,254,805,720,280,0,0,1,1,1
10908,2013,1985,250,810,720,260,0,0,1,1,1
10908,2014,1985,250,810,720,260,0,0,1,1,1
10908,2015,1980,250,808,720,255,0,0,1,1,1
10908,2016,1950,210,295,685,250,0,0,1,1,1
10908,2017,1900,200,295,450,250,0,0,1,1,1
10908,2018,1850,220,275,450,250,0,0,1,1,1
10908,2019,1850,220,280,455,400,250,0,1,1,1
10908,2020,1850,210,290,460,400,240,0,1,1,1
10908,2021,1870,200,295,460,420,0,0,1,1,1
10908,2022,1860,200,290,450,400,0,0,1,1,1
10908,2023,1870,200,290,460,420,0,0,1,1,1
10909,2012,3400,400,775,800,496,0,0,3a,3a,1
10909,2013,3400,400,775,800,496,0,0,1,1,1
10909,2014,3950,548,1138,1300,618,0,0,3a,3a,1
10909,2015,4500,695,1500,1800,740,0,0,1,1,1
10909,2016,4474,740,1454,1898,733,0,0,1,1,1
10909,2017,4457,741,1449,1883,742,0,0,1,1,1
10909,2018,4457,741,1449,1883,742,0,0,1,1,1
10909,2019,4541,638,1457,1912,761,0,0,1,1,1
10909,2020,4455,745,1465,1832,756,0,0,1,1,1
10909,2021,4450,748,1462,1818,762,0,0,1,1,1
10909,2022,4443,741,1472,1811,755,0,0,1,1,1
10909,2023,4411,760,1521,1784,702,0,0,1,1,1
10910,2012,950,130,400,330,95,2,0,3a,3a,1
10910,2013,950,130,400,330,95,2,0,1,1,1
10910,2014,950,130,400,330,95,2,0,3a,3a,1
10910,2015,950,130,400,330,95,2,0,1,1,1
10910,2016,950,130,400,330,95,2,0,1,1,1
10910,2017,950,130,400,330,95,2,0,1,1,1
10910,2018,950,130,400,330,95,2,0,1,1,1
10910,2019,950,130,400,330,95,2,0,1,1,1
10910,2020,950,130,400,330,95,2,0,1,1,1
10910,2021,950,130,400,330,95,2,0,1,1,1
10910,2022,950,130,400,330,95,2,0,1,1,1
10910,2023,950,130,400,330,95,1,0,1,1,1
11762,2019,0,2625,0,3924,25919,26360,0,1,1,0
11762,2020,0,0,0,292,21259,49105,0,1,1,0
11762,2021,0,0,0,0,20393,86997,0,1,1,0
11762,2022,0,0,0,0,20374,85312,0,1,1,0
11762,2023,0,0,0,0,20474,85390,0,1,1,0
11724,2019,0,0,425,375,0,0,0,1,1,0
11724,2020,0,0,425,375,0,0,0,1,1,0
11724,2021,0,0,425,375,0,0,0,1,1,0
11724,2022,0,0,425,375,0,0,0,1,1,0
11724,2023,0,0,425,375,0,0,0,1,1,0
10911,2012,5500,450,2110,2750,4600,18456,0,1,1,1
10911,2013,5500,600,2110,2750,4600,18456,0,1,1,1
10911,2014,4800,500,2110,2750,4600,18456,0,1,1,1
10911,2015,4800,500,2110,2750,4600,18456,0,1,1,1
10911,2016,4800,500,2110,2750,4600,18456,0,1,1,1
10911,2017,4800,500,2110,2750,4600,18456,0,1,1,1
10911,2018,4800,500,2110,2750,4600,18456,0,1,1,1
10911,2019,3600,500,2200,2750,4600,20000,0,1,1,1
10911,2020,3550,520,2100,2700,4600,16000,0,1,1,1
10911,2021,3350,420,2100,2700,5300,14200,0,1,1,1
10911,2022,3550,450,700,300,5300,19700,0,1,1,1
10911,2023,3770,510,700,300,5200,19600,0,1,1,1
10912,2012,819,84,56,0,0,0,0,1,1,1
10912,2013,802,80,50,0,0,0,0,1,1,1
10912,2014,800,83,48,0,0,0,0,1,1,1
10912,2015,805,70,55,0,0,0,0,1,1,1
10912,2016,872,97,72,0,0,0,0,1,1,1
10912,2017,0,0,0,0,0,0,0,1,1,0
10912,2018,0,0,0,0,0,0,0,2a,2a,0
10912,2019,0,0,0,0,0,0,0,2a,2a,0
10912,2020,0,0,0,0,0,0,0,2a,2a,0
10912,2021,0,0,0,0,0,0,0,2a,2a,0
10912,2022,0,0,0,0,0,0,0,2a,2a,0
10912,2023,0,0,0,0,0,0,0,2a,2a,0
10913,2012,2661,381,1170,831,357,51,0,1,1,1
10913,2013,2600,300,1200,816,334,48,0,1,1,1
10913,2014,1920,315,1300,820,340,50,0,1,1,1
10913,2015,0,0,0,0,0,0,0,1,1,0
10913,2016,2183,355,1367,862,381,42,0,1,1,1
10913,2017,2179,361,1381,879,371,37,0,1,1,1
10913,2018,2187,359,1371,865,383,46,0,1,1,1
10913,2019,2196,369,1381,878,383,56,0,1,1,1
10913,2020,2176,365,1382,870,363,58,0,1,1,1
10913,2021,2220,365,1382,870,363,58,0,1,1,1
10913,2022,2220,365,1382,870,363,58,0,1,1,1
10913,2023,2196,367,1364,855,364,58,0,1,1,1
11992,2012,0,0,0,0,0,0,0,2a,3g,0
11992,2013,0,0,0,0,0,0,0,2a,3g,0
11992,2014,0,0,0,0,0,0,0,2a,3g,0
11992,2015,0,0,0,0,0,0,0,2a,2e,0
11992,2016,0,0,0,0,0,0,0,2a,2e,0
11992,2017,0,0,0,0,0,0,0,2a,2e,0
11992,2018,0,0,0,0,0,0,0,2a,2e,0
11992,2019,0,0,0,0,0,0,0,2a,2e,0
11992,2020,0,0,0,0,0,0,0,2a,2e,0
11992,2021,0,0,0,0,0,0,0,2a,2e,0
11992,2022,0,0,0,0,0,0,0,2a,2e,0
11992,2023,0,0,0,0,0,0,0,2a,2e,0
10914,2012,1480,230,350,100,250,0,0,1,1,1
10914,2013,1480,230,350,100,250,0,0,1,1,1
10914,2014,1480,230,350,100,250,0,0,1,1,1
10914,2015,1480,230,350,100,250,0,0,1,1,1
10914,2016,1480,230,350,100,250,0,0,1,1,1
10914,2017,1480,230,350,100,250,0,0,1,1,1
10914,2018,1500,250,240,0,407,0,0,1,1,1
10914,2019,1500,250,675,525,450,0,0,1,1,1
10914,2020,1500,250,675,525,450,0,0,1,1,1
10914,2021,1500,250,675,525,450,0,0,1,1,1
10914,2022,1800,270,900,600,350,0,0,1,1,1
10914,2023,1800,270,900,600,350,0,0,1,1,1
10915,2012,1865,255,940,460,460,0,0,1,1,1
10915,2013,1833,266,927,441,318,151,0,1,1,1
10915,2014,1827,260,933,440,315,150,0,1,1,1
10915,2015,1820,255,945,435,312,148,0,1,1,1
10915,2016,1828,260,936,440,318,152,0,1,1,1
10915,2017,1830,257,937,445,325,155,0,1,1,1
10915,2018,1855,273,944,460,330,157,0,1,1,1
10915,2019,1841,280,930,444,318,151,0,1,1,1
10915,2020,1811,300,902,417,308,147,0,1,1,1
10915,2021,1820,316,922,425,341,162,0,1,1,1
10915,2022,1804,272,953,437,352,167,0,1,1,1
10915,2023,1781,255,939,422,358,170,0,1,1,1
10916,2012,597,83,104,75,44,27,0,1,1,1
10916,2013,615,85,84,60,35,21,0,1,1,1
10916,2014,527,73,84,60,35,21,0,1,1,1
10916,2015,606,84,84,60,35,21,0,1,1,1
10916,2016,527,73,75,54,31,20,0,1,1,1
10916,2017,571,79,84,60,35,21,0,1,1,1
10916,2018,571,79,84,60,35,21,0,1,1,1
10916,2019,597,83,73,52,31,19,0,1,1,1
10916,2020,579,81,120,86,51,31,0,1,1,1
10916,2021,571,79,167,120,70,43,0,1,1,1
10916,2022,527,73,138,99,58,35,0,1,1,1
10916,2023,597,83,58,42,102,48,0,1,1,1
11993,2012,0,0,0,0,0,0,0,3g,3g,0
11993,2013,0,0,0,0,0,0,0,3g,3g,0
11993,2014,0,0,0,0,0,0,0,3g,3g,0
11993,2015,0,0,0,0,0,0,0,3g,3g,0
11993,2016,0,0,0,0,0,0,0,3g,3g,0
11993,2017,0,0,0,0,0,0,0,3g,3g,0
11993,2018,0,0,0,0,0,0,0,3g,3g,0
11993,2019,0,0,0,0,0,0,0,3g,3g,0
11993,2020,0,0,0,0,0,0,0,3g,3g,0
11993,2021,0,0,0,0,0,0,0,3g,3g,0
11993,2022,0,0,0,0,0,0,0,3g,3g,0
11993,2023,0,0,0,0,0,0,0,3g,3g,0
10917,2012,685,100,0,0,0,0,0,1,1,1
10917,2013,668,115,0,0,0,0,0,1,1,1
10917,2014,572,90,0,0,0,0,0,3a,3a,1
10917,2015,475,65,0,0,0,0,0,1,1,1
10917,2016,0,0,0,0,0,0,0,1,1,0
10917,2017,0,0,0,0,0,0,0,2b,2b,0
10917,2018,0,0,0,0,258,0,296,2c,3a,0
10917,2019,0,0,0,0,258,0,296,1,1,0
10917,2020,0,0,0,0,0,0,588,1,1,0
10917,2021,0,0,0,0,0,0,0,1,1,0
10917,2022,0,0,0,0,0,0,0,1,1,0
10917,2023,0,0,0,0,0,0,0,1,1,0
11994,2012,0,0,0,0,0,0,0,2a,2a,0
11994,2013,0,0,0,0,0,0,0,2a,2a,0
11994,2014,0,0,0,0,0,0,0,2a,2a,0
11994,2015,0,0,0,0,0,0,0,2a,2a,0
11994,2016,0,0,0,0,0,0,0,2a,2a,0
11994,2017,0,0,0,0,0,0,0,2a,2a,0
11994,2018,0,0,0,0,0,0,0,2a,2a,0
11994,2019,0,0,0,0,0,0,0,2a,2a,0
11994,2020,0,0,0,0,0,0,0,2a,2a,0
11994,2021,0,0,0,0,0,0,0,2a,2a,0
11994,2022,0,0,0,0,0,0,0,2a,2a,0
11994,2023,0,0,0,0,0,0,0,2a,2a,0
10918,2012,938,162,860,444,315,355,0,3a,3a,1
10918,2013,938,162,860,444,315,355,0,1,1,1
10918,2014,938,162,860,444,385,286,0,3a,3a,1
10918,2015,938,162,860,444,454,216,0,1,1,1
10918,2016,943,152,855,438,459,218,0,1,1,1
10918,2017,0,0,0,0,0,0,0,1,1,0
10918,2018,0,0,0,0,7930,1780,0,1,1,0
10918,2019,0,0,0,0,7920,1778,0,1,1,0
10918,2020,0,0,0,0,7993,1795,0,1,1,0
10918,2021,126,0,0,0,0,8775,0,1,1,1
10918,2022,118,0,0,0,0,8914,0,1,1,1
10918,2023,141,0,0,0,0,8972,0,1,1,1
11813,2019,0,0,2300,2200,6452,1448,0,1,1,0
11813,2020,0,0,0,5400,1797,403,0,1,1,0
11813,2021,0,0,0,5320,1806,406,0,1,1,0
11813,2022,0,0,0,5091,1743,391,0,1,1,0
11813,2023,0,0,0,5069,1425,678,0,1,1,0
10919,2012,0,0,500,0,0,0,0,1,1,0
10919,2013,0,0,500,0,0,0,0,1,1,0
10919,2014,0,0,540,0,0,0,0,2c,3a,0
10919,2015,0,0,580,0,0,0,0,2c,3a,0
10919,2016,0,0,621,0,0,0,0,2c,3a,0
10919,2017,0,0,661,0,0,0,0,2c,3a,0
10919,2018,0,0,701,0,0,0,0,2c,3a,0
10919,2019,0,0,741,0,0,0,0,1,1,0
10919,2020,0,0,731,0,0,0,0,1,1,0
10919,2021,0,0,730,0,0,0,0,1,1,0
10919,2022,0,0,736,0,0,0,0,1,1,0
10919,2023,0,0,726,0,0,0,0,1,1,0
10920,2012,1375,200,980,825,250,0,0,1,1,1
10920,2013,1391,212,639,512,178,85,0,1,1,1
10920,2014,1395,210,640,510,180,85,0,1,1,1
10920,2015,1389,205,635,510,176,84,0,1,1,1
10920,2016,1350,200,628,522,169,81,0,1,1,1
10920,2017,1410,230,635,530,178,84,0,1,1,1
10920,2018,1421,243,644,523,188,89,0,1,1,1
10920,2019,1417,251,636,518,192,91,0,1,1,1
10920,2020,1420,250,630,520,190,90,0,1,1,1
10920,2021,1440,220,650,510,197,94,0,1,1,1
10920,2022,1421,207,662,523,205,98,0,1,1,1
10920,2023,1389,193,643,540,190,90,0,1,1,1
10921,2012,4800,650,900,900,0,0,0,1,1,1
10921,2013,4800,650,900,900,0,0,0,1,1,1
10921,2014,4800,650,900,900,0,0,0,1,1,1
10921,2015,4800,650,900,900,0,0,0,1,1,1
10921,2016,4800,650,900,900,0,0,0,1,1,1
10921,2017,4786,626,882,890,0,0,0,1,1,1
10921,2018,4790,628,892,881,0,0,0,1,1,1
10921,2019,4786,634,885,887,0,0,0,1,1,1
10921,2020,4794,636,858,886,0,0,0,1,1,1
10921,2021,4797,636,858,886,0,0,0,1,1,1
10921,2022,4797,638,888,883,0,0,0,1,1,1
10921,2023,4796,639,882,875,0,0,0,1,1,1
10922,2012,2875,556,792,0,443,632,0,3a,3a,1
10922,2013,2875,556,792,0,443,632,0,1,1,1
10922,2014,2485,548,791,0,442,654,0,3a,3a,1
10922,2015,2095,540,790,0,440,675,0,1,1,1
10922,2016,2103,594,766,0,475,661,0,1,1,1
10922,2017,2107,585,758,0,483,643,0,1,1,1
10922,2018,2831,564,776,0,209,0,0,1,1,1
10922,2019,2822,553,772,0,223,0,0,1,1,1
10922,2020,3205,243,1768,1018,473,0,0,1,1,1
10922,2021,3215,255,1775,1025,480,0,0,1,1,1
10922,2022,3200,250,1400,850,300,0,0,1,1,1
10922,2023,3225,235,1425,875,325,0,0,1,1,1
10923,2012,3550,488,0,0,637,450,0,1,1,1
10923,2013,3520,488,159,0,341,440,0,1,1,1
10923,2014,3475,476,223,97,246,444,0,1,1,1
10923,2015,2959,350,682,1218,351,462,0,1,1,1
10923,2016,2531,199,1079,1180,925,554,0,1,1,1
10923,2017,2463,268,1630,1176,610,757,0,1,1,1
10923,2018,2584,244,1239,1637,542,881,0,1,1,1
10923,2019,2722,193,1211,1527,400,0,0,1,1,1
10923,2020,2722,193,1211,1527,400,0,0,1,1,1
10923,2021,2720,195,1215,1520,400,580,0,1,1,1
10923,2022,2800,400,1220,1000,450,580,0,1,1,1
10923,2023,2800,400,1220,1000,450,580,0,1,1,1
10924,2012,0,201,94,0,0,0,0,1,1,0
10924,2013,0,0,0,0,0,0,0,1,1,0
10924,2014,0,0,785,461,0,0,0,1,1,0
10924,2015,0,0,789,467,0,0,0,1,1,0
10924,2016,0,0,796,472,0,0,0,1,1,0
10924,2017,0,0,805,488,0,0,0,1,1,0
10924,2018,0,0,822,501,0,0,0,1,1,0
10924,2019,0,0,833,512,0,0,0,1,1,0
10924,2020,0,0,850,520,0,0,0,1,1,0
10924,2021,0,0,890,470,0,0,0,1,1,0
10924,2022,0,0,916,501,0,0,0,1,1,0
10924,2023,0,0,903,482,0,0,0,1,1,0
11814,2019,0,0,3342,802,808,0,0,1,1,0
11814,2020,0,0,3320,835,795,0,0,1,1,0
11814,2021,0,0,3150,805,760,0,0,1,1,0
11814,2022,0,0,3135,795,745,0,0,1,1,0
11814,2023,0,0,1445,775,790,0,0,1,1,0
10925,2012,2216,222,785,620,0,0,0,3a,3a,1
10925,2013,2216,222,785,620,0,0,0,1,1,1
10925,2014,2158,216,792,620,212,101,0,3a,3a,1
10925,2015,2100,210,798,620,423,201,0,1,1,1
10925,2016,2112,218,800,623,420,200,0,1,1,1
10925,2017,2121,223,803,627,422,201,0,1,1,1
10925,2018,2133,239,811,636,428,203,0,1,1,1
10925,2019,2147,253,824,628,419,200,0,1,1,1
10925,2020,2152,258,830,625,421,201,0,1,1,1
10925,2021,2178,265,836,612,417,198,0,1,1,1
10925,2022,2279,339,885,623,434,206,0,1,1,1
10925,2023,2258,344,896,611,428,203,0,1,1,1
10926,2012,1192,165,525,460,125,170,0,1,1,1
10926,2013,1150,160,525,460,125,0,0,1,1,1
10926,2014,0,0,0,0,0,0,0,2b,2b,0
10926,2015,0,0,0,0,0,0,0,2b,2b,0
10926,2016,0,0,0,0,0,0,0,2b,2b,0
10926,2017,0,0,0,0,0,0,0,2b,2b,0
10926,2018,0,0,0,0,0,0,0,2b,2b,0
10926,2019,0,0,0,0,0,0,0,2b,2b,0
10926,2020,0,0,0,0,0,0,0,2b,2b,0
10926,2021,0,0,0,0,0,0,0,2b,2b,0
10926,2022,0,0,0,0,0,0,0,2b,2b,0
10926,2023,0,0,0,0,0,0,0,2b,2b,0
10927,2012,2450,420,350,0,400,0,0,1,1,1
10927,2013,2400,360,350,0,400,0,0,1,1,1
10927,2014,2550,385,300,0,500,0,0,1,1,1
10927,2015,2550,385,221,0,477,0,0,1,1,1
10927,2016,2581,413,146,0,459,0,0,1,1,1
10927,2017,2545,401,143,0,455,0,0,1,1,1
10927,2018,2504,388,143,0,455,0,0,1,1,1
10927,2019,2512,385,143,0,455,0,0,1,1,1
10927,2020,2580,360,140,0,465,0,0,1,1,1
10927,2021,2513,343,132,0,461,0,0,1,1,1
10927,2022,2505,326,132,0,461,0,0,1,1,1
10927,2023,2058,325,135,0,463,0,0,1,1,1
10928,2012,1346,221,1354,959,130,184,0,1,1,1
10928,2013,350,40,25,50,25,15,0,1,1,1
10928,2014,1600,250,1000,1000,1000,400,0,1,1,1
10928,2015,1600,223,980,1000,940,380,0,1,1,1
10928,2016,1657,195,585,585,390,390,0,1,1,1
10928,2017,1667,184,577,565,404,409,0,1,1,1
10928,2018,1608,243,780,731,390,487,0,1,1,1
10928,2019,1605,210,775,740,385,493,0,1,1,1
10928,2020,1730,131,492,608,259,431,0,1,1,1
10928,2021,1736,140,473,589,263,262,0,1,1,1
10928,2022,1744,148,492,571,272,292,0,1,1,1
10928,2023,1740,143,503,583,281,296,0,1,1,1
10929,2012,2910,340,1030,366,0,0,0,1,1,1
10929,2013,2905,345,1032,380,0,0,0,1,1,1
10929,2014,2812,329,950,380,0,0,0,1,1,1
10929,2015,2849,229,847,380,0,0,0,1,1,1
10929,2016,2755,340,946,390,0,0,0,1,1,1
10929,2017,2775,355,927,386,0,0,0,1,1,1
10929,2018,2796,351,925,386,0,0,0,1,1,1
10929,2019,2840,350,925,390,0,0,0,1,1,1
10929,2020,2852,357,931,394,0,0,0,1,1,1
10929,2021,2869,360,940,382,0,0,0,1,1,1
10929,2022,2885,355,938,384,0,0,0,1,1,1
10929,2023,2785,300,925,350,0,0,0,1,1,1
10930,2012,2340,317,776,421,146,0,0,1,1,1
10930,2013,2480,315,800,410,135,0,0,1,1,1
10930,2014,2503,308,815,415,140,0,0,1,1,1
10930,2015,2480,264,748,397,120,0,0,1,1,1
10930,2016,2437,243,731,394,121,0,0,1,1,1
10930,2017,2458,240,744,403,129,0,0,1,1,1
10930,2018,2455,243,731,408,126,0,0,1,1,1
10930,2019,2447,238,721,390,117,0,0,1,1,1
10930,2020,2461,243,731,399,121,0,0,1,1,1
10930,2021,2468,246,726,394,131,0,0,1,1,1
10930,2022,2448,105,741,414,108,0,0,1,1,1
10930,2023,2471,112,731,391,112,0,0,1,1,1
11995,2012,0,0,0,0,0,0,0,2a,2e,0
11995,2013,0,0,0,0,0,0,0,2a,2e,0
11995,2014,0,0,0,0,0,0,0,2a,2e,0
11995,2015,0,0,0,0,0,0,0,2a,2e,0
11995,2016,0,0,0,0,0,0,0,2a,2e,0
11995,2017,0,0,0,0,0,0,0,2a,2e,0
11995,2018,0,0,0,0,0,0,0,2a,2e,0
11995,2019,0,0,0,0,0,0,0,2a,2e,0
11995,2020,0,0,0,0,0,0,0,2a,2e,0
11995,2021,0,0,0,0,0,0,0,2a,2e,0
11995,2022,0,0,0,0,0,0,0,2a,2e,0
11995,2023,0,0,0,0,0,0,0,2a,2e,0
10931,2012,1250,200,173,127,203,97,0,1,1,1
10931,2013,1250,200,58,42,0,0,0,1,1,1
10931,2014,1200,175,29,21,0,0,0,1,1,1
10931,2015,1200,215,115,85,0,0,0,1,1,1
10931,2016,0,0,0,0,0,0,0,2a,2a,0
10931,2017,0,0,0,0,0,0,0,2a,2a,0
10931,2018,0,0,0,0,0,0,0,2a,2a,0
10931,2019,0,0,0,0,0,0,0,2a,2a,0
10931,2020,0,0,0,0,0,0,0,2a,2a,0
10931,2021,0,0,0,0,0,0,0,2a,2a,0
10931,2022,0,0,0,0,0,0,0,2a,2a,0
10931,2023,0,0,0,0,0,0,0,2a,2a,0
10932,2012,18,3,0,0,0,0,0,3a,3a,1
10932,2013,18,3,0,0,0,0,0,3a,3a,1
10932,2014,18,3,0,0,0,0,0,3a,3a,1
10932,2015,18,3,0,0,0,0,0,3a,3a,1
10932,2016,18,3,0,0,0,0,0,1,1,1
10932,2017,18,3,0,0,0,0,0,3a,3a,1
10932,2018,18,3,0,0,0,0,0,3a,3a,1
10932,2019,18,3,0,0,0,0,0,3a,3a,1
10932,2020,18,3,0,0,0,0,0,3a,3a,1
10932,2021,18,3,0,0,0,0,0,1,1,1
10932,2022,18,3,0,0,0,0,0,3a,3a,1
10932,2023,44,6,0,0,0,0,50,1,1,1
10933,2012,500,100,52,38,0,0,0,1,1,1
10933,2013,500,100,52,38,0,0,0,3a,3a,1
10933,2014,148,20,12,8,10,5,0,1,1,1
10933,2015,70,15,17,13,8,4,0,1,1,1
10933,2016,120,20,0,0,0,0,0,1,1,1
10933,2017,116,27,2,1,3,2,0,1,1,1
10933,2018,138,26,10,7,12,6,0,3a,3a,1
10933,2019,160,25,17,13,20,10,0,1,1,1
10933,2020,130,28,9,7,10,5,0,3a,3a,1
10933,2021,100,30,0,0,0,0,0,1,1,1
10933,2022,100,30,0,0,0,0,0,3a,3a,1
10933,2023,100,30,0,0,0,0,0,3a,3a,1
10934,2012,486,65,93,0,0,0,0,1,1,1
10934,2013,533,87,62,0,0,4,0,3a,3a,1
10934,2014,579,108,31,0,0,7,0,3a,3a,1
10934,2015,626,130,0,0,0,11,0,1,1,1
10934,2016,570,80,0,0,0,12,0,1,1,1
10934,2017,585,92,0,0,0,0,0,1,1,1
10934,2018,610,90,0,0,0,0,0,1,1,1
10934,2019,660,70,0,0,0,0,0,1,1,1
10934,2020,660,70,0,0,0,0,0,1,1,1
10934,2021,620,95,0,0,0,0,0,1,1,1
10934,2022,650,80,0,0,0,20,0,1,1,1
10934,2023,650,0,0,0,0,25,0,1,1,1
10935,2012,2402,347,645,436,492,0,0,1,1,1
10935,2013,2445,332,647,442,489,0,0,1,1,1
10935,2014,2445,329,642,435,478,0,0,1,1,1
10935,2015,2425,322,529,428,462,0,0,1,1,1
10935,2016,2435,336,532,433,465,0,0,1,1,1
10935,2017,2438,332,545,435,462,0,0,1,1,1
10935,2018,2452,341,565,445,471,0,0,1,1,1
10935,2019,2498,347,572,448,475,0,0,1,1,1
10935,2020,2500,352,581,446,465,0,0,1,1,1
10935,2021,2400,356,588,448,459,8,0,1,1,1
10935,2022,2500,358,584,447,466,0,0,1,1,1
10935,2023,2447,312,1214,893,649,0,0,1,1,1
10936,2012,1150,250,655,350,125,280,0,1,1,1
10936,2013,1150,250,655,350,125,280,0,1,1,1
10936,2014,1150,250,500,400,200,300,0,1,1,1
10936,2015,1200,250,500,400,200,300,0,1,1,1
10936,2016,1200,250,500,400,200,300,0,1,1,1
10936,2017,1200,250,500,400,200,250,0,1,1,1
10936,2018,1200,250,500,400,200,250,0,1,1,1
10936,2019,1200,250,500,400,200,250,0,1,1,1
10936,2020,1200,250,500,400,200,250,0,1,1,1
10936,2021,1200,225,500,400,200,250,0,1,1,1
10936,2022,1210,230,500,400,200,250,0,1,1,1
10936,2023,1291,145,336,277,112,0,0,1,1,1
10937,2012,377,53,138,99,58,35,0,1,1,1
10937,2013,395,55,104,75,44,27,0,1,1,1
10937,2014,395,55,104,75,44,27,0,1,1,1
10937,2015,421,59,125,90,52,33,0,1,1,1
10937,2016,439,61,104,75,44,27,0,1,1,1
10937,2017,421,59,146,105,61,38,0,1,1,1
10937,2018,351,49,125,90,52,33,0,1,1,1
10937,2019,351,49,125,90,52,33,0,1,1,1
10937,2020,351,49,0,0,0,0,0,1,1,1
10937,2021,351,49,0,0,0,0,0,1,1,1
10937,2022,0,0,0,0,0,0,0,1,1,0
10937,2023,0,0,0,0,0,0,0,2a,2c,0
10938,2012,915,162,6,5,1,1,0,1,1,1
10938,2013,860,150,0,0,14,6,0,1,1,1
10938,2014,856,251,0,0,0,0,0,1,1,1
10938,2015,600,100,0,0,0,0,0,1,1,1
10938,2016,0,0,442,453,0,0,0,2c,3a,0
10938,2017,0,0,442,453,0,0,0,1,1,0
10938,2018,0,0,445,455,0,0,0,1,1,0
10938,2019,0,0,348,357,0,0,0,1,1,0
10938,2020,0,0,336,344,0,0,0,1,1,0
10938,2021,0,0,0,0,0,0,50,2a,3b,0
10938,2022,0,0,0,0,0,0,50,2a,3b,0
10938,2023,0,0,0,0,0,0,50,2a,3b,0
10939,2012,4550,600,1600,0,0,30,0,1,1,1
10939,2013,4790,592,1785,0,0,30,0,1,1,1
10939,2014,4798,586,1770,0,0,35,0,1,1,1
10939,2015,4784,714,1774,0,0,45,0,1,1,1
10939,2016,4675,702,892,877,0,0,0,1,1,1
10939,2017,4760,700,890,0,0,900,0,1,1,1
10939,2018,5362,780,2242,0,0,0,0,1,1,1
10939,2019,5411,804,2262,0,0,0,0,1,1,1
10939,2020,5369,878,0,0,0,0,0,1,1,1
10939,2021,5265,731,2145,0,0,19,0,1,1,1
10939,2022,5279,723,2142,0,0,24,0,1,1,1
10939,2023,5655,741,2047,0,0,34,0,1,1,1
10940,2012,3540,793,108,0,0,0,0,1,1,1
10940,2013,3548,782,121,0,0,0,0,1,1,1
10940,2014,3539,777,126,0,0,0,0,1,1,1
10940,2015,1905,333,120,0,0,0,0,1,1,1
10940,2016,1900,322,114,0,0,0,0,1,1,1
10940,2017,2200,400,130,0,0,0,0,1,1,1
10940,2018,2253,428,147,0,0,0,0,1,1,1
10940,2019,2260,432,143,0,0,0,0,1,1,1
10940,2020,2266,430,150,0,0,0,0,1,1,1
10940,2021,2365,450,175,0,0,0,0,1,1,1
10940,2022,3033,511,252,0,0,0,0,1,1,1
10940,2023,3010,491,277,0,0,0,0,1,1,1
10941,2012,626,63,415,195,195,125,0,1,1,1
10941,2013,622,98,233,287,120,190,0,1,1,1
10941,2014,589,69,285,260,105,150,0,1,1,1
10941,2015,582,68,279,255,103,142,0,1,1,1
10941,2016,591,72,260,285,105,145,0,1,1,1
10941,2017,592,73,262,285,104,148,0,1,1,1
10941,2018,596,78,260,288,106,154,0,1,1,1
10941,2019,598,77,262,290,108,152,0,1,1,1
10941,2020,595,73,260,292,104,158,0,1,1,1
10941,2021,590,75,260,290,105,155,0,1,1,1
10941,2022,588,76,258,285,102,150,0,1,1,1
10941,2023,584,74,256,285,104,156,0,1,1,1
10942,2012,0,0,0,0,0,0,0,2c,2c,0
10942,2013,0,0,0,0,0,0,0,1,1,0
10942,2014,0,0,0,0,0,0,0,2a,2c,0
10942,2015,0,0,0,0,0,0,0,2a,2c,0
10942,2016,0,0,0,0,0,0,0,2a,2c,0
10942,2017,0,0,0,0,0,0,0,2a,2c,0
10942,2018,0,0,0,0,0,0,0,2a,2c,0
10942,2019,0,0,0,0,0,0,0,2a,2c,0
10942,2020,0,0,0,0,0,0,0,2a,2c,0
10942,2021,0,0,0,0,0,0,0,2a,2c,0
10942,2022,0,0,0,0,0,0,0,2a,2c,0
10942,2023,0,0,0,0,0,0,0,2a,2c,0
10943,2012,689,89,289,175,0,0,0,1,1,1
10943,2013,676,84,291,185,0,0,0,1,1,1
10943,2014,683,82,295,175,0,0,0,1,1,1
10943,2015,676,85,278,167,0,0,0,1,1,1
10943,2016,683,87,286,178,0,0,0,1,1,1
10943,2017,679,89,282,183,0,0,0,1,1,1
10943,2018,679,89,282,181,0,0,0,1,1,1
10943,2019,681,89,285,189,0,0,0,1,1,1
10943,2020,686,88,289,188,0,0,0,1,1,1
10943,2021,679,85,290,191,0,0,0,1,1,1
10943,2022,684,87,282,186,0,0,0,1,1,1
10943,2023,685,85,285,185,0,0,0,1,1,1
10944,2012,1905,201,102,0,0,0,0,1,1,1
10944,2013,1905,201,102,0,0,0,0,1,1,1
10944,2014,1905,201,102,0,0,0,0,1,1,1
10944,2015,1905,201,102,0,0,0,0,1,1,1
10944,2016,1905,201,102,0,0,0,0,1,1,1
10944,2017,1905,201,102,0,0,0,0,1,1,1
10944,2018,1905,201,102,0,0,0,0,1,1,1
10944,2019,1905,201,102,0,0,0,0,1,1,1
10944,2020,1905,201,102,0,0,0,0,1,1,1
10944,2021,1905,201,102,0,0,0,0,1,1,1
10944,2022,1905,201,102,0,0,0,0,1,1,1
10944,2023,2050,60,102,0,0,0,0,1,1,1
10945,2012,1555,220,290,0,0,0,0,1,1,1
10945,2013,1543,236,301,0,0,0,0,1,1,1
10945,2014,1540,228,294,0,0,0,0,1,1,1
10945,2015,1535,225,290,0,0,0,0,1,1,1
10945,2016,1542,230,283,0,0,0,0,1,1,1
10945,2017,1552,235,287,0,0,0,0,1,1,1
10945,2018,1567,244,304,0,0,0,0,1,1,1
10945,2019,1549,235,293,0,0,0,0,1,1,1
10945,2020,1555,226,298,0,0,0,0,1,1,1
10945,2021,1620,330,320,0,0,0,0,1,1,1
10945,2022,1699,258,374,0,0,0,0,1,1,1
10945,2023,1673,244,390,0,0,0,0,1,1,1
10946,2012,0,0,79,81,0,0,0,1,1,0
10946,2013,0,0,0,0,0,0,0,1,1,0
10946,2014,0,0,0,0,0,0,75,1,1,0
10946,2015,0,0,0,0,0,0,0,1,1,0
10946,2016,0,0,0,0,0,0,68,1,1,0
10946,2017,0,0,0,0,0,0,115,1,1,0
10946,2018,0,0,0,0,0,0,100,1,1,0
10946,2019,0,0,0,0,0,0,65,1,1,0
10946,2020,0,0,0,0,0,0,0,2a,2e,0
10946,2021,0,0,0,0,0,0,0,2a,2e,0
10946,2022,0,0,0,0,0,0,0,2a,2e,0
10946,2023,0,0,0,0,0,0,0,2a,2e,0
10947,2012,1275,200,420,325,130,200,0,1,1,1
10947,2013,1050,165,400,450,0,0,0,1,1,1
10947,2014,1250,150,275,400,0,0,0,1,1,1
10947,2015,1275,160,265,394,0,0,0,1,1,1
10947,2016,1389,197,565,848,0,0,0,1,1,1
10947,2017,1396,193,561,827,0,0,0,1,1,1
10947,2018,1413,146,585,828,0,0,0,1,1,1
10947,2019,1254,125,540,685,0,0,0,1,1,1
10947,2020,1212,121,525,635,0,0,0,1,1,1
10947,2021,1202,118,531,610,0,0,0,1,1,1
10947,2022,0,0,0,0,0,0,0,1,1,0
10947,2023,0,0,490,490,0,0,0,1,1,0
10948,2012,1493,308,690,530,210,200,0,1,1,1
10948,2013,1460,306,693,537,232,177,0,3a,3a,1
10948,2014,1428,304,695,545,253,154,0,3a,3a,1
10948,2015,1395,302,698,552,275,131,0,1,1,1
10948,2016,1406,293,709,540,278,132,0,1,1,1
10948,2017,1418,300,715,553,276,131,0,1,1,1
10948,2018,1433,312,727,569,280,133,0,1,1,1
10948,2019,1401,309,723,560,282,134,0,1,1,1
10948,2020,1410,312,720,565,286,136,0,1,1,1
10948,2021,1407,300,710,560,281,134,0,1,1,1
10948,2022,1430,312,701,579,293,140,0,1,1,1
10948,2023,1418,298,715,563,286,136,0,1,1,1
10949,2012,2110,345,52,38,0,0,0,1,1,1
10949,2013,2100,300,58,42,0,0,0,1,1,1
10949,2014,2300,300,58,42,0,0,30,1,1,1
10949,2015,2600,350,86,64,0,0,20,1,1,1
10949,2016,2750,300,86,64,0,0,25,1,1,1
10949,2017,2900,300,58,42,14,6,20,1,1,1
10949,2018,3000,400,86,64,68,32,30,1,1,1
10949,2019,3000,400,86,64,68,32,30,1,1,1
10949,2020,3200,400,115,85,34,16,30,1,1,1
10949,2021,3200,400,115,85,0,0,50,1,1,1
10949,2022,3200,400,115,85,0,0,50,1,1,1
10949,2023,3200,400,115,85,0,0,50,1,1,1
10950,2012,490,77,261,193,0,0,0,1,1,1
10950,2013,500,75,129,96,0,0,0,1,1,1
10950,2014,927,123,346,256,0,0,0,1,1,1
10950,2015,862,119,427,316,0,0,0,1,1,1
10950,2016,860,172,472,348,0,0,0,1,1,1
10950,2017,778,187,492,364,0,0,0,1,1,1
10950,2018,973,189,539,399,0,0,0,1,1,1
10950,2019,890,221,253,187,0,0,0,1,1,1
10950,2020,827,113,124,91,0,0,5,1,1,1
10950,2021,839,68,70,51,0,0,5,1,1,1
10950,2022,685,152,94,69,0,0,0,1,1,1
10950,2023,549,67,66,49,0,0,5,1,1,1
10951,2012,2200,300,0,0,0,0,0,1,1,1
10951,2013,2400,250,0,0,0,0,0,1,1,1
10951,2014,2408,367,0,0,0,0,0,1,1,1
10951,2015,2400,200,0,0,0,0,0,1,1,1
10951,2016,2450,400,0,0,0,0,0,1,1,1
10951,2017,2450,400,0,0,0,0,0,1,1,1
10951,2018,2450,400,0,0,0,0,0,1,1,1
10951,2019,2300,285,0,0,0,0,0,1,1,1
10951,2020,2300,280,0,0,0,0,0,1,1,1
10951,2021,2300,280,0,0,0,0,0,3a,3a,1
10951,2022,2300,280,0,0,0,0,0,3a,3a,1
10951,2023,2500,350,0,0,0,0,0,1,1,1
10952,2012,0,0,0,0,0,0,0,1,1,0
10952,2013,0,40,10,10,24,5,15,1,1,0
10952,2014,0,27,40,40,16,3,10,2c,3a,0
10952,2015,0,13,69,71,8,2,5,2c,3a,0
10952,2016,0,0,99,101,0,0,0,1,1,0
10952,2017,0,0,99,101,0,0,0,2c,3a,0
10952,2018,0,0,99,101,0,0,0,2c,3a,0
10952,2019,0,0,0,0,0,0,0,2a,2a,0
10952,2020,0,0,0,0,0,0,0,2a,2a,0
10952,2021,0,0,0,0,0,0,0,2a,2a,0
10952,2022,0,0,0,0,0,0,0,2a,2a,0
10952,2023,0,0,0,0,0,0,0,2a,2a,0
10953,2012,1300,200,575,425,203,97,0,1,1,1
10953,2013,1250,200,546,404,237,113,0,1,1,1
10953,2014,1300,200,546,404,237,113,0,1,1,1
10953,2015,650,100,273,202,119,57,0,3a,3a,1
10953,2016,0,0,0,0,0,0,0,2e,2e,0
10953,2017,0,0,0,0,0,0,0,2e,2e,0
10953,2018,0,0,0,0,0,0,0,2e,2e,0
10953,2019,0,0,0,0,0,0,0,2e,2e,0
10953,2020,0,0,0,0,0,0,0,2e,2e,0
10953,2021,0,0,0,0,0,0,0,2e,2e,0
10953,2022,0,0,0,0,0,0,0,2e,2e,0
10953,2023,0,0,0,0,0,0,0,2e,2e,0
11996,2012,0,0,0,0,0,0,0,2a,2e,0
11996,2013,0,0,0,0,0,0,0,2a,2e,0
11996,2014,0,0,0,0,0,0,0,2a,2e,0
11996,2015,0,0,0,0,0,0,0,2a,2e,0
11996,2016,0,0,0,0,0,0,0,2a,2e,0
11996,2017,0,0,0,0,0,0,0,2a,2e,0
11996,2018,0,0,0,0,0,0,0,2a,2e,0
11996,2019,0,0,0,0,0,0,0,2a,2e,0
11996,2020,0,0,0,0,0,0,0,2a,2e,0
11996,2021,0,0,0,0,0,0,0,2a,2e,0
11996,2022,0,0,0,0,0,0,0,2a,2e,0
11996,2023,0,0,0,0,0,0,0,2a,2e,0
10954,2012,1400,250,403,297,271,129,0,1,1,1
10954,2013,1400,25,380,280,407,193,0,1,1,1
10954,2014,1375,200,627,463,244,116,0,1,1,1
10954,2015,1400,300,633,467,271,129,0,1,1,1
10954,2016,1400,295,431,319,169,81,0,1,1,1
10954,2017,1400,295,431,319,169,81,0,1,1,1
10954,2018,1400,295,431,319,169,81,0,1,1,1
10954,2019,1400,295,431,319,169,81,0,1,1,1
10954,2020,1300,295,431,319,169,81,0,1,1,1
10954,2021,1300,295,431,319,169,81,0,1,1,1
10954,2022,1120,210,431,319,102,48,0,1,1,1
10954,2023,0,0,0,0,0,0,0,2a,2a,0
10955,2012,0,0,326,334,82,18,0,1,1,0
10955,2013,0,0,0,0,0,0,0,2a,2a,0
10955,2014,0,0,0,0,0,0,0,2a,2a,0
10955,2015,0,0,0,0,0,0,0,2a,2a,0
10955,2016,0,0,0,0,0,0,0,2a,2a,0
10955,2017,0,0,0,0,0,0,0,2a,2a,0
10955,2018,0,0,0,0,0,0,0,2a,2a,0
10955,2019,0,0,0,0,0,0,0,2a,2a,0
10955,2020,0,0,0,0,0,0,0,2a,2a,0
10955,2021,0,0,0,0,0,0,0,2a,2a,0
10955,2022,0,0,0,0,0,0,0,2a,2a,0
10955,2023,0,0,0,0,0,0,0,2a,2a,0
10956,2012,1320,160,431,319,81,39,0,1,1,1
10956,2013,1350,140,495,365,47,23,0,1,1,1
10956,2014,1360,130,518,382,61,29,0,1,1,1
10956,2015,1350,135,489,361,47,23,0,1,1,1
10956,2016,1370,120,443,327,68,32,0,1,1,1
10956,2017,1340,145,495,365,61,29,0,1,1,1
10956,2018,1360,130,569,421,95,45,0,1,1,1
10956,2019,1350,125,552,408,115,55,0,1,1,1
10956,2020,1355,130,546,404,95,45,0,1,1,1
10956,2021,1348,140,618,457,116,55,0,3a,3a,1
10956,2022,1340,150,690,510,136,64,0,1,1,1
10956,2023,1340,130,690,510,136,64,0,1,1,1
10957,2012,900,0,0,0,0,0,0,1,1,1
10957,2013,900,0,0,0,0,0,0,1,1,1
10957,2014,0,0,0,0,0,0,0,2a,2a,0
10957,2015,0,0,0,0,0,0,0,2a,2a,0
10957,2016,0,0,0,0,0,0,0,2a,2a,0
10957,2017,0,0,0,0,0,0,0,2a,2a,0
10957,2018,0,0,0,0,0,0,0,2a,2a,0
10957,2019,0,0,0,0,0,0,0,2a,2a,0
10957,2020,0,0,0,0,0,0,0,2a,2a,0
10957,2021,0,0,0,0,0,0,0,2a,2a,0
10957,2022,0,0,0,0,0,0,0,2a,2a,0
10957,2023,0,0,0,0,0,0,0,2a,2a,0
11997,2012,0,0,0,0,0,0,0,3g,3g,0
11997,2013,0,0,0,0,0,0,0,3g,3g,0
11997,2014,0,0,0,0,0,0,0,3g,3g,0
11997,2015,0,0,0,0,0,0,0,3g,3g,0
11997,2016,0,0,0,0,0,0,0,2e,2e,0
11997,2017,0,0,0,0,0,0,0,2e,2e,0
11997,2018,0,0,0,0,0,0,0,2e,2e,0
11997,2019,0,0,0,0,0,0,0,2e,2e,0
11997,2020,0,0,0,0,0,0,0,2e,2e,0
11997,2021,0,0,0,0,0,0,0,2e,2e,0
11997,2022,0,0,0,0,0,0,0,2e,2e,0
11997,2023,0,0,0,0,0,0,0,2e,2e,0
10958,2012,277,67,0,0,0,0,0,1,1,1
10958,2013,278,64,0,0,0,0,0,1,1,1
10958,2014,274,30,0,0,0,0,0,1,1,1
10958,2015,266,36,0,0,0,0,0,1,1,1
10958,2016,221,47,0,0,0,0,0,1,1,1
10958,2017,0,0,118,120,0,0,0,1,1,0
10958,2018,0,0,278,284,0,0,0,1,1,0
10958,2019,0,0,177,182,0,0,12,1,1,0
10958,2020,0,0,138,141,0,0,3,1,1,0
10958,2021,0,0,0,0,0,0,10,1,1,0
10958,2022,0,0,0,0,0,0,0,2e,2e,0
10958,2023,0,0,0,0,0,0,0,2e,2e,0
10959,2012,1000,160,581,429,115,55,0,1,1,1
10959,2013,900,140,575,425,108,52,0,1,1,1
10959,2014,0,0,0,0,0,0,0,2a,2a,0
10959,2015,0,0,0,0,0,0,0,2a,2a,0
10959,2016,0,0,0,0,0,0,0,2a,2a,0
10959,2017,0,0,0,0,0,0,0,2a,2a,0
10959,2018,0,0,0,0,0,0,0,2a,2a,0
10959,2019,0,0,0,0,0,0,0,2a,2a,0
10959,2020,0,0,0,0,0,0,0,2a,2a,0
10959,2021,0,0,0,0,0,0,0,2a,2a,0
10959,2022,0,0,0,0,0,0,0,2a,2a,0
10959,2023,0,0,0,0,0,0,0,2a,2a,0
10960,2012,1300,200,0,0,136,64,0,1,1,1
10960,2013,1240,190,0,0,136,64,0,1,1,1
10960,2014,1250,200,0,0,14,6,0,1,1,1
10960,2015,1250,200,12,8,0,0,0,1,1,1
10960,2016,1250,175,12,8,0,0,0,3a,3a,1
10960,2017,1250,150,12,8,0,0,0,1,1,1
10960,2018,1250,150,12,8,0,0,0,1,1,1
10960,2019,1200,150,12,8,0,0,0,1,1,1
10960,2020,1200,150,12,8,0,0,0,3a,3a,1
10960,2021,0,0,0,0,0,0,0,2a,2e,0
10960,2022,0,0,0,0,0,0,0,2a,2e,0
10960,2023,0,0,0,0,0,0,0,2a,2e,0
10961,2012,1300,300,288,212,339,161,0,1,1,1
10961,2013,0,0,0,0,0,0,0,2a,2a,0
10961,2014,0,0,0,0,0,0,0,2a,2a,0
10961,2015,0,0,0,0,0,0,0,2a,2a,0
10961,2016,0,0,0,0,0,0,0,2a,2a,0
10961,2017,0,0,0,0,0,0,0,2a,2a,0
10961,2018,0,0,0,0,0,0,0,2a,2a,0
10961,2019,0,0,0,0,0,0,0,2a,2a,0
10961,2020,0,0,0,0,0,0,0,2a,2a,0
10961,2021,0,0,0,0,0,0,0,2a,2a,0
10961,2022,0,0,0,0,0,0,0,2a,2a,0
10961,2023,0,0,0,0,0,0,0,2a,2a,0
10962,2012,460,70,0,0,0,0,0,1,1,1
10962,2013,450,70,0,0,0,0,0,1,1,1
10962,2014,450,75,0,0,0,0,0,1,1,1
10962,2015,470,25,0,0,0,0,0,1,1,1
10962,2016,459,53,0,0,0,0,0,3a,3a,1
10962,2017,448,80,0,0,0,0,0,1,1,1
10962,2018,448,80,0,0,0,0,0,3a,3a,1
10962,2019,448,80,0,0,0,0,0,1,1,1
10962,2020,535,76,133,99,47,23,12,1,1,1
10962,2021,535,76,133,99,0,0,0,1,1,1
10962,2022,400,0,35,25,0,0,0,1,1,1
10962,2023,400,0,35,25,0,0,0,1,1,1
10963,2012,1000,150,403,297,0,0,0,1,1,1
10963,2013,0,0,0,0,0,0,0,2a,2a,0
10963,2014,0,0,0,0,0,0,0,2a,2a,0
10963,2015,224,30,14,11,0,0,0,1,1,1
10963,2016,190,20,23,17,1,1,0,1,1,1
10963,2017,185,30,9,6,14,6,0,1,1,1
10963,2018,143,25,11,7,7,3,0,3a,3a,1
10963,2019,100,20,12,8,0,0,0,1,1,1
10963,2020,125,8,2,2,0,0,0,1,1,1
10963,2021,115,13,3,2,0,0,0,1,1,1
10963,2022,110,13,3,3,0,0,7,1,1,1
10963,2023,108,5,1,1,1,1,0,1,1,1
10964,2012,1025,200,331,244,322,153,0,1,1,1
10964,2013,1038,154,436,322,246,117,0,1,1,1
10964,2014,1050,140,449,331,241,114,0,1,1,1
10964,2015,1066,200,394,291,251,119,0,1,1,1
10964,2016,1085,230,472,348,234,111,0,1,1,1
10964,2017,1060,160,526,389,68,32,0,1,1,1
10964,2018,1100,220,486,359,244,116,0,1,1,1
10964,2019,1100,220,486,359,244,116,0,1,1,1
10964,2020,1100,220,506,374,261,124,0,1,1,1
10964,2021,1100,220,506,374,261,124,0,1,1,1
10964,2022,1070,231,415,306,327,156,0,1,1,1
10964,2023,1067,180,251,185,453,216,0,1,1,1
11998,2012,0,0,0,0,0,0,0,3g,3g,0
11998,2013,0,0,0,0,0,0,0,3g,3g,0
11998,2014,0,0,0,0,0,0,0,3g,3g,0
11998,2015,0,0,0,0,0,0,0,3g,3g,0
11998,2016,0,0,0,0,0,0,0,3g,3g,0
11998,2017,0,0,0,0,0,0,0,3g,3g,0
11998,2018,0,0,0,0,0,0,0,3g,3g,0
11998,2019,0,0,0,0,0,0,0,3g,3g,0
11998,2020,0,0,0,0,0,0,0,3g,3g,0
11998,2021,0,0,0,0,0,0,0,3g,3g,0
11998,2022,0,0,0,0,0,0,0,3g,3g,0
11998,2023,0,0,0,0,0,0,0,3g,3g,0
10965,2012,1048,202,22,16,0,0,0,1,1,1
10965,2013,920,121,7,6,0,0,0,1,1,1
10965,2014,0,0,0,0,0,0,0,2a,2a,0
10965,2015,0,0,0,0,0,0,0,2a,2a,0
10965,2016,0,0,0,0,0,0,0,2a,2a,0
10965,2017,0,0,0,0,0,0,0,2a,2a,0
10965,2018,0,0,0,0,0,0,0,2a,2a,0
10965,2019,0,0,0,0,0,0,0,2a,2a,0
10965,2020,0,0,0,0,0,0,0,2a,2a,0
10965,2021,0,0,0,0,0,0,0,2a,2a,0
10965,2022,0,0,0,0,0,0,0,2a,2a,0
10965,2023,0,0,0,0,0,0,0,2a,2a,0
10966,2012,0,0,1730,1770,0,0,0,1,1,0
10966,2013,0,0,1730,1770,0,0,0,1,1,0
10966,2014,0,0,1730,1770,0,0,0,1,1,0
10966,2015,0,0,1730,1770,0,0,0,1,1,0
10966,2016,0,0,1730,1770,0,0,0,2c,3a,0
10966,2017,0,0,1730,1770,0,0,0,1,1,0
10966,2018,0,0,1730,1770,0,0,0,1,1,0
10966,2019,1000,0,1150,850,0,0,0,1,1,1
10966,2020,1000,0,1150,850,0,0,0,1,1,1
10966,2021,1000,0,1150,850,0,0,0,1,1,1
10966,2022,900,0,863,637,0,0,0,1,1,1
10966,2023,0,0,0,0,0,0,0,1,1,0
11999,2012,0,0,0,0,0,0,0,2a,2e,0
11999,2013,0,0,0,0,0,0,0,2a,2e,0
11999,2014,0,0,0,0,0,0,0,2a,2e,0
11999,2015,0,0,0,0,0,0,0,2a,2e,0
11999,2016,0,0,0,0,0,0,0,2a,2e,0
11999,2017,0,0,0,0,0,0,0,2a,2e,0
11999,2018,0,0,0,0,0,0,0,2a,2e,0
11999,2019,0,0,0,0,0,0,0,2a,2a,0
11999,2020,0,0,0,0,0,0,0,2a,2a,0
11999,2021,0,0,0,0,0,0,0,2a,2a,0
11999,2022,0,0,0,0,0,0,0,2a,2a,0
11999,2023,0,0,0,0,0,0,0,2a,2a,0
10967,2012,1280,200,345,255,203,97,0,1,1,1
10967,2013,1250,200,345,255,203,97,0,1,1,1
10967,2014,1390,215,173,127,136,64,0,1,1,1
10967,2015,1550,300,0,0,237,113,0,1,1,1
10967,2016,1400,200,0,0,271,129,0,1,1,1
10967,2017,1400,200,0,0,271,129,0,1,1,1
10967,2018,1400,200,0,0,271,129,0,3a,3a,1
10967,2019,1400,200,0,0,271,129,0,1,1,1
10967,2020,1400,200,0,0,271,129,0,1,1,1
10967,2021,1400,200,0,0,271,129,0,1,1,1
10967,2022,1400,200,0,0,271,129,0,1,1,1
10967,2023,1400,250,0,0,169,81,0,1,1,1
10968,2012,890,132,249,184,100,48,0,1,1,1
10968,2013,872,121,255,188,92,44,0,1,1,1
10968,2014,867,148,263,194,106,50,0,1,1,1
10968,2015,852,167,277,204,96,46,0,1,1,1
10968,2016,874,181,346,256,150,71,0,1,1,1
10968,2017,869,151,350,258,142,67,0,1,1,1
10968,2018,827,136,347,257,196,93,0,1,1,1
10968,2019,808,143,362,267,170,81,0,1,1,1
10968,2020,820,160,338,250,0,0,0,1,1,1
10968,2021,828,147,311,229,109,52,0,1,1,1
10968,2022,0,0,0,0,253,57,0,1,1,0
10968,2023,0,0,0,0,0,0,0,2a,2c,0
11671,2012,1167,0,55,59,23,21,0,3f,3f,1
11671,2013,1167,0,55,59,23,21,0,3f,3f,1
11671,2014,1167,0,55,59,23,21,0,3f,3f,1
11671,2015,1167,0,55,59,23,21,0,3f,3f,1
11671,2016,1750,0,83,59,35,21,0,3f,3f,1
11671,2017,1750,0,83,59,35,21,0,3f,3f,1
11671,2018,1750,0,83,59,35,21,0,3f,3f,1
11671,2019,1750,0,83,59,35,21,0,3f,3f,1
11671,2020,1750,0,83,59,35,21,0,3f,3f,1
11671,2021,1750,0,83,59,35,21,0,3f,3f,1
11671,2022,1750,0,83,59,35,21,0,3f,3f,1
11671,2023,1750,0,83,59,35,21,0,3f,3f,1
11675,2012,1283,178,0,0,0,0,0,3c,3c,1
11675,2013,1283,178,0,0,0,0,0,3c,3c,1
11675,2014,1283,178,0,0,0,0,0,3c,3c,1
11675,2015,1283,178,0,0,0,0,0,3c,3c,1
11675,2016,1283,178,0,0,0,0,0,3c,3c,1
11675,2017,1283,178,0,0,0,0,0,3c,3c,1
11675,2018,1283,178,0,0,0,0,0,3c,3c,1
11675,2019,1283,178,0,0,0,0,0,3c,3c,1
11675,2020,1283,178,0,0,0,0,0,3c,3c,1
11675,2021,1283,178,0,0,0,0,0,3c,3c,1
11675,2022,1283,178,0,0,0,0,0,3c,3c,1
11675,2023,1283,178,0,0,0,0,0,3c,3c,1
10969,2012,120,30,17,13,34,16,0,1,1,1
10969,2013,100,28,23,17,20,10,0,1,1,1
10969,2014,0,0,0,0,0,0,0,2a,2a,0
10969,2015,0,0,0,0,0,0,0,2a,2a,0
10969,2016,0,0,0,0,0,0,0,2a,2a,0
10969,2017,0,0,0,0,0,0,0,2a,2a,0
10969,2018,0,0,0,0,0,0,0,2a,2a,0
10969,2019,0,0,0,0,0,0,0,2a,2a,0
10969,2020,0,0,0,0,0,0,0,2a,2a,0
10969,2021,0,0,0,0,0,0,0,2a,2a,0
10969,2022,0,0,0,0,0,0,0,2a,2a,0
10969,2023,0,0,0,0,0,0,0,2a,2a,0
10970,2012,8055,814,1389,1372,690,690,0,1,1,1
10970,2013,8061,825,1391,1376,674,681,0,1,1,1
10970,2014,8062,825,1385,1375,1013,993,0,3a,3a,1
10970,2015,8062,824,1378,1374,1351,1304,0,1,1,1
10970,2016,8052,821,1391,1380,1370,1301,0,1,1,1
10970,2017,7873,809,1357,1354,1335,1291,0,1,1,1
10970,2018,7868,804,1335,1326,1316,1287,0,1,1,1
10970,2019,7855,810,1322,1321,1310,1280,0,1,1,1
10970,2020,7846,802,1312,1308,1300,1255,0,1,1,1
10970,2021,7840,800,1315,1310,1320,1275,0,1,1,1
10970,2022,7860,805,1305,1320,1315,1295,0,1,1,1
10970,2023,7870,810,1290,1330,1295,1325,0,1,1,1
11815,2019,0,0,975,970,0,0,0,1,1,0
11815,2020,0,0,1062,897,0,0,0,1,1,0
11815,2021,0,0,1057,906,0,0,0,1,1,0
11815,2022,0,0,1050,936,0,0,0,1,1,0
11815,2023,0,0,1033,950,0,0,0,1,1,0
10971,2012,890,200,0,0,115,55,0,3a,3a,1
10971,2013,890,200,0,0,115,55,0,1,1,1
10971,2014,884,206,0,0,0,0,0,1,1,1
10971,2015,888,202,0,0,0,0,0,1,1,1
10971,2016,890,207,0,0,0,0,0,1,1,1
10971,2017,986,254,0,0,0,0,0,1,1,1
10971,2018,980,258,0,0,0,0,0,1,1,1
10971,2019,983,261,0,0,0,0,0,1,1,1
10971,2020,990,260,0,0,0,0,0,1,1,1
10971,2021,975,250,0,0,0,0,0,1,1,1
10971,2022,999,160,0,0,0,0,0,1,1,1
10971,2023,967,149,0,0,0,0,0,1,1,1
10972,2012,850,150,288,212,678,322,0,1,1,1
10972,2013,850,150,288,212,678,322,0,1,1,1
10972,2014,850,150,288,212,678,322,0,1,1,1
10972,2015,590,80,460,340,0,0,0,1,1,1
10972,2016,0,0,0,0,0,0,0,2a,2a,0
10972,2017,0,0,0,0,0,0,0,1,1,0
10972,2018,0,0,0,0,0,0,0,2c,2c,0
10972,2019,0,0,0,0,0,0,0,2c,2c,0
10972,2020,0,0,0,0,0,0,0,2c,2c,0
10972,2021,0,0,0,0,0,0,0,2c,2c,0
10972,2022,0,0,0,0,0,0,0,2c,2c,0
10972,2023,0,0,0,0,0,0,0,2c,2c,0
10973,2012,400,50,0,24,22,30,0,1,1,1
10973,2013,400,50,0,24,22,30,0,1,1,1
10973,2014,400,50,0,24,22,30,0,1,1,1
10973,2015,400,50,0,24,22,30,0,1,1,1
10973,2016,390,50,150,150,0,0,0,1,1,1
10973,2017,390,50,150,150,0,0,0,1,1,1
10973,2018,375,60,147,139,0,0,0,1,1,1
10973,2019,370,64,150,130,0,0,0,1,1,1
10973,2020,370,64,147,139,0,0,0,1,1,1
10973,2021,365,60,150,140,0,0,0,1,1,1
10973,2022,360,63,142,122,0,0,0,1,1,1
10973,2023,358,60,142,120,0,0,0,1,1,1
10974,2012,600,0,0,0,0,0,0,3a,2c,1
10974,2013,600,0,0,0,0,0,0,1,1,1
10974,2014,600,0,0,0,0,0,0,3a,2c,1
10974,2015,600,0,0,0,0,0,0,1,1,1
10974,2016,600,0,0,0,0,0,0,1,1,1
10974,2017,600,0,0,0,0,0,0,1,1,1
10974,2018,600,0,0,0,0,0,0,1,1,1
10974,2019,600,0,0,0,0,0,0,1,1,1
10974,2020,600,0,0,0,0,0,0,1,1,1
10974,2021,600,0,0,0,0,0,0,1,1,1
10974,2022,600,0,0,0,0,0,0,1,1,1
10974,2023,600,0,0,0,0,0,0,1,1,1
10975,2012,2400,230,475,455,230,0,0,1,1,1
10975,2013,2400,290,463,458,215,100,0,3a,3a,1
10975,2014,2400,350,450,460,200,200,0,1,1,1
10975,2015,2400,350,450,460,200,200,0,1,1,1
10975,2016,2400,350,450,460,180,0,0,1,1,1
10975,2017,2500,350,450,440,0,0,0,1,1,1
10975,2018,2400,350,450,0,0,0,0,1,1,1
10975,2019,2400,350,450,0,200,0,0,1,1,1
10975,2020,2400,350,450,0,150,0,0,1,1,1
10975,2021,2400,350,450,0,150,0,0,1,1,1
10975,2022,2400,350,450,0,150,0,0,1,1,1
10975,2023,2400,350,450,0,140,0,0,1,1,1
11668,2012,2250,200,132,97,0,0,0,3b,3b,1
11668,2013,2250,200,132,97,0,0,0,3b,3b,1
11668,2014,2250,200,132,97,0,0,0,3b,3b,1
11668,2015,2250,200,132,97,0,0,0,3b,3b,1
11668,2016,2250,200,132,97,0,0,0,3b,3b,1
11668,2017,2250,200,132,97,0,0,0,3b,3b,1
11668,2018,2250,200,132,97,0,0,0,3b,3b,1
11668,2019,2250,200,132,97,0,0,0,3b,3b,1
11668,2020,2250,200,132,97,0,0,0,3b,3b,1
11668,2021,2250,200,132,97,0,0,0,3b,3b,1
11668,2022,2250,200,132,97,0,0,0,3b,3b,1
11668,2023,2250,200,132,97,0,0,0,3b,3b,1
10976,2012,2340,333,790,1009,200,0,0,1,1,1
10976,2013,1307,229,581,470,239,114,0,1,1,1
10976,2014,1311,224,576,481,237,113,0,1,1,1
10976,2015,1318,220,573,486,233,111,0,1,1,1
10976,2016,1315,210,580,481,237,113,0,1,1,1
10976,2017,1319,210,581,483,234,111,0,1,1,1
10976,2018,1304,207,574,479,231,110,0,1,1,1
10976,2019,2165,383,700,600,271,129,0,1,1,1
10976,2020,2160,380,701,605,237,113,0,1,1,1
10976,2021,1160,200,712,625,259,123,0,1,1,1
10976,2022,2569,330,1309,1019,0,0,0,1,1,1
10976,2023,2504,305,1162,810,241,114,0,1,1,1
11685,2012,3605,465,1389,994,581,361,0,3b,3b,1
11685,2013,3605,465,1389,994,581,361,0,3b,3b,1
11685,2014,3605,465,1389,994,581,361,0,3b,3b,1
11685,2015,3605,465,1389,994,581,361,0,3b,3b,1
11685,2016,3605,465,1389,994,581,361,0,3b,3b,1
11685,2017,3605,465,1389,994,581,361,0,3b,3b,1
11685,2018,3605,465,1389,994,581,361,0,3b,3b,1
11685,2019,3605,465,1389,994,581,361,0,3b,3b,1
11685,2020,3605,465,1389,994,581,361,0,3b,3b,1
11685,2021,3605,465,1389,994,581,361,0,3b,3b,1
11685,2022,3605,465,1389,994,581,361,0,3b,3b,1
11685,2023,3605,465,1389,994,581,361,0,3b,3b,1
10977,2012,0,0,0,0,0,0,0,2d,2d,0
10977,2013,0,0,0,0,0,0,0,2d,2d,0
10977,2014,0,0,0,0,0,0,0,2d,2d,0
10977,2015,0,0,0,0,0,0,0,2d,2d,0
10977,2016,0,0,0,0,0,0,0,2d,2d,0
10977,2017,0,0,0,0,0,0,0,2d,2d,0
10977,2018,3188,627,0,0,0,0,0,1,1,1
10977,2019,3193,612,0,0,0,0,0,1,1,1
10977,2020,3198,620,0,0,0,0,0,1,1,1
10977,2021,2840,325,0,0,0,0,0,1,1,1
10977,2022,2818,333,0,0,0,0,0,1,1,1
10977,2023,2794,320,0,0,0,0,0,1,1,1
10978,2012,0,0,816,834,0,0,0,1,1,0
10978,2013,0,0,475,485,0,0,0,1,1,0
10978,2014,0,0,568,582,0,0,0,1,1,0
10978,2015,0,0,242,248,0,0,0,1,1,0
10978,2016,0,0,0,0,0,0,0,2e,2e,0
10978,2017,0,0,0,0,0,0,0,2e,2e,0
10978,2018,0,0,0,0,0,0,0,2e,2e,0
10978,2019,0,0,0,0,0,0,0,2e,2e,0
10978,2020,0,0,0,0,0,0,0,2e,2e,0
10978,2021,0,0,0,0,0,0,0,2e,2e,0
10978,2022,0,0,0,0,0,0,0,2e,2e,0
10978,2023,0,0,0,0,0,0,0,2e,2e,0
12000,2012,0,0,0,0,0,0,0,2a,2e,0
12000,2013,0,0,0,0,0,0,0,2a,2e,0
12000,2014,0,0,0,0,0,0,0,2a,2e,0
12000,2015,0,0,0,0,0,0,0,2a,2e,0
12000,2016,0,0,0,0,0,0,0,2a,2e,0
12000,2017,0,0,0,0,0,0,0,2a,2e,0
12000,2018,0,0,0,0,0,0,0,2a,2e,0
12000,2019,0,0,0,0,0,0,0,2a,2e,0
12000,2020,0,0,0,0,0,0,0,2a,2e,0
12000,2021,0,0,0,0,0,0,0,2a,2e,0
12000,2022,0,0,0,0,0,0,0,2a,2e,0
12000,2023,0,0,0,0,0,0,0,2a,2e,0
11816,2019,0,0,485,478,524,0,0,1,1,0
11816,2020,0,0,487,472,521,0,0,1,1,0
11816,2021,0,0,497,468,531,0,0,1,1,0
11816,2022,0,0,521,450,546,0,0,1,1,0
11816,2023,0,0,554,414,555,0,0,1,1,0
10979,2012,3000,525,1310,1050,395,0,0,1,1,1
10979,2013,3000,525,1310,1050,395,130,0,1,1,1
10979,2014,3000,525,1310,1050,395,130,0,1,1,1
10979,2015,3000,525,1310,1050,395,130,0,1,1,1
10979,2016,3000,525,1310,1050,395,130,0,1,1,1
10979,2017,3000,525,1310,1050,395,130,0,1,1,1
10979,2018,3000,500,1300,1040,340,140,0,1,1,1
10979,2019,3000,500,1300,1040,340,140,0,1,1,1
10979,2020,3000,500,1300,1040,340,140,0,1,1,1
10979,2021,3000,500,1300,1040,340,140,0,1,1,1
10979,2022,3000,500,1300,1040,340,140,0,1,1,1
10979,2023,3000,500,1300,1040,320,150,0,1,1,1
11679,2012,1132,120,40,0,150,150,0,3d,3d,1
11679,2013,1132,120,40,0,150,150,0,3d,3d,1
11679,2014,1132,120,40,0,150,150,0,3d,3d,1
11679,2015,1132,120,40,0,150,150,0,3d,3d,1
11679,2016,1132,120,40,0,150,150,0,3d,3d,1
11679,2017,1132,120,40,0,150,150,0,3d,3d,1
11679,2018,1132,120,40,0,150,150,0,3d,3d,1
11679,2019,1132,120,40,0,150,150,0,3d,3d,1
11679,2020,1132,120,40,0,150,150,0,3d,3d,1
11679,2021,1132,120,40,0,150,150,0,3d,3d,1
11679,2022,1132,120,40,0,150,150,0,3d,3d,1
11679,2023,1132,120,40,0,150,150,0,3d,3d,1
10980,2012,500,130,64,182,100,0,0,1,1,1
10980,2013,275,150,500,310,102,48,0,1,1,1
10980,2014,270,147,506,313,98,46,0,1,1,1
10980,2015,278,150,500,311,98,47,0,1,1,1
10980,2016,288,164,508,310,95,45,0,1,1,1
10980,2017,380,250,515,330,122,58,0,1,1,1
10980,2018,405,265,522,321,138,65,0,1,1,1
10980,2019,410,269,525,325,141,67,0,1,1,1
10980,2020,0,0,500,300,163,37,0,1,1,0
10980,2021,0,0,550,280,204,46,0,1,1,0
10980,2022,0,0,529,272,217,49,0,1,1,0
10980,2023,0,0,542,260,0,0,0,1,1,0
10981,2012,2960,641,936,1196,172,174,0,1,1,1
10981,2013,2960,640,936,1194,172,178,0,1,1,1
10981,2014,2970,655,947,1200,368,0,0,1,1,1
10981,2015,2945,639,934,1192,353,0,0,1,1,1
10981,2016,2961,631,936,1188,344,0,0,1,1,1
10981,2017,2963,637,933,1193,345,0,0,1,1,1
10981,2018,2959,636,932,1191,358,0,0,1,1,1
10981,2019,2959,641,935,1198,351,0,0,1,1,1
10981,2020,2937,636,933,1184,354,0,0,1,1,1
10981,2021,2968,636,933,1184,354,0,0,1,1,1
10981,2022,2955,639,926,1193,357,0,0,1,1,1
10981,2023,2967,641,926,1193,356,0,0,1,1,1
10982,2012,325,70,67,119,30,30,0,1,1,1
10982,2013,322,76,65,122,45,21,0,1,1,1
10982,2014,319,80,62,126,44,21,0,1,1,1
10982,2015,320,85,60,131,46,22,0,1,1,1
10982,2016,0,0,0,0,0,0,0,1,1,0
10982,2017,290,50,25,20,0,0,0,1,1,1
10982,2018,311,71,43,37,0,0,0,1,1,1
10982,2019,375,39,45,41,0,0,0,1,1,1
10982,2020,366,44,38,41,0,0,0,1,1,1
10982,2021,366,44,38,41,0,0,0,1,1,1
10982,2022,360,47,30,42,0,0,0,1,1,1
10982,2023,360,40,30,45,12,0,0,1,1,1
10983,2012,360,40,0,0,0,0,0,1,1,1
10983,2013,250,40,0,0,0,0,0,1,1,1
10983,2014,400,60,120,100,60,0,0,1,1,1
10983,2015,400,60,110,105,50,0,0,1,1,1
10983,2016,350,30,20,0,0,0,0,1,1,1
10983,2017,400,50,60,0,0,0,0,1,1,1
10983,2018,399,50,50,0,0,0,0,1,1,1
10983,2019,380,65,50,0,0,0,0,1,1,1
10983,2020,375,70,55,0,0,0,0,1,1,1
10983,2021,370,70,55,0,0,0,0,1,1,1
10983,2022,400,50,180,20,0,0,0,1,1,1
10983,2023,50,0,0,0,0,0,0,1,1,1
10984,2012,4332,381,706,1324,707,706,0,1,1,1
10984,2013,4336,386,2161,641,730,0,0,1,1,1
10984,2014,4328,380,2085,627,737,0,0,1,1,1
10984,2015,1840,270,1035,310,355,0,0,1,1,1
10984,2016,3675,538,707,1324,1395,1398,0,1,1,1
10984,2017,3681,533,710,1324,1400,1392,0,1,1,1
10984,2018,3684,538,703,1333,1396,1397,0,1,1,1
10984,2019,3668,532,705,1326,1400,1399,0,1,1,1
10984,2020,2045,488,387,1009,1080,1399,0,1,1,1
10984,2021,3686,541,713,1324,1400,1406,0,1,1,1
10984,2022,3687,545,706,1301,1334,1393,0,1,1,1
10984,2023,3685,548,710,1302,1403,1400,0,1,1,1
10985,2012,3300,550,200,0,0,0,0,1,1,1
10985,2013,3200,500,200,0,0,0,0,1,1,1
10985,2014,3250,450,220,0,0,0,0,1,1,1
10985,2015,3250,425,250,0,0,0,0,1,1,1
10985,2016,3250,425,240,0,0,0,0,1,1,1
10985,2017,3250,425,240,0,0,0,0,1,1,1
10985,2018,3450,450,300,0,0,0,0,1,1,1
10985,2019,4000,500,400,0,0,0,0,1,1,1
10985,2020,5000,0,0,0,0,0,0,1,1,1
10985,2021,6500,0,0,0,0,0,0,1,1,1
10985,2022,6500,0,0,0,0,0,0,1,1,1
10985,2023,6500,0,0,0,0,0,0,1,1,1
11666,2012,2349,301,940,682,979,0,0,3a,3a,1
11666,2013,2349,301,940,682,979,0,0,3a,3a,1
11666,2014,2349,301,940,682,979,0,0,3a,3a,1
11666,2015,2349,301,940,682,979,0,0,3a,3a,1
11666,2016,2349,301,940,682,979,0,0,3a,3a,1
11666,2017,2349,301,940,682,979,0,0,3a,3a,1
11666,2018,2349,301,940,682,979,0,0,3a,3a,1
11666,2019,2349,301,940,682,979,0,0,3a,3a,1
11666,2020,2349,301,940,682,979,0,0,3a,3a,1
11666,2021,2349,301,940,682,979,0,0,1,1,1
11666,2022,2355,307,946,672,999,0,0,1,1,1
11666,2023,2400,300,780,487,292,0,0,1,1,1
10986,2012,820,110,382,165,201,143,0,1,1,1
10986,2013,820,100,397,146,255,0,0,1,1,1
10986,2014,820,100,397,146,255,0,0,3a,3a,1
10986,2015,411,51,199,74,128,1,0,3a,3a,1
10986,2016,0,0,0,0,0,0,0,1,1,0
10986,2017,0,0,0,0,0,0,0,1,1,0
10986,2018,0,0,0,0,0,0,0,1,1,0
10986,2019,0,0,0,50,0,0,0,1,1,0
10986,2020,0,0,0,0,0,0,0,1,1,0
10986,2021,0,0,0,0,0,0,0,1,1,0
10986,2022,0,0,0,0,0,0,0,1,1,0
10986,2023,0,0,0,0,0,0,0,2c,2c,0
10987,2012,1350,200,390,390,100,0,0,1,1,1
10987,2013,1350,200,390,390,100,0,0,1,1,1
10987,2014,1350,200,390,390,100,0,0,1,1,1
10987,2015,1350,200,390,30,100,0,0,1,1,1
10987,2016,1350,200,390,30,100,0,0,1,1,1
10987,2017,1350,200,390,390,100,0,0,1,1,1
10987,2018,1350,200,390,390,100,0,0,1,1,1
10987,2019,1350,200,390,390,100,0,0,1,1,1
10987,2020,1350,200,390,390,100,0,0,1,1,1
10987,2021,1350,200,390,390,100,0,0,1,1,1
10987,2022,1250,200,390,390,100,0,0,1,1,1
10987,2023,1250,200,390,390,100,0,0,1,1,1
10988,2012,1100,150,600,500,400,0,0,1,1,1
10988,2013,1110,150,600,500,350,0,0,1,1,1
10988,2014,1113,169,433,493,121,0,0,1,1,1
10988,2015,1110,169,433,493,121,0,0,1,1,1
10988,2016,1105,180,425,489,130,0,0,1,1,1
10988,2017,1028,77,413,190,407,0,0,1,1,1
10988,2018,1032,79,415,194,409,0,0,1,1,1
10988,2019,1034,78,416,192,411,0,0,1,1,1
10988,2020,1037,75,411,197,421,0,0,1,1,1
10988,2021,1040,73,420,195,428,0,0,1,1,1
10988,2022,1041,77,425,191,435,0,0,1,1,1
10988,2023,1040,80,420,180,420,0,0,1,1,1
10989,2012,575,95,40,6,2,100,0,1,1,1
10989,2013,450,70,10,6,2,40,0,1,1,1
10989,2014,0,0,0,0,0,0,0,2a,2a,0
10989,2015,0,0,0,0,0,0,0,2a,2a,0
10989,2016,0,0,0,0,0,0,0,1,1,0
10989,2017,0,0,0,0,0,0,0,1,1,0
10989,2018,0,0,0,0,0,0,0,2c,2c,0
10989,2019,0,0,0,0,0,0,675,1,1,0
10989,2020,0,0,500,500,0,0,0,1,1,0
10989,2021,0,0,500,500,0,0,0,2c,3a,0
10989,2022,0,0,500,500,0,0,0,2c,3a,0
10989,2023,0,0,0,0,0,0,0,1,1,0
10990,2012,360,0,0,0,0,0,0,1,1,1
10990,2013,450,0,0,0,0,0,0,1,1,1
10990,2014,375,0,42,31,0,0,0,1,1,1
10990,2015,358,0,0,0,0,0,0,1,1,1
10990,2016,374,0,0,0,0,0,0,3a,2c,1
10990,2017,390,0,0,0,0,0,0,1,1,1
10990,2018,395,0,0,0,0,0,0,3a,2c,1
10990,2019,400,0,0,0,0,0,0,1,1,1
10990,2020,400,0,0,0,0,0,0,1,1,1
10990,2021,400,0,0,0,0,0,0,3a,2c,1
10990,2022,0,0,0,0,0,0,0,2a,2a,0
10990,2023,0,0,0,0,0,0,0,2a,2a,0
10991,2012,1280,175,90,290,0,291,0,1,1,1
10991,2013,1280,175,90,290,0,291,0,1,1,1
10991,2014,1280,175,90,290,0,291,0,3a,3a,1
10991,2015,1280,175,90,290,0,291,0,1,1,1
10991,2016,1280,175,90,290,0,291,0,1,1,1
10991,2017,1100,0,0,0,0,0,0,1,1,1
10991,2018,1100,100,200,200,200,0,0,1,1,1
10991,2019,1100,100,200,200,200,0,0,1,1,1
10991,2020,1095,95,200,200,200,200,0,1,1,1
10991,2021,1096,92,205,195,210,190,0,1,1,1
10991,2022,1094,90,210,195,200,200,0,1,1,1
10991,2023,1085,85,200,185,200,200,0,1,1,1
11817,2019,0,0,0,0,0,0,300,1,1,0
11817,2020,0,0,0,0,0,0,275,1,1,0
11817,2021,0,0,0,0,0,0,275,2c,3a,0
11817,2022,0,0,0,0,0,0,275,2c,3a,0
11817,2023,0,0,0,0,0,0,275,2c,3a,0
10992,2012,280,70,50,70,60,60,0,1,1,1
10992,2013,340,40,65,65,35,80,0,1,1,1
10992,2014,340,40,65,65,35,80,0,1,1,1
10992,2015,350,25,65,60,70,70,0,1,1,1
10992,2016,345,25,100,100,100,50,0,1,1,1
10992,2017,325,25,60,60,70,70,0,1,1,1
10992,2018,325,25,60,60,70,70,0,3a,3a,1
10992,2019,325,25,60,60,70,70,0,1,1,1
10992,2020,325,25,60,60,70,70,0,1,1,1
10992,2021,380,50,125,125,75,75,0,1,1,1
10992,2022,380,50,125,125,75,75,0,1,1,1
10992,2023,380,50,125,125,75,75,0,3a,3a,1
10993,2012,127,28,41,58,30,22,0,1,1,1
10993,2013,127,28,41,58,30,22,0,1,1,1
10993,2014,127,28,41,58,30,22,0,1,1,1
10993,2015,127,28,41,58,30,22,0,1,1,1
10993,2016,0,0,0,0,0,0,0,1,1,0
10993,2017,0,0,0,0,0,0,0,2a,2c,0
10993,2018,0,0,0,0,0,0,0,2a,2c,0
10993,2019,0,0,0,0,0,0,0,2a,2c,0
10993,2020,0,0,0,0,0,0,0,2a,2c,0
10993,2021,0,0,0,0,0,0,0,2a,2c,0
10993,2022,0,0,0,0,0,0,0,2a,2c,0
10993,2023,0,0,0,0,0,0,0,2a,2c,0
10994,2012,410,45,45,35,45,25,0,1,1,1
10994,2013,425,50,125,100,100,75,0,1,1,1
10994,2014,460,125,100,100,75,75,0,1,1,1
10994,2015,360,75,40,40,50,45,0,1,1,1
10994,2016,360,50,50,50,45,45,0,1,1,1
10994,2017,130,20,20,20,20,20,0,1,1,1
10994,2018,0,0,63,63,63,63,0,2a,3b,0
10994,2019,0,0,63,63,63,63,0,2a,3b,0
10994,2020,0,0,63,63,63,63,0,2a,3b,0
10994,2021,0,0,63,63,63,63,0,2a,3b,0
10994,2022,0,0,63,63,63,63,0,2a,3b,0
10994,2023,0,0,63,63,63,63,0,2a,3b,0
10995,2012,0,0,0,0,12,19,0,1,1,0
10995,2013,0,0,0,0,19,26,0,1,1,0
10995,2014,0,0,0,0,28,21,0,1,1,0
10995,2015,0,0,0,0,39,18,0,1,1,0
10995,2016,0,0,0,0,21,46,0,1,1,0
10995,2017,0,0,0,0,22,34,0,1,1,0
10995,2018,0,0,0,0,22,34,0,2c,3a,0
10995,2019,0,0,0,0,22,34,0,2c,3a,0
10995,2020,0,0,0,0,22,34,0,2c,3a,0
10995,2021,0,0,0,0,22,34,0,2c,3a,0
10995,2022,0,0,0,0,22,34,0,2c,3a,0
10995,2023,0,0,0,0,22,34,0,2c,3a,0
10996,2012,0,0,0,0,0,0,0,1,1,0
10996,2013,0,0,0,0,0,0,0,1,1,0
10996,2014,0,0,0,0,0,0,0,1,1,0
10996,2015,0,0,0,0,0,0,0,1,1,0
10996,2016,0,0,0,0,0,0,0,1,1,0
10996,2017,0,0,0,0,0,0,0,1,1,0
10996,2018,0,0,0,0,0,0,0,1,1,0
10996,2019,0,0,0,0,0,0,0,2a,2e,0
10996,2020,0,0,0,0,0,0,0,2a,2e,0
10996,2021,0,0,0,0,0,0,0,2a,2e,0
10996,2022,0,0,0,0,0,0,0,2a,2e,0
10996,2023,0,0,0,0,0,0,0,2a,2e,0
12001,2019,0,0,0,0,0,200,0,2c,3a,0
12001,2020,0,0,0,0,0,200,0,1,1,0
12001,2021,0,0,0,0,0,200,0,2c,3a,0
12001,2022,0,0,0,0,0,200,0,2c,3a,0
12001,2023,0,0,0,0,0,200,0,2c,3a,0
10997,2012,270,18,0,0,0,0,0,1,1,1
10997,2013,245,19,0,0,0,0,0,3a,3a,1
10997,2014,220,20,0,0,0,0,0,1,1,1
10997,2015,80,0,0,0,0,0,0,1,1,1
10997,2016,85,5,0,0,0,0,0,1,1,1
10997,2017,85,0,0,0,0,0,0,1,1,1
10997,2018,125,0,0,0,0,5,0,1,1,1
10997,2019,125,5,0,0,0,0,0,1,1,1
10997,2020,120,20,15,15,10,0,0,1,1,1
10997,2021,110,20,15,15,10,0,0,1,1,1
10997,2022,120,20,15,15,10,0,0,1,1,1
10997,2023,125,25,20,20,10,0,0,1,1,1
10998,2012,35,8,7,12,12,8,0,1,1,1
10998,2013,32,10,8,10,10,23,0,1,1,1
10998,2014,30,5,5,6,10,10,0,1,1,1
10998,2015,26,4,6,7,8,6,0,3a,3a,1
10998,2016,21,3,7,8,6,2,0,1,1,1
10998,2017,31,7,9,9,16,9,0,3a,3a,1
10998,2018,40,10,10,10,25,15,0,1,1,1
10998,2019,40,8,5,5,15,13,0,3a,3a,1
10998,2020,40,5,0,0,5,10,0,1,1,1
10998,2021,40,5,0,0,5,10,0,1,1,1
10998,2022,40,5,0,0,5,10,0,3a,3a,1
10998,2023,50,10,1,0,5,3,0,1,1,1
10999,2012,1400,119,150,280,0,0,0,1,1,1
10999,2013,1400,119,150,280,0,0,0,1,1,1
10999,2014,1400,119,150,280,0,0,0,1,1,1
10999,2015,1400,119,150,280,0,0,0,1,1,1
10999,2016,1400,119,150,280,0,0,0,1,1,1
10999,2017,1325,205,123,200,0,0,0,1,1,1
10999,2018,1325,195,120,150,0,0,0,1,1,1
10999,2019,1300,200,100,165,0,0,0,1,1,1
10999,2020,0,0,590,800,150,50,0,1,1,0
10999,2021,0,0,0,1621,0,0,0,1,1,0
10999,2022,0,0,0,1580,0,0,0,1,1,0
10999,2023,0,0,0,1240,0,0,0,1,1,0
11000,2012,300,0,50,50,30,30,0,1,1,1
11000,2013,300,0,55,50,30,30,0,1,1,1
11000,2014,300,50,55,50,30,30,0,1,1,1
11000,2015,300,50,55,50,30,30,0,1,1,1
11000,2016,200,50,50,50,30,30,0,1,1,1
11000,2017,220,50,50,50,30,30,0,1,1,1
11000,2018,200,30,35,35,20,20,0,1,1,1
11000,2019,150,25,25,25,15,15,0,1,1,1
11000,2020,150,25,25,25,15,15,0,1,1,1
11000,2021,0,0,0,0,0,0,0,1,1,0
11000,2022,0,0,0,0,0,0,0,1,1,0
11000,2023,0,0,0,0,0,0,0,1,1,0
12002,2012,0,0,0,0,0,0,0,2a,3g,0
12002,2013,0,0,0,0,0,0,0,2a,3g,0
12002,2014,0,0,0,0,0,0,0,2a,3g,0
12002,2015,0,0,0,0,0,0,0,2a,3g,0
12002,2016,0,0,0,0,0,0,0,2a,3g,0
12002,2017,0,0,0,0,0,0,0,2a,3g,0
12002,2018,0,0,0,0,0,0,0,2a,3g,0
12002,2019,0,0,0,0,0,0,0,2a,3g,0
12002,2020,0,0,0,0,0,0,0,2a,3g,0
12002,2021,0,0,0,0,0,0,0,2a,3g,0
12002,2022,0,0,0,0,0,0,0,2a,3g,0
12002,2023,0,0,0,0,0,0,0,2a,3g,0
11001,2012,938,101,360,459,89,6,0,1,1,1
11001,2013,980,100,350,460,80,6,0,1,1,1
11001,2014,985,95,360,470,85,10,0,1,1,1
11001,2015,1100,115,345,465,80,22,0,1,1,1
11001,2016,1103,115,339,476,106,33,0,1,1,1
11001,2017,1096,118,348,464,114,40,0,1,1,1
11001,2018,1092,100,352,459,117,42,0,1,1,1
11001,2019,2827,433,1016,975,0,0,0,1,1,1
11001,2020,2481,195,1014,975,0,0,0,1,1,1
11001,2021,2486,204,1009,984,0,0,0,1,1,1
11001,2022,2510,169,1072,1018,0,0,0,1,1,1
11001,2023,2496,200,1135,1043,0,0,0,1,1,1
11002,2012,906,106,212,267,285,920,0,1,1,1
11002,2013,945,105,208,265,290,930,0,1,1,1
11002,2014,950,100,210,270,285,920,0,1,1,1
11002,2015,980,95,210,223,900,2700,0,1,1,1
11002,2016,900,80,205,245,875,2715,0,1,1,1
11002,2017,760,87,0,0,1059,1051,0,1,1,1
11002,2018,750,86,0,0,1048,0,0,1,1,1
11002,2019,610,38,350,297,0,0,0,1,1,1
11002,2020,604,35,329,288,0,0,0,1,1,1
11002,2021,200,25,0,0,100,0,0,1,1,1
11002,2022,0,1,0,50,100,0,0,1,1,0
11002,2023,0,0,0,65,125,0,0,1,1,0
12003,2012,0,0,0,0,0,0,0,2a,3g,0
12003,2013,0,0,0,0,0,0,0,2a,3g,0
12003,2014,0,0,0,0,0,0,0,2a,3g,0
12003,2015,0,0,0,0,0,0,0,2a,3g,0
12003,2016,0,0,0,0,0,0,0,2a,3g,0
12003,2017,0,0,0,0,0,0,0,2a,3g,0
12003,2018,0,0,0,0,0,0,0,2a,3g,0
12003,2019,0,0,0,0,0,0,0,2a,3g,0
12003,2020,0,0,0,0,0,0,0,2a,3g,0
12003,2021,0,0,0,0,0,0,0,2a,3g,0
12003,2022,0,0,0,0,0,0,0,2a,3g,0
12003,2023,0,0,0,0,0,0,0,2a,3g,0
11003,2012,1375,160,685,580,345,25,0,3a,3a,1
11003,2013,1375,160,685,580,345,25,0,1,1,1
11003,2014,1200,150,675,256,248,0,0,1,1,1
11003,2015,1194,137,630,285,260,0,0,1,1,1
11003,2016,1238,160,667,307,258,0,0,1,1,1
11003,2017,1230,166,645,318,263,0,0,1,1,1
11003,2018,1262,173,643,321,268,0,0,1,1,1
11003,2019,1248,175,633,341,0,0,0,1,1,1
11003,2020,1267,180,643,365,0,0,0,1,1,1
11003,2021,1277,89,651,369,0,0,0,1,1,1
11003,2022,1291,85,658,333,0,0,0,1,1,1
11003,2023,1301,97,633,301,0,0,0,1,1,1
11004,2012,979,200,125,130,119,60,0,1,1,1
11004,2013,600,350,200,0,110,500,0,1,1,1
11004,2014,650,340,210,0,105,400,0,1,1,1
11004,2015,645,330,215,0,0,100,0,1,1,1
11004,2016,650,315,220,0,0,120,0,1,1,1
11004,2017,0,75,260,180,0,110,0,1,1,0
11004,2018,0,120,150,130,130,75,0,1,1,0
11004,2019,0,125,150,130,80,0,0,1,1,0
11004,2020,0,135,165,140,80,0,0,1,1,0
11004,2021,0,100,140,140,80,0,0,1,1,0
11004,2022,0,110,150,134,80,0,0,1,1,0
11004,2023,0,110,140,130,60,0,0,1,1,0
11005,2012,1102,198,403,403,201,201,0,1,1,1
11005,2013,1102,198,403,403,201,201,0,1,1,1
11005,2014,1121,195,430,433,235,225,0,1,1,1
11005,2015,1121,195,430,433,235,225,0,1,1,1
11005,2016,1087,189,400,400,199,199,0,1,1,1
11005,2017,1078,180,397,396,192,194,0,1,1,1
11005,2018,1072,176,382,391,188,187,0,1,1,1
11005,2019,1071,172,377,382,173,180,0,1,1,1
11005,2020,996,150,375,376,164,173,0,1,1,1
11005,2021,981,146,371,372,161,168,0,1,1,1
11005,2022,959,136,352,356,147,140,0,1,1,1
11005,2023,945,131,349,352,140,150,0,1,1,1
11006,2012,1232,168,488,432,167,0,0,1,1,1
11006,2013,1238,161,472,445,179,0,0,1,1,1
11006,2014,1211,172,498,405,154,0,0,1,1,1
11006,2015,1234,158,570,456,171,0,0,1,1,1
11006,2016,1229,163,572,474,173,0,0,1,1,1
11006,2017,1231,149,572,457,182,0,0,1,1,1
11006,2018,1235,156,580,462,176,0,0,1,1,1
11006,2019,1293,176,627,502,188,0,0,1,1,1
11006,2020,1293,176,627,502,188,0,0,1,1,1
11006,2021,1293,176,627,502,188,0,0,1,1,1
11006,2022,1299,175,620,500,185,0,0,1,1,1
11006,2023,1315,180,643,514,193,0,0,1,1,1
11007,2012,70,8,15,33,20,20,0,1,1,1
11007,2013,78,12,14,35,24,11,0,1,1,1
11007,2014,80,13,12,37,21,10,0,1,1,1
11007,2015,78,12,11,36,20,10,0,1,1,1
11007,2016,75,15,10,35,20,10,0,1,1,1
11007,2017,74,13,15,32,19,9,0,1,1,1
11007,2018,70,11,18,30,17,8,0,1,1,1
11007,2019,79,10,19,22,16,7,0,1,1,1
11007,2020,80,13,30,30,14,6,0,1,1,1
11007,2021,72,15,24,34,18,8,0,1,1,1
11007,2022,0,13,29,44,18,4,0,1,1,0
11007,2023,0,0,34,0,0,0,0,1,1,0
11008,2012,1425,210,448,231,210,300,0,1,1,1
11008,2013,1445,225,460,235,220,315,0,1,1,1
11008,2014,1453,256,677,493,157,118,0,1,1,1
11008,2015,1457,257,680,500,160,120,0,1,1,1
11008,2016,1450,264,650,525,170,100,0,1,1,1
11008,2017,1400,250,600,500,150,100,0,1,1,1
11008,2018,1500,214,575,525,160,90,0,1,1,1
11008,2019,1482,214,580,510,155,95,0,1,1,1
11008,2020,1512,200,570,515,150,0,0,1,1,1
11008,2021,1500,175,550,500,150,0,0,1,1,1
11008,2022,1500,200,550,550,500,250,0,1,1,1
11008,2023,1450,250,500,500,500,200,0,1,1,1
11009,2012,1700,72,900,695,0,0,0,3a,3a,1
11009,2013,1700,72,900,695,0,0,0,1,1,1
11009,2014,1700,72,900,695,0,0,0,1,1,1
11009,2015,1700,72,900,695,0,0,0,1,1,1
11009,2016,1700,72,900,695,0,0,0,1,1,1
11009,2017,1700,72,900,695,0,0,0,1,1,1
11009,2018,1700,72,900,695,0,0,0,1,1,1
11009,2019,1700,72,900,695,0,0,0,1,1,1
11009,2020,1700,72,900,695,0,0,0,1,1,1
11009,2021,1700,72,900,695,0,0,0,1,1,1
11009,2022,1700,72,900,695,0,0,0,3a,3a,1
11009,2023,1700,72,900,695,0,0,0,1,1,1
11010,2012,1182,146,453,487,456,0,0,3a,3a,1
11010,2013,1182,146,453,487,456,0,0,1,1,1
11010,2014,1156,140,436,479,446,0,0,1,1,1
11010,2015,1143,142,445,468,453,0,0,1,1,1
11010,2016,1153,139,452,458,445,0,0,1,1,1
11010,2017,1092,214,409,414,338,0,0,1,1,1
11010,2018,1199,97,390,390,0,0,0,1,1,1
11010,2019,1218,96,394,370,0,0,0,1,1,1
11010,2020,1193,91,399,345,0,0,0,1,1,1
11010,2021,1110,210,632,425,2555,1215,0,1,1,1
11010,2022,1184,177,655,438,2505,1192,0,1,1,1
11010,2023,1184,177,655,438,2505,1192,0,3a,3a,1
11011,2012,1592,320,60,0,186,803,0,1,1,1
11011,2013,1590,325,65,190,0,796,0,1,1,1
11011,2014,1592,320,60,0,186,803,0,1,1,1
11011,2015,1650,325,54,0,200,795,0,1,1,1
11011,2016,1727,327,77,0,228,791,0,1,1,1
11011,2017,1744,313,84,0,206,780,0,1,1,1
11011,2018,1365,243,195,0,0,0,0,1,1,1
11011,2019,1852,195,2047,0,0,0,0,1,1,1
11011,2020,1876,214,937,0,0,0,0,1,1,1
11011,2021,1887,219,943,0,0,0,0,1,1,1
11011,2022,1886,211,926,0,0,0,0,1,1,1
11011,2023,1861,195,975,0,0,0,0,1,1,1
11012,2012,2022,260,770,770,215,400,0,1,1,1
11012,2013,2040,251,776,765,412,196,0,1,1,1
11012,2014,2036,255,780,754,409,194,0,1,1,1
11012,2015,2030,260,775,761,415,197,0,1,1,1
11012,2016,2021,264,780,764,412,196,0,1,1,1
11012,2017,2031,268,788,766,413,197,0,1,1,1
11012,2018,2045,281,800,757,409,194,0,1,1,1
11012,2019,2051,293,788,765,414,197,0,1,1,1
11012,2020,2055,290,785,770,417,198,0,1,1,1
11012,2021,2075,311,792,783,421,201,0,1,1,1
11012,2022,2194,344,784,801,435,207,0,1,1,1
11012,2023,2160,332,761,819,0,655,0,1,1,1
11013,2012,3090,440,1000,690,450,30,0,3a,3a,1
11013,2013,3090,440,1000,690,450,30,0,1,1,1
11013,2014,3080,430,1010,695,455,35,0,1,1,1
11013,2015,3000,426,1087,613,457,45,0,1,1,1
11013,2016,3195,440,1063,634,455,57,0,1,1,1
11013,2017,3032,434,1084,619,446,42,0,1,1,1
11013,2018,3107,252,991,589,498,50,0,1,1,1
11013,2019,3032,436,972,581,489,51,0,1,1,1
11013,2020,3022,438,960,585,497,58,0,1,1,1
11013,2021,3034,433,947,596,505,56,0,1,1,1
11013,2022,3066,390,975,585,489,65,0,1,1,1
11013,2023,3043,370,1029,563,511,73,0,1,1,1
11014,2012,0,700,150,150,0,0,0,2a,3b,0
11014,2013,0,0,275,275,0,0,0,1,1,0
11014,2014,0,0,350,325,0,0,0,1,1,0
11014,2015,0,0,356,330,0,0,0,1,1,0
11014,2016,0,0,516,487,0,0,0,1,1,0
11014,2017,0,0,508,534,0,0,0,1,1,0
11014,2018,0,0,594,570,0,0,0,1,1,0
11014,2019,0,0,682,585,0,0,0,1,1,0
11014,2020,0,0,633,594,0,0,0,1,1,0
11014,2021,0,0,658,600,0,0,0,1,1,0
11014,2022,0,0,672,638,0,0,0,1,1,0
11014,2023,0,0,692,630,0,0,0,1,1,0
11015,2012,3300,200,1480,750,330,480,0,3a,3a,1
11015,2013,3300,200,1480,750,330,480,0,1,1,1
11015,2014,3310,380,1475,745,335,470,0,1,1,1
11015,2015,3300,350,1435,740,320,480,0,1,1,1
11015,2016,3369,388,1424,741,360,469,0,1,1,1
11015,2017,3353,395,1435,730,378,459,0,1,1,1
11015,2018,3362,390,1437,709,383,463,0,1,1,1
11015,2019,3346,381,1441,684,400,440,0,1,1,1
11015,2020,3363,394,1438,706,399,438,0,1,1,1
11015,2021,3358,399,1441,702,404,443,0,1,1,1
11015,2022,3217,438,1462,682,414,472,0,1,1,1
11015,2023,3329,424,1423,702,404,487,0,1,1,1
11016,2012,4100,465,995,975,225,0,0,3a,3a,1
11016,2013,4100,465,995,975,225,0,0,1,1,1
11016,2014,4150,515,1000,980,250,0,0,1,1,1
11016,2015,4100,520,1020,975,240,0,0,1,1,1
11016,2016,3515,586,1756,472,0,0,0,1,1,1
11016,2017,3530,272,1786,451,0,0,0,1,1,1
11016,2018,3526,273,1780,456,0,0,0,1,1,1
11016,2019,3492,264,1796,454,0,0,0,1,1,1
11016,2020,3489,256,1788,444,0,0,0,1,1,1
11016,2021,3452,251,1779,452,0,0,0,1,1,1
11016,2022,3462,264,1796,468,0,0,0,1,1,1
11016,2023,3479,271,1786,485,0,0,0,1,1,1
11017,2012,1009,210,172,375,226,226,0,1,1,1
11017,2013,1018,201,185,392,216,103,0,1,1,1
11017,2014,1015,200,187,395,217,103,0,1,1,1
11017,2015,1010,195,185,390,220,105,0,1,1,1
11017,2016,700,65,340,0,0,0,0,1,1,1
11017,2017,700,130,340,0,0,0,0,1,1,1
11017,2018,900,140,350,0,0,0,0,1,1,1
11017,2019,900,250,350,0,0,0,0,1,1,1
11017,2020,650,300,350,0,0,0,0,1,1,1
11017,2021,600,300,350,0,0,0,0,1,1,1
11017,2022,600,300,350,0,0,0,0,1,1,1
11017,2023,600,300,350,0,0,0,0,1,1,1
11018,2012,1489,218,386,438,0,0,0,1,1,1
11018,2013,1565,234,398,436,0,0,0,1,1,1
11018,2014,1530,150,350,0,0,0,0,1,1,1
11018,2015,1750,200,680,0,0,0,0,1,1,1
11018,2016,1800,350,700,500,0,0,0,1,1,1
11018,2017,1750,400,750,450,0,0,0,1,1,1
11018,2018,1722,374,722,459,0,0,0,3a,3a,1
11018,2019,1693,348,694,467,0,0,0,1,1,1
11018,2020,1743,350,700,498,0,0,0,1,1,1
11018,2021,1723,348,698,475,0,0,0,1,1,1
11018,2022,0,0,0,0,0,0,0,1,1,0
11018,2023,0,0,175,0,0,0,0,1,1,0
11019,2012,2930,515,1460,775,380,0,0,1,1,1
11019,2013,2940,530,1545,798,405,0,0,1,1,1
11019,2014,2885,515,1530,750,383,0,0,1,1,1
11019,2015,2900,510,1550,780,380,0,0,1,1,1
11019,2016,2850,500,1520,790,380,0,0,1,1,1
11019,2017,2500,495,1400,795,385,0,0,1,1,1
11019,2018,2300,470,1250,600,380,0,0,1,1,1
11019,2019,3728,250,1900,750,620,0,0,1,1,1
11019,2020,3715,250,1900,750,625,0,0,1,1,1
11019,2021,3705,255,1900,250,620,0,0,1,1,1
11019,2022,3600,240,1880,700,600,0,0,1,1,1
11019,2023,3600,240,1880,650,500,0,0,1,1,1
11020,2012,4148,569,798,786,1591,0,0,1,1,1
11020,2013,4400,580,780,790,1650,0,0,1,1,1
11020,2014,4415,590,775,780,1660,0,0,1,1,1
11020,2015,4000,610,750,760,1620,0,0,1,1,1
11020,2016,4704,624,805,774,1630,0,0,1,1,1
11020,2017,4715,615,819,758,1642,0,0,1,1,1
11020,2018,4631,609,809,745,1608,0,0,1,1,1
11020,2019,4624,605,300,900,300,0,0,1,1,1
11020,2020,4615,600,310,885,300,0,0,1,1,1
11020,2021,4700,625,315,890,310,0,0,1,1,1
11020,2022,4695,630,320,885,350,0,0,1,1,1
11020,2023,4680,615,340,875,360,0,0,1,1,1
11021,2012,4255,699,1496,1222,441,443,0,1,1,1
11021,2013,4260,701,1498,1222,441,442,0,1,1,1
11021,2014,3199,532,1127,917,346,332,0,1,1,1
11021,2015,4264,710,1500,1228,456,443,0,1,1,1
11021,2016,4256,693,1493,1218,448,444,0,1,1,1
11021,2017,4253,703,1494,1227,448,434,0,1,1,1
11021,2018,4253,703,1494,1227,448,434,0,1,1,1
11021,2019,4254,701,1491,1217,453,439,0,1,1,1
11021,2020,4174,671,1496,1204,452,319,0,1,1,1
11021,2021,4269,692,1484,1224,452,421,0,1,1,1
11021,2022,4262,700,1471,1219,446,427,0,1,1,1
11021,2023,4271,700,1495,1225,447,427,0,1,1,1
11022,2012,4823,1011,1662,1331,598,812,0,1,1,1
11022,2013,4827,1015,1667,1334,594,817,0,1,1,1
11022,2014,4830,1000,1659,1324,600,825,0,1,1,1
11022,2015,4973,999,1693,1384,631,832,0,3a,3a,1
11022,2016,5116,997,1727,1444,661,839,0,1,1,1
11022,2017,5125,975,1736,1439,638,826,0,1,1,1
11022,2018,5001,955,1701,1389,594,780,0,1,1,1
11022,2019,4091,942,1700,1379,600,775,0,1,1,1
11022,2020,4085,940,1685,1375,600,775,0,1,1,1
11022,2021,4075,925,1660,1360,620,760,0,1,1,1
11022,2022,5000,750,1640,1375,605,750,0,1,1,1
11022,2023,5025,760,1625,1360,600,775,0,1,1,1
11672,2012,3400,450,919,657,384,240,0,3b,3b,1
11672,2013,3400,450,919,657,384,240,0,3b,3b,1
11672,2014,3400,450,919,657,384,240,0,3b,3b,1
11672,2015,3400,450,919,657,384,240,0,3b,3b,1
11672,2016,3400,450,919,657,384,240,0,3b,3b,1
11672,2017,3950,550,915,654,382,239,0,3b,3b,1
11672,2018,4500,650,910,651,380,238,0,3b,3b,1
11672,2019,5050,750,906,647,378,236,0,3b,3b,1
11672,2020,5600,850,901,644,376,235,0,3b,3b,1
11672,2021,5600,850,901,644,376,235,0,3b,3b,1
11672,2022,5600,850,901,644,376,235,0,3b,3b,1
11672,2023,5600,850,901,644,376,235,0,3b,3b,1
11023,2012,4270,800,1985,1620,811,655,0,1,1,1
11023,2013,4282,773,1979,1580,806,384,0,1,1,1
11023,2014,4277,777,1970,1586,808,384,0,1,1,1
11023,2015,4270,775,1965,1580,806,384,0,1,1,1
11023,2016,4266,772,1960,1578,810,386,0,1,1,1
11023,2017,4270,781,1973,1582,1355,645,0,1,1,1
11023,2018,4151,709,1899,1482,743,354,0,1,1,1
11023,2019,4000,1000,430,454,90,89,0,1,1,1
11023,2020,4255,712,520,0,0,0,0,1,1,1
11023,2021,4242,709,514,0,0,0,0,1,1,1
11023,2022,4236,714,526,0,0,0,0,1,1,1
11023,2023,4224,707,518,0,0,0,0,1,1,1
11024,2012,1005,92,192,333,363,15,0,1,1,1
11024,2013,1000,90,200,300,350,15,0,1,1,1
11024,2014,1020,98,195,300,330,20,0,1,1,1
11024,2015,977,98,175,300,330,25,0,1,1,1
11024,2016,1069,86,196,335,358,27,0,1,1,1
11024,2017,1042,91,216,375,362,32,0,1,1,1
11024,2018,1021,128,229,400,352,39,0,1,1,1
11024,2019,1006,149,225,412,339,21,0,1,1,1
11024,2020,1401,195,633,658,477,24,0,1,1,1
11024,2021,1403,204,628,661,482,29,0,1,1,1
11024,2022,1843,243,648,607,465,37,0,1,1,1
11024,2023,1935,253,633,619,463,39,0,1,1,1
11025,2012,1556,239,392,381,349,0,0,1,1,1
11025,2013,1552,234,386,405,372,0,0,1,1,1
11025,2014,1497,239,663,504,183,0,0,1,1,1
11025,2015,1500,245,665,504,183,0,0,1,1,1
11025,2016,1600,240,675,520,200,0,0,1,1,1
11025,2017,1500,245,700,500,210,0,0,1,1,1
11025,2018,1475,260,725,475,200,0,0,1,1,1
11025,2019,1500,245,700,500,225,0,0,1,1,1
11025,2020,1490,220,710,480,210,0,0,1,1,1
11025,2021,1500,200,700,450,200,0,0,1,1,1
11025,2022,1500,240,700,450,200,0,0,1,1,1
11025,2023,1500,245,650,400,150,0,0,1,1,1
11026,2012,2480,400,0,0,0,0,0,1,1,1
11026,2013,2496,417,0,0,0,0,0,1,1,1
11026,2014,2819,479,0,0,0,0,0,1,1,1
11026,2015,2814,482,651,370,149,71,0,1,1,1
11026,2016,2810,482,0,0,102,48,0,1,1,1
11026,2017,2823,487,0,0,106,51,0,1,1,1
11026,2018,2612,284,614,845,682,682,0,1,1,1
11026,2019,2602,280,620,855,800,800,0,1,1,1
11026,2020,2630,305,610,875,800,800,0,1,1,1
11026,2021,2615,296,590,880,792,765,0,1,1,1
11026,2022,2625,289,575,860,785,795,0,1,1,1
11026,2023,2591,251,586,872,796,808,0,1,1,1
11027,2012,2401,243,475,509,288,312,0,1,1,1
11027,2013,2400,240,450,500,275,300,0,1,1,1
11027,2014,2420,230,455,512,280,305,0,1,1,1
11027,2015,2500,210,475,500,286,320,0,1,1,1
11027,2016,2447,224,477,472,243,399,0,1,1,1
11027,2017,2474,211,497,490,233,390,0,1,1,1
11027,2018,1950,195,507,536,390,390,0,1,1,1
11027,2019,1969,234,536,555,468,399,0,1,1,1
11027,2020,2193,243,511,536,487,414,0,1,1,1
11027,2021,2200,247,502,533,495,507,0,1,1,1
11027,2022,2242,195,520,563,474,487,0,1,1,1
11027,2023,2358,165,536,585,448,472,0,1,1,1
11028,2012,0,0,0,0,0,0,0,2b,2b,0
11028,2013,851,0,0,0,0,0,0,1,1,1
11028,2014,0,0,0,0,0,0,0,2b,2b,0
11028,2015,0,0,300,200,0,0,0,1,1,0
11028,2016,0,0,600,300,0,0,0,1,1,0
11028,2017,0,0,680,346,0,0,0,1,1,0
11028,2018,0,0,580,500,0,0,0,1,1,0
11028,2019,0,0,900,0,0,0,0,1,1,0
11028,2020,0,0,822,0,0,0,0,1,1,0
11028,2021,0,0,790,0,0,0,0,1,1,0
11028,2022,0,0,810,0,0,0,0,1,1,0
11028,2023,0,0,790,0,0,0,0,1,1,0
11029,2012,975,233,0,0,0,0,0,1,1,1
11029,2013,988,240,0,0,0,0,0,1,1,1
11029,2014,982,236,0,0,0,0,0,1,1,1
11029,2015,500,781,0,0,0,0,0,1,1,1
11029,2016,0,0,781,300,0,0,0,1,1,0
11029,2017,0,0,790,315,0,0,0,1,1,0
11029,2018,0,0,800,320,0,0,0,1,1,0
11029,2019,0,0,815,336,0,0,0,1,1,0
11029,2020,0,0,822,333,0,0,0,1,1,0
11029,2021,0,0,850,342,0,0,0,1,1,0
11029,2022,0,0,869,330,0,0,0,1,1,0
11029,2023,0,0,850,347,0,0,0,1,1,0
11030,2012,900,75,0,0,35,20,0,1,1,1
11030,2013,850,90,0,0,0,50,0,1,1,1
11030,2014,810,85,0,0,0,125,0,1,1,1
11030,2015,820,90,0,0,0,125,0,1,1,1
11030,2016,150,40,50,0,0,0,0,1,1,1
11030,2017,450,80,100,50,0,50,0,1,1,1
11030,2018,750,110,50,65,50,50,0,1,1,1
11030,2019,810,145,45,40,50,50,0,1,1,1
11030,2020,825,80,0,0,0,0,0,1,1,1
11030,2021,920,75,75,70,0,0,0,1,1,1
11030,2022,815,162,64,35,0,0,0,1,1,1
11030,2023,820,155,68,40,0,0,0,1,1,1
11031,2012,1050,110,0,0,180,0,0,1,1,1
11031,2013,1000,100,176,0,0,0,0,1,1,1
11031,2014,995,110,175,0,0,0,0,1,1,1
11031,2015,987,98,180,0,0,0,0,1,1,1
11031,2016,1121,117,190,0,0,0,0,1,1,1
11031,2017,1132,105,179,0,0,0,0,1,1,1
11031,2018,1140,100,180,0,0,0,0,1,1,1
11031,2019,1048,100,180,0,0,0,0,1,1,1
11031,2020,1020,100,180,0,65,0,0,1,1,1
11031,2021,1030,100,180,0,0,0,0,1,1,1
11031,2022,1010,100,170,0,0,0,0,1,1,1
11031,2023,1000,100,175,0,0,0,0,1,1,1
11032,2012,325,56,135,79,45,0,0,1,1,1
11032,2013,300,50,150,81,45,0,0,1,1,1
11032,2014,405,0,130,100,0,0,0,1,1,1
11032,2015,408,0,153,118,0,0,0,1,1,1
11032,2016,408,0,200,215,0,0,0,1,1,1
11032,2017,405,0,200,200,0,0,0,1,1,1
11032,2018,405,0,220,215,0,0,0,1,1,1
11032,2019,390,130,150,50,0,0,0,1,1,1
11032,2020,400,0,200,150,0,0,0,1,1,1
11032,2021,400,0,200,150,0,0,0,1,1,1
11032,2022,405,0,275,200,0,0,0,1,1,1
11032,2023,400,0,260,200,0,0,0,1,1,1
11033,2012,3325,468,681,1425,481,600,0,1,1,1
11033,2013,3320,473,684,1430,735,350,0,1,1,1
11033,2014,3328,462,690,1433,732,348,0,1,1,1
11033,2015,3320,452,685,1430,733,348,0,1,1,1
11033,2016,3375,488,680,1437,737,351,0,1,1,1
11033,2017,3460,544,689,1426,743,354,0,1,1,1
11033,2018,3465,540,685,1420,739,351,0,1,1,1
11033,2019,3469,545,680,1426,743,353,0,1,1,1
11033,2020,3470,540,688,1420,745,355,0,1,1,1
11033,2021,3490,555,695,1460,75,36,0,1,1,1
11033,2022,3517,510,708,1429,91,43,0,1,1,1
11033,2023,3492,488,691,1411,105,50,0,1,1,1
11818,2019,0,0,0,100,500,0,0,1,1,0
11818,2020,0,0,0,150,450,0,0,1,1,0
11818,2021,0,0,0,100,500,0,0,1,1,0
11818,2022,0,0,0,150,400,0,0,1,1,0
11818,2023,0,0,0,150,450,0,0,1,1,0
11034,2012,837,149,109,80,0,0,0,1,1,1
11034,2013,0,0,0,0,0,0,0,2a,2e,0
11034,2014,0,0,0,0,0,0,0,2a,2e,0
11034,2015,0,0,0,0,0,0,0,2a,2e,0
11034,2016,0,0,0,0,0,0,0,2a,2e,0
11034,2017,0,0,0,0,0,0,0,2a,2e,0
11034,2018,0,0,0,0,0,0,0,2a,2e,0
11034,2019,0,0,0,0,0,0,0,2a,2e,0
11034,2020,0,0,0,0,0,0,0,2a,2e,0
11034,2021,0,0,0,0,0,0,0,2a,2e,0
11034,2022,0,0,0,0,0,0,0,2a,2e,0
11034,2023,0,0,0,0,0,0,0,2a,2e,0
11035,2012,867,134,281,218,177,158,0,1,1,1
11035,2013,935,120,240,230,200,135,0,1,1,1
11035,2014,1000,148,685,450,200,150,0,1,1,1
11035,2015,965,74,676,475,184,157,0,3a,3a,1
11035,2016,929,0,667,499,168,163,0,1,1,1
11035,2017,1032,0,100,506,173,151,0,1,1,1
11035,2018,895,127,547,412,157,142,0,1,1,1
11035,2019,677,0,0,152,0,0,0,1,1,1
11035,2020,608,63,0,170,0,0,0,1,1,1
11035,2021,603,71,0,180,0,0,0,1,1,1
11035,2022,614,66,0,185,0,0,0,1,1,1
11035,2023,0,0,243,341,0,0,0,1,1,0
11036,2012,1220,137,455,455,185,10,0,1,1,1
11036,2013,1233,150,449,462,143,68,0,1,1,1
11036,2014,1228,152,445,465,142,68,0,1,1,1
11036,2015,1236,150,448,460,146,69,0,1,1,1
11036,2016,1230,154,440,453,143,68,0,1,1,1
11036,2017,1239,170,445,460,136,64,0,1,1,1
11036,2018,0,0,0,0,0,0,0,2b,2b,0
11036,2019,0,0,0,0,0,0,0,2b,2b,0
11036,2020,0,0,0,0,0,0,0,2a,2b,0
11036,2021,0,0,0,0,0,0,0,2a,2b,0
11036,2022,0,0,0,0,0,0,0,2a,2b,0
11036,2023,0,0,0,0,0,0,0,2a,2b,0
11037,2012,1795,338,0,111,100,47,0,3a,3a,1
11037,2013,1795,338,0,111,100,47,0,1,1,1
11037,2014,1792,333,0,119,103,49,0,1,1,1
11037,2015,1788,330,0,125,107,51,0,1,1,1
11037,2016,1765,338,0,132,112,54,0,1,1,1
11037,2017,1774,342,0,135,115,55,0,1,1,1
11037,2018,0,0,0,149,149,33,0,1,1,0
11037,2019,0,0,140,177,0,0,0,1,1,0
11037,2020,0,0,145,180,0,0,0,1,1,0
11037,2021,0,0,165,220,0,0,0,1,1,0
11037,2022,0,0,0,0,0,0,0,2b,2b,0
11037,2023,0,0,0,0,0,0,0,2b,2b,0
11038,2012,3708,534,1233,675,471,0,0,1,1,1
11038,2013,3900,520,1200,696,450,0,0,1,1,1
11038,2014,3895,525,1190,700,445,0,0,1,1,1
11038,2015,3975,510,1200,700,480,0,0,1,1,1
11038,2016,3634,441,1229,700,479,0,0,1,1,1
11038,2017,3638,506,1239,797,408,0,0,1,1,1
11038,2018,3658,492,1233,800,420,0,0,1,1,1
11038,2019,3618,544,1232,782,408,0,0,1,1,1
11038,2020,3753,585,1238,390,780,0,0,1,1,1
11038,2021,3768,596,1226,414,793,0,0,1,1,1
11038,2022,3802,586,1203,438,780,0,0,1,1,1
11038,2023,3778,585,1218,414,789,0,0,1,1,1
11039,2012,340,36,32,0,0,0,0,1,1,1
11039,2013,352,43,38,0,0,0,0,1,1,1
11039,2014,365,35,68,138,0,0,0,1,1,1
11039,2015,418,38,33,64,0,0,0,1,1,1
11039,2016,420,40,35,65,0,0,0,1,1,1
11039,2017,440,46,38,65,0,0,0,1,1,1
11039,2018,452,58,62,68,0,0,0,1,1,1
11039,2019,470,35,60,45,0,0,0,1,1,1
11039,2020,510,48,42,26,0,0,0,1,1,1
11039,2021,640,70,30,0,0,0,0,1,1,1
11039,2022,590,65,115,60,0,0,0,1,1,1
11039,2023,610,77,76,0,0,0,0,1,1,1
11040,2012,3371,470,675,663,671,425,0,1,1,1
11040,2013,3365,473,680,650,645,415,0,1,1,1
11040,2014,2940,443,989,997,468,396,0,1,1,1
11040,2015,3200,450,1000,1125,550,400,0,1,1,1
11040,2016,2739,390,799,1072,546,390,0,1,1,1
11040,2017,2751,377,819,1088,522,370,0,1,1,1
11040,2018,2967,388,820,1074,518,372,0,1,1,1
11040,2019,2921,367,808,1056,522,361,0,1,1,1
11040,2020,2924,365,802,1045,535,368,0,1,1,1
11040,2021,2814,335,794,1032,528,358,0,1,1,1
11040,2022,2829,346,810,1046,514,329,0,1,1,1
11040,2023,2836,351,816,1052,519,337,0,1,1,1
11041,2012,708,92,0,0,0,0,0,1,1,1
11041,2013,716,101,0,0,0,0,0,1,1,1
11041,2014,719,106,0,0,0,0,0,1,1,1
11041,2015,724,100,0,0,0,0,0,1,1,1
11041,2016,724,100,0,0,0,0,0,1,1,1
11041,2017,734,110,0,0,0,0,0,1,1,1
11041,2018,758,127,0,0,0,0,0,1,1,1
11041,2019,750,132,0,0,0,0,0,1,1,1
11041,2020,755,130,0,0,0,0,0,1,1,1
11041,2021,770,148,0,0,0,0,0,1,1,1
11041,2022,730,111,0,0,0,0,0,1,1,1
11041,2023,718,125,0,0,0,0,0,1,1,1
11042,2012,5271,772,1882,1721,653,0,0,1,1,1
11042,2013,5329,778,1822,1712,645,0,0,1,1,1
11042,2014,5062,848,2065,1429,707,0,0,1,1,1
11042,2015,5720,862,2000,2000,800,0,0,1,1,1
11042,2016,5715,860,1997,1999,798,0,0,1,1,1
11042,2017,5700,850,2000,2000,800,0,0,1,1,1
11042,2018,5675,875,2000,2000,827,0,0,1,1,1
11042,2019,5659,868,2000,2000,814,0,0,1,1,1
11042,2020,5650,870,2000,2000,820,0,0,1,1,1
11042,2021,5600,850,2000,2000,800,0,0,1,1,1
11042,2022,5200,850,1500,1500,500,0,0,1,1,1
11042,2023,5000,800,1400,1400,450,0,0,1,1,1
11043,2012,632,112,229,225,45,100,0,1,1,1
11043,2013,636,129,243,245,56,129,0,1,1,1
11043,2014,658,114,271,0,0,0,0,1,1,1
11043,2015,750,0,0,0,150,150,0,1,1,1
11043,2016,620,155,335,335,155,155,0,1,1,1
11043,2017,620,155,350,350,155,125,0,1,1,1
11043,2018,650,125,375,325,150,130,0,1,1,1
11043,2019,635,130,360,340,150,130,0,1,1,1
11043,2020,640,128,370,330,150,130,0,1,1,1
11043,2021,620,130,350,350,150,150,0,1,1,1
11043,2022,650,125,375,300,100,100,0,1,1,1
11043,2023,600,100,350,300,100,100,0,1,1,1
11044,2012,0,0,350,0,0,0,0,2a,3a,0
11044,2013,0,0,350,0,0,0,0,2a,3a,0
11044,2014,0,0,350,0,0,0,0,1,1,0
11044,2015,0,0,100,0,0,0,0,1,1,0
11044,2016,0,0,0,0,0,0,0,1,1,0
11044,2017,0,0,0,0,0,0,0,2c,2c,0
11044,2018,0,0,390,135,0,0,0,2c,3a,0
11044,2019,0,0,390,135,0,0,0,1,1,0
11044,2020,0,0,400,130,0,0,0,1,1,0
11044,2021,0,0,400,130,0,0,0,2c,3a,0
11044,2022,0,0,400,130,0,0,0,2c,3a,0
11044,2023,0,0,400,130,0,0,0,2c,3a,0
11045,2012,3440,639,52,0,0,2,0,1,1,1
11045,2013,0,0,0,0,0,0,0,1,1,0
11045,2014,1385,200,100,0,0,0,0,1,1,1
11045,2015,1380,185,110,565,278,995,0,1,1,1
11045,2016,2730,302,975,975,292,975,0,1,1,1
11045,2017,2610,268,936,955,276,955,0,1,1,1
11045,2018,2587,266,938,957,277,953,0,1,1,1
11045,2019,2580,256,922,945,261,953,0,1,1,1
11045,2020,2560,250,920,937,257,958,0,1,1,1
11045,2021,2570,245,925,933,280,950,0,1,1,1
11045,2022,2590,255,916,954,268,964,0,1,1,1
11045,2023,2598,271,925,943,245,955,0,1,1,1
11046,2012,300,43,35,37,34,39,0,1,1,1
11046,2013,0,40,0,0,0,0,0,1,1,0
11046,2014,80,0,0,0,0,0,0,3b,2a,1
11046,2015,80,0,0,0,0,0,0,3b,2a,1
11046,2016,80,0,0,0,0,0,0,3b,2a,1
11046,2017,80,0,0,0,0,0,0,3b,2a,1
11046,2018,80,0,0,0,0,0,0,3b,2a,1
11046,2019,80,0,0,0,0,0,0,3b,2a,1
11046,2020,80,0,0,0,0,0,0,3b,2a,1
11046,2021,75,0,0,0,0,0,0,3b,2a,1
11046,2022,75,0,0,0,0,0,0,3b,2a,1
11046,2023,75,0,0,0,0,0,0,3b,2a,1
11047,2012,3204,264,0,0,0,0,0,1,1,1
11047,2013,2846,235,0,0,0,0,0,1,1,1
11047,2014,4919,634,0,0,0,0,0,1,1,1
11047,2015,3732,1083,0,0,0,0,0,1,1,1
11047,2016,1613,432,11,944,0,0,0,1,1,1
11047,2017,1781,623,514,598,248,104,0,1,1,1
11047,2018,1781,623,514,598,248,104,0,1,1,1
11047,2019,2917,257,0,0,0,0,0,1,1,1
11047,2020,2917,257,0,0,0,0,0,1,1,1
11047,2021,3281,354,0,0,0,0,0,1,1,1
11047,2022,0,0,0,0,0,0,0,1,1,0
11047,2023,0,0,0,0,0,0,0,1,1,0
11048,2012,500,110,185,185,65,125,0,1,1,1
11048,2013,549,87,175,175,70,130,0,1,1,1
11048,2014,590,94,140,140,70,125,0,1,1,1
11048,2015,590,75,0,0,50,50,0,1,1,1
11048,2016,586,90,0,0,50,50,0,1,1,1
11048,2017,580,85,0,0,0,50,0,1,1,1
11048,2018,610,85,165,120,75,178,0,1,1,1
11048,2019,600,75,284,286,90,128,0,1,1,1
11048,2020,600,75,376,286,90,128,0,1,1,1
11048,2021,661,0,0,0,92,125,0,1,1,1
11048,2022,679,0,0,0,83,95,0,1,1,1
11048,2023,682,0,0,0,76,82,0,1,1,1
11049,2012,520,60,0,150,40,50,0,1,1,1
11049,2013,680,50,190,124,100,125,0,1,1,1
11049,2014,600,50,90,80,90,90,0,1,1,1
11049,2015,600,44,100,80,150,110,0,1,1,1
11049,2016,580,60,150,150,125,100,0,1,1,1
11049,2017,540,40,150,150,125,100,0,1,1,1
11049,2018,540,40,145,145,145,125,0,1,1,1
11049,2019,700,60,350,200,150,100,0,1,1,1
11049,2020,700,60,300,200,150,100,0,1,1,1
11049,2021,750,60,300,300,40,40,0,1,1,1
11049,2022,770,70,75,75,50,50,0,1,1,1
11049,2023,770,70,75,75,50,50,0,1,1,1
11050,2012,50,30,0,10,10,10,0,1,1,1
11050,2013,61,23,0,17,12,15,0,1,1,1
11050,2014,61,23,0,17,12,15,0,1,1,1
11050,2015,0,0,0,0,0,0,0,2b,2e,0
11050,2016,0,0,0,0,0,0,0,2b,2e,0
11050,2017,0,0,0,0,0,0,0,2b,2e,0
11050,2018,0,0,0,0,0,0,0,2b,2e,0
11050,2019,0,0,0,0,0,0,0,2b,2e,0
11050,2020,0,0,0,0,0,0,0,2b,2e,0
11050,2021,0,0,0,0,0,0,0,2b,2e,0
11050,2022,0,0,0,0,0,0,0,2b,2e,0
11050,2023,0,0,0,0,0,0,0,2b,2e,0
11051,2012,600,69,138,267,0,0,0,3a,3a,1
11051,2013,600,69,138,267,0,0,0,3a,3a,1
11051,2014,600,69,138,267,0,0,0,1,1,1
11051,2015,662,35,176,243,0,0,0,3a,3a,1
11051,2016,724,0,213,219,0,0,0,1,1,1
11051,2017,0,0,400,400,0,0,0,1,1,0
11051,2018,703,0,213,219,0,0,0,1,1,1
11051,2019,700,0,0,0,0,0,0,1,1,1
11051,2020,0,0,0,0,0,0,0,2b,2e,0
11051,2021,0,0,0,0,0,0,0,2b,2e,0
11051,2022,0,0,0,0,0,0,0,2b,2e,0
11051,2023,0,0,0,0,0,0,0,2b,2e,0
11052,2012,400,100,170,90,40,30,0,1,1,1
11052,2013,400,100,170,90,40,30,0,1,1,1
11052,2014,400,100,170,90,40,30,0,1,1,1
11052,2015,400,100,170,90,40,30,0,1,1,1
11052,2016,0,0,0,0,0,0,0,2b,2e,0
11052,2017,0,0,0,0,0,0,0,2b,2e,0
11052,2018,0,0,0,0,0,0,0,2b,2e,0
11052,2019,0,0,0,0,0,0,0,2b,2e,0
11052,2020,0,0,0,0,0,0,0,2b,2e,0
11052,2021,0,0,0,0,0,0,0,2b,2e,0
11052,2022,0,0,0,0,0,0,0,2b,2e,0
11052,2023,0,0,0,0,0,0,0,2b,2e,0
11053,2012,500,12,198,0,190,0,0,1,1,1
11053,2013,500,12,198,0,190,0,0,1,1,1
11053,2014,500,12,198,0,190,0,0,1,1,1
11053,2015,500,12,198,0,190,0,0,1,1,1
11053,2016,500,12,198,0,190,0,0,1,1,1
11053,2017,450,80,200,200,190,0,0,1,1,1
11053,2018,450,80,200,200,190,0,0,1,1,1
11053,2019,450,80,200,200,190,0,0,1,1,1
11053,2020,450,80,200,200,190,0,0,1,1,1
11053,2021,450,80,200,200,190,0,0,1,1,1
11053,2022,550,0,100,50,0,0,0,1,1,1
11053,2023,245,40,80,40,0,0,0,1,1,1
11054,2012,1000,200,200,450,250,250,0,1,1,1
11054,2013,1000,150,150,500,200,400,0,1,1,1
11054,2014,1015,210,0,0,0,0,0,1,1,1
11054,2015,1030,200,0,0,0,0,0,1,1,1
11054,2016,1094,225,0,0,0,0,0,1,1,1
11054,2017,975,97,103,411,312,144,0,1,1,1
11054,2018,1170,117,121,409,316,87,0,1,1,1
11054,2019,1179,131,117,399,312,73,0,1,1,1
11054,2020,1170,141,121,399,316,68,0,1,1,1
11054,2021,1184,143,112,402,312,78,0,1,1,1
11054,2022,1243,107,131,390,351,73,0,1,1,1
11054,2023,1276,117,112,398,396,48,0,1,1,1
11055,2012,0,0,0,0,0,0,0,2c,2c,0
11055,2013,0,0,0,0,0,0,0,1,1,0
11055,2014,0,0,0,0,0,0,0,1,1,0
11055,2015,0,0,0,0,0,0,0,2a,2c,0
11055,2016,0,0,0,0,0,0,0,2a,2c,0
11055,2017,0,0,0,0,0,0,0,2a,2c,0
11055,2018,0,0,0,0,0,0,0,2a,2c,0
11055,2019,0,0,0,0,0,0,0,2a,2c,0
11055,2020,0,0,0,0,0,0,0,2a,2c,0
11055,2021,0,0,0,0,0,0,0,2a,2c,0
11055,2022,0,0,0,0,0,0,0,2a,2c,0
11055,2023,0,0,0,0,0,0,0,2a,2c,0
11056,2012,40,10,10,10,5,5,0,1,1,1
11056,2013,40,10,10,10,5,5,0,1,1,1
11056,2014,40,10,10,10,5,5,0,1,1,1
11056,2015,0,0,0,0,0,0,0,2a,2a,0
11056,2016,0,0,0,0,0,0,0,2a,2a,0
11056,2017,0,0,0,0,0,0,0,2a,2a,0
11056,2018,0,0,0,0,0,0,0,2a,2a,0
11056,2019,0,0,0,0,0,0,0,2a,2a,0
11056,2020,0,0,0,0,0,0,0,2a,2a,0
11056,2021,0,0,0,0,0,0,0,2a,2a,0
11056,2022,0,0,0,0,0,0,0,2a,2a,0
11056,2023,0,0,0,0,0,0,0,2a,2a,0
11057,2012,235,47,70,0,20,0,0,1,1,1
11057,2013,0,0,0,0,0,0,0,2a,2a,0
11057,2014,0,0,0,0,0,0,0,2a,2a,0
11057,2015,0,0,0,0,0,0,0,2a,2a,0
11057,2016,0,0,0,0,0,0,0,2a,2a,0
11057,2017,0,0,0,0,0,0,0,2a,2a,0
11057,2018,0,0,0,0,0,0,0,2a,2a,0
11057,2019,0,0,0,0,0,0,0,2a,2a,0
11057,2020,0,0,0,0,0,0,0,2a,2a,0
11057,2021,0,0,0,0,0,0,0,2a,2a,0
11057,2022,0,0,0,0,0,0,0,2a,2a,0
11057,2023,0,0,0,0,0,0,0,2a,2a,0
11058,2012,500,40,30,30,0,0,0,1,1,1
11058,2013,500,40,30,30,0,0,0,1,1,1
11058,2014,500,40,30,30,0,0,0,1,1,1
11058,2015,500,40,30,30,0,0,0,1,1,1
11058,2016,500,40,30,30,0,0,0,1,1,1
11058,2017,439,43,105,105,110,110,0,1,1,1
11058,2018,450,50,50,50,50,50,0,1,1,1
11058,2019,430,65,85,88,88,88,0,1,1,1
11058,2020,430,65,80,75,75,75,0,1,1,1
11058,2021,430,60,80,75,75,75,0,1,1,1
11058,2022,430,60,80,75,75,75,0,1,1,1
11058,2023,425,60,80,75,75,75,0,1,1,1
11059,2012,220,25,40,50,50,30,0,1,1,1
11059,2013,220,25,40,50,50,30,0,1,1,1
11059,2014,220,25,40,50,50,30,0,1,1,1
11059,2015,190,30,50,50,30,25,0,1,1,1
11059,2016,190,30,50,50,30,25,0,1,1,1
11059,2017,190,30,50,50,30,25,0,1,1,1
11059,2018,190,30,50,50,30,25,0,1,1,1
11059,2019,190,30,50,50,30,25,0,1,1,1
11059,2020,190,30,50,50,30,25,0,1,1,1
11059,2021,190,30,50,50,30,25,0,1,1,1
11059,2022,190,30,50,50,30,25,0,1,1,1
11059,2023,190,30,50,50,30,25,0,1,1,1
11060,2012,800,800,200,200,125,0,0,1,1,1
11060,2013,700,180,180,0,0,0,0,1,1,1
11060,2014,850,118,65,65,65,65,0,1,1,1
11060,2015,800,130,300,300,300,275,0,1,1,1
11060,2016,0,0,0,0,0,0,0,1,1,0
11060,2017,0,0,0,0,0,0,0,1,1,0
11060,2018,1300,100,0,0,0,10,0,1,1,1
11060,2019,1600,200,0,0,0,0,0,1,1,1
11060,2020,1600,200,0,0,0,0,0,1,1,1
11060,2021,1624,120,0,0,0,0,0,1,1,1
11060,2022,1350,300,0,0,0,0,0,1,1,1
11060,2023,1350,300,0,0,0,0,0,3a,3a,1
11061,2012,840,80,177,150,100,74,0,1,1,1
11061,2013,840,80,177,150,100,74,0,1,1,1
11061,2014,840,80,177,150,100,74,0,1,1,1
11061,2015,0,0,240,250,18,9,0,1,1,0
11061,2016,0,0,150,0,0,0,0,1,1,0
11061,2017,0,0,0,0,0,0,0,1,1,0
11061,2018,0,0,120,200,0,0,0,1,1,0
11061,2019,0,0,120,100,107,0,0,1,1,0
11061,2020,0,0,100,125,125,0,0,1,1,0
11061,2021,0,0,350,200,0,0,0,1,1,0
11061,2022,0,0,200,200,100,0,0,1,1,0
11061,2023,0,0,200,200,100,0,0,1,1,0
12004,2012,280,30,80,50,50,20,0,3a,3a,1
12004,2013,0,0,0,50,50,0,0,2a,3b,0
12004,2014,0,0,0,0,0,0,0,2a,2e,0
12004,2015,0,0,0,0,0,0,0,2a,2e,0
12004,2016,0,0,0,0,0,0,0,2a,2e,0
12004,2017,0,0,0,0,0,0,0,2a,2e,0
12004,2018,0,0,0,0,0,0,0,2a,2e,0
12004,2019,0,0,0,0,0,0,0,2a,2e,0
12004,2020,0,0,0,0,0,0,0,2a,2e,0
12004,2021,0,0,0,0,0,0,0,2a,2e,0
12004,2022,0,0,0,0,0,0,0,2a,2e,0
12004,2023,0,0,0,0,0,0,0,2a,2e,0
11062,2012,30,10,10,10,10,8,0,1,1,1
11062,2013,35,12,12,12,10,10,0,1,1,1
11062,2014,35,10,12,12,10,10,0,1,1,1
11062,2015,30,6,5,5,5,5,0,1,1,1
11062,2016,29,7,3,3,3,7,0,1,1,1
11062,2017,34,8,5,5,5,0,0,1,1,1
11062,2018,35,9,5,5,5,3,0,3a,3a,1
11062,2019,35,10,5,5,5,5,0,1,1,1
11062,2020,35,10,5,5,5,5,0,1,1,1
11062,2021,35,10,5,5,5,5,0,3a,3a,1
11062,2022,0,0,0,0,0,0,0,2a,2a,0
11062,2023,0,0,0,0,0,0,0,2a,2a,0
11063,2012,300,60,65,150,120,34,0,1,1,1
11063,2013,300,50,125,100,90,42,0,1,1,1
11063,2014,250,50,85,110,45,30,0,1,1,1
11063,2015,200,30,60,50,30,20,0,1,1,1
11063,2016,0,0,0,0,0,0,0,2b,2b,0
11063,2017,0,0,0,0,0,0,0,2b,2b,0
11063,2018,0,0,0,0,0,0,0,2b,2b,0
11063,2019,0,0,0,0,0,0,0,2b,2b,0
11063,2020,0,0,0,0,0,0,0,2b,2b,0
11063,2021,0,0,0,0,0,0,0,2b,2b,0
11063,2022,0,0,0,0,0,0,0,2b,2b,0
11063,2023,0,0,0,0,0,0,0,2b,2b,0
12005,2019,0,0,0,0,0,0,0,2a,2e,0
12005,2020,0,0,0,0,0,0,0,2a,2e,0
12005,2021,0,0,0,0,0,0,0,2a,2e,0
12005,2022,0,0,0,0,0,0,0,2a,2e,0
12005,2023,0,0,0,0,0,0,0,2a,2e,0
11064,2012,750,150,275,250,125,125,0,1,1,1
11064,2013,750,150,275,250,125,125,0,1,1,1
11064,2014,750,150,275,250,125,125,0,1,1,1
11064,2015,750,150,275,250,125,125,0,1,1,1
11064,2016,750,150,275,250,125,125,0,1,1,1
11064,2017,750,150,275,250,125,125,0,1,1,1
11064,2018,685,100,275,250,125,125,0,1,1,1
11064,2019,685,100,275,250,125,125,0,1,1,1
11064,2020,685,100,275,250,125,125,0,1,1,1
11064,2021,685,100,275,250,125,125,0,1,1,1
11064,2022,685,100,275,250,125,125,0,1,1,1
11064,2023,685,100,275,250,125,125,0,1,1,1
11065,2012,1220,220,450,450,150,150,0,1,1,1
11065,2013,1300,320,450,450,150,150,0,1,1,1
11065,2014,1400,200,400,400,350,350,0,1,1,1
11065,2015,1400,200,400,400,350,350,0,1,1,1
11065,2016,1400,200,400,400,350,350,0,1,1,1
11065,2017,1400,170,410,410,415,420,0,1,1,1
11065,2018,1400,170,400,400,410,415,0,1,1,1
11065,2019,1400,170,400,400,425,425,0,1,1,1
11065,2020,1500,120,400,400,425,425,0,1,1,1
11065,2021,1400,200,500,500,200,200,0,1,1,1
11065,2022,1270,200,500,500,250,250,0,1,1,1
11065,2023,1300,200,500,500,250,250,0,1,1,1
11066,2012,255,1,0,11,30,25,0,1,1,1
11066,2013,255,1,0,11,30,25,0,1,1,1
11066,2014,200,0,0,11,30,25,0,1,1,1
11066,2015,0,0,0,0,0,0,0,2a,2a,0
11066,2016,0,0,0,0,0,0,0,2a,2a,0
11066,2017,0,0,0,0,0,0,0,2a,2a,0
11066,2018,0,0,0,0,0,0,0,2a,2a,0
11066,2019,0,0,0,0,0,0,0,2a,2a,0
11066,2020,0,0,0,0,0,0,0,2a,2a,0
11066,2021,0,0,0,0,0,0,0,2a,2a,0
11066,2022,0,0,0,0,0,0,0,2a,2a,0
11066,2023,0,0,0,0,0,0,0,2a,2a,0
11067,2012,80,20,20,20,18,15,0,1,1,1
11067,2013,0,0,0,0,0,0,0,2a,2a,0
11067,2014,0,0,0,0,0,0,0,2a,2a,0
11067,2015,0,0,0,0,0,0,0,2a,2a,0
11067,2016,0,0,0,0,0,0,0,2a,2a,0
11067,2017,0,0,0,0,0,0,0,2a,2a,0
11067,2018,0,0,0,0,0,0,0,2a,2a,0
11067,2019,0,0,0,0,0,0,0,2a,2a,0
11067,2020,0,0,0,0,0,0,0,2a,2a,0
11067,2021,0,0,0,0,0,0,0,2a,2a,0
11067,2022,0,0,0,0,0,0,0,2a,2a,0
11067,2023,0,0,0,0,0,0,0,2a,2a,0
11068,2012,3120,485,884,1168,414,0,0,3a,3a,1
11068,2013,3120,485,884,1168,414,0,0,3a,3a,1
11068,2014,3120,485,884,1168,414,0,0,1,1,1
11068,2015,3113,486,884,1168,414,0,0,1,1,1
11068,2016,3092,475,862,1157,402,435,0,1,1,1
11068,2017,3065,458,852,1145,386,430,0,1,1,1
11068,2018,3031,442,852,1145,386,430,0,1,1,1
11068,2019,3024,435,852,1145,386,430,0,1,1,1
11068,2020,3105,406,850,1200,350,420,0,1,1,1
11068,2021,3093,401,850,1200,350,420,0,1,1,1
11068,2022,3072,385,850,1200,350,0,0,1,1,1
11068,2023,3070,382,832,1200,347,0,0,1,1,1
11069,2012,2850,450,650,650,650,0,0,1,1,1
11069,2013,2850,450,650,650,400,0,0,1,1,1
11069,2014,2900,400,650,650,400,0,0,1,1,1
11069,2015,2900,400,650,650,400,0,0,1,1,1
11069,2016,2900,400,650,650,400,0,0,1,1,1
11069,2017,2900,400,1100,924,0,0,0,1,1,1
11069,2018,2900,400,1100,924,0,0,0,1,1,1
11069,2019,2900,400,1100,1000,400,0,0,1,1,1
11069,2020,2900,400,1100,1000,400,0,0,1,1,1
11069,2021,2940,425,1100,1000,400,0,0,1,1,1
11069,2022,2956,463,1060,945,394,0,0,1,1,1
11069,2023,2960,470,1055,960,390,0,0,1,1,1
11070,2012,2200,550,0,0,0,0,0,1,1,1
11070,2013,2200,550,0,0,0,0,0,1,1,1
11070,2014,2200,550,0,0,0,0,0,1,1,1
11070,2015,2341,538,0,0,0,0,0,1,1,1
11070,2016,2341,538,0,0,0,0,0,1,1,1
11070,2017,2438,477,0,0,0,0,0,1,1,1
11070,2018,2438,477,0,0,0,0,0,1,1,1
11070,2019,2488,391,1700,2700,730,0,0,1,1,1
11070,2020,2410,530,1700,2700,610,0,0,1,1,1
11070,2021,2430,535,1650,2700,680,0,0,1,1,1
11070,2022,2420,543,1660,2700,670,0,0,1,1,1
11070,2023,2390,475,1630,2500,650,0,0,1,1,1
11071,2012,3100,1100,0,0,0,0,0,1,1,1
11071,2013,3100,1100,0,0,0,0,0,1,1,1
11071,2014,3100,1100,0,0,0,0,0,1,1,1
11071,2015,3267,643,0,0,0,0,0,1,1,1
11071,2016,3267,643,0,0,0,0,0,1,1,1
11071,2017,3319,708,0,0,0,0,0,1,1,1
11071,2018,3319,708,0,0,0,0,0,1,1,1
11071,2019,3320,499,0,0,0,0,0,1,1,1
11071,2020,3240,750,0,0,0,0,0,1,1,1
11071,2021,3260,760,0,0,0,0,0,1,1,1
11071,2022,3265,750,0,0,0,0,0,1,1,1
11071,2023,3280,748,0,0,0,0,0,1,1,1
11072,2012,820,148,290,270,90,0,0,1,1,1
11072,2013,0,0,650,650,0,0,0,1,1,0
11072,2014,0,0,655,655,0,0,0,1,1,0
11072,2015,0,0,675,346,286,511,0,1,1,0
11072,2016,0,0,0,298,291,0,0,1,1,0
11072,2017,0,0,0,327,300,0,0,1,1,0
11072,2018,0,0,0,350,300,0,0,1,1,0
11072,2019,0,0,0,0,0,0,0,2b,2b,0
11072,2020,0,0,0,0,0,0,0,2b,2b,0
11072,2021,0,0,0,0,0,0,0,2b,2b,0
11072,2022,0,0,0,0,0,0,0,2b,2b,0
11072,2023,0,0,0,0,0,0,0,2b,2b,0
11073,2012,775,116,260,220,0,0,0,1,1,1
11073,2013,845,105,310,340,0,0,0,1,1,1
11073,2014,856,96,248,405,124,123,0,1,1,1
11073,2015,815,132,360,247,137,136,0,1,1,1
11073,2016,825,116,203,87,275,0,0,1,1,1
11073,2017,879,70,270,320,0,0,0,1,1,1
11073,2018,875,70,240,290,0,0,0,1,1,1
11073,2019,849,98,283,241,0,0,0,1,1,1
11073,2020,828,120,209,242,0,0,0,1,1,1
11073,2021,870,78,227,263,0,0,0,1,1,1
11073,2022,878,70,232,270,0,0,0,1,1,1
11073,2023,870,72,245,246,0,0,0,1,1,1
11074,2012,640,80,0,0,100,100,0,1,1,1
11074,2013,640,80,0,0,100,100,0,1,1,1
11074,2014,642,80,0,0,100,100,0,1,1,1
11074,2015,650,50,0,0,100,100,0,1,1,1
11074,2016,647,48,0,0,100,100,0,1,1,1
11074,2017,610,80,0,0,160,0,0,1,1,1
11074,2018,625,60,0,0,170,0,0,1,1,1
11074,2019,615,70,0,0,170,0,0,1,1,1
11074,2020,625,60,0,0,180,0,0,1,1,1
11074,2021,635,50,0,0,200,0,0,1,1,1
11074,2022,640,55,0,0,210,0,0,1,1,1
11074,2023,635,50,0,0,205,0,0,1,1,1
11075,2012,275,0,0,210,0,0,0,1,1,1
11075,2013,285,0,0,0,0,0,0,1,1,1
11075,2014,280,0,0,0,0,0,0,1,1,1
11075,2015,285,0,0,0,0,0,0,1,1,1
11075,2016,280,0,0,0,0,0,0,1,1,1
11075,2017,280,0,0,0,0,0,0,1,1,1
11075,2018,280,0,0,0,0,0,0,1,1,1
11075,2019,280,0,0,0,0,0,0,1,1,1
11075,2020,0,0,296,0,0,0,0,1,1,0
11075,2021,0,0,293,0,0,0,0,1,1,0
11075,2022,0,0,295,0,0,0,0,1,1,0
11075,2023,143,0,148,0,0,0,0,1,1,1
12006,2019,0,72,0,177,80,0,0,2c,3a,0
12006,2020,0,72,0,177,80,0,0,1,1,0
12006,2021,0,65,0,173,71,0,0,1,1,0
12006,2022,0,62,0,168,64,0,0,1,1,0
12006,2023,0,65,0,162,60,0,0,1,1,0
11076,2012,600,15,220,230,0,0,0,1,1,1
11076,2013,600,15,220,230,0,0,0,1,1,1
11076,2014,600,15,220,230,0,0,0,1,1,1
11076,2015,600,15,220,230,0,0,0,1,1,1
11076,2016,600,15,220,230,0,0,0,1,1,1
11076,2017,500,15,220,230,0,0,0,1,1,1
11076,2018,500,1,195,115,0,0,0,1,1,1
11076,2019,500,1,195,115,0,0,0,1,1,1
11076,2020,500,1,195,115,0,0,0,1,1,1
11076,2021,0,0,0,0,0,0,0,1,1,0
11076,2022,0,0,0,0,0,0,0,1,1,0
11076,2023,0,0,0,0,0,0,0,2a,2a,0
11077,2012,1449,179,0,0,0,0,0,1,1,1
11077,2013,1449,179,0,0,0,0,0,1,1,1
11077,2014,1449,179,0,0,0,0,0,1,1,1
11077,2015,1449,179,523,356,167,205,0,1,1,1
11077,2016,1449,179,523,356,167,205,0,1,1,1
11077,2017,1449,179,523,356,167,205,0,1,1,1
11077,2018,1449,179,523,356,167,205,0,1,1,1
11077,2019,1449,179,523,356,167,205,0,1,1,1
11077,2020,1449,179,523,356,167,205,0,1,1,1
11077,2021,1449,179,523,356,167,205,0,1,1,1
11077,2022,1449,179,523,356,167,205,0,1,1,1
11077,2023,1333,164,523,356,167,0,0,1,1,1
11078,2012,840,90,200,280,245,60,0,1,1,1
11078,2013,820,140,500,300,150,150,0,1,1,1
11078,2014,841,132,500,300,150,150,0,1,1,1
11078,2015,796,134,500,300,150,150,0,1,1,1
11078,2016,795,135,500,300,150,150,0,1,1,1
11078,2017,810,85,225,150,180,120,0,1,1,1
11078,2018,805,80,215,150,175,120,0,1,1,1
11078,2019,731,83,319,185,185,100,0,1,1,1
11078,2020,652,106,210,141,105,100,0,1,1,1
11078,2021,648,110,215,145,100,98,0,1,1,1
11078,2022,655,104,222,139,109,100,0,1,1,1
11078,2023,640,110,245,148,120,97,0,1,1,1
11079,2012,374,60,120,180,50,40,0,1,1,1
11079,2013,355,80,125,190,62,39,0,1,1,1
11079,2014,360,80,150,190,65,40,0,1,1,1
11079,2015,360,80,150,190,65,40,0,1,1,1
11079,2016,0,0,150,190,65,0,0,1,1,0
11079,2017,0,0,150,190,15,0,0,1,1,0
11079,2018,0,0,140,96,140,0,0,1,1,0
11079,2019,0,60,99,153,0,0,0,1,1,0
11079,2020,0,200,0,150,0,0,0,1,1,0
11079,2021,0,0,220,125,0,0,0,1,1,0
11079,2022,0,0,250,150,0,0,0,1,1,0
11079,2023,0,0,100,225,0,0,0,1,1,0
11080,2012,223,33,0,18,38,26,0,1,1,1
11080,2013,223,33,0,18,38,26,0,1,1,1
11080,2014,227,36,0,22,38,29,0,1,1,1
11080,2015,237,42,0,25,42,35,0,1,1,1
11080,2016,245,45,0,30,45,35,0,1,1,1
11080,2017,252,48,0,33,48,37,0,1,1,1
11080,2018,200,50,0,0,30,30,0,1,1,1
11080,2019,220,35,0,0,32,34,0,1,1,1
11080,2020,0,0,0,0,0,0,0,1,1,0
11080,2021,0,0,0,0,0,0,0,1,1,0
11080,2022,0,0,0,0,0,0,0,2b,2b,0
11080,2023,0,0,0,0,0,0,0,1,1,0
12007,2019,0,0,0,0,0,0,0,2c,3g,0
12007,2020,0,0,0,0,0,0,0,2c,3g,0
12007,2021,0,0,0,0,0,0,0,2c,3g,0
12007,2022,0,0,0,0,0,0,0,2c,3g,0
12007,2023,0,0,0,0,0,0,0,2c,3g,0
11081,2012,288,51,150,70,0,0,0,1,1,1
11081,2013,285,49,145,64,0,0,0,1,1,1
11081,2014,288,48,200,200,0,0,0,1,1,1
11081,2015,290,48,175,100,0,0,0,1,1,1
11081,2016,293,45,177,97,0,0,0,3a,3a,1
11081,2017,295,42,179,93,0,0,0,1,1,1
11081,2018,300,39,180,200,0,0,0,1,1,1
11081,2019,300,35,175,200,0,0,0,1,1,1
11081,2020,309,28,183,193,0,0,0,1,1,1
11081,2021,314,25,180,189,0,0,0,1,1,1
11081,2022,314,25,175,190,0,0,0,1,1,1
11081,2023,320,21,170,182,0,0,0,1,1,1
11082,2012,510,0,120,120,0,0,0,1,1,1
11082,2013,450,70,50,50,0,0,0,1,1,1
11082,2014,450,100,75,75,0,0,0,1,1,1
11082,2015,459,48,82,79,0,0,0,1,1,1
11082,2016,450,45,78,75,0,0,0,1,1,1
11082,2017,490,68,142,0,0,0,0,1,1,1
11082,2018,485,53,121,0,0,0,0,3a,3a,1
11082,2019,480,37,100,0,0,0,0,1,1,1
11082,2020,488,40,95,0,0,0,0,1,1,1
11082,2021,490,43,95,0,0,0,0,3a,3a,1
11082,2022,492,45,95,0,0,0,0,1,1,1
11082,2023,492,45,95,0,0,0,0,3a,3a,1
11083,2012,1250,310,475,475,450,0,0,1,1,1
11083,2013,2650,800,500,500,0,0,0,1,1,1
11083,2014,2600,1000,800,800,0,0,0,1,1,1
11083,2015,2600,1100,1550,950,950,0,0,1,1,1
11083,2016,2761,909,707,796,793,0,0,1,1,1
11083,2017,2935,254,283,1000,800,0,0,1,1,1
11083,2018,2800,900,360,960,660,0,0,1,1,1
11083,2019,3158,1163,1150,790,934,0,0,1,1,1
11083,2020,2750,1266,1358,999,1143,0,0,1,1,1
11083,2021,2750,1270,1350,1000,1150,0,0,1,1,1
11083,2022,2750,1270,1350,1000,1150,0,0,1,1,1
11083,2023,2750,1270,1350,1000,1150,0,0,1,1,1
11084,2012,500,75,20,0,0,0,0,1,1,1
11084,2013,575,0,350,0,0,0,0,1,1,1
11084,2014,518,0,300,0,0,0,0,1,1,1
11084,2015,575,0,0,0,0,0,0,1,1,1
11084,2016,520,0,188,131,0,0,0,1,1,1
11084,2017,496,0,450,0,0,0,0,1,1,1
11084,2018,500,0,600,0,0,0,0,1,1,1
11084,2019,575,0,163,0,0,0,0,1,1,1
11084,2020,515,0,400,0,0,0,0,1,1,1
11084,2021,510,0,425,0,0,0,0,1,1,1
11084,2022,515,0,500,0,0,0,0,1,1,1
11084,2023,515,0,500,0,0,0,0,1,1,1
11085,2012,890,215,330,340,50,0,0,1,1,1
11085,2013,971,220,340,280,167,0,0,1,1,1
11085,2014,950,166,350,260,180,0,0,1,1,1
11085,2015,962,154,340,230,200,0,0,1,1,1
11085,2016,968,148,304,319,299,0,0,1,1,1
11085,2017,980,130,310,435,264,0,0,1,1,1
11085,2018,970,135,300,440,270,0,0,1,1,1
11085,2019,975,129,285,420,300,0,0,1,1,1
11085,2020,980,128,265,300,200,0,0,1,1,1
11085,2021,972,130,270,298,192,0,0,1,1,1
11085,2022,900,145,420,300,70,0,0,1,1,1
11085,2023,905,145,415,295,75,0,0,1,1,1
11086,2012,1100,225,0,0,50,0,0,1,1,1
11086,2013,950,0,0,0,0,0,0,1,1,1
11086,2014,1400,0,220,960,0,0,0,1,1,1
11086,2015,1300,0,250,1000,0,0,0,1,1,1
11086,2016,1160,0,350,508,448,0,0,1,1,1
11086,2017,1068,0,450,575,575,0,0,1,1,1
11086,2018,1300,0,675,675,675,0,0,1,1,1
11086,2019,1135,0,542,118,337,0,0,1,1,1
11086,2020,1135,0,450,575,575,0,0,1,1,1
11086,2021,1200,0,460,550,550,0,0,1,1,1
11086,2022,1200,0,450,570,500,0,0,1,1,1
11086,2023,1300,0,480,560,520,0,0,1,1,1
11087,2012,450,60,250,170,56,82,0,1,1,1
11087,2013,450,60,250,170,56,82,0,1,1,1
11087,2014,450,60,250,170,56,82,0,1,1,1
11087,2015,450,60,250,170,55,85,0,1,1,1
11087,2016,450,60,250,170,55,55,0,1,1,1
11087,2017,450,60,250,170,55,55,0,1,1,1
11087,2018,450,60,250,170,55,55,0,1,1,1
11087,2019,450,60,250,170,55,55,0,1,1,1
11087,2020,450,60,250,170,55,55,0,1,1,1
11087,2021,450,60,250,170,55,55,0,1,1,1
11087,2022,450,60,250,170,55,55,0,1,1,1
11087,2023,450,60,250,170,55,55,0,1,1,1
11088,2012,513,56,144,57,42,91,0,1,1,1
11088,2013,450,100,35,0,0,0,0,1,1,1
11088,2014,466,55,0,0,0,0,0,1,1,1
11088,2015,426,98,0,0,0,0,0,1,1,1
11088,2016,0,0,800,100,0,0,0,1,1,0
11088,2017,0,0,800,100,0,0,0,1,1,0
11088,2018,0,0,200,200,0,0,0,1,1,0
11088,2019,0,0,745,165,0,0,0,1,1,0
11088,2020,0,0,600,250,0,0,0,1,1,0
11088,2021,0,0,610,250,0,0,0,1,1,0
11088,2022,0,0,600,150,0,0,0,1,1,0
11088,2023,0,0,335,80,0,0,0,1,1,0
11089,2012,370,61,140,100,60,0,0,1,1,1
11089,2013,370,61,140,100,60,0,0,1,1,1
11089,2014,500,0,0,0,0,0,0,1,1,1
11089,2015,430,0,0,0,0,0,0,1,1,1
11089,2016,430,0,0,0,0,0,0,1,1,1
11089,2017,430,0,0,0,0,0,0,1,1,1
11089,2018,430,0,645,0,0,0,0,1,1,1
11089,2019,430,0,588,0,0,0,0,1,1,1
11089,2020,430,1,0,0,0,0,0,1,1,1
11089,2021,430,1,0,0,0,0,0,1,1,1
11089,2022,430,1,0,0,0,0,0,1,1,1
11089,2023,430,1,800,300,0,0,0,1,1,1
11090,2012,497,60,30,45,35,0,0,1,1,1
11090,2013,497,60,30,45,35,0,0,1,1,1
11090,2014,497,60,30,45,35,0,0,1,1,1
11090,2015,497,60,30,45,35,0,0,1,1,1
11090,2016,497,60,30,45,35,0,0,1,1,1
11090,2017,497,60,30,45,35,0,0,1,1,1
11090,2018,497,60,30,45,35,0,0,1,1,1
11090,2019,497,60,30,45,35,0,0,1,1,1
11090,2020,500,55,240,290,170,0,0,1,1,1
11090,2021,505,55,310,315,65,0,0,1,1,1
11090,2022,510,55,380,310,148,0,0,1,1,1
11090,2023,505,58,385,315,145,0,0,1,1,1
11091,2012,400,63,75,50,25,20,0,1,1,1
11091,2013,200,30,40,55,50,0,0,1,1,1
11091,2014,200,50,50,150,50,0,0,1,1,1
11091,2015,200,50,150,50,100,0,0,1,1,1
11091,2016,200,45,100,100,50,100,0,1,1,1
11091,2017,230,48,110,120,60,90,0,1,1,1
11091,2018,300,45,125,135,90,100,0,1,1,1
11091,2019,200,100,200,100,200,0,0,1,1,1
11091,2020,200,50,200,50,50,0,0,1,1,1
11091,2021,205,43,196,50,48,0,0,1,1,1
11091,2022,200,45,187,62,51,0,0,1,1,1
11091,2023,205,42,190,60,55,0,0,1,1,1
11092,2012,1300,80,510,450,200,0,0,1,1,1
11092,2013,1160,140,0,0,0,0,0,1,1,1
11092,2014,1803,316,0,0,0,0,0,3a,3a,1
11092,2015,1803,316,0,0,0,0,0,1,1,1
11092,2016,1859,236,547,0,0,0,0,1,1,1
11092,2017,1842,233,761,327,300,0,0,1,1,1
11092,2018,1778,320,802,0,0,0,0,1,1,1
11092,2019,1889,254,724,649,227,0,0,1,1,1
11092,2020,1912,274,660,613,405,0,0,1,1,1
11092,2021,2000,270,665,635,425,0,0,1,1,1
11092,2022,1963,314,730,751,210,0,0,1,1,1
11092,2023,1968,309,715,780,200,0,0,1,1,1
11093,2012,1800,198,793,708,253,335,0,1,1,1
11093,2013,1800,198,793,708,253,335,0,1,1,1
11093,2014,1800,190,793,708,253,335,0,1,1,1
11093,2015,1800,190,793,708,253,335,0,3a,3a,1
11093,2016,1800,190,793,708,253,335,0,1,1,1
11093,2017,1800,190,793,708,253,335,0,1,1,1
11093,2018,1800,190,793,708,253,335,0,1,1,1
11093,2019,1800,190,793,708,253,335,0,1,1,1
11093,2020,1800,190,793,708,253,335,0,1,1,1
11093,2021,1800,190,793,708,253,335,0,1,1,1
11093,2022,1800,190,793,708,253,335,0,1,1,1
11093,2023,1800,190,793,708,253,335,0,1,1,1
11094,2012,200,30,90,90,30,30,0,1,1,1
11094,2013,110,15,110,30,65,20,0,1,1,1
11094,2014,130,8,110,50,70,20,0,1,1,1
11094,2015,150,25,75,80,40,30,0,1,1,1
11094,2016,0,50,200,150,120,0,0,1,1,0
11094,2017,0,50,388,360,280,0,0,1,1,0
11094,2018,0,100,120,230,250,0,0,1,1,0
11094,2019,0,100,120,230,250,0,0,1,1,0
11094,2020,0,50,320,300,150,0,0,1,1,0
11094,2021,0,0,457,173,127,0,0,1,1,0
11094,2022,0,0,399,47,80,0,0,1,1,0
11094,2023,0,0,398,55,80,0,0,1,1,0
11095,2012,2100,480,700,700,300,0,0,1,1,1
11095,2013,2100,480,700,700,300,0,0,1,1,1
11095,2014,2075,440,650,650,250,0,0,1,1,1
11095,2015,2075,440,650,650,250,0,0,1,1,1
11095,2016,2075,440,650,650,250,0,0,1,1,1
11095,2017,2100,440,650,650,250,0,0,1,1,1
11095,2018,2100,440,650,650,250,0,0,1,1,1
11095,2019,2100,440,650,650,250,0,0,1,1,1
11095,2020,2100,220,650,650,250,0,0,1,1,1
11095,2021,2200,300,650,650,250,0,0,1,1,1
11095,2022,2200,300,650,650,250,0,0,1,1,1
11095,2023,2200,300,650,650,250,0,0,1,1,1
11096,2012,600,70,0,0,100,100,0,1,1,1
11096,2013,600,70,0,0,100,100,0,1,1,1
11096,2014,700,50,100,80,80,80,0,1,1,1
11096,2015,700,50,100,80,80,80,0,1,1,1
11096,2016,700,50,100,80,80,80,0,1,1,1
11096,2017,700,50,100,80,80,80,0,1,1,1
11096,2018,700,50,100,80,80,80,0,1,1,1
11096,2019,700,50,200,0,0,100,0,1,1,1
11096,2020,700,50,200,0,0,100,0,1,1,1
11096,2021,700,50,200,0,0,100,0,1,1,1
11096,2022,600,90,200,0,0,100,0,1,1,1
11096,2023,600,90,200,0,0,100,0,1,1,1
11097,2012,0,0,0,0,0,0,0,1,1,0
11097,2013,0,0,0,0,0,0,0,1,1,0
11097,2014,0,0,360,520,0,0,0,1,1,0
11097,2015,0,0,460,320,0,0,0,1,1,0
11097,2016,0,0,0,520,0,0,0,1,1,0
11097,2017,0,0,100,645,439,0,0,1,1,0
11097,2018,0,0,110,830,310,0,0,1,1,0
11097,2019,0,0,110,830,310,0,0,1,1,0
11097,2020,0,0,110,830,310,0,0,1,1,0
11097,2021,0,0,50,1070,125,0,0,1,1,0
11097,2022,0,0,70,1130,0,0,0,1,1,0
11097,2023,0,0,65,1140,0,0,0,1,1,0
11098,2012,220,30,180,240,0,0,0,1,1,1
11098,2013,0,0,0,0,0,0,0,2a,2a,0
11098,2014,0,0,0,0,0,0,0,2a,2a,0
11098,2015,0,0,0,0,0,0,0,2a,2a,0
11098,2016,0,0,0,0,0,0,0,2a,2a,0
11098,2017,0,0,0,0,0,0,0,2a,2a,0
11098,2018,0,0,0,0,0,0,0,2a,2a,0
11098,2019,0,0,0,0,0,0,0,2a,2a,0
11098,2020,0,0,0,0,0,0,0,2a,2a,0
11098,2021,0,0,0,0,0,0,0,2a,2a,0
11098,2022,0,0,0,0,0,0,0,2a,2a,0
11098,2023,0,0,0,0,0,0,0,2a,2a,0
11099,2012,1300,145,115,0,0,0,0,3a,3a,1
11099,2013,1300,145,115,0,0,0,0,1,1,1
11099,2014,1350,135,118,0,0,0,0,1,1,1
11099,2015,1400,100,90,0,0,0,0,1,1,1
11099,2016,1374,146,73,0,0,0,0,1,1,1
11099,2017,1347,118,85,0,0,0,0,1,1,1
11099,2018,1340,102,126,0,0,0,0,1,1,1
11099,2019,1330,107,121,0,0,0,0,1,1,1
11099,2020,1170,117,414,0,0,0,0,1,1,1
11099,2021,610,121,419,0,0,0,0,1,1,1
11099,2022,0,141,1388,0,0,0,0,1,1,0
11099,2023,0,126,1073,0,0,0,0,1,1,0
11100,2012,460,72,0,135,0,0,0,1,1,1
11100,2013,466,78,0,140,0,0,0,1,1,1
11100,2014,460,75,0,145,0,0,0,1,1,1
11100,2015,468,78,0,151,0,0,0,1,1,1
11100,2016,471,81,0,148,0,0,0,1,1,1
11100,2017,0,0,0,0,0,0,0,1,1,0
11100,2018,0,0,990,0,0,0,0,2a,3b,0
11100,2019,0,0,990,0,0,0,0,2a,3b,0
11100,2020,0,0,990,0,0,0,0,2a,3b,0
11100,2021,0,0,990,0,0,0,0,2a,3b,0
11100,2022,0,0,990,0,0,0,0,2a,3b,0
11100,2023,0,0,990,0,0,0,0,2a,3b,0
11101,2012,600,150,700,0,0,0,0,1,1,1
11101,2013,600,100,600,200,0,0,0,1,1,1
11101,2014,0,100,600,200,0,0,0,2a,3b,0
11101,2015,0,100,600,200,0,0,0,2a,3b,0
11101,2016,0,100,600,200,0,0,0,2a,3b,0
11101,2017,0,100,600,200,0,0,0,2a,3b,0
11101,2018,0,100,600,200,0,0,0,2a,3b,0
11101,2019,0,100,600,200,0,0,0,2a,3b,0
11101,2020,0,100,600,200,0,0,0,2a,3b,0
11101,2021,0,100,600,200,0,0,0,2a,3b,0
11101,2022,0,100,600,200,0,0,0,2a,3b,0
11101,2023,0,100,600,200,0,0,0,2a,3b,0
11102,2012,265,40,8,0,0,5,0,3a,3a,1
11102,2013,265,40,8,0,0,5,0,1,1,1
11102,2014,260,45,9,0,0,7,0,1,1,1
11102,2015,275,40,15,0,0,10,0,1,1,1
11102,2016,342,47,48,0,0,0,0,1,1,1
11102,2017,352,37,57,0,0,0,0,1,1,1
11102,2018,248,22,42,0,0,0,0,1,1,1
11102,2019,256,29,40,0,0,0,0,1,1,1
11102,2020,256,29,40,0,0,0,0,1,1,1
11102,2021,333,30,50,0,0,0,0,1,1,1
11102,2022,340,32,58,0,0,0,0,1,1,1
11102,2023,315,30,65,0,0,0,0,1,1,1
11103,2012,324,49,0,0,0,0,0,1,1,1
11103,2013,333,58,0,0,0,0,0,1,1,1
11103,2014,328,62,0,0,0,0,0,1,1,1
11103,2015,335,58,0,0,0,0,0,1,1,1
11103,2016,345,60,0,0,0,0,0,1,1,1
11103,2017,345,60,0,0,0,0,0,1,1,1
11103,2018,359,71,0,0,0,0,0,1,1,1
11103,2019,368,73,0,0,0,0,0,1,1,1
11103,2020,370,80,0,0,0,0,0,1,1,1
11103,2021,362,70,0,0,0,0,0,1,1,1
11103,2022,378,55,0,0,0,0,0,1,1,1
11103,2023,362,61,0,0,0,0,0,1,1,1
11104,2012,55,39,8,21,14,12,0,1,1,1
11104,2013,69,23,3,11,14,10,0,1,1,1
11104,2014,0,0,0,0,0,0,0,2b,2b,0
11104,2015,0,0,0,0,0,0,0,2b,2b,0
11104,2016,0,0,0,0,0,0,0,2b,2b,0
11104,2017,0,0,0,0,0,0,0,2b,2b,0
11104,2018,0,0,0,0,0,0,0,2b,2b,0
11104,2019,0,0,0,0,0,0,0,2b,2b,0
11104,2020,0,0,0,0,0,0,0,2b,2b,0
11104,2021,0,0,0,0,0,0,0,2b,2b,0
11104,2022,0,0,0,0,0,0,0,2b,2b,0
11104,2023,0,0,0,0,0,0,0,2b,2b,0
11105,2012,400,100,100,100,45,60,0,1,1,1
11105,2013,320,50,120,45,45,30,0,1,1,1
11105,2014,330,50,120,45,45,30,0,1,1,1
11105,2015,320,50,100,50,25,25,0,1,1,1
11105,2016,310,40,80,60,35,45,0,1,1,1
11105,2017,340,30,85,85,90,90,0,1,1,1
11105,2018,0,0,0,0,0,0,0,2b,2e,0
11105,2019,0,0,0,0,0,0,0,2b,2e,0
11105,2020,0,0,0,0,0,0,0,2b,2e,0
11105,2021,0,0,0,0,0,0,0,2b,2e,0
11105,2022,0,0,0,0,0,0,0,2b,2e,0
11105,2023,0,0,0,0,0,0,0,2b,2e,0
11106,2012,466,62,186,167,57,87,0,1,1,1
11106,2013,463,60,173,154,44,74,0,1,1,1
11106,2014,469,60,156,109,55,49,0,1,1,1
11106,2015,469,60,150,100,55,45,0,1,1,1
11106,2016,469,60,150,100,55,45,0,1,1,1
11106,2017,0,0,166,126,4,0,0,1,1,0
11106,2018,0,0,136,126,4,0,0,1,1,0
11106,2019,0,0,3,0,0,0,0,2b,3a,0
11106,2020,0,0,0,0,0,0,0,2a,2a,0
11106,2021,0,0,0,0,0,0,0,2a,2a,0
11106,2022,0,0,0,0,0,0,0,2a,2a,0
11106,2023,0,0,0,0,0,0,0,2a,2a,0
11107,2012,25,10,4,6,6,3,0,1,1,1
11107,2013,25,10,4,6,6,3,0,1,1,1
11107,2014,26,2,7,12,11,8,0,1,1,1
11107,2015,30,12,15,20,15,15,0,1,1,1
11107,2016,25,10,14,20,10,10,0,1,1,1
11107,2017,25,10,14,20,10,10,0,3a,3a,1
11107,2018,25,10,14,20,10,10,0,3a,3a,1
11107,2019,25,10,14,20,10,10,0,3a,3a,1
11107,2020,25,10,14,20,10,10,0,3a,3a,1
11107,2021,25,10,14,20,10,10,0,3a,3a,1
11107,2022,25,10,14,20,10,10,0,3a,3a,1
11107,2023,25,10,14,20,10,10,0,3a,3a,1
11108,2012,150,51,61,56,33,10,0,1,1,1
11108,2013,150,51,61,56,33,10,0,1,1,1
11108,2014,150,51,61,56,33,10,0,1,1,1
11108,2015,150,51,61,56,33,10,0,1,1,1
11108,2016,150,51,61,56,33,10,0,1,1,1
11108,2017,150,51,61,56,33,10,0,1,1,1
11108,2018,150,51,61,56,33,10,0,1,1,1
11108,2019,150,51,61,56,33,10,0,1,1,1
11108,2020,150,51,61,56,33,10,0,1,1,1
11108,2021,150,51,61,56,33,10,0,1,1,1
11108,2022,150,51,61,56,33,10,0,1,1,1
11108,2023,150,51,61,56,33,10,0,1,1,1
11109,2012,175,31,80,60,50,25,0,1,1,1
11109,2013,120,20,80,60,50,25,0,1,1,1
11109,2014,120,20,80,60,50,25,0,1,1,1
11109,2015,80,10,15,15,10,10,0,1,1,1
11109,2016,80,10,15,15,10,10,0,1,1,1
11109,2017,80,10,15,15,10,10,0,1,1,1
11109,2018,80,10,15,15,10,10,0,1,1,1
11109,2019,80,10,15,15,0,0,0,1,1,1
11109,2020,80,10,15,15,0,0,0,1,1,1
11109,2021,80,10,15,15,0,0,0,1,1,1
11109,2022,80,10,15,15,0,0,0,1,1,1
11109,2023,80,10,15,15,0,0,0,1,1,1
11110,2012,429,100,180,150,100,65,0,1,1,1
11110,2013,429,100,180,150,100,65,0,1,1,1
11110,2014,429,100,180,150,100,65,0,1,1,1
11110,2015,400,80,250,60,40,150,0,1,1,1
11110,2016,480,35,75,50,75,75,0,1,1,1
11110,2017,540,63,263,100,78,78,0,3a,3a,1
11110,2018,600,90,450,150,80,80,0,1,1,1
11110,2019,475,40,150,150,80,80,0,1,1,1
11110,2020,475,40,100,100,40,40,0,1,1,1
11110,2021,475,50,150,150,150,100,0,1,1,1
11110,2022,475,50,125,75,60,100,0,1,1,1
11110,2023,475,40,200,250,110,60,0,1,1,1
11111,2012,70,10,0,0,0,0,0,1,1,1
11111,2013,0,0,0,0,0,0,0,2a,2a,0
11111,2014,0,0,0,0,0,0,0,2a,2a,0
11111,2015,0,0,0,0,0,0,0,2a,2a,0
11111,2016,0,0,0,0,0,0,0,2a,2a,0
11111,2017,0,0,0,0,0,0,0,2a,2a,0
11111,2018,0,0,0,0,0,0,0,2a,2a,0
11111,2019,0,0,0,0,0,0,0,2a,2a,0
11111,2020,0,0,0,0,0,0,0,2a,2a,0
11111,2021,0,0,0,0,0,0,0,2a,2a,0
11111,2022,0,0,0,0,0,0,0,2a,2a,0
11111,2023,0,0,0,0,0,0,0,2a,2a,0
11112,2012,80,12,32,22,30,25,0,1,1,1
11112,2013,80,12,32,22,30,25,0,1,1,1
11112,2014,80,12,32,22,30,25,0,1,1,1
11112,2015,80,12,22,22,22,22,0,1,1,1
11112,2016,80,12,22,22,22,22,0,1,1,1
11112,2017,80,12,32,22,30,25,0,1,1,1
11112,2018,80,12,32,22,30,25,0,1,1,1
11112,2019,80,12,32,22,30,25,0,1,1,1
11112,2020,80,12,32,22,30,25,0,1,1,1
11112,2021,80,12,32,22,30,25,0,1,1,1
11112,2022,0,12,32,22,30,25,0,2a,3a,0
11112,2023,0,12,32,22,30,25,0,2a,3a,0
11113,2012,0,0,0,0,0,0,0,1,1,0
11113,2013,0,0,0,0,0,0,0,2a,2c,0
11113,2014,0,0,0,0,0,0,0,2a,2c,0
11113,2015,0,0,0,0,0,0,0,2a,2c,0
11113,2016,0,0,0,0,0,0,0,2a,2c,0
11113,2017,0,0,0,0,0,0,0,2a,2c,0
11113,2018,0,0,0,0,0,0,0,2a,2c,0
11113,2019,0,0,0,0,0,0,0,2a,2c,0
11113,2020,0,0,0,0,0,0,0,2a,2c,0
11113,2021,0,0,0,0,0,0,0,2a,2c,0
11113,2022,0,0,0,0,0,0,0,2a,2c,0
11113,2023,0,0,0,0,0,0,0,2a,2c,0
11114,2012,110,15,10,12,9,15,0,1,1,1
11114,2013,110,15,10,12,9,15,0,1,1,1
11114,2014,110,15,10,12,9,15,0,1,1,1
11114,2015,110,15,10,12,9,15,0,1,1,1
11114,2016,110,15,10,12,9,15,0,1,1,1
11114,2017,110,15,10,12,9,15,0,3a,3a,1
11114,2018,0,0,0,0,0,0,0,2a,2a,0
11114,2019,0,0,0,0,0,0,0,2a,2a,0
11114,2020,0,0,0,0,0,0,0,2a,2a,0
11114,2021,0,0,0,0,0,0,0,2a,2a,0
11114,2022,0,0,0,0,0,0,0,2a,2a,0
11114,2023,0,0,0,0,0,0,0,2a,2a,0
11115,2012,165,18,30,35,18,13,0,1,1,1
11115,2013,0,0,30,35,18,0,0,1,1,0
11115,2014,0,0,0,0,0,0,0,2a,2a,0
11115,2015,0,0,0,0,0,0,0,2a,2a,0
11115,2016,0,0,0,0,0,0,0,2a,2a,0
11115,2017,0,0,0,0,0,0,0,2a,2a,0
11115,2018,0,0,0,0,0,0,0,2a,2a,0
11115,2019,0,0,0,0,0,0,0,2a,2a,0
11115,2020,0,0,0,0,0,0,0,2a,2a,0
11115,2021,0,0,0,0,0,0,0,2a,2a,0
11115,2022,0,0,0,0,0,0,0,2a,2a,0
11115,2023,0,0,0,0,0,0,0,2a,2a,0
11116,2012,590,100,135,170,120,110,0,1,1,1
11116,2013,590,100,135,170,120,110,0,1,1,1
11116,2014,200,30,50,50,30,30,0,1,1,1
11116,2015,200,35,50,50,25,25,0,1,1,1
11116,2016,200,35,50,50,25,25,0,1,1,1
11116,2017,200,30,50,50,25,25,0,1,1,1
11116,2018,145,30,50,50,25,25,0,1,1,1
11116,2019,145,30,50,50,25,25,0,1,1,1
11116,2020,145,30,50,50,25,25,0,1,1,1
11116,2021,145,30,50,50,25,25,0,1,1,1
11116,2022,0,0,0,0,0,0,0,1,1,0
11116,2023,0,0,0,0,0,0,0,2a,2a,0
11117,2012,260,40,100,40,50,40,0,1,1,1
11117,2013,260,40,0,0,0,40,0,1,1,1
11117,2014,260,40,0,0,0,0,0,1,1,1
11117,2015,300,29,100,50,50,50,0,1,1,1
11117,2016,280,40,80,80,30,40,0,1,1,1
11117,2017,280,40,100,100,90,50,0,1,1,1
11117,2018,270,40,150,70,70,60,0,1,1,1
11117,2019,0,0,0,0,0,0,0,2e,2e,0
11117,2020,0,0,0,0,0,0,0,2a,2e,0
11117,2021,0,0,0,0,0,0,0,2a,2e,0
11117,2022,0,0,0,0,0,0,0,2a,2e,0
11117,2023,0,0,0,0,0,0,0,2a,2e,0
11118,2012,285,55,130,90,50,70,0,1,1,1
11118,2013,300,50,100,100,100,30,0,1,1,1
11118,2014,0,0,20,0,0,0,0,1,1,0
11118,2015,0,0,0,0,0,0,0,2a,2a,0
11118,2016,0,0,0,0,0,0,0,2a,2a,0
11118,2017,0,0,0,0,0,0,0,2a,2a,0
11118,2018,0,0,0,0,0,0,0,2a,2a,0
11118,2019,0,0,0,0,0,0,0,2a,2a,0
11118,2020,0,0,0,0,0,0,0,2a,2a,0
11118,2021,0,0,0,0,0,0,0,2a,2a,0
11118,2022,0,0,0,0,0,0,0,2a,2a,0
11118,2023,0,0,0,0,0,0,0,2a,2a,0
12008,2019,0,0,65,65,30,30,0,2a,3a,0
12008,2020,0,0,0,0,0,0,0,2a,2a,0
12008,2021,0,0,0,0,0,0,0,2a,2a,0
12008,2022,0,0,0,0,0,0,0,2a,2a,0
12008,2023,0,0,0,0,0,0,0,2a,2a,0
11119,2012,550,100,60,75,75,80,0,1,1,1
11119,2013,490,125,60,75,75,80,0,1,1,1
11119,2014,475,120,60,70,70,75,0,1,1,1
11119,2015,440,100,50,50,50,60,0,1,1,1
11119,2016,450,50,100,100,65,65,0,1,1,1
11119,2017,410,50,31,40,40,40,0,1,1,1
11119,2018,400,50,85,85,75,0,0,1,1,1
11119,2019,0,0,80,80,0,0,0,1,1,0
11119,2020,0,0,35,0,0,0,0,1,1,0
11119,2021,0,0,25,0,0,0,0,1,1,0
11119,2022,0,60,30,0,0,0,0,1,1,0
11119,2023,0,100,50,0,0,0,0,1,1,0
11120,2012,1260,200,200,700,300,0,0,1,1,1
11120,2013,940,230,0,0,0,0,0,1,1,1
11120,2014,1180,160,200,700,300,0,0,1,1,1
11120,2015,1000,160,200,642,256,0,0,1,1,1
11120,2016,1023,43,151,180,199,0,0,1,1,1
11120,2017,766,105,214,0,0,0,0,1,1,1
11120,2018,1035,150,275,0,0,0,0,1,1,1
11120,2019,1028,143,277,0,0,0,0,1,1,1
11120,2020,1045,127,280,0,0,0,0,1,1,1
11120,2021,1045,127,280,0,0,0,0,3a,3a,1
11120,2022,891,99,0,0,0,0,0,1,1,1
11120,2023,891,99,0,0,0,0,0,3a,3a,1
11121,2012,550,75,175,175,50,3,0,1,1,1
11121,2013,600,85,250,250,100,3,0,1,1,1
11121,2014,700,100,300,350,120,3,0,1,1,1
11121,2015,800,110,300,350,120,3,0,1,1,1
11121,2016,800,110,300,350,120,3,0,1,1,1
11121,2017,820,110,300,350,120,3,0,1,1,1
11121,2018,820,110,305,348,120,3,0,1,1,1
11121,2019,820,115,350,340,120,3,0,1,1,1
11121,2020,824,112,350,350,110,3,0,1,1,1
11121,2021,823,113,350,355,106,3,0,3a,3a,1
11121,2022,821,113,350,360,101,3,0,1,1,1
11121,2023,821,113,350,360,101,3,0,3a,3a,1
11122,2012,2942,293,0,0,0,0,0,1,1,1
11122,2013,2613,260,0,0,0,0,0,1,1,1
11122,2014,2939,632,0,0,0,0,0,1,1,1
11122,2015,2714,178,0,0,0,0,0,1,1,1
11122,2016,1650,225,700,0,0,0,0,1,1,1
11122,2017,2235,298,300,300,0,0,0,1,1,1
11122,2018,2235,298,300,300,0,0,0,1,1,1
11122,2019,0,0,0,0,0,0,0,1,1,0
11122,2020,0,0,0,0,0,0,0,1,1,0
11122,2021,0,0,0,0,0,0,0,2b,2b,0
11122,2022,0,0,0,0,0,0,0,2b,2b,0
11122,2023,0,0,0,0,0,0,0,2b,2b,0
11123,2012,1200,400,300,300,180,100,0,1,1,1
11123,2013,1200,400,300,300,180,100,0,1,1,1
11123,2014,1200,350,300,300,180,100,0,1,1,1
11123,2015,1200,350,300,300,180,100,0,1,1,1
11123,2016,1200,200,500,300,100,100,0,1,1,1
11123,2017,1130,200,400,400,150,100,0,1,1,1
11123,2018,1200,300,300,300,150,150,0,1,1,1
11123,2019,1200,300,300,300,150,150,0,1,1,1
11123,2020,1000,150,250,250,100,100,0,1,1,1
11123,2021,1000,150,250,250,100,90,0,1,1,1
11123,2022,1000,150,250,250,100,90,0,1,1,1
11123,2023,1000,150,250,250,100,90,0,1,1,1
11124,2012,1436,266,0,452,192,0,0,1,1,1
11124,2013,1436,266,0,452,192,0,0,1,1,1
11124,2014,1436,266,0,452,192,0,0,1,1,1
11124,2015,1436,266,0,452,192,0,0,1,1,1
11124,2016,1700,290,500,525,200,340,0,1,1,1
11124,2017,2400,350,300,525,0,0,0,1,1,1
11124,2018,2400,350,300,525,0,0,0,1,1,1
11124,2019,2400,350,300,525,0,0,0,1,1,1
11124,2020,2400,350,300,525,0,0,0,1,1,1
11124,2021,2400,350,300,525,0,0,0,1,1,1
11124,2022,2400,350,300,525,0,0,0,1,1,1
11124,2023,2400,350,300,525,0,0,0,1,1,1
11125,2012,410,67,25,190,70,0,0,1,1,1
11125,2013,410,67,25,190,70,0,0,1,1,1
11125,2014,0,0,0,0,0,0,0,1,1,0
11125,2015,0,0,0,0,0,0,0,2b,2b,0
11125,2016,0,0,0,0,0,0,0,2b,2b,0
11125,2017,0,0,0,0,0,0,0,2b,2b,0
11125,2018,0,0,0,0,0,0,0,2b,2b,0
11125,2019,0,0,0,0,0,0,0,2b,2b,0
11125,2020,0,0,0,0,0,0,0,2b,2b,0
11125,2021,0,0,0,0,0,0,0,2b,2b,0
11125,2022,0,0,0,0,0,0,0,2b,2b,0
11125,2023,0,0,0,0,0,0,0,2b,2b,0
11126,2012,500,75,210,120,20,0,0,1,1,1
11126,2013,500,75,100,150,20,0,0,1,1,1
11126,2014,480,70,220,70,55,0,0,1,1,1
11126,2015,470,75,190,174,20,0,0,1,1,1
11126,2016,475,75,150,95,55,0,0,1,1,1
11126,2017,480,72,150,95,55,0,0,1,1,1
11126,2018,480,70,180,215,60,0,0,1,1,1
11126,2019,487,65,163,202,84,0,0,1,1,1
11126,2020,480,70,180,215,60,0,0,1,1,1
11126,2021,473,72,188,220,71,0,0,1,1,1
11126,2022,478,67,192,214,83,0,0,1,1,1
11126,2023,475,70,190,210,80,0,0,1,1,1
12009,2019,0,0,200,250,0,0,0,1,1,0
12009,2020,0,0,195,245,0,0,0,1,1,0
12009,2021,0,0,190,235,0,0,0,1,1,0
12009,2022,0,0,183,225,0,0,0,1,1,0
12009,2023,0,0,176,219,0,0,0,1,1,0
11127,2012,457,160,180,160,70,60,0,1,1,1
11127,2013,457,160,180,160,70,60,0,1,1,1
11127,2014,457,160,180,160,70,60,0,1,1,1
11127,2015,457,160,180,160,70,60,0,1,1,1
11127,2016,457,160,180,160,70,60,0,1,1,1
11127,2017,457,160,180,160,70,60,0,1,1,1
11127,2018,457,160,180,160,70,60,0,1,1,1
11127,2019,0,0,616,352,0,0,0,1,1,0
11127,2020,0,0,616,352,0,0,0,1,1,0
11127,2021,0,0,0,400,0,0,0,1,1,0
11127,2022,0,0,0,525,0,0,0,1,1,0
11127,2023,0,0,0,420,0,0,0,1,1,0
11128,2012,615,80,100,0,0,0,0,1,1,1
11128,2013,660,75,0,0,0,0,0,1,1,1
11128,2014,646,78,0,0,0,0,0,1,1,1
11128,2015,600,120,4,0,0,0,0,1,1,1
11128,2016,600,120,4,0,0,0,0,1,1,1
11128,2017,624,101,5,0,0,0,0,1,1,1
11128,2018,614,111,5,0,0,0,0,1,1,1
11128,2019,625,115,25,0,0,0,0,1,1,1
11128,2020,0,0,0,0,0,0,0,2b,2b,0
11128,2021,0,0,0,0,0,0,0,2b,2b,0
11128,2022,0,0,0,0,0,0,0,2b,2b,0
11128,2023,0,0,0,0,0,0,0,2b,2b,0
11129,2012,1075,190,250,0,300,200,0,1,1,1
11129,2013,1200,50,510,420,340,215,0,1,1,1
11129,2014,1180,65,500,400,335,220,0,1,1,1
11129,2015,1170,75,475,425,345,210,0,1,1,1
11129,2016,1165,70,460,435,350,215,0,1,1,1
11129,2017,1170,75,455,440,360,210,0,1,1,1
11129,2018,1175,70,455,440,360,210,0,1,1,1
11129,2019,1170,72,455,440,360,210,0,1,1,1
11129,2020,1200,70,450,445,330,200,0,1,1,1
11129,2021,1206,50,450,420,325,205,0,1,1,1
11129,2022,1200,55,446,422,320,199,0,1,1,1
11129,2023,1200,54,445,420,321,200,0,1,1,1
11130,2012,170,30,51,49,49,51,0,1,1,1
11130,2013,0,0,0,250,0,0,0,1,1,0
11130,2014,0,0,0,250,0,0,0,2c,3a,0
11130,2015,0,0,0,0,0,0,0,1,1,0
11130,2016,0,0,0,0,0,0,0,2a,2a,0
11130,2017,0,0,0,0,0,0,0,2a,2a,0
11130,2018,0,0,0,0,0,0,0,2a,2a,0
11130,2019,0,0,0,0,0,0,0,2a,2a,0
11130,2020,0,0,0,0,0,0,0,2a,2a,0
11130,2021,0,0,0,0,0,0,0,2a,2a,0
11130,2022,0,0,0,0,0,0,0,2a,2a,0
11130,2023,0,0,0,0,0,0,0,2a,2a,0
11131,2012,320,45,140,65,100,0,0,1,1,1
11131,2013,325,45,140,60,95,0,0,1,1,1
11131,2014,330,20,140,60,95,0,0,1,1,1
11131,2015,325,25,140,60,95,0,0,1,1,1
11131,2016,315,23,134,52,93,0,0,1,1,1
11131,2017,317,25,130,45,90,0,0,1,1,1
11131,2018,287,0,0,155,0,0,0,1,1,1
11131,2019,287,0,0,155,0,0,0,1,1,1
11131,2020,321,0,0,263,0,0,0,1,1,1
11131,2021,333,0,0,255,0,0,0,1,1,1
11131,2022,281,0,0,0,355,0,0,1,1,1
11131,2023,304,0,0,262,0,0,0,1,1,1
11132,2012,215,42,74,25,28,30,0,1,1,1
11132,2013,0,0,0,120,0,0,0,1,1,0
11132,2014,0,0,0,120,0,0,0,1,1,0
11132,2015,0,0,0,133,0,0,0,1,1,0
11132,2016,0,0,0,133,0,0,0,1,1,0
11132,2017,0,0,30,120,0,0,0,1,1,0
11132,2018,0,0,40,130,0,0,0,1,1,0
11132,2019,0,0,42,135,0,0,0,1,1,0
11132,2020,0,0,45,130,0,0,0,1,1,0
11132,2021,0,0,50,135,0,0,0,1,1,0
11132,2022,0,0,65,150,0,0,0,1,1,0
11132,2023,0,0,168,153,0,0,0,1,1,0
11133,2012,260,25,60,60,50,35,0,3a,3a,1
11133,2013,260,25,60,60,50,35,0,1,1,1
11133,2014,225,20,45,30,20,15,0,1,1,1
11133,2015,0,0,0,0,0,0,0,1,1,0
11133,2016,0,0,0,0,0,0,0,1,1,0
11133,2017,190,10,0,0,0,0,0,1,1,1
11133,2018,200,30,0,0,0,0,0,1,1,1
11133,2019,0,0,0,0,0,0,0,1,1,0
11133,2020,0,0,0,0,0,0,0,1,1,0
11133,2021,0,0,0,0,0,0,0,1,1,0
11133,2022,0,0,0,0,20,0,0,1,1,0
11133,2023,0,0,0,0,20,0,0,1,1,0
11134,2012,420,80,190,182,35,0,0,1,1,1
11134,2013,420,80,190,182,35,0,0,1,1,1
11134,2014,420,80,190,182,35,0,0,1,1,1
11134,2015,420,80,190,182,35,0,0,1,1,1
11134,2016,420,80,190,182,35,0,0,1,1,1
11134,2017,210,40,190,182,35,0,0,1,1,1
11134,2018,0,80,600,450,0,0,0,1,1,0
11134,2019,0,80,600,450,0,0,0,1,1,0
11134,2020,0,140,600,450,0,0,0,1,1,0
11134,2021,0,150,600,450,0,0,0,1,1,0
11134,2022,0,150,600,450,0,0,0,1,1,0
11134,2023,0,150,600,450,0,0,0,1,1,0
11135,2012,350,50,115,98,82,0,0,1,1,1
11135,2013,330,45,125,83,50,0,0,1,1,1
11135,2014,320,45,105,90,90,0,0,1,1,1
11135,2015,300,50,130,95,123,55,0,1,1,1
11135,2016,320,45,65,88,41,85,0,1,1,1
11135,2017,330,40,106,90,37,0,0,1,1,1
11135,2018,365,45,55,92,32,75,0,1,1,1
11135,2019,350,50,0,0,0,0,0,1,1,1
11135,2020,350,50,0,0,0,0,0,1,1,1
11135,2021,350,50,0,0,0,0,0,1,1,1
11135,2022,400,200,0,0,0,0,0,1,1,1
11135,2023,400,200,0,0,0,0,0,1,1,1
11136,2012,444,62,0,0,0,0,0,1,1,1
11136,2013,444,62,0,0,0,0,0,1,1,1
11136,2014,400,50,0,0,0,0,0,1,1,1
11136,2015,400,50,0,0,0,0,0,1,1,1
11136,2016,400,50,0,0,0,0,0,1,1,1
11136,2017,400,50,0,0,0,0,0,1,1,1
11136,2018,400,50,0,0,0,0,0,1,1,1
11136,2019,400,50,0,0,0,0,0,1,1,1
11136,2020,400,50,0,0,0,0,0,1,1,1
11136,2021,400,50,0,0,0,0,0,1,1,1
11136,2022,400,50,0,0,0,0,0,1,1,1
11136,2023,400,50,0,0,0,0,0,1,1,1
11137,2012,425,50,50,0,0,0,0,1,1,1
11137,2013,425,50,50,0,0,0,0,1,1,1
11137,2014,425,50,50,0,0,0,0,1,1,1
11137,2015,425,50,50,0,0,0,0,1,1,1
11137,2016,425,50,50,0,0,0,0,1,1,1
11137,2017,425,50,50,0,0,0,0,1,1,1
11137,2018,425,50,50,0,0,0,0,1,1,1
11137,2019,425,50,50,0,0,0,0,1,1,1
11137,2020,425,50,50,0,0,0,0,1,1,1
11137,2021,425,50,50,0,0,0,0,1,1,1
11137,2022,425,50,50,0,0,0,0,1,1,1
11137,2023,425,50,50,0,0,0,0,1,1,1
11138,2012,1085,165,450,550,150,150,0,1,1,1
11138,2013,1076,165,450,550,150,150,0,1,1,1
11138,2014,1073,165,450,550,150,150,0,1,1,1
11138,2015,1096,160,450,550,150,150,0,1,1,1
11138,2016,1105,155,446,552,140,145,0,1,1,1
11138,2017,1110,150,441,550,141,140,0,1,1,1
11138,2018,1125,125,430,570,140,160,0,1,1,1
11138,2019,1200,175,475,625,185,200,0,1,1,1
11138,2020,1350,300,525,650,210,225,0,1,1,1
11138,2021,1400,325,525,650,210,225,0,1,1,1
11138,2022,1410,330,525,650,210,225,0,1,1,1
11138,2023,1413,326,520,655,212,220,0,1,1,1
11139,2012,0,0,0,0,0,0,0,2c,2c,0
11139,2013,0,0,0,0,0,0,0,1,1,0
11139,2014,0,0,0,0,0,0,0,2c,2c,0
11139,2015,0,0,0,0,0,0,0,1,1,0
11139,2016,0,0,0,0,0,0,0,1,1,0
11139,2017,0,0,0,0,0,0,0,1,1,0
11139,2018,0,0,0,0,0,0,0,1,1,0
11139,2019,0,0,0,0,0,0,0,1,1,0
11139,2020,0,0,0,0,0,0,0,1,1,0
11139,2021,0,0,0,0,0,0,0,1,1,0
11139,2022,0,0,0,0,0,0,0,1,1,0
11139,2023,0,0,0,0,0,0,0,1,1,0
11140,2012,220,60,55,40,32,27,0,1,1,1
11140,2013,0,0,0,0,0,0,0,1,1,0
11140,2014,0,0,0,0,0,0,0,1,1,0
11140,2015,0,0,0,0,0,0,0,1,1,0
11140,2016,0,0,0,0,0,0,0,1,1,0
11140,2017,0,0,0,0,0,0,0,2a,2a,0
11140,2018,0,0,0,0,0,0,0,2a,2a,0
11140,2019,0,0,0,0,0,0,0,2a,2a,0
11140,2020,0,0,0,0,0,0,0,2a,2a,0
11140,2021,0,0,0,0,0,0,0,2a,2a,0
11140,2022,0,0,0,0,0,0,0,2a,2a,0
11140,2023,0,0,0,0,0,0,0,2a,2a,0
11141,2012,135,20,20,10,10,4,0,1,1,1
11141,2013,135,20,20,10,10,4,0,1,1,1
11141,2014,180,33,40,86,86,87,0,1,1,1
11141,2015,180,30,50,70,25,15,0,1,1,1
11141,2016,177,29,50,70,25,15,0,1,1,1
11141,2017,175,28,50,70,25,15,0,1,1,1
11141,2018,198,26,50,70,25,15,0,1,1,1
11141,2019,198,26,50,70,25,15,0,1,1,1
11141,2020,0,0,0,0,0,0,0,1,1,0
11141,2021,0,0,0,0,0,0,0,1,1,0
11141,2022,0,0,0,0,0,0,0,1,1,0
11141,2023,0,0,0,0,0,0,0,1,1,0
11142,2012,400,65,100,100,50,50,0,1,1,1
11142,2013,420,60,100,60,60,30,0,1,1,1
11142,2014,420,44,90,89,30,36,0,1,1,1
11142,2015,420,50,80,60,30,40,0,1,1,1
11142,2016,425,45,80,60,30,40,0,1,1,1
11142,2017,421,37,78,55,28,40,0,1,1,1
11142,2018,421,37,78,55,28,40,0,1,1,1
11142,2019,418,40,78,55,28,40,0,1,1,1
11142,2020,421,43,80,58,30,42,0,1,1,1
11142,2021,418,40,80,58,30,42,0,1,1,1
11142,2022,410,45,75,58,32,40,0,1,1,1
11142,2023,410,43,43,55,30,38,0,1,1,1
11143,2012,413,60,40,150,0,0,0,1,1,1
11143,2013,413,60,40,150,0,0,0,1,1,1
11143,2014,413,60,25,130,0,0,0,1,1,1
11143,2015,413,60,25,130,0,0,0,1,1,1
11143,2016,413,60,25,130,0,0,0,1,1,1
11143,2017,255,40,0,55,0,30,0,1,1,1
11143,2018,245,50,0,50,0,40,0,1,1,1
11143,2019,250,48,0,50,0,40,0,1,1,1
11143,2020,248,42,0,42,0,30,0,1,1,1
11143,2021,238,40,0,40,0,28,0,1,1,1
11143,2022,221,36,0,38,0,30,0,1,1,1
11143,2023,0,0,0,300,0,0,0,1,1,0
11144,2012,150,60,100,50,50,0,0,1,1,1
11144,2013,150,50,0,75,75,0,0,1,1,1
11144,2014,200,30,0,0,0,0,0,1,1,1
11144,2015,200,30,0,0,0,0,0,1,1,1
11144,2016,120,10,30,25,18,30,0,1,1,1
11144,2017,145,30,20,25,30,30,0,1,1,1
11144,2018,180,50,30,30,45,45,0,1,1,1
11144,2019,0,0,0,0,0,0,0,1,1,0
11144,2020,0,0,0,0,0,0,0,1,1,0
11144,2021,0,0,0,40,200,0,0,2b,3f,0
11144,2022,0,0,0,40,200,0,0,2b,3f,0
11144,2023,0,0,0,40,200,0,0,2b,3f,0
12010,2019,0,0,0,0,0,0,0,2a,2e,0
12010,2020,0,0,0,0,0,0,0,2a,2e,0
12010,2021,0,0,0,0,0,0,0,2a,2e,0
12010,2022,0,0,0,0,0,0,0,2a,2e,0
12010,2023,0,0,0,0,0,0,0,2a,2e,0
11145,2012,680,10,50,500,300,100,0,1,1,1
11145,2013,620,70,0,800,200,150,0,1,1,1
11145,2014,635,50,0,200,200,100,0,1,1,1
11145,2015,591,58,95,339,276,356,0,1,1,1
11145,2016,591,58,95,339,276,356,0,1,1,1
11145,2017,608,80,53,407,90,249,0,1,1,1
11145,2018,610,75,55,410,85,245,0,1,1,1
11145,2019,670,50,45,430,100,230,0,1,1,1
11145,2020,1295,165,70,430,100,230,0,1,1,1
11145,2021,1295,165,70,430,100,230,0,1,1,1
11145,2022,1295,165,70,430,100,230,0,1,1,1
11145,2023,1295,165,70,430,100,230,0,3a,3a,1
11146,2012,800,150,140,133,55,0,0,1,1,1
11146,2013,1000,0,138,133,55,0,0,1,1,1
11146,2014,1023,0,138,133,55,0,0,1,1,1
11146,2015,1016,0,138,133,55,0,0,1,1,1
11146,2016,1020,0,137,129,52,0,0,1,1,1
11146,2017,1270,200,135,130,50,0,0,1,1,1
11146,2018,1280,200,135,130,50,0,0,1,1,1
11146,2019,1650,200,125,150,100,0,0,1,1,1
11146,2020,1700,205,130,125,75,0,0,1,1,1
11146,2021,1650,220,140,130,70,0,0,1,1,1
11146,2022,1657,217,145,120,75,0,0,1,1,1
11146,2023,1652,212,140,115,0,0,0,1,1,1
11147,2012,699,116,98,304,0,0,0,1,1,1
11147,2013,826,58,0,300,0,0,0,1,1,1
11147,2014,830,65,0,325,0,0,0,1,1,1
11147,2015,801,62,0,325,0,0,0,1,1,1
11147,2016,811,68,0,325,0,0,0,1,1,1
11147,2017,805,65,0,315,0,0,0,1,1,1
11147,2018,815,75,0,300,0,0,0,1,1,1
11147,2019,825,70,0,200,0,0,0,1,1,1
11147,2020,830,65,0,190,0,0,0,1,1,1
11147,2021,850,55,0,180,0,0,0,1,1,1
11147,2022,845,62,155,183,0,0,0,1,1,1
11147,2023,847,64,157,185,0,0,0,1,1,1
11148,2012,610,130,208,210,30,0,0,1,1,1
11148,2013,610,130,208,210,30,0,0,1,1,1
11148,2014,610,130,208,210,30,0,0,1,1,1
11148,2015,610,130,208,210,30,0,0,1,1,1
11148,2016,610,130,208,210,30,0,0,1,1,1
11148,2017,610,130,208,210,30,0,0,1,1,1
11148,2018,610,130,208,210,30,0,0,1,1,1
11148,2019,610,130,208,210,30,0,0,1,1,1
11148,2020,600,145,439,305,360,0,0,1,1,1
11148,2021,603,141,446,0,0,0,0,1,1,1
11148,2022,610,134,440,0,0,0,0,1,1,1
11148,2023,615,130,432,0,0,0,0,1,1,1
11149,2012,241,50,80,75,45,45,0,1,1,1
11149,2013,240,40,30,50,40,20,0,1,1,1
11149,2014,250,30,50,50,30,40,0,1,1,1
11149,2015,240,28,50,50,30,40,0,1,1,1
11149,2016,235,30,53,48,35,48,0,1,1,1
11149,2017,230,33,58,42,30,40,0,1,1,1
11149,2018,235,35,60,40,30,40,0,1,1,1
11149,2019,245,45,63,38,26,42,0,1,1,1
11149,2020,260,30,50,60,35,40,0,1,1,1
11149,2021,260,30,50,60,35,40,0,1,1,1
11149,2022,0,0,0,0,0,0,0,1,1,0
11149,2023,0,0,0,0,0,0,0,1,1,0
11150,2012,750,120,120,140,120,120,0,1,1,1
11150,2013,750,120,120,140,120,120,0,1,1,1
11150,2014,750,120,120,140,120,120,0,1,1,1
11150,2015,750,120,120,140,120,120,0,1,1,1
11150,2016,750,120,120,140,120,120,0,1,1,1
11150,2017,750,120,120,140,120,120,0,1,1,1
11150,2018,750,120,120,140,120,120,0,1,1,1
11150,2019,750,120,200,100,0,0,0,1,1,1
11150,2020,750,120,200,100,0,0,0,1,1,1
11150,2021,750,120,200,100,0,0,0,1,1,1
11150,2022,875,150,200,0,0,0,0,1,1,1
11150,2023,875,150,200,0,0,0,0,1,1,1
11151,2012,441,77,250,180,70,0,0,1,1,1
11151,2013,441,77,250,180,70,0,0,1,1,1
11151,2014,441,77,250,180,70,0,0,1,1,1
11151,2015,441,77,250,180,70,0,0,1,1,1
11151,2016,441,77,250,180,70,0,0,1,1,1
11151,2017,441,77,250,180,70,0,0,1,1,1
11151,2018,441,77,250,180,70,0,0,1,1,1
11151,2019,441,77,250,180,70,0,0,1,1,1
11151,2020,441,77,250,180,70,0,0,1,1,1
11151,2021,441,0,365,437,393,0,0,1,1,1
11151,2022,474,0,0,798,0,0,0,1,1,1
11151,2023,474,0,0,798,0,0,0,1,1,1
11152,2012,1700,280,600,1000,400,280,0,1,1,1
11152,2013,1695,280,600,1000,400,280,0,1,1,1
11152,2014,1685,280,600,1000,400,280,0,1,1,1
11152,2015,1660,272,600,1000,400,280,0,1,1,1
11152,2016,1640,268,595,1000,396,280,0,1,1,1
11152,2017,1632,265,585,989,385,275,0,1,1,1
11152,2018,1620,252,585,989,385,275,0,1,1,1
11152,2019,1630,250,580,980,380,270,0,1,1,1
11152,2020,1550,90,800,320,0,0,0,1,1,1
11152,2021,1800,230,534,260,0,0,0,1,1,1
11152,2022,1820,235,530,265,0,0,0,1,1,1
11152,2023,1890,230,535,265,0,0,0,1,1,1
11153,2012,160,30,0,0,0,0,0,1,1,1
11153,2013,165,30,0,0,0,0,0,1,1,1
11153,2014,170,30,0,0,0,0,0,1,1,1
11153,2015,185,30,0,0,0,0,0,1,1,1
11153,2016,188,32,0,0,0,0,0,1,1,1
11153,2017,182,33,0,0,0,0,0,1,1,1
11153,2018,188,35,0,0,0,0,0,1,1,1
11153,2019,190,40,0,0,0,0,0,1,1,1
11153,2020,190,40,0,0,0,0,0,3a,3a,1
11153,2021,190,40,0,0,0,0,0,3a,3a,1
11153,2022,190,40,0,0,0,0,0,3a,3a,1
11153,2023,190,40,0,0,0,0,0,3a,3a,1
12011,2019,0,0,0,68,23,0,0,2b,3a,0
12011,2020,0,0,0,68,23,0,0,2b,3a,0
12011,2021,0,0,0,68,23,0,0,2b,3a,0
12011,2022,0,0,0,68,23,0,0,2b,3a,0
12011,2023,0,0,0,68,23,0,0,2b,3a,0
11154,2012,1025,165,175,115,155,75,0,1,1,1
11154,2013,1000,155,175,115,155,75,0,1,1,1
11154,2014,0,0,0,8,0,0,0,1,1,0
11154,2015,0,0,0,8,0,0,0,2b,3a,0
11154,2016,200,25,0,0,0,0,0,1,1,1
11154,2017,200,15,1700,0,0,0,0,1,1,1
11154,2018,600,80,200,166,150,0,0,1,1,1
11154,2019,900,80,296,259,100,0,0,1,1,1
11154,2020,875,75,290,250,100,0,0,1,1,1
11154,2021,856,70,280,242,95,0,0,1,1,1
11154,2022,0,0,0,0,0,0,0,1,1,0
11154,2023,0,0,0,0,0,0,0,1,1,0
11155,2012,1050,130,225,400,0,0,0,1,1,1
11155,2013,0,0,0,0,0,0,0,2c,2c,0
11155,2014,0,0,0,0,0,0,0,1,1,0
11155,2015,0,0,0,0,0,0,0,1,1,0
11155,2016,0,0,0,0,0,0,0,1,1,0
11155,2017,575,83,210,180,175,0,0,1,1,1
11155,2018,945,80,298,260,290,0,0,1,1,1
11155,2019,835,55,0,455,182,0,0,1,1,1
11155,2020,910,95,0,650,100,0,0,1,1,1
11155,2021,910,95,0,650,100,0,0,3a,3a,1
11155,2022,650,80,0,30,0,0,0,1,1,1
11155,2023,640,55,0,50,0,0,0,1,1,1
11156,2012,0,0,0,0,0,0,0,1,1,0
11156,2013,0,0,0,0,0,0,0,1,1,0
11156,2014,0,0,0,0,0,0,0,1,1,0
11156,2015,260,40,0,0,0,30,0,1,1,1
11156,2016,260,0,0,0,0,30,0,1,1,1
11156,2017,260,0,0,0,0,30,0,1,1,1
11156,2018,260,0,0,0,0,30,0,1,1,1
11156,2019,260,0,0,0,0,0,0,1,1,1
11156,2020,280,20,0,0,0,0,0,1,1,1
11156,2021,280,20,40,0,0,0,0,1,1,1
11156,2022,280,20,40,0,0,0,0,1,1,1
11156,2023,280,20,40,0,0,0,0,1,1,1
12012,2019,0,0,0,0,0,0,0,3g,3g,0
12012,2020,0,0,0,0,0,0,0,3g,3g,0
12012,2021,0,0,0,0,0,0,0,2a,3g,0
12012,2022,0,0,0,0,0,0,0,2a,3g,0
12012,2023,0,0,0,0,0,0,0,2a,3g,0
11157,2012,606,111,0,0,0,0,0,1,1,1
11157,2013,593,105,370,132,147,78,0,1,1,1
11157,2014,620,131,306,298,148,43,0,1,1,1
11157,2015,606,65,422,183,310,53,0,1,1,1
11157,2016,573,98,309,110,153,61,0,1,1,1
11157,2017,560,72,316,108,158,65,0,1,1,1
11157,2018,580,85,235,250,160,62,0,1,1,1
11157,2019,700,64,250,200,150,100,0,1,1,1
11157,2020,700,94,80,200,150,60,0,1,1,1
11157,2021,675,115,230,140,83,75,0,1,1,1
11157,2022,680,112,218,142,94,67,0,1,1,1
11157,2023,675,110,228,132,104,86,0,1,1,1
11158,2012,280,50,125,130,0,0,0,1,1,1
11158,2013,280,50,125,130,0,0,0,1,1,1
11158,2014,280,50,125,130,0,0,0,1,1,1
11158,2015,280,50,125,130,0,0,0,1,1,1
11158,2016,280,50,125,130,0,0,0,1,1,1
11158,2017,280,50,125,130,0,0,0,1,1,1
11158,2018,280,50,125,130,0,0,0,1,1,1
11158,2019,280,50,125,130,0,0,0,1,1,1
11158,2020,340,30,50,50,0,10,0,1,1,1
11158,2021,344,30,25,50,0,12,0,1,1,1
11158,2022,341,32,30,46,0,10,0,1,1,1
11158,2023,374,0,0,0,0,0,0,1,1,1
11159,2012,700,91,120,160,95,110,0,1,1,1
11159,2013,760,85,222,249,140,110,0,1,1,1
11159,2014,740,91,210,160,120,110,0,1,1,1
11159,2015,700,105,123,411,130,115,0,1,1,1
11159,2016,703,102,160,170,180,120,0,1,1,1
11159,2017,755,100,100,460,170,115,0,1,1,1
11159,2018,730,81,239,220,88,135,0,1,1,1
11159,2019,702,102,78,103,156,116,0,1,1,1
11159,2020,730,83,322,206,76,116,0,1,1,1
11159,2021,725,80,330,200,74,106,0,1,1,1
11159,2022,720,88,320,210,80,100,0,1,1,1
11159,2023,445,66,286,206,50,72,0,1,1,1
11725,2019,0,0,141,126,0,0,0,1,1,0
11725,2020,0,0,0,0,0,0,0,1,1,0
11725,2021,0,0,0,0,0,0,0,2a,2a,0
11725,2022,0,0,0,0,0,0,0,2a,2a,0
11725,2023,0,0,0,0,0,0,0,2a,2a,0
11160,2012,566,39,220,200,150,60,0,1,1,1
11160,2013,566,39,220,200,150,60,0,1,1,1
11160,2014,586,59,220,200,150,60,0,1,1,1
11160,2015,586,59,220,200,150,60,0,1,1,1
11160,2016,586,59,220,200,150,60,0,1,1,1
11160,2017,570,55,200,175,130,50,0,1,1,1
11160,2018,570,55,200,175,130,50,0,1,1,1
11160,2019,570,55,200,175,130,50,0,1,1,1
11160,2020,565,50,200,175,130,50,0,1,1,1
11160,2021,580,50,200,175,130,50,0,1,1,1
11160,2022,590,50,215,195,145,55,0,1,1,1
11160,2023,578,47,215,195,145,55,0,1,1,1
11161,2012,400,65,122,139,30,15,0,1,1,1
11161,2013,400,65,122,139,30,15,0,1,1,1
11161,2014,400,65,122,139,30,0,0,1,1,1
11161,2015,400,65,122,139,30,0,0,1,1,1
11161,2016,400,65,122,139,30,0,0,1,1,1
11161,2017,400,65,122,139,30,0,0,1,1,1
11161,2018,400,65,122,139,30,0,0,1,1,1
11161,2019,400,65,122,139,30,0,0,1,1,1
11161,2020,400,65,122,139,30,0,0,1,1,1
11161,2021,400,65,122,139,30,0,0,1,1,1
11161,2022,400,65,122,139,30,0,0,1,1,1
11161,2023,400,65,122,139,30,0,0,1,1,1
11901,2019,0,0,74,76,0,0,0,2a,3b,0
11901,2020,0,0,74,76,0,0,0,2a,3b,0
11901,2021,0,0,74,76,0,0,0,2a,3b,0
11901,2022,0,0,74,76,0,0,0,2a,3b,0
11901,2023,0,0,74,76,0,0,0,2a,3b,0
11162,2012,220,22,70,30,0,0,0,3a,3a,1
11162,2013,220,22,70,30,0,0,0,1,1,1
11162,2014,212,30,50,20,0,0,0,1,1,1
11162,2015,195,40,30,15,0,0,0,1,1,1
11162,2016,200,30,40,20,0,0,0,1,1,1
11162,2017,200,30,40,20,0,0,0,1,1,1
11162,2018,116,18,22,12,0,0,0,1,1,1
11162,2019,116,18,22,12,0,0,0,1,1,1
11162,2020,90,10,20,0,0,0,0,1,1,1
11162,2021,0,0,0,0,0,0,0,1,1,0
11162,2022,0,0,0,0,0,0,0,1,1,0
11162,2023,0,0,0,0,0,0,0,2c,2c,0
11163,2012,600,87,314,161,50,0,0,1,1,1
11163,2013,600,87,314,161,50,0,0,1,1,1
11163,2014,600,87,314,161,50,0,0,1,1,1
11163,2015,600,87,314,161,50,0,0,1,1,1
11163,2016,600,87,314,161,50,0,0,1,1,1
11163,2017,600,87,314,161,50,0,0,1,1,1
11163,2018,700,110,314,161,50,0,0,1,1,1
11163,2019,700,110,314,161,50,0,0,1,1,1
11163,2020,700,110,200,250,50,0,0,1,1,1
11163,2021,700,110,200,250,50,0,0,1,1,1
11163,2022,700,110,200,250,50,0,0,1,1,1
11163,2023,700,110,200,250,50,0,0,1,1,1
11683,2019,0,0,0,762,1434,0,0,1,1,0
11683,2020,0,0,0,1299,1480,0,0,1,1,0
11683,2021,0,0,1192,1452,857,0,0,1,1,0
11683,2022,0,0,733,1116,1860,0,0,1,1,0
11683,2023,0,0,1161,963,906,0,0,1,1,0
11164,2012,850,220,250,300,200,160,0,1,1,1
11164,2013,1080,160,20,100,70,120,0,1,1,1
11164,2014,1100,200,50,150,50,150,0,1,1,1
11164,2015,1275,125,25,135,70,90,0,3a,3a,1
11164,2016,1450,50,0,120,90,30,0,1,1,1
11164,2017,1350,50,0,120,90,0,0,1,1,1
11164,2018,1300,100,0,0,200,0,0,1,1,1
11164,2019,1390,90,0,0,200,0,0,1,1,1
11164,2020,1320,250,0,0,200,0,0,1,1,1
11164,2021,1250,210,0,0,200,0,0,1,1,1
11164,2022,1250,200,0,0,235,0,0,1,1,1
11164,2023,1268,183,0,0,257,0,0,1,1,1
11165,2012,350,100,100,100,0,0,0,1,1,1
11165,2013,288,50,0,0,10,46,0,1,1,1
11165,2014,260,65,4,0,20,25,0,1,1,1
11165,2015,260,30,0,0,0,0,0,1,1,1
11165,2016,235,35,3,0,0,51,0,1,1,1
11165,2017,246,44,6,0,0,55,0,1,1,1
11165,2018,255,36,0,0,0,50,0,1,1,1
11165,2019,400,100,78,0,0,50,0,1,1,1
11165,2020,380,70,15,20,20,60,0,1,1,1
11165,2021,380,40,30,30,30,25,0,1,1,1
11165,2022,400,55,45,40,33,36,0,1,1,1
11165,2023,378,52,48,32,35,40,0,1,1,1
11166,2012,411,38,118,94,35,0,0,1,1,1
11166,2013,500,52,70,110,60,0,0,1,1,1
11166,2014,400,50,0,0,0,0,0,1,1,1
11166,2015,0,0,0,0,0,0,0,2b,2e,0
11166,2016,0,0,0,0,0,0,0,2b,2e,0
11166,2017,0,0,0,0,0,0,0,2b,2e,0
11166,2018,0,0,0,0,0,0,0,2b,2e,0
11166,2019,0,0,0,0,0,0,0,2b,2e,0
11166,2020,0,0,0,0,0,0,0,2b,2e,0
11166,2021,0,0,0,0,0,0,0,2b,2e,0
11166,2022,0,0,0,0,0,0,0,2b,2e,0
11166,2023,0,0,0,0,0,0,0,2b,2e,0
11167,2012,274,42,0,0,0,0,0,1,1,1
11167,2013,284,43,5,0,20,22,0,1,1,1
11167,2014,278,41,4,0,0,35,0,1,1,1
11167,2015,200,36,0,0,0,0,0,1,1,1
11167,2016,240,27,4,0,0,39,0,1,1,1
11167,2017,222,25,6,0,0,37,0,1,1,1
11167,2018,145,18,0,0,0,0,0,1,1,1
11167,2019,0,0,0,0,0,0,0,1,1,0
11167,2020,0,0,0,0,0,0,0,1,1,0
11167,2021,0,0,0,0,0,0,0,1,1,0
11167,2022,0,0,0,0,0,0,0,2b,2b,0
11167,2023,0,0,0,0,0,0,0,1,1,0
11168,2012,0,0,50,150,0,0,0,1,1,0
11168,2013,0,0,100,100,100,0,0,1,1,0
11168,2014,0,0,100,100,100,0,0,1,1,0
11168,2015,0,0,100,100,100,0,0,1,1,0
11168,2016,0,0,100,100,100,0,0,1,1,0
11168,2017,0,0,100,150,150,0,0,1,1,0
11168,2018,0,0,100,150,150,0,0,1,1,0
11168,2019,0,0,100,150,150,0,0,1,1,0
11168,2020,0,0,100,150,150,0,0,2c,3a,0
11168,2021,0,0,100,150,150,0,0,2c,3a,0
11168,2022,0,0,100,150,150,0,0,2c,3a,0
11168,2023,0,0,100,150,150,0,0,2c,3a,0
11169,2012,1250,150,225,225,0,0,0,1,1,1
11169,2013,1700,350,500,600,600,300,0,1,1,1
11169,2014,1771,435,590,860,263,0,0,1,1,1
11169,2015,1910,381,1028,537,268,288,0,1,1,1
11169,2016,2013,337,739,861,251,274,0,1,1,1
11169,2017,2091,366,747,838,288,347,0,1,1,1
11169,2018,2007,370,782,939,244,314,0,1,1,1
11169,2019,2031,364,806,912,304,0,0,1,1,1
11169,2020,2129,308,750,1034,383,0,0,1,1,1
11169,2021,2144,387,870,486,762,441,0,1,1,1
11169,2022,2172,354,897,959,319,361,0,1,1,1
11169,2023,2228,340,1092,669,376,0,0,1,1,1
11170,2012,180,30,35,18,15,11,0,1,1,1
11170,2013,165,25,7,9,6,7,0,1,1,1
11170,2014,150,20,10,10,5,0,0,1,1,1
11170,2015,150,20,10,10,5,0,0,1,1,1
11170,2016,0,20,10,10,5,0,0,2a,3a,0
11170,2017,0,20,10,10,5,0,0,2a,3a,0
11170,2018,0,20,10,10,5,0,0,2a,3a,0
11170,2019,0,20,10,10,5,0,0,2a,3a,0
11170,2020,0,20,10,10,5,0,0,2a,3a,0
11170,2021,0,20,10,10,5,0,0,2a,3a,0
11170,2022,0,20,10,10,5,0,0,2a,3a,0
11170,2023,0,20,10,10,5,0,0,2a,3a,0
11171,2012,530,68,60,175,175,60,0,1,1,1
11171,2013,535,63,40,168,160,58,0,1,1,1
11171,2014,0,200,595,368,239,0,0,1,1,0
11171,2015,0,225,419,630,0,0,0,1,1,0
11171,2016,0,0,543,645,85,0,0,1,1,0
11171,2017,0,0,617,611,122,0,0,1,1,0
11171,2018,0,0,623,609,125,0,0,1,1,0
11171,2019,0,0,800,203,307,0,0,1,1,0
11171,2020,0,0,850,250,150,0,0,1,1,0
11171,2021,0,0,900,300,200,0,0,1,1,0
11171,2022,0,0,495,1101,563,15,0,1,1,0
11171,2023,0,0,490,1097,561,11,0,1,1,0
11172,2012,0,0,0,0,0,0,0,1,1,0
11172,2013,0,0,0,0,0,0,0,1,1,0
11172,2014,0,0,0,0,0,0,0,1,1,0
11172,2015,0,0,0,0,0,0,0,1,1,0
11172,2016,0,0,0,0,0,0,0,1,1,0
11172,2017,0,0,0,0,0,0,0,1,1,0
11172,2018,0,0,0,0,0,0,0,1,1,0
11172,2019,0,0,0,0,0,0,0,1,1,0
11172,2020,0,0,0,0,0,0,0,1,1,0
11172,2021,0,0,0,0,0,0,0,1,1,0
11172,2022,0,0,0,0,0,0,0,1,1,0
11172,2023,0,0,0,0,0,0,0,2a,2a,0
11173,2012,600,60,0,20,0,0,0,1,1,1
11173,2013,540,60,0,75,75,0,0,1,1,1
11173,2014,510,45,40,65,70,0,0,1,1,1
11173,2015,598,62,0,0,0,0,0,1,1,1
11173,2016,598,62,135,135,0,0,0,1,1,1
11173,2017,570,62,135,135,0,0,0,1,1,1
11173,2018,570,62,135,235,100,0,0,1,1,1
11173,2019,620,40,0,0,0,0,0,1,1,1
11173,2020,600,40,0,0,0,0,0,1,1,1
11173,2021,590,50,0,0,0,0,0,1,1,1
11173,2022,600,55,0,0,0,0,0,1,1,1
11173,2023,590,65,0,0,0,0,0,1,1,1
12013,2019,0,0,0,0,0,0,0,2a,2a,0
12013,2020,0,0,0,0,0,0,0,2a,2a,0
12013,2021,0,0,0,0,0,0,0,2a,2a,0
12013,2022,0,0,0,0,0,0,0,2a,2a,0
12013,2023,0,0,0,0,0,0,0,2a,2a,0
11174,2012,110,12,55,0,0,0,0,1,1,1
11174,2013,110,12,55,0,0,0,0,1,1,1
11174,2014,109,12,55,0,0,0,0,1,1,1
11174,2015,105,15,0,0,0,0,0,1,1,1
11174,2016,0,0,0,0,0,0,0,1,1,0
11174,2017,0,0,0,0,0,0,0,1,1,0
11174,2018,0,0,0,0,0,0,0,2b,2b,0
11174,2019,0,0,0,0,0,0,0,2b,2b,0
11174,2020,0,0,0,0,0,0,0,2b,2b,0
11174,2021,0,0,0,0,0,0,0,2b,2b,0
11174,2022,0,0,0,0,0,0,0,2b,2b,0
11174,2023,0,0,0,0,0,0,0,2b,2b,0
11175,2012,800,150,0,0,0,0,0,1,1,1
11175,2013,1200,200,0,0,0,0,0,1,1,1
11175,2014,1200,200,0,0,0,0,0,1,1,1
11175,2015,1250,150,0,0,0,0,0,1,1,1
11175,2016,1272,0,0,0,0,0,0,1,1,1
11175,2017,1299,0,0,0,0,0,0,1,1,1
11175,2018,1620,0,0,0,0,0,0,1,1,1
11175,2019,1800,0,0,0,0,0,0,1,1,1
11175,2020,1875,0,0,0,0,0,0,1,1,1
11175,2021,1875,0,0,0,0,0,0,1,1,1
11175,2022,1875,0,0,0,0,0,0,1,1,1
11175,2023,1860,0,0,0,0,0,0,1,1,1
11176,2012,250,30,75,100,60,30,0,1,1,1
11176,2013,280,60,25,100,40,30,0,1,1,1
11176,2014,280,60,25,100,40,30,0,3a,3a,1
11176,2015,0,0,0,0,0,0,0,1,1,0
11176,2016,0,0,0,0,0,0,0,1,1,0
11176,2017,0,0,0,0,0,0,0,2c,2c,0
11176,2018,0,0,0,0,0,0,0,2c,2c,0
11176,2019,0,0,0,0,0,0,0,2c,2c,0
11176,2020,0,0,0,0,0,0,0,2c,2c,0
11176,2021,0,0,0,0,0,0,0,2c,2c,0
11176,2022,0,0,0,0,0,0,0,2c,2c,0
11176,2023,0,0,0,0,0,0,0,2c,2c,0
11177,2012,679,40,250,190,100,75,0,1,1,1
11177,2013,580,30,80,150,50,60,0,1,1,1
11177,2014,550,50,100,100,100,100,0,1,1,1
11177,2015,0,0,100,100,100,25,0,1,1,0
11177,2016,550,50,100,100,105,0,0,1,1,1
11177,2017,525,75,93,97,100,0,0,1,1,1
11177,2018,525,75,95,100,100,0,0,1,1,1
11177,2019,730,0,213,425,187,0,0,1,1,1
11177,2020,739,0,225,418,195,0,0,1,1,1
11177,2021,748,0,250,440,200,55,0,1,1,1
11177,2022,745,0,0,0,210,0,0,1,1,1
11177,2023,485,43,92,0,0,0,0,1,1,1
11178,2012,300,40,170,90,40,40,0,1,1,1
11178,2013,300,40,170,90,40,40,0,1,1,1
11178,2014,430,57,243,129,57,57,0,1,1,1
11178,2015,420,40,210,190,60,60,0,1,1,1
11178,2016,0,220,28,0,0,0,0,2c,3a,0
11178,2017,0,220,28,0,0,0,0,1,1,0
11178,2018,0,240,42,0,0,0,0,1,1,0
11178,2019,0,275,56,0,0,0,0,1,1,0
11178,2020,0,300,75,0,0,0,0,1,1,0
11178,2021,0,300,75,0,0,0,0,1,1,0
11178,2022,0,300,75,0,0,0,0,1,1,0
11178,2023,0,291,83,0,0,0,0,1,1,0
11179,2012,300,50,130,104,39,39,0,1,1,1
11179,2013,300,50,130,104,39,39,0,1,1,1
11179,2014,300,50,130,104,39,39,0,1,1,1
11179,2015,300,50,130,104,39,39,0,3a,3a,1
11179,2016,300,50,130,104,39,39,0,1,1,1
11179,2017,375,30,30,90,115,14,0,1,1,1
11179,2018,375,60,45,117,92,53,0,1,1,1
11179,2019,360,53,48,110,72,62,0,1,1,1
11179,2020,352,57,53,118,79,65,0,1,1,1
11179,2021,357,59,50,114,75,62,0,1,1,1
11179,2022,355,55,56,109,70,69,0,1,1,1
11179,2023,350,54,51,104,64,71,0,1,1,1
12014,2019,0,0,0,0,0,0,0,2b,2b,0
12014,2020,0,0,0,0,0,0,0,2b,2b,0
12014,2021,0,0,0,0,0,0,0,2b,2b,0
12014,2022,0,0,0,0,0,0,0,2b,2b,0
12014,2023,0,0,0,0,0,0,0,2b,2b,0
11180,2012,660,100,1020,1150,0,0,0,1,1,1
11180,2013,1158,172,1275,1225,0,0,0,1,1,1
11180,2014,1352,212,1275,1225,0,0,0,1,1,1
11180,2015,2300,320,740,580,160,250,0,1,1,1
11180,2016,2300,320,740,580,160,250,0,1,1,1
11180,2017,2500,400,1500,800,250,450,0,1,1,1
11180,2018,2600,500,900,700,200,300,0,1,1,1
11180,2019,3200,400,1044,812,232,348,0,1,1,1
11180,2020,3200,400,1044,812,232,348,0,1,1,1
11180,2021,3125,400,1010,820,240,345,0,1,1,1
11180,2022,3165,400,1020,820,250,335,0,1,1,1
11180,2023,3230,500,1230,940,440,450,0,1,1,1
11181,2012,691,129,300,200,200,200,0,1,1,1
11181,2013,774,116,300,200,200,200,0,1,1,1
11181,2014,778,116,325,271,155,108,0,3a,3a,1
11181,2015,782,115,350,342,110,15,0,1,1,1
11181,2016,782,115,350,342,110,15,0,1,1,1
11181,2017,782,115,350,342,110,15,0,1,1,1
11181,2018,805,75,37,320,96,0,0,1,1,1
11181,2019,805,75,371,359,152,0,0,1,1,1
11181,2020,800,80,360,350,150,0,0,1,1,1
11181,2021,810,85,350,360,160,0,0,1,1,1
11181,2022,113,155,0,554,523,0,0,1,1,1
11181,2023,113,155,0,554,523,0,0,3a,3a,1
11182,2012,676,100,230,190,72,0,0,1,1,1
11182,2013,675,100,230,190,72,0,0,1,1,1
11182,2014,670,100,230,190,72,0,0,1,1,1
11182,2015,660,105,200,200,100,140,0,1,1,1
11182,2016,655,100,210,195,120,150,0,1,1,1
11182,2017,650,50,200,190,130,145,0,1,1,1
11182,2018,670,75,210,220,140,155,0,1,1,1
11182,2019,675,80,215,220,150,0,0,1,1,1
11182,2020,690,75,220,210,160,145,0,1,1,1
11182,2021,750,100,230,200,140,130,0,1,1,1
11182,2022,900,150,280,235,165,0,0,1,1,1
11182,2023,899,148,278,233,163,0,0,1,1,1
11183,2012,639,83,0,0,0,0,0,1,1,1
11183,2013,630,80,0,0,0,0,0,1,1,1
11183,2014,606,90,20,0,0,0,0,1,1,1
11183,2015,606,90,20,0,0,0,0,1,1,1
11183,2016,606,90,20,0,0,0,0,1,1,1
11183,2017,606,90,20,0,0,0,0,1,1,1
11183,2018,620,80,0,0,0,0,0,1,1,1
11183,2019,606,90,20,0,0,0,0,1,1,1
11183,2020,631,85,0,0,0,0,0,1,1,1
11183,2021,631,85,0,0,0,0,0,1,1,1
11183,2022,631,85,0,0,0,0,0,1,1,1
11183,2023,700,110,10,0,0,0,0,1,1,1
11184,2012,2050,300,500,0,300,0,0,1,1,1
11184,2013,2050,300,500,0,300,0,0,1,1,1
11184,2014,2050,300,500,0,300,0,0,1,1,1
11184,2015,2050,300,500,0,300,0,0,1,1,1
11184,2016,2050,300,500,0,300,0,0,1,1,1
11184,2017,2050,300,500,0,300,0,0,1,1,1
11184,2018,2050,300,500,0,300,0,0,1,1,1
11184,2019,2050,300,500,0,300,0,0,1,1,1
11184,2020,2100,325,500,0,300,0,0,1,1,1
11184,2021,2090,335,550,0,300,0,0,1,1,1
11184,2022,2075,330,570,0,300,0,0,1,1,1
11184,2023,2060,340,580,0,300,0,0,1,1,1
11185,2012,376,37,119,62,59,60,0,1,1,1
11185,2013,375,37,119,62,59,60,0,1,1,1
11185,2014,530,80,90,40,0,0,0,1,1,1
11185,2015,530,80,90,40,0,0,0,1,1,1
11185,2016,530,80,90,40,0,0,0,1,1,1
11185,2017,550,100,95,35,0,0,0,1,1,1
11185,2018,550,100,95,35,0,0,0,3a,3a,1
11185,2019,550,100,95,35,0,0,0,3a,3a,1
11185,2020,550,100,95,35,0,0,0,3a,3a,1
11185,2021,0,0,0,0,0,0,0,2a,2a,0
11185,2022,0,0,0,0,0,0,0,2a,2a,0
11185,2023,0,0,0,0,0,0,0,2a,2a,0
11186,2012,700,58,300,250,100,100,0,1,1,1
11186,2013,700,58,300,250,100,100,0,1,1,1
11186,2014,700,58,300,250,100,100,0,1,1,1
11186,2015,700,58,300,250,100,100,0,1,1,1
11186,2016,700,58,300,250,100,100,0,1,1,1
11186,2017,699,68,274,223,93,93,0,3a,3a,1
11186,2018,698,79,248,197,87,85,0,3a,3a,1
11186,2019,698,89,223,170,80,78,0,3a,3a,1
11186,2020,697,99,197,143,73,70,0,3a,3a,1
11186,2021,696,110,171,117,67,63,0,3a,3a,1
11186,2022,695,120,145,90,60,55,0,1,1,1
11186,2023,680,115,150,92,64,59,0,1,1,1
11187,2012,610,50,15,0,0,0,0,1,1,1
11187,2013,660,0,0,0,0,0,0,1,1,1
11187,2014,700,25,0,0,0,0,0,1,1,1
11187,2015,0,0,0,0,0,0,0,1,1,0
11187,2016,600,0,0,0,0,0,0,1,1,1
11187,2017,600,0,0,0,0,0,0,1,1,1
11187,2018,600,0,0,0,0,0,0,1,1,1
11187,2019,500,0,0,0,0,0,0,1,1,1
11187,2020,500,0,0,0,0,0,0,1,1,1
11187,2021,550,0,0,0,0,0,0,1,1,1
11187,2022,0,0,0,0,0,0,0,2e,2e,0
11187,2023,0,0,0,0,0,0,0,2e,2e,0
11188,2012,2150,380,750,462,0,0,0,1,1,1
11188,2013,2150,380,750,462,0,0,0,1,1,1
11188,2014,2150,380,750,462,0,0,0,1,1,1
11188,2015,2150,380,750,462,0,0,0,1,1,1
11188,2016,2150,380,750,462,0,0,0,1,1,1
11188,2017,2150,380,750,462,0,0,0,1,1,1
11188,2018,2150,380,750,462,0,0,0,1,1,1
11188,2019,2150,380,750,462,0,0,0,1,1,1
11188,2020,2150,380,750,462,0,0,0,1,1,1
11188,2021,2150,380,750,462,0,0,0,1,1,1
11188,2022,2150,380,750,462,0,0,0,1,1,1
11188,2023,2185,335,950,675,0,0,0,1,1,1
11189,2012,810,90,250,220,145,128,0,1,1,1
11189,2013,730,170,310,250,135,145,0,1,1,1
11189,2014,750,167,301,245,130,142,0,1,1,1
11189,2015,1063,158,467,344,0,186,0,1,1,1
11189,2016,1000,200,472,339,0,0,0,1,1,1
11189,2017,1000,200,472,339,0,0,0,1,1,1
11189,2018,1063,158,467,344,0,186,0,1,1,1
11189,2019,1145,79,461,367,147,234,0,1,1,1
11189,2020,1145,79,461,367,147,234,0,1,1,1
11189,2021,1150,82,445,370,138,220,0,1,1,1
11189,2022,1142,85,452,367,129,211,0,1,1,1
11189,2023,1145,80,450,362,135,206,0,1,1,1
11190,2012,1650,200,750,600,225,225,0,1,1,1
11190,2013,1700,196,750,650,250,250,0,1,1,1
11190,2014,1700,196,0,0,0,0,0,1,1,1
11190,2015,1690,200,0,0,0,0,0,1,1,1
11190,2016,1800,220,800,600,600,500,0,1,1,1
11190,2017,1800,220,800,600,600,500,0,1,1,1
11190,2018,1800,200,800,600,600,500,0,1,1,1
11190,2019,1825,175,700,700,500,600,0,1,1,1
11190,2020,1900,200,1000,1000,850,650,0,1,1,1
11190,2021,1900,200,1000,1000,850,650,0,1,1,1
11190,2022,1900,200,1000,1000,850,650,0,1,1,1
11190,2023,1907,190,1025,975,860,635,0,1,1,1
11191,2012,650,90,70,100,65,75,0,1,1,1
11191,2013,650,90,70,100,65,100,0,1,1,1
11191,2014,640,85,70,100,65,100,0,1,1,1
11191,2015,640,85,70,100,65,100,0,1,1,1
11191,2016,640,85,70,100,65,100,0,1,1,1
11191,2017,750,85,70,100,65,100,0,1,1,1
11191,2018,750,85,70,100,65,100,0,1,1,1
11191,2019,750,85,70,100,65,100,0,1,1,1
11191,2020,750,85,50,50,65,100,0,1,1,1
11191,2021,750,85,70,80,70,100,0,1,1,1
11191,2022,750,85,70,80,70,100,0,1,1,1
11191,2023,750,85,70,80,70,100,0,1,1,1
11192,2012,550,80,15,60,60,0,0,1,1,1
11192,2013,550,80,15,60,60,0,0,1,1,1
11192,2014,550,80,15,60,60,0,0,1,1,1
11192,2015,550,80,15,60,60,0,0,1,1,1
11192,2016,550,80,15,60,60,0,0,1,1,1
11192,2017,550,80,15,60,60,0,0,1,1,1
11192,2018,650,100,80,80,80,0,0,1,1,1
11192,2019,600,100,85,150,0,0,0,1,1,1
11192,2020,600,100,85,150,0,0,0,1,1,1
11192,2021,600,100,85,150,0,0,0,1,1,1
11192,2022,600,100,85,150,0,0,0,1,1,1
11192,2023,600,100,85,150,0,0,0,1,1,1
11193,2012,0,0,0,0,0,0,0,1,1,0
11193,2013,0,250,0,0,0,0,0,1,1,0
11193,2014,0,300,0,0,0,0,0,1,1,0
11193,2015,0,202,0,0,0,0,0,1,1,0
11193,2016,420,100,0,0,0,0,0,1,1,1
11193,2017,437,130,0,0,0,0,0,1,1,1
11193,2018,429,115,0,0,0,0,0,1,1,1
11193,2019,429,115,0,0,0,0,0,1,1,1
11193,2020,450,238,0,0,0,0,0,1,1,1
11193,2021,442,242,0,0,0,0,0,1,1,1
11193,2022,442,242,0,0,0,0,0,3a,3a,1
11193,2023,440,245,0,0,0,0,0,3a,3a,1
11194,2012,450,50,200,200,200,0,0,1,1,1
11194,2013,500,60,200,200,0,0,0,1,1,1
11194,2014,525,75,130,124,127,0,0,1,1,1
11194,2015,525,60,175,150,170,0,0,1,1,1
11194,2016,499,48,169,142,155,0,0,1,1,1
11194,2017,498,52,165,145,160,0,0,1,1,1
11194,2018,498,52,165,145,160,0,0,1,1,1
11194,2019,500,60,200,145,40,0,0,1,1,1
11194,2020,520,62,210,150,50,0,0,1,1,1
11194,2021,510,63,190,147,45,0,0,1,1,1
11194,2022,505,65,200,140,50,0,0,1,1,1
11194,2023,500,63,196,135,45,0,0,1,1,1
11195,2012,540,121,282,240,206,0,0,1,1,1
11195,2013,540,140,282,240,206,0,0,1,1,1
11195,2014,540,140,282,240,206,0,0,1,1,1
11195,2015,0,0,282,240,206,0,0,1,1,0
11195,2016,0,0,0,240,0,0,0,1,1,0
11195,2017,0,0,0,140,0,0,0,1,1,0
11195,2018,0,0,80,60,0,0,0,1,1,0
11195,2019,0,0,195,29,0,0,0,1,1,0
11195,2020,0,0,90,20,0,0,0,1,1,0
11195,2021,0,0,70,20,0,0,0,1,1,0
11195,2022,0,0,60,20,0,0,0,1,1,0
11195,2023,0,0,30,20,0,0,0,1,1,0
11196,2012,250,60,0,0,0,0,0,1,1,1
11196,2013,230,21,18,0,0,0,0,1,1,1
11196,2014,200,40,0,0,0,0,0,1,1,1
11196,2015,220,55,0,0,0,0,0,1,1,1
11196,2016,320,25,0,0,0,10,0,1,1,1
11196,2017,320,25,0,0,0,10,0,3a,3a,1
11196,2018,320,25,0,0,0,10,0,3a,3a,1
11196,2019,390,0,52,0,0,0,0,1,1,1
11196,2020,386,0,54,0,0,0,0,1,1,1
11196,2021,386,0,54,0,0,0,0,3a,3a,1
11196,2022,33,0,5,0,0,0,0,1,1,1
11196,2023,33,0,5,0,0,0,0,3a,3a,1
11197,2012,1080,90,0,0,0,0,0,1,1,1
11197,2013,1200,100,0,0,0,0,0,1,1,1
11197,2014,1200,100,0,0,0,0,0,1,1,1
11197,2015,1200,100,0,0,0,0,0,1,1,1
11197,2016,1200,100,0,0,0,0,0,1,1,1
11197,2017,1200,100,0,0,0,0,0,1,1,1
11197,2018,1200,100,0,0,0,0,0,1,1,1
11197,2019,1200,100,0,0,0,0,0,1,1,1
11197,2020,1200,100,0,0,0,0,0,1,1,1
11197,2021,1215,105,0,0,0,0,0,1,1,1
11197,2022,1225,110,0,0,0,0,0,1,1,1
11197,2023,1240,115,0,0,0,0,0,1,1,1
11198,2012,1100,154,300,400,150,0,0,1,1,1
11198,2013,1100,154,300,400,150,0,0,1,1,1
11198,2014,1050,140,295,380,150,0,0,1,1,1
11198,2015,1050,140,295,380,150,0,0,1,1,1
11198,2016,2100,300,0,500,0,0,0,1,1,1
11198,2017,2100,300,0,500,0,0,0,1,1,1
11198,2018,2400,400,0,0,0,0,0,1,1,1
11198,2019,2400,400,0,0,0,0,0,1,1,1
11198,2020,2049,240,248,0,0,0,0,1,1,1
11198,2021,2049,240,248,0,0,0,0,1,1,1
11198,2022,2055,251,253,0,0,0,0,1,1,1
11198,2023,2045,261,243,0,0,0,0,1,1,1
12015,2019,0,0,0,0,0,0,0,2a,3g,0
12015,2020,0,0,0,0,0,0,0,2a,3g,0
12015,2021,0,0,0,0,0,0,0,2a,3g,0
12015,2022,0,0,0,0,0,0,0,2a,3g,0
12015,2023,0,0,0,0,0,0,0,2a,3g,0
11199,2012,860,134,0,0,0,0,0,1,1,1
11199,2013,860,134,0,0,0,0,0,1,1,1
11199,2014,860,134,0,0,0,0,0,1,1,1
11199,2015,860,134,0,0,0,0,0,1,1,1
11199,2016,860,134,0,0,0,0,0,1,1,1
11199,2017,860,134,0,0,0,0,0,1,1,1
11199,2018,860,134,0,0,0,0,0,1,1,1
11199,2019,860,134,0,0,0,0,0,1,1,1
11199,2020,860,134,0,0,0,0,0,1,1,1
11199,2021,860,134,0,0,0,0,0,1,1,1
11199,2022,1450,170,175,750,250,0,0,1,1,1
11199,2023,1450,170,175,750,250,0,0,1,1,1
11200,2012,1515,310,0,0,0,0,0,1,1,1
11200,2013,1515,310,0,0,0,0,0,1,1,1
11200,2014,1515,310,0,0,0,0,0,1,1,1
11200,2015,1515,310,0,0,0,0,0,1,1,1
11200,2016,1200,200,0,0,0,0,0,1,1,1
11200,2017,1092,115,445,265,0,0,0,1,1,1
11200,2018,1139,115,76,0,0,0,0,1,1,1
11200,2019,1078,159,0,0,0,0,0,1,1,1
11200,2020,1076,107,0,0,0,0,0,1,1,1
11200,2021,1052,98,0,0,0,0,0,1,1,1
11200,2022,1065,110,0,0,0,0,0,1,1,1
11200,2023,1063,108,0,0,0,0,0,1,1,1
11201,2012,1308,267,0,0,0,0,0,1,1,1
11201,2013,1308,267,0,0,0,0,0,1,1,1
11201,2014,1308,267,0,0,0,0,0,1,1,1
11201,2015,1308,267,0,0,0,0,0,1,1,1
11201,2016,878,100,0,0,0,0,0,1,1,1
11201,2017,904,101,698,354,0,0,0,1,1,1
11201,2018,945,96,26,0,0,0,0,1,1,1
11201,2019,861,111,0,0,0,0,0,1,1,1
11201,2020,842,84,0,0,0,0,0,1,1,1
11201,2021,832,71,0,0,0,0,0,1,1,1
11201,2022,836,70,0,0,0,0,0,1,1,1
11201,2023,838,72,0,0,0,0,0,1,1,1
11202,2012,1200,150,0,175,125,0,0,1,1,1
11202,2013,1425,200,0,0,150,0,0,1,1,1
11202,2014,1700,200,0,0,150,0,0,1,1,1
11202,2015,1650,180,0,0,150,0,0,1,1,1
11202,2016,1650,220,600,300,300,0,0,1,1,1
11202,2017,1625,215,600,300,300,0,0,1,1,1
11202,2018,1600,250,230,220,0,0,0,1,1,1
11202,2019,1580,260,245,235,0,0,0,1,1,1
11202,2020,1568,272,253,240,0,0,0,1,1,1
11202,2021,1585,280,265,250,0,0,0,1,1,1
11202,2022,1580,272,280,245,0,0,0,1,1,1
11202,2023,1578,270,278,243,0,0,0,1,1,1
11203,2012,3076,300,140,0,0,0,0,1,1,1
11203,2013,3076,300,140,0,0,0,0,1,1,1
11203,2014,3076,300,140,0,0,0,0,1,1,1
11203,2015,2600,400,140,0,0,0,0,1,1,1
11203,2016,2600,400,140,0,0,0,0,1,1,1
11203,2017,2600,400,140,0,0,0,0,1,1,1
11203,2018,2600,400,140,0,0,0,0,1,1,1
11203,2019,2600,400,830,1155,465,637,0,1,1,1
11203,2020,2600,400,830,1155,465,637,0,1,1,1
11203,2021,2600,400,830,1155,465,637,0,1,1,1
11203,2022,2600,400,830,1155,465,637,0,1,1,1
11203,2023,4200,631,1400,1000,400,400,0,1,1,1
11204,2012,630,95,160,350,115,90,0,1,1,1
11204,2013,680,85,225,200,150,110,0,1,1,1
11204,2014,660,70,220,195,152,100,0,1,1,1
11204,2015,660,70,174,345,80,105,0,1,1,1
11204,2016,660,70,189,323,84,100,0,1,1,1
11204,2017,656,74,192,319,91,102,0,1,1,1
11204,2018,649,73,195,312,87,100,0,1,1,1
11204,2019,657,69,198,210,155,160,0,1,1,1
11204,2020,655,70,200,205,150,165,0,1,1,1
11204,2021,658,71,210,198,163,179,0,1,1,1
11204,2022,660,70,200,200,165,180,0,1,1,1
11204,2023,650,60,178,195,162,181,0,1,1,1
11205,2012,670,123,300,240,60,20,0,1,1,1
11205,2013,670,123,300,240,60,20,0,1,1,1
11205,2014,670,123,300,240,60,20,0,1,1,1
11205,2015,670,100,300,240,60,20,0,1,1,1
11205,2016,680,100,289,234,55,19,0,1,1,1
11205,2017,670,90,289,234,55,19,0,1,1,1
11205,2018,650,80,289,234,55,19,0,1,1,1
11205,2019,650,80,289,234,55,19,0,1,1,1
11205,2020,571,101,473,130,212,0,0,1,1,1
11205,2021,565,98,468,121,208,0,0,1,1,1
11205,2022,561,97,468,121,208,0,0,1,1,1
11205,2023,560,95,462,120,205,0,0,1,1,1
11206,2012,385,53,0,200,0,0,0,1,1,1
11206,2013,384,26,0,200,0,0,0,1,1,1
11206,2014,430,35,0,230,0,0,0,1,1,1
11206,2015,425,38,0,230,0,0,0,1,1,1
11206,2016,417,39,0,233,0,0,0,1,1,1
11206,2017,403,32,0,224,0,0,0,1,1,1
11206,2018,403,32,0,224,0,0,0,3a,3a,1
11206,2019,0,0,0,0,0,0,0,2a,2a,0
11206,2020,0,0,0,0,0,0,0,2a,2a,0
11206,2021,0,0,0,0,0,0,0,2a,2a,0
11206,2022,0,0,0,0,0,0,0,2a,2a,0
11206,2023,0,0,0,0,0,0,0,2a,2a,0
11207,2012,0,0,0,0,0,0,0,1,1,0
11207,2013,0,0,0,0,0,0,0,1,1,0
11207,2014,120,20,0,0,0,0,0,1,1,1
11207,2015,0,0,0,0,0,0,0,1,1,0
11207,2016,0,0,0,0,0,0,0,1,1,0
11207,2017,0,0,0,0,0,0,0,1,1,0
11207,2018,0,0,0,0,0,0,0,1,1,0
11207,2019,0,0,0,0,0,0,0,1,1,0
11207,2020,0,0,0,0,0,0,0,1,1,0
11207,2021,0,0,0,0,0,0,0,1,1,0
11207,2022,0,0,0,0,0,0,0,1,1,0
11207,2023,0,0,0,0,0,0,0,1,1,0
11208,2012,304,40,120,0,0,0,0,1,1,1
11208,2013,292,30,120,0,0,0,0,1,1,1
11208,2014,292,30,120,0,0,0,0,1,1,1
11208,2015,292,30,120,0,0,0,0,1,1,1
11208,2016,292,30,120,0,0,0,0,1,1,1
11208,2017,300,45,170,160,0,0,0,1,1,1
11208,2018,300,45,190,210,0,0,0,1,1,1
11208,2019,300,45,100,166,0,0,0,1,1,1
11208,2020,335,7,78,151,0,0,0,1,1,1
11208,2021,305,40,72,100,0,0,0,1,1,1
11208,2022,302,43,80,106,0,0,0,1,1,1
11208,2023,302,43,80,106,0,0,0,1,1,1
11209,2012,0,0,0,0,0,0,0,1,1,0
11209,2013,0,0,0,0,0,0,0,1,1,0
11209,2014,0,0,0,0,0,0,0,1,1,0
11209,2015,0,0,0,0,0,0,0,1,1,0
11209,2016,0,0,0,0,0,0,0,2c,2c,0
11209,2017,0,0,0,0,0,0,0,1,1,0
11209,2018,0,0,0,0,0,0,0,1,1,0
11209,2019,0,0,0,700,0,0,0,1,1,0
11209,2020,0,0,0,700,0,0,0,1,1,0
11209,2021,0,0,0,700,0,0,0,2c,3a,0
11209,2022,0,0,0,700,0,0,0,2c,3a,0
11209,2023,0,0,0,700,0,0,0,2c,3a,0
11210,2012,240,90,90,65,110,50,0,1,1,1
11210,2013,0,0,0,0,0,0,0,1,1,0
11210,2014,0,0,0,0,0,0,0,2c,2c,0
11210,2015,0,0,0,0,0,0,0,2c,2c,0
11210,2016,0,0,0,700,0,0,0,2c,3a,0
11210,2017,0,0,0,700,0,0,0,2c,3a,0
11210,2018,0,0,0,700,0,0,0,2c,3a,0
11210,2019,0,0,0,700,0,0,0,1,1,0
11210,2020,0,0,0,700,0,0,0,1,1,0
11210,2021,0,0,0,700,0,0,0,1,1,0
11210,2022,0,0,0,700,0,0,0,1,1,0
11210,2023,0,0,0,700,0,0,0,1,1,0
11211,2012,460,10,0,0,0,0,0,1,1,1
11211,2013,460,10,15,0,0,0,0,1,1,1
11211,2014,425,12,10,0,0,0,0,1,1,1
11211,2015,425,10,0,0,0,0,0,1,1,1
11211,2016,0,0,0,0,0,0,0,1,1,0
11211,2017,0,0,0,0,0,0,0,1,1,0
11211,2018,0,0,0,0,0,0,0,1,1,0
11211,2019,0,0,0,0,0,0,0,1,1,0
11211,2020,0,0,0,0,0,0,0,1,1,0
11211,2021,0,0,0,0,0,0,0,1,1,0
11211,2022,0,0,0,0,0,0,0,1,1,0
11211,2023,0,0,0,0,0,0,0,1,1,0
11212,2012,555,120,185,195,140,245,0,1,1,1
11212,2013,555,120,185,195,140,245,0,1,1,1
11212,2014,555,120,185,195,140,245,0,1,1,1
11212,2015,555,120,295,315,112,120,0,1,1,1
11212,2016,555,120,295,315,115,120,0,1,1,1
11212,2017,555,120,295,315,115,120,0,1,1,1
11212,2018,555,120,295,315,115,120,0,1,1,1
11212,2019,594,78,215,255,85,90,0,1,1,1
11212,2020,594,78,215,255,85,90,0,1,1,1
11212,2021,594,78,215,255,85,90,0,1,1,1
11212,2022,594,78,215,255,85,90,0,3a,3a,1
11212,2023,585,70,200,240,75,85,0,1,1,1
11213,2012,1050,180,450,400,200,0,0,1,1,1
11213,2013,1025,155,475,425,225,0,0,1,1,1
11213,2014,950,150,450,410,210,0,0,1,1,1
11213,2015,950,130,325,125,130,0,0,1,1,1
11213,2016,700,130,350,150,160,0,0,1,1,1
11213,2017,675,90,340,160,150,0,0,1,1,1
11213,2018,675,90,340,160,150,0,0,1,1,1
11213,2019,930,80,0,150,0,0,0,1,1,1
11213,2020,997,202,117,48,0,0,0,1,1,1
11213,2021,995,210,115,45,0,0,0,1,1,1
11213,2022,997,205,117,42,0,0,0,1,1,1
11213,2023,990,210,110,40,0,0,0,1,1,1
11214,2012,400,75,7,0,0,5,0,1,1,1
11214,2013,400,75,7,0,0,5,0,1,1,1
11214,2014,400,75,7,0,0,5,0,1,1,1
11214,2015,400,75,7,0,0,5,0,1,1,1
11214,2016,400,75,7,0,0,5,0,1,1,1
11214,2017,500,1,0,65,0,0,0,1,1,1
11214,2018,500,1,0,65,0,0,0,1,1,1
11214,2019,500,1,0,65,0,0,0,1,1,1
11214,2020,0,0,0,0,0,0,0,2b,2b,0
11214,2021,0,0,0,0,0,0,0,2b,2b,0
11214,2022,0,0,0,0,0,0,0,2b,2b,0
11214,2023,0,0,0,0,0,0,0,2b,2b,0
11215,2012,0,0,50,0,0,0,0,1,1,0
11215,2013,0,0,60,0,0,0,0,1,1,0
11215,2014,0,0,65,0,0,0,0,1,1,0
11215,2015,0,0,60,0,0,0,0,1,1,0
11215,2016,0,350,0,0,0,0,0,1,1,0
11215,2017,0,350,0,0,0,0,0,1,1,0
11215,2018,0,0,0,0,0,0,0,1,1,0
11215,2019,0,0,267,204,0,0,0,1,1,0
11215,2020,0,0,285,284,0,0,0,1,1,0
11215,2021,0,0,285,284,0,0,0,1,1,0
11215,2022,0,0,536,11,0,0,0,1,1,0
11215,2023,0,0,300,0,0,0,0,1,1,0
11216,2012,225,0,0,0,0,0,0,1,1,1
11216,2013,160,20,0,40,0,0,0,1,1,1
11216,2014,165,20,22,70,0,0,0,1,1,1
11216,2015,165,15,0,0,0,0,0,1,1,1
11216,2016,160,15,15,0,0,0,0,1,1,1
11216,2017,156,12,0,0,0,0,0,1,1,1
11216,2018,0,0,0,0,0,0,0,1,1,0
11216,2019,0,0,0,0,0,0,0,1,1,0
11216,2020,150,0,0,0,0,0,0,1,1,1
11216,2021,0,0,0,0,0,0,0,1,1,0
11216,2022,0,0,0,0,0,0,0,1,1,0
11216,2023,0,0,0,0,0,0,0,1,1,0
11217,2012,1150,200,250,350,50,0,0,1,1,1
11217,2013,1145,198,248,345,50,0,0,1,1,1
11217,2014,1150,200,150,200,50,0,0,1,1,1
11217,2015,1175,190,75,100,519,501,0,3a,3a,1
11217,2016,1200,180,0,0,987,1002,0,1,1,1
11217,2017,1200,180,0,0,987,1002,0,1,1,1
11217,2018,1210,170,0,0,975,1000,0,1,1,1
11217,2019,1200,180,0,0,900,1050,0,1,1,1
11217,2020,1200,180,0,214,674,1619,0,1,1,1
11217,2021,1150,230,0,200,683,1603,0,1,1,1
11217,2022,1150,230,0,218,674,1610,0,1,1,1
11217,2023,1125,230,0,225,670,1600,0,1,1,1
12016,2019,0,0,200,0,0,0,8,1,1,0
12016,2020,0,0,198,0,0,0,8,1,1,0
12016,2021,0,0,182,0,0,0,6,1,1,0
12016,2022,0,0,187,0,0,0,6,1,1,0
12016,2023,0,0,185,0,0,0,6,1,1,0
11218,2012,515,56,250,175,72,100,0,1,1,1
11218,2013,541,71,58,162,0,0,0,1,1,1
11218,2014,545,71,58,162,0,0,0,1,1,1
11218,2015,540,63,102,110,0,0,0,1,1,1
11218,2016,560,61,180,180,130,0,0,1,1,1
11218,2017,580,65,190,190,120,0,0,1,1,1
11218,2018,573,65,190,190,120,0,0,1,1,1
11218,2019,565,62,190,190,120,0,0,1,1,1
11218,2020,560,60,185,180,125,0,0,1,1,1
11218,2021,555,60,185,180,125,135,0,1,1,1
11218,2022,547,62,181,175,127,128,0,1,1,1
11218,2023,597,75,204,170,135,130,0,1,1,1
11219,2012,317,40,100,100,80,50,0,1,1,1
11219,2013,317,40,100,100,80,50,0,1,1,1
11219,2014,317,40,100,100,80,50,0,1,1,1
11219,2015,317,40,100,100,80,50,0,1,1,1
11219,2016,280,65,250,200,0,0,0,1,1,1
11219,2017,280,65,250,200,0,0,0,1,1,1
11219,2018,280,65,300,200,0,0,0,1,1,1
11219,2019,280,65,300,200,0,0,0,1,1,1
11219,2020,280,65,300,200,0,0,0,1,1,1
11219,2021,280,65,300,200,0,0,0,1,1,1
11219,2022,280,65,300,200,0,0,0,1,1,1
11219,2023,300,45,300,150,150,100,0,1,1,1
11220,2012,0,0,0,0,0,0,0,2b,2b,0
11220,2013,0,0,0,0,0,0,0,1,1,0
11220,2014,0,0,0,0,0,0,0,2b,2b,0
11220,2015,0,0,0,0,0,0,0,2b,2b,0
11220,2016,0,0,0,0,0,0,0,2b,2b,0
11220,2017,0,0,0,0,0,0,0,2b,2b,0
11220,2018,0,0,0,0,0,0,0,2b,2b,0
11220,2019,0,0,0,0,0,0,0,2b,2b,0
11220,2020,0,0,0,0,0,0,0,2b,2b,0
11220,2021,0,0,0,0,0,0,0,2b,2b,0
11220,2022,0,0,0,0,0,0,0,2b,2b,0
11220,2023,0,0,0,0,0,0,0,2b,2b,0
11221,2012,1576,272,695,562,210,0,0,1,1,1
11221,2013,1625,275,698,570,220,0,0,1,1,1
11221,2014,1628,275,487,634,396,0,0,3a,3a,1
11221,2015,1630,275,276,697,572,0,0,1,1,1
11221,2016,1630,275,276,697,572,0,0,1,1,1
11221,2017,1630,275,276,697,573,0,0,1,1,1
11221,2018,1630,275,276,697,573,0,0,1,1,1
11221,2019,1630,275,276,697,573,0,0,1,1,1
11221,2020,1635,275,276,697,573,0,0,1,1,1
11221,2021,1692,275,275,700,575,0,0,1,1,1
11221,2022,1692,275,275,700,575,0,0,1,1,1
11221,2023,1690,275,275,700,575,0,0,1,1,1
11222,2012,300,52,0,0,0,0,0,1,1,1
11222,2013,300,52,0,0,0,0,0,1,1,1
11222,2014,300,52,0,0,0,0,0,1,1,1
11222,2015,300,52,0,0,0,0,0,1,1,1
11222,2016,300,52,0,0,0,0,0,1,1,1
11222,2017,300,52,0,0,0,0,0,1,1,1
11222,2018,0,0,0,0,0,0,0,2e,2e,0
11222,2019,0,0,0,0,0,0,0,2e,2e,0
11222,2020,0,0,0,0,0,0,0,2e,2e,0
11222,2021,0,0,0,0,0,0,0,2e,2e,0
11222,2022,0,0,0,0,0,0,0,2e,2e,0
11222,2023,0,0,0,0,0,0,0,2e,2e,0
11223,2012,400,50,50,75,75,50,0,1,1,1
11223,2013,400,50,50,50,50,0,0,1,1,1
11223,2014,395,48,50,50,50,0,0,1,1,1
11223,2015,395,48,50,50,50,0,0,3a,3a,1
11223,2016,0,0,392,0,0,0,0,1,1,0
11223,2017,0,0,392,0,0,0,0,1,1,0
11223,2018,0,0,0,0,0,0,0,1,1,0
11223,2019,0,0,0,0,0,0,0,1,1,0
11223,2020,0,0,0,0,0,0,0,1,1,0
11223,2021,0,0,0,0,0,0,0,1,1,0
11223,2022,0,0,0,0,0,0,0,2a,2c,0
11223,2023,0,0,0,0,0,0,0,2a,2c,0
11224,2019,0,0,376,306,0,0,0,1,1,0
11224,2020,0,0,0,705,0,0,0,1,1,0
11224,2021,0,0,0,710,0,0,0,1,1,0
11224,2022,0,0,0,705,0,0,0,1,1,0
11224,2023,0,0,0,690,0,0,0,1,1,0
11225,2012,330,40,180,200,80,0,0,1,1,1
11225,2013,330,40,180,200,80,0,0,1,1,1
11225,2014,340,50,152,210,90,0,0,1,1,1
11225,2015,340,50,152,210,90,0,0,1,1,1
11225,2016,340,50,152,210,90,0,0,1,1,1
11225,2017,550,110,250,200,125,0,0,1,1,1
11225,2018,550,110,250,200,125,0,0,1,1,1
11225,2019,550,110,250,200,125,0,0,1,1,1
11225,2020,550,110,250,200,125,0,0,1,1,1
11225,2021,550,110,250,200,125,0,0,1,1,1
11225,2022,550,110,250,200,125,0,0,3a,3a,1
11225,2023,550,110,250,200,125,0,0,3a,3a,1
11226,2012,138,12,40,40,20,20,0,1,1,1
11226,2013,138,12,40,40,20,20,0,3a,3a,1
11226,2014,0,0,0,0,0,0,0,2a,2a,0
11226,2015,0,0,0,0,0,0,0,2a,2a,0
11226,2016,0,0,0,0,0,0,0,2a,2a,0
11226,2017,0,0,0,0,0,0,0,2a,2a,0
11226,2018,0,0,0,0,0,0,0,2a,2a,0
11226,2019,0,0,0,0,0,0,0,2a,2a,0
11226,2020,0,0,0,0,0,0,0,2a,2a,0
11226,2021,0,0,0,0,0,0,0,2a,2a,0
11226,2022,0,0,0,0,0,0,0,2a,2a,0
11226,2023,0,0,0,0,0,0,0,2a,2a,0
11227,2012,465,60,120,0,120,120,0,1,1,1
11227,2013,465,60,120,0,120,120,0,1,1,1
11227,2014,465,60,120,0,120,120,0,1,1,1
11227,2015,0,0,350,600,0,0,0,1,1,0
11227,2016,0,0,350,600,0,0,0,1,1,0
11227,2017,0,0,350,600,0,0,0,1,1,0
11227,2018,0,0,350,600,0,0,0,1,1,0
11227,2019,0,0,350,600,0,0,0,1,1,0
11227,2020,0,0,350,600,0,0,0,1,1,0
11227,2021,0,0,350,600,0,0,0,1,1,0
11227,2022,0,0,350,600,0,0,0,1,1,0
11227,2023,0,0,350,600,0,0,0,1,1,0
11228,2012,100,90,120,120,6,6,0,1,1,1
11228,2013,150,90,150,150,6,6,0,1,1,1
11228,2014,200,60,200,200,6,6,0,1,1,1
11228,2015,100,80,175,175,3,3,0,3a,3a,1
11228,2016,0,100,150,150,0,0,0,1,1,0
11228,2017,50,10,131,108,10,3,0,1,1,1
11228,2018,50,10,131,108,10,3,0,1,1,1
11228,2019,50,10,131,108,10,3,0,1,1,1
11228,2020,117,20,10,480,10,15,0,1,1,1
11228,2021,117,20,20,480,30,20,0,1,1,1
11228,2022,110,10,15,480,20,15,0,1,1,1
11228,2023,110,10,15,480,20,15,0,1,1,1
11229,2012,865,250,430,223,132,150,0,1,1,1
11229,2013,885,251,430,223,132,0,0,1,1,1
11229,2014,709,201,344,179,106,0,0,1,1,1
11229,2015,30,1,0,0,0,0,0,1,1,1
11229,2016,800,100,350,200,75,75,0,1,1,1
11229,2017,800,100,350,200,75,75,0,1,1,1
11229,2018,800,150,350,350,200,150,0,1,1,1
11229,2019,900,225,350,350,200,150,0,1,1,1
11229,2020,900,225,350,350,200,150,0,1,1,1
11229,2021,900,225,350,350,200,150,0,1,1,1
11229,2022,900,225,350,350,200,150,0,1,1,1
11229,2023,900,225,350,350,200,150,0,1,1,1
11230,2012,227,25,25,0,0,20,0,1,1,1
11230,2013,225,25,25,0,0,20,0,1,1,1
11230,2014,225,25,25,0,0,20,0,1,1,1
11230,2015,223,28,38,0,0,10,0,3a,3a,1
11230,2016,220,30,50,0,0,0,0,1,1,1
11230,2017,220,30,50,0,0,0,0,1,1,1
11230,2018,220,30,50,0,0,0,0,1,1,1
11230,2019,0,0,0,0,0,0,0,2b,2e,0
11230,2020,0,0,0,0,0,0,0,2b,2e,0
11230,2021,0,0,0,0,0,0,0,2b,2e,0
11230,2022,0,0,0,0,0,0,0,2b,2e,0
11230,2023,0,0,0,0,0,0,0,2b,2e,0
12017,2019,0,0,0,0,0,0,0,2a,2e,0
12017,2020,0,0,0,0,0,0,0,2a,2e,0
12017,2021,0,0,0,0,0,0,0,2a,2e,0
12017,2022,0,0,0,0,0,0,0,2a,2e,0
12017,2023,0,0,0,0,0,0,0,2a,2e,0
11231,2012,155,1,90,0,0,0,0,1,1,1
11231,2013,140,0,0,150,0,0,0,1,1,1
11231,2014,140,0,0,150,0,0,0,1,1,1
11231,2015,170,1,0,200,0,0,0,1,1,1
11231,2016,170,1,0,200,0,0,0,1,1,1
11231,2017,146,20,17,74,93,0,0,1,1,1
11231,2018,141,20,20,75,93,0,0,1,1,1
11231,2019,141,20,20,75,90,0,0,1,1,1
11231,2020,0,0,160,0,0,0,0,1,1,0
11231,2021,0,0,20,160,0,0,20,1,1,0
11231,2022,0,0,15,90,0,0,16,1,1,0
11231,2023,0,0,45,0,25,0,3,1,1,0
11232,2012,900,125,0,0,100,100,0,1,1,1
11232,2013,900,125,0,0,100,100,0,1,1,1
11232,2014,900,125,0,0,100,100,0,1,1,1
11232,2015,900,125,0,0,75,40,0,1,1,1
11232,2016,900,125,0,0,75,40,0,1,1,1
11232,2017,900,125,0,0,75,40,0,1,1,1
11232,2018,900,125,0,0,75,0,0,1,1,1
11232,2019,900,125,0,0,75,0,0,1,1,1
11232,2020,900,125,0,0,75,0,0,1,1,1
11232,2021,900,125,0,0,75,0,0,1,1,1
11232,2022,900,125,0,0,75,0,0,1,1,1
11232,2023,900,125,0,0,75,0,0,1,1,1
11233,2012,160,35,38,38,16,13,0,1,1,1
11233,2013,160,35,38,38,16,13,0,1,1,1
11233,2014,160,34,38,38,16,13,0,1,1,1
11233,2015,160,35,38,38,16,13,0,1,1,1
11233,2016,160,35,38,38,16,13,0,1,1,1
11233,2017,160,35,38,38,16,13,0,1,1,1
11233,2018,160,35,38,38,16,13,0,1,1,1
11233,2019,160,35,38,38,16,13,0,1,1,1
11233,2020,160,35,38,38,16,13,0,1,1,1
11233,2021,160,35,38,38,16,13,0,1,1,1
11233,2022,160,35,38,38,16,13,0,1,1,1
11233,2023,160,35,38,38,16,13,0,1,1,1
11234,2012,85,5,25,35,8,8,0,1,1,1
11234,2013,85,5,25,35,8,8,0,1,1,1
11234,2014,85,5,25,35,8,8,0,1,1,1
11234,2015,0,0,0,0,0,0,0,2b,3g,0
11234,2016,0,0,0,0,0,0,0,2b,3g,0
11234,2017,0,0,0,0,0,0,0,2b,3g,0
11234,2018,0,0,0,0,0,0,0,2b,3g,0
11234,2019,0,0,0,0,0,0,0,2b,3g,0
11234,2020,0,0,0,0,0,0,0,2b,3g,0
11234,2021,0,0,0,0,0,0,0,2b,3g,0
11234,2022,0,0,0,0,0,0,0,2b,3g,0
11234,2023,0,0,0,0,0,0,0,2b,3g,0
12018,2019,0,0,0,0,0,0,0,2a,3g,0
12018,2020,0,0,0,0,0,0,0,2a,3g,0
12018,2021,0,0,0,0,0,0,0,2a,3g,0
12018,2022,0,0,0,0,0,0,0,2a,3g,0
12018,2023,0,0,0,0,0,0,0,2a,3g,0
11235,2012,725,120,350,400,90,350,0,1,1,1
11235,2013,725,120,500,400,90,350,0,1,1,1
11235,2014,725,120,500,400,90,350,0,1,1,1
11235,2015,715,100,350,400,90,350,0,1,1,1
11235,2016,655,100,350,400,90,350,0,1,1,1
11235,2017,715,100,350,400,90,350,0,1,1,1
11235,2018,715,100,350,400,90,350,0,1,1,1
11235,2019,715,100,350,400,90,350,0,1,1,1
11235,2020,715,100,350,409,99,350,0,1,1,1
11235,2021,720,100,250,250,75,120,0,1,1,1
11235,2022,720,100,250,250,75,120,0,1,1,1
11235,2023,700,100,250,250,75,120,0,1,1,1
11236,2012,175,20,45,15,20,45,0,1,1,1
11236,2013,120,17,25,20,0,12,0,1,1,1
11236,2014,120,17,25,20,15,12,0,1,1,1
11236,2015,120,15,50,30,20,20,0,1,1,1
11236,2016,120,15,50,30,20,15,0,1,1,1
11236,2017,110,15,50,30,20,15,0,1,1,1
11236,2018,110,15,50,30,20,15,0,1,1,1
11236,2019,79,15,50,30,20,15,0,1,1,1
11236,2020,0,15,50,30,20,15,0,2b,3a,0
11236,2021,0,15,50,30,20,15,0,2b,3a,0
11236,2022,0,15,50,30,20,15,0,2b,3a,0
11236,2023,0,15,50,30,20,15,0,2b,3a,0
11237,2012,360,50,110,90,60,60,0,1,1,1
11237,2013,360,50,110,90,60,60,0,1,1,1
11237,2014,360,50,110,90,60,60,0,1,1,1
11237,2015,360,50,110,90,60,60,0,1,1,1
11237,2016,360,50,110,90,60,60,0,1,1,1
11237,2017,360,50,110,90,60,60,0,1,1,1
11237,2018,260,30,80,70,50,50,0,1,1,1
11237,2019,260,30,80,70,50,50,0,1,1,1
11237,2020,260,30,80,70,50,50,0,1,1,1
11237,2021,260,30,80,70,50,50,0,1,1,1
11237,2022,260,30,80,70,50,50,0,1,1,1
11237,2023,0,0,0,0,0,0,0,1,1,0
11238,2012,426,75,150,180,60,60,0,1,1,1
11238,2013,440,70,150,180,60,60,0,1,1,1
11238,2014,440,70,150,180,60,60,0,1,1,1
11238,2015,440,70,150,180,65,65,0,1,1,1
11238,2016,440,70,150,180,65,65,0,1,1,1
11238,2017,128,5,150,180,5,5,0,1,1,1
11238,2018,0,0,0,0,0,0,0,2b,2b,0
11238,2019,0,0,0,0,0,0,0,2b,2b,0
11238,2020,0,0,0,0,0,0,0,1,1,0
11238,2021,0,0,0,0,0,0,0,2b,2b,0
11238,2022,0,0,0,0,0,0,0,2b,2b,0
11238,2023,0,0,0,0,0,0,0,2b,2b,0
11239,2012,400,0,0,0,0,0,0,1,1,1
11239,2013,350,0,0,0,0,0,0,1,1,1
11239,2014,400,0,0,0,0,0,0,1,1,1
11239,2015,400,1,0,0,0,0,0,1,1,1
11239,2016,400,1,0,0,0,0,0,1,1,1
11239,2017,400,1,0,0,0,0,0,1,1,1
11239,2018,400,1,0,0,0,0,0,1,1,1
11239,2019,400,1,0,0,0,0,0,1,1,1
11239,2020,200,0,0,0,0,0,0,1,1,1
11239,2021,0,0,0,0,0,0,0,1,1,0
11239,2022,0,0,0,0,0,0,0,1,1,0
11239,2023,0,0,0,0,0,0,0,1,1,0
11240,2012,230,45,60,80,25,46,0,1,1,1
11240,2013,230,45,60,80,25,46,0,1,1,1
11240,2014,230,45,60,80,25,45,0,1,1,1
11240,2015,208,43,55,75,25,43,0,3a,3a,1
11240,2016,185,40,50,70,25,40,0,1,1,1
11240,2017,185,40,50,70,25,40,0,1,1,1
11240,2018,185,40,50,70,25,40,0,1,1,1
11240,2019,0,40,50,70,25,40,0,2a,3a,0
11240,2020,0,0,0,0,0,0,0,2a,2a,0
11240,2021,0,0,0,0,0,0,0,2a,2a,0
11240,2022,0,0,0,0,0,0,0,2a,2a,0
11240,2023,0,0,0,0,0,0,0,2a,2a,0
11241,2012,470,70,150,150,75,75,0,1,1,1
11241,2013,470,70,150,150,75,75,0,1,1,1
11241,2014,470,70,150,150,75,75,0,1,1,1
11241,2015,470,70,150,150,75,75,0,1,1,1
11241,2016,470,70,150,150,75,75,0,1,1,1
11241,2017,470,70,150,150,75,75,0,1,1,1
11241,2018,470,70,150,150,75,75,0,1,1,1
11241,2019,470,70,150,150,75,75,0,1,1,1
11241,2020,470,70,150,150,75,75,0,1,1,1
11241,2021,470,70,150,150,75,75,0,1,1,1
11241,2022,470,70,150,150,75,75,0,1,1,1
11241,2023,0,0,90,85,40,0,0,1,1,0
11242,2012,370,80,100,100,40,0,0,1,1,1
11242,2013,370,80,100,100,40,0,0,1,1,1
11242,2014,370,80,100,100,40,0,0,1,1,1
11242,2015,370,80,100,100,0,40,0,1,1,1
11242,2016,370,80,100,100,40,0,0,1,1,1
11242,2017,370,80,100,100,40,0,0,1,1,1
11242,2018,370,80,100,100,40,0,0,1,1,1
11242,2019,370,80,100,100,40,0,0,1,1,1
11242,2020,370,80,100,100,40,0,0,1,1,1
11242,2021,320,45,20,0,0,0,0,1,1,1
11242,2022,325,45,20,0,0,0,0,1,1,1
11242,2023,325,45,20,0,0,0,0,3a,3a,1
11243,2012,280,0,70,0,45,40,0,1,1,1
11243,2013,250,0,240,0,150,0,0,1,1,1
11243,2014,439,61,40,80,50,60,0,1,1,1
11243,2015,200,0,250,0,0,0,0,1,1,1
11243,2016,200,0,250,0,0,0,0,1,1,1
11243,2017,200,0,250,0,0,0,0,1,1,1
11243,2018,0,0,250,150,0,0,0,1,1,0
11243,2019,0,0,250,150,0,0,0,1,1,0
11243,2020,0,0,50,300,0,0,0,1,1,0
11243,2021,0,0,50,300,0,0,0,1,1,0
11243,2022,0,0,0,0,0,0,0,2a,2a,0
11243,2023,0,0,0,0,0,0,0,2a,2a,0
11244,2012,498,92,80,64,162,117,0,1,1,1
11244,2013,500,84,78,55,152,110,0,1,1,1
11244,2014,520,85,75,50,150,112,0,1,1,1
11244,2015,410,35,78,32,112,91,0,1,1,1
11244,2016,417,53,98,65,154,91,0,1,1,1
11244,2017,372,59,89,63,139,95,0,1,1,1
11244,2018,355,39,86,60,132,82,0,1,1,1
11244,2019,0,0,0,0,0,0,0,1,1,0
11244,2020,0,0,0,0,0,0,0,1,1,0
11244,2021,0,0,0,0,0,0,0,1,1,0
11244,2022,0,0,0,0,750,4000,0,1,1,0
11244,2023,0,0,0,0,850,4050,0,1,1,0
11245,2012,700,85,310,109,237,102,0,1,1,1
11245,2013,700,85,310,109,237,102,0,1,1,1
11245,2014,700,85,310,109,237,102,0,1,1,1
11245,2015,700,85,310,109,237,102,0,1,1,1
11245,2016,700,85,310,109,237,102,0,1,1,1
11245,2017,700,85,310,109,237,102,0,1,1,1
11245,2018,800,85,310,109,237,102,0,1,1,1
11245,2019,800,85,310,109,237,102,0,1,1,1
11245,2020,800,85,310,109,237,102,0,1,1,1
11245,2021,800,85,310,109,237,107,0,1,1,1
11245,2022,800,85,310,109,237,107,0,1,1,1
11245,2023,800,85,310,109,237,107,0,1,1,1
11246,2012,420,90,150,145,95,95,0,3a,3a,1
11246,2013,0,90,150,145,95,95,0,2a,3a,0
11246,2014,0,90,150,145,95,95,0,2a,3a,0
11246,2015,0,90,150,145,95,95,0,2a,3a,0
11246,2016,0,90,150,145,95,95,0,2a,3a,0
11246,2017,0,90,150,145,95,95,0,2a,3a,0
11246,2018,0,90,150,145,95,95,0,2a,3a,0
11246,2019,0,90,150,145,95,95,0,2a,3a,0
11246,2020,0,90,150,145,95,95,0,2a,3a,0
11246,2021,0,90,150,145,95,95,0,2a,3a,0
11246,2022,0,90,150,145,95,95,0,2a,3a,0
11246,2023,0,90,150,145,95,95,0,2a,3a,0
11247,2012,130,90,70,0,30,10,0,1,1,1
11247,2013,130,90,70,0,30,10,0,1,1,1
11247,2014,0,90,150,40,0,0,0,1,1,0
11247,2015,0,90,160,40,0,0,0,2c,3a,0
11247,2016,0,90,170,40,0,0,0,1,1,0
11247,2017,0,90,170,40,0,0,0,1,1,0
11247,2018,0,0,50,100,0,0,0,1,1,0
11247,2019,0,0,50,100,0,0,0,1,1,0
11247,2020,0,0,50,100,0,0,0,1,1,0
11247,2021,0,0,50,100,0,0,0,1,1,0
11247,2022,0,0,60,105,0,0,0,1,1,0
11247,2023,0,0,120,125,0,0,0,1,1,0
11248,2012,275,0,150,0,0,0,0,1,1,1
11248,2013,275,0,0,0,0,0,0,1,1,1
11248,2014,275,0,0,0,0,0,0,1,1,1
11248,2015,345,0,0,0,0,0,0,1,1,1
11248,2016,345,0,0,0,0,0,0,1,1,1
11248,2017,345,0,0,0,0,0,0,1,1,1
11248,2018,400,0,0,0,0,0,0,1,1,1
11248,2019,400,0,0,0,0,0,0,1,1,1
11248,2020,400,0,0,0,0,0,0,1,1,1
11248,2021,400,0,0,0,0,0,0,1,1,1
11248,2022,400,0,0,0,0,0,0,1,1,1
11248,2023,400,0,0,0,0,0,0,1,1,1
11249,2012,425,0,0,0,0,0,0,1,1,1
11249,2013,425,0,0,0,0,0,0,1,1,1
11249,2014,425,0,0,0,0,0,0,1,1,1
11249,2015,425,0,0,0,0,0,0,1,1,1
11249,2016,425,0,0,0,0,0,0,1,1,1
11249,2017,425,0,0,0,0,0,0,1,1,1
11249,2018,425,0,0,0,0,0,0,1,1,1
11249,2019,425,0,0,0,0,0,0,1,1,1
11249,2020,425,0,0,0,0,0,0,1,1,1
11249,2021,425,0,0,0,0,0,0,1,1,1
11249,2022,425,0,0,0,0,0,0,1,1,1
11249,2023,425,0,0,0,0,0,0,1,1,1
11250,2012,1210,165,60,0,50,0,0,1,1,1
11250,2013,1210,165,50,0,50,0,0,1,1,1
11250,2014,1255,120,75,0,75,0,0,1,1,1
11250,2015,1180,200,50,0,50,0,0,1,1,1
11250,2016,1180,200,50,0,50,0,0,1,1,1
11250,2017,1180,200,50,0,50,0,0,1,1,1
11250,2018,1000,200,50,0,0,50,0,1,1,1
11250,2019,1000,200,50,0,0,50,0,1,1,1
11250,2020,1000,200,50,0,0,0,0,1,1,1
11250,2021,1000,200,50,0,0,0,0,1,1,1
11250,2022,1000,200,50,0,0,0,0,1,1,1
11250,2023,1100,250,50,0,0,0,0,1,1,1
11251,2012,0,0,0,0,0,0,0,2a,2a,0
11251,2013,0,0,0,0,0,0,0,2a,2a,0
11251,2014,0,0,0,0,0,0,0,2a,2a,0
11251,2015,0,0,0,0,0,0,0,2a,2a,0
11251,2016,0,0,0,0,0,0,0,2a,2a,0
11251,2017,0,0,0,0,0,0,0,2a,2a,0
11251,2018,0,0,0,0,0,0,0,2a,2a,0
11251,2019,0,0,0,0,0,0,0,2a,2a,0
11251,2020,0,0,0,0,0,0,0,2a,2a,0
11251,2021,0,0,0,0,0,0,0,2a,2a,0
11251,2022,0,0,0,0,0,0,0,2a,2a,0
11251,2023,0,0,0,0,0,0,0,2a,2a,0
11252,2012,950,170,0,80,121,120,0,3a,3a,1
11252,2013,950,170,0,80,121,120,0,3a,3a,1
11252,2014,950,170,0,80,121,120,0,3a,3a,1
11252,2015,950,170,0,80,121,120,0,1,1,1
11252,2016,950,170,0,80,121,120,0,1,1,1
11252,2017,950,170,0,80,121,120,0,1,1,1
11252,2018,950,170,0,80,121,120,0,1,1,1
11252,2019,950,170,0,80,121,120,0,1,1,1
11252,2020,950,170,0,80,121,120,0,1,1,1
11252,2021,950,170,0,80,121,120,0,1,1,1
11252,2022,950,170,0,80,121,120,0,1,1,1
11252,2023,950,170,0,80,121,116,0,1,1,1
11253,2012,803,91,42,0,196,0,0,1,1,1
11253,2013,870,100,48,0,160,163,0,1,1,1
11253,2014,870,125,20,100,50,250,0,1,1,1
11253,2015,870,125,20,100,50,250,0,3a,3a,1
11253,2016,870,125,20,100,50,250,0,1,1,1
11253,2017,870,125,20,100,50,250,0,1,1,1
11253,2018,870,125,20,100,50,250,0,1,1,1
11253,2019,870,125,20,100,50,250,0,1,1,1
11253,2020,870,125,20,100,50,250,0,1,1,1
11253,2021,870,125,20,100,50,250,0,1,1,1
11253,2022,870,125,20,100,50,250,0,1,1,1
11253,2023,110,17,0,0,0,0,0,1,1,1
11254,2012,930,183,250,300,100,100,0,1,1,1
11254,2013,930,183,250,300,100,100,0,1,1,1
11254,2014,930,183,250,300,100,100,0,1,1,1
11254,2015,930,183,250,300,100,100,0,1,1,1
11254,2016,930,183,250,300,100,100,0,1,1,1
11254,2017,930,183,250,300,100,100,0,1,1,1
11254,2018,950,190,250,300,10,100,0,1,1,1
11254,2019,1070,250,525,340,195,100,0,1,1,1
11254,2020,1070,250,525,340,195,100,0,1,1,1
11254,2021,1070,250,525,340,195,100,0,1,1,1
11254,2022,1070,250,525,340,195,100,0,1,1,1
11254,2023,1070,250,525,340,195,100,0,1,1,1
11255,2012,409,66,166,41,32,48,0,1,1,1
11255,2013,475,65,170,50,50,50,0,1,1,1
11255,2014,422,63,151,44,44,44,0,1,1,1
11255,2015,479,62,141,38,33,42,0,1,1,1
11255,2016,492,65,105,52,46,54,0,1,1,1
11255,2017,498,70,95,55,40,19,0,1,1,1
11255,2018,480,62,86,48,32,15,0,1,1,1
11255,2019,448,64,79,37,29,14,0,1,1,1
11255,2020,0,0,0,0,0,0,0,2b,2b,0
11255,2021,0,0,0,0,0,0,0,2b,2b,0
11255,2022,0,0,0,0,0,0,0,2b,2b,0
11255,2023,0,0,0,0,0,0,0,2b,2b,0
11256,2012,1179,29,604,517,180,162,0,1,1,1
11256,2013,880,130,175,250,220,150,0,1,1,1
11256,2014,840,110,320,252,110,108,0,1,1,1
11256,2015,670,75,240,188,82,85,0,1,1,1
11256,2016,670,75,240,188,82,85,0,1,1,1
11256,2017,685,140,220,300,100,130,0,1,1,1
11256,2018,685,140,220,300,100,130,0,1,1,1
11256,2019,700,50,200,200,0,0,0,1,1,1
11256,2020,522,77,115,163,113,51,0,1,1,1
11256,2021,560,100,0,175,120,95,0,1,1,1
11256,2022,245,27,101,224,76,70,0,1,1,1
11256,2023,0,0,100,50,0,0,0,1,1,0
11257,2012,1340,200,869,500,260,390,0,1,1,1
11257,2013,1475,200,535,802,162,220,0,1,1,1
11257,2014,1470,190,530,800,160,215,0,1,1,1
11257,2015,1470,190,530,800,160,215,0,1,1,1
11257,2016,1470,190,530,800,160,215,0,1,1,1
11257,2017,1000,70,900,800,300,300,0,1,1,1
11257,2018,1000,70,900,800,300,300,0,1,1,1
11257,2019,1000,70,900,800,300,0,0,1,1,1
11257,2020,1000,70,900,800,300,0,0,1,1,1
11257,2021,1000,70,900,800,300,0,0,1,1,1
11257,2022,1000,70,900,800,300,0,0,1,1,1
11257,2023,1000,70,900,800,300,0,0,1,1,1
11258,2012,560,114,187,196,90,80,0,1,1,1
11258,2013,560,114,187,196,90,80,0,1,1,1
11258,2014,560,114,187,196,90,80,0,1,1,1
11258,2015,350,75,160,155,60,50,0,1,1,1
11258,2016,350,75,160,155,60,50,0,1,1,1
11258,2017,350,75,160,155,60,50,0,1,1,1
11258,2018,350,75,160,155,60,50,0,1,1,1
11258,2019,350,75,160,155,60,50,0,1,1,1
11258,2020,0,0,0,0,0,0,0,2b,2b,0
11258,2021,0,0,0,0,0,0,0,2b,2b,0
11258,2022,0,0,0,0,0,0,0,2b,2b,0
11258,2023,0,0,0,0,0,0,0,2b,2b,0
12019,2012,470,90,140,80,55,0,0,3a,3a,1
12019,2013,0,0,0,0,0,0,0,2a,2a,0
12019,2014,0,0,0,0,0,0,0,2a,2a,0
12019,2015,0,0,0,0,0,0,0,2a,2a,0
12019,2016,0,0,0,0,0,0,0,2a,2a,0
12019,2017,0,0,0,0,0,0,0,2a,2a,0
12019,2018,0,0,0,0,0,0,0,2a,2a,0
12019,2019,0,0,0,0,0,0,0,2a,2a,0
12019,2020,0,0,0,0,0,0,0,2a,2a,0
12019,2021,0,0,0,0,0,0,0,2a,2a,0
12019,2022,0,0,0,0,0,0,0,2a,2a,0
12019,2023,0,0,0,0,0,0,0,2a,2a,0
11259,2012,2516,396,131,0,312,0,0,1,1,1
11259,2013,2520,395,125,0,300,0,0,1,1,1
11259,2014,2528,403,120,0,295,0,0,1,1,1
11259,2015,2654,378,115,0,295,0,0,1,1,1
11259,2016,2756,407,158,0,308,0,0,1,1,1
11259,2017,2801,415,153,0,354,0,0,1,1,1
11259,2018,2741,337,151,0,349,0,0,1,1,1
11259,2019,2712,331,163,0,334,0,0,1,1,1
11259,2020,2714,394,204,0,197,0,0,1,1,1
11259,2021,2762,398,216,0,212,0,0,1,1,1
11259,2022,2772,404,222,0,203,0,0,1,1,1
11259,2023,2769,409,218,0,211,0,0,1,1,1
11260,2012,144,34,100,0,0,0,0,1,1,1
11260,2013,136,42,90,0,0,0,0,1,1,1
11260,2014,200,0,150,0,0,0,0,1,1,1
11260,2015,144,25,100,0,0,0,0,1,1,1
11260,2016,140,25,100,0,0,0,0,1,1,1
11260,2017,140,25,100,0,0,0,0,1,1,1
11260,2018,140,0,0,0,0,0,0,1,1,1
11260,2019,140,0,0,0,0,0,0,1,1,1
11260,2020,140,0,0,0,0,0,0,1,1,1
11260,2021,140,0,0,0,0,0,0,1,1,1
11260,2022,140,0,0,0,0,0,0,1,1,1
11260,2023,170,0,200,0,0,0,0,1,1,1
11261,2012,0,0,400,400,0,0,0,1,1,0
11261,2013,0,0,400,400,0,0,0,1,1,0
11261,2014,0,0,400,400,0,0,0,1,1,0
11261,2015,0,0,400,400,0,0,0,1,1,0
11261,2016,0,0,450,450,0,0,0,1,1,0
11261,2017,0,0,450,450,0,0,0,1,1,0
11261,2018,0,0,450,450,0,0,0,1,1,0
11261,2019,0,0,475,400,0,0,0,1,1,0
11261,2020,0,0,475,400,0,0,0,1,1,0
11261,2021,0,0,490,390,0,0,0,1,1,0
11261,2022,0,0,485,400,0,0,0,1,1,0
11261,2023,0,0,490,400,0,0,0,1,1,0
11262,2012,3240,440,1145,916,344,344,0,3a,3a,1
11262,2013,3240,440,1145,916,344,344,0,3a,3a,1
11262,2014,3240,440,1145,916,344,344,0,1,1,1
11262,2015,2900,465,382,923,336,527,0,1,1,1
11262,2016,2900,465,382,923,336,527,0,1,1,1
11262,2017,3240,440,1145,916,344,344,0,1,1,1
11262,2018,3017,435,956,916,332,344,0,1,1,1
11262,2019,3017,435,1845,1418,344,344,0,1,1,1
11262,2020,3150,430,1930,1416,344,344,0,1,1,1
11262,2021,3180,420,1569,1371,344,136,0,1,1,1
11262,2022,3166,415,1594,1344,344,142,0,1,1,1
11262,2023,3235,435,844,1312,344,344,0,1,1,1
11263,2012,1340,205,300,300,300,150,0,1,1,1
11263,2013,800,205,300,300,300,150,0,1,1,1
11263,2014,789,215,250,324,315,100,0,1,1,1
11263,2015,789,215,250,324,315,100,0,1,1,1
11263,2016,0,0,250,324,315,100,0,1,1,0
11263,2017,0,0,250,324,315,100,0,1,1,0
11263,2018,0,315,200,0,415,530,0,1,1,0
11263,2019,0,315,200,0,415,530,0,1,1,0
11263,2020,0,315,200,0,415,530,0,1,1,0
11263,2021,0,315,200,0,415,530,0,1,1,0
11263,2022,0,0,0,607,538,688,0,1,1,0
11263,2023,0,0,0,607,538,688,0,2c,3a,0
11264,2012,0,0,0,150,0,0,0,2c,3a,0
11264,2013,0,0,0,150,0,0,0,1,1,0
11264,2014,0,0,600,0,0,0,0,1,1,0
11264,2015,0,0,806,191,70,0,0,1,1,0
11264,2016,0,0,620,361,91,130,0,2c,3a,0
11264,2017,0,0,433,530,111,259,0,1,1,0
11264,2018,0,0,504,339,206,160,0,1,1,0
11264,2019,0,0,0,0,0,0,0,2b,2b,0
11264,2020,0,0,0,0,0,0,0,2b,2b,0
11264,2021,0,0,0,0,0,0,0,2b,2b,0
11264,2022,0,0,0,0,0,0,0,2b,2b,0
11264,2023,0,0,0,0,0,0,0,2b,2b,0
11265,2012,642,71,330,260,150,15,0,1,1,1
11265,2013,630,70,210,220,70,0,0,1,1,1
11265,2014,650,112,0,350,200,0,0,1,1,1
11265,2015,650,85,0,350,200,0,0,1,1,1
11265,2016,600,85,0,350,200,0,0,1,1,1
11265,2017,600,85,0,350,200,0,0,1,1,1
11265,2018,600,85,0,350,200,0,0,1,1,1
11265,2019,600,85,0,350,200,0,0,1,1,1
11265,2020,600,85,0,350,200,0,0,1,1,1
11265,2021,600,85,0,350,200,0,0,1,1,1
11265,2022,600,85,0,350,200,0,0,1,1,1
11265,2023,600,85,0,350,200,0,0,1,1,1
11266,2012,300,70,80,53,65,30,0,1,1,1
11266,2013,220,50,50,30,30,15,0,1,1,1
11266,2014,150,35,20,10,15,10,0,1,1,1
11266,2015,100,15,0,0,6,0,0,1,1,1
11266,2016,87,20,0,5,7,2,0,1,1,1
11266,2017,0,0,0,0,0,0,0,1,1,0
11266,2018,0,50,100,0,30,0,0,1,1,0
11266,2019,0,60,100,0,30,0,0,1,1,0
11266,2020,0,60,100,0,0,0,0,1,1,0
11266,2021,0,60,100,0,0,0,0,1,1,0
11266,2022,0,60,100,0,0,0,0,1,1,0
11266,2023,0,80,180,0,30,50,0,1,1,0
12020,2019,0,0,0,0,0,0,0,2a,2e,0
12020,2020,0,0,0,0,0,0,0,2a,2e,0
12020,2021,0,0,0,0,0,0,0,2a,2e,0
12020,2022,0,0,0,0,0,0,0,2a,2e,0
12020,2023,0,0,0,0,0,0,0,2a,2e,0
11267,2012,50,6,0,0,0,2,0,1,1,1
11267,2013,40,3,8,7,10,6,0,1,1,1
11267,2014,42,5,2,1,0,0,0,1,1,1
11267,2015,30,5,0,0,0,0,0,1,1,1
11267,2016,0,0,0,0,0,0,0,2b,2b,0
11267,2017,0,0,0,0,0,0,0,2b,2b,0
11267,2018,0,0,0,0,0,0,0,2b,2b,0
11267,2019,0,0,0,0,0,0,0,2b,2b,0
11267,2020,0,0,0,0,0,0,0,2b,2b,0
11267,2021,0,0,0,0,0,0,0,2b,2b,0
11267,2022,0,0,0,0,0,0,0,2b,2b,0
11267,2023,0,0,0,0,0,0,0,2b,2b,0
11268,2012,1020,145,0,0,0,0,0,1,1,1
11268,2013,800,90,0,80,0,60,0,1,1,1
11268,2014,800,90,0,80,0,0,0,1,1,1
11268,2015,800,90,0,80,0,0,0,3a,3a,1
11268,2016,800,90,0,80,0,0,0,1,1,1
11268,2017,0,0,0,0,0,0,0,1,1,0
11268,2018,0,0,0,0,0,0,0,1,1,0
11268,2019,0,0,0,0,0,0,0,1,1,0
11268,2020,0,0,0,0,0,0,0,1,1,0
11268,2021,0,0,0,0,0,0,0,2c,2c,0
11268,2022,0,0,0,0,0,0,0,2c,2c,0
11268,2023,0,0,0,0,0,0,0,2c,2c,0
11269,2012,185,25,50,32,26,26,0,1,1,1
11269,2013,185,45,50,32,26,26,0,1,1,1
11269,2014,0,0,0,0,0,0,0,1,1,0
11269,2015,0,0,0,0,0,0,0,1,1,0
11269,2016,0,0,0,0,0,0,0,1,1,0
11269,2017,0,0,0,0,0,0,0,1,1,0
11269,2018,0,0,0,0,0,0,0,1,1,0
11269,2019,0,0,0,0,0,0,0,1,1,0
11269,2020,0,0,0,0,0,0,0,2b,2c,0
11269,2021,0,0,0,0,0,0,0,2b,2c,0
11269,2022,0,0,0,0,0,0,0,2b,2c,0
11269,2023,0,0,0,0,0,0,0,2b,2c,0
11270,2012,500,80,68,179,68,115,0,1,1,1
11270,2013,500,80,68,179,68,115,0,1,1,1
11270,2014,500,85,68,179,65,115,0,1,1,1
11270,2015,500,85,68,179,65,115,0,1,1,1
11270,2016,500,85,65,175,65,115,0,1,1,1
11270,2017,213,35,27,73,27,48,0,1,1,1
11270,2018,160,40,0,0,0,0,0,1,1,1
11270,2019,160,40,0,0,0,0,0,1,1,1
11270,2020,250,75,0,0,0,0,0,1,1,1
11270,2021,302,85,0,0,0,0,0,1,1,1
11270,2022,299,87,0,0,0,0,0,1,1,1
11270,2023,375,0,0,0,0,0,0,1,1,1
11271,2012,400,65,120,45,60,60,0,1,1,1
11271,2013,0,0,0,0,0,0,0,1,1,0
11271,2014,0,0,0,47,0,0,0,1,1,0
11271,2015,370,45,110,70,60,60,0,1,1,1
11271,2016,428,70,130,120,60,75,0,1,1,1
11271,2017,550,75,150,200,100,90,0,1,1,1
11271,2018,0,0,0,0,0,0,0,1,1,0
11271,2019,550,60,0,44,35,35,0,1,1,1
11271,2020,480,70,65,80,90,120,0,1,1,1
11271,2021,480,70,65,80,90,120,0,1,1,1
11271,2022,480,70,65,80,90,120,0,3a,3a,1
11271,2023,0,0,0,0,0,0,0,2a,2a,0
11272,2012,2920,410,1120,910,316,420,0,1,1,1
11272,2013,2920,410,1120,910,316,420,0,1,1,1
11272,2014,2920,410,1120,910,316,420,0,1,1,1
11272,2015,2920,410,1120,910,316,420,0,1,1,1
11272,2016,2920,410,1120,910,316,0,0,1,1,1
11272,2017,2920,410,1120,910,316,0,0,1,1,1
11272,2018,2920,410,1120,910,316,0,0,1,1,1
11272,2019,2920,410,1120,910,316,0,0,1,1,1
11272,2020,2920,410,1120,910,316,0,0,1,1,1
11272,2021,2920,410,1120,910,316,0,0,1,1,1
11272,2022,2920,410,1120,910,316,0,0,1,1,1
11272,2023,2920,410,1120,910,316,0,0,1,1,1
11273,2012,650,50,0,50,50,0,0,1,1,1
11273,2013,650,50,0,50,50,0,0,1,1,1
11273,2014,650,50,0,50,50,0,0,1,1,1
11273,2015,645,50,0,50,50,0,0,1,1,1
11273,2016,640,48,0,50,50,0,0,1,1,1
11273,2017,635,50,0,51,48,0,0,1,1,1
11273,2018,640,55,0,55,50,0,0,1,1,1
11273,2019,630,50,0,55,50,0,0,1,1,1
11273,2020,630,50,0,55,50,0,0,1,1,1
11273,2021,625,45,0,51,51,0,0,1,1,1
11273,2022,628,43,0,55,47,0,0,1,1,1
11273,2023,690,47,0,60,51,0,0,1,1,1
11274,2012,0,16,0,11,0,0,0,1,1,0
11274,2013,0,0,0,225,0,0,0,1,1,0
11274,2014,0,0,0,480,200,0,0,1,1,0
11274,2015,0,0,0,600,480,0,0,1,1,0
11274,2016,0,0,0,600,480,0,0,1,1,0
11274,2017,0,0,0,470,380,0,0,1,1,0
11274,2018,0,0,0,709,635,0,0,2c,3a,0
11274,2019,0,0,0,947,890,0,0,1,1,0
11274,2020,0,0,0,1000,1400,0,0,1,1,0
11274,2021,0,0,0,1000,1400,0,0,1,1,0
11274,2022,0,0,0,1000,1400,0,0,1,1,0
11274,2023,0,0,0,1000,1400,0,0,1,1,0
11275,2012,1200,200,450,300,150,150,0,1,1,1
11275,2013,1200,200,450,300,150,150,0,1,1,1
11275,2014,1200,200,450,300,150,150,0,1,1,1
11275,2015,1200,200,450,300,150,150,0,1,1,1
11275,2016,1200,200,450,300,150,150,0,1,1,1
11275,2017,1200,200,450,300,150,150,0,1,1,1
11275,2018,1200,200,450,300,150,150,0,1,1,1
11275,2019,1200,200,450,300,150,150,0,1,1,1
11275,2020,1200,200,450,300,150,150,0,1,1,1
11275,2021,1200,200,450,300,150,150,0,1,1,1
11275,2022,1200,200,480,0,150,150,0,1,1,1
11275,2023,1200,200,480,0,150,150,0,1,1,1
11276,2012,570,90,0,0,150,160,0,1,1,1
11276,2013,0,90,0,0,150,160,0,2a,3a,0
11276,2014,0,90,0,0,150,160,0,2a,3a,0
11276,2015,0,90,0,0,150,160,0,2a,3a,0
11276,2016,0,90,0,0,150,160,0,2a,3a,0
11276,2017,0,90,0,0,150,160,0,2a,3a,0
11276,2018,0,0,0,0,0,0,0,2a,2e,0
11276,2019,0,0,0,0,0,0,0,2a,2e,0
11276,2020,0,0,0,0,0,0,0,2a,2e,0
11276,2021,0,0,0,0,0,0,0,2a,2e,0
11276,2022,0,0,0,0,0,0,0,2a,2e,0
11276,2023,0,0,0,0,0,0,0,2a,2e,0
11277,2012,550,70,60,0,0,80,0,1,1,1
11277,2013,550,70,60,0,0,80,0,1,1,1
11277,2014,0,0,0,0,0,0,0,1,1,0
11277,2015,0,0,0,600,0,0,0,1,1,0
11277,2016,0,0,600,300,0,0,0,1,1,0
11277,2017,0,0,600,500,0,0,0,1,1,0
11277,2018,0,0,600,1000,0,0,0,1,1,0
11277,2019,0,0,600,1000,0,0,0,1,1,0
11277,2020,0,0,593,645,83,0,0,1,1,0
11277,2021,0,0,581,625,86,0,0,1,1,0
11277,2022,0,0,583,624,82,0,0,1,1,0
11277,2023,0,0,590,615,90,0,0,1,1,0
11278,2012,380,0,100,0,0,0,0,3a,3a,1
11278,2013,380,0,100,0,0,0,0,1,1,1
11278,2014,400,40,75,120,0,0,0,1,1,1
11278,2015,400,47,67,103,15,12,0,3a,3a,1
11278,2016,400,53,58,85,30,23,0,3a,3a,1
11278,2017,400,60,50,68,45,35,0,1,1,1
11278,2018,450,75,85,90,50,90,0,1,1,1
11278,2019,450,75,85,90,50,90,0,1,1,1
11278,2020,520,108,97,123,75,86,0,1,1,1
11278,2021,500,100,0,120,0,0,0,1,1,1
11278,2022,502,95,0,115,0,0,0,1,1,1
11278,2023,502,95,0,115,0,0,0,3a,3a,1
11279,2012,245,53,80,40,20,20,0,1,1,1
11279,2013,245,53,80,40,20,20,0,1,1,1
11279,2014,245,53,80,40,20,20,0,3a,3a,1
11279,2015,245,53,80,40,20,20,0,1,1,1
11279,2016,245,53,80,40,20,20,0,1,1,1
11279,2017,245,53,80,40,20,20,0,1,1,1
11279,2018,245,53,80,40,20,20,0,1,1,1
11279,2019,245,53,80,40,20,20,0,1,1,1
11279,2020,245,53,80,40,20,20,0,1,1,1
11279,2021,245,53,80,40,20,20,0,1,1,1
11279,2022,245,53,80,40,20,20,0,1,1,1
11279,2023,245,53,80,40,20,20,0,1,1,1
12021,2019,0,0,0,0,0,0,0,2a,2a,0
12021,2020,0,0,0,0,0,0,0,2a,2a,0
12021,2021,0,0,0,0,0,0,0,2a,2a,0
12021,2022,0,0,0,0,0,0,0,2a,2a,0
12021,2023,0,0,0,0,0,0,0,2a,2a,0
11280,2012,310,85,115,48,82,63,0,1,1,1
11280,2013,289,59,60,50,20,25,0,1,1,1
11280,2014,280,25,0,0,0,0,0,1,1,1
11280,2015,260,80,0,60,50,35,0,1,1,1
11280,2016,366,48,60,40,30,55,0,1,1,1
11280,2017,350,40,65,35,30,60,0,1,1,1
11280,2018,482,30,60,146,55,47,0,1,1,1
11280,2019,470,80,0,0,80,0,0,1,1,1
11280,2020,450,50,0,0,30,0,0,1,1,1
11280,2021,0,0,100,100,0,0,0,1,1,0
11280,2022,0,0,200,200,0,0,0,1,1,0
11280,2023,0,0,150,205,0,0,0,1,1,0
11281,2012,1200,200,300,200,200,0,0,1,1,1
11281,2013,1200,200,300,200,200,0,0,1,1,1
11281,2014,1200,200,300,200,200,0,0,1,1,1
11281,2015,1200,200,300,200,200,0,0,1,1,1
11281,2016,1200,200,300,200,200,0,0,1,1,1
11281,2017,900,270,75,75,225,225,0,1,1,1
11281,2018,900,270,75,75,225,225,0,1,1,1
11281,2019,900,270,75,75,225,225,0,1,1,1
11281,2020,900,270,75,75,225,225,0,1,1,1
11281,2021,1200,200,300,240,90,90,0,1,1,1
11281,2022,1250,0,0,400,150,300,0,1,1,1
11281,2023,1250,0,0,400,150,550,0,1,1,1
11282,2012,1730,221,549,445,200,0,0,1,1,1
11282,2013,1730,221,549,445,200,0,0,1,1,1
11282,2014,2000,300,600,445,200,0,0,1,1,1
11282,2015,2000,300,600,445,200,0,0,1,1,1
11282,2016,2000,300,600,445,200,0,0,1,1,1
11282,2017,2017,270,908,0,0,0,0,1,1,1
11282,2018,2022,260,926,0,0,0,0,1,1,1
11282,2019,2025,265,949,0,0,0,0,1,1,1
11282,2020,2020,275,960,0,0,0,0,1,1,1
11282,2021,2075,285,915,0,0,0,0,1,1,1
11282,2022,2085,315,925,0,0,0,0,1,1,1
11282,2023,2065,310,930,0,0,0,0,1,1,1
11283,2012,0,0,625,125,0,0,0,1,1,0
11283,2013,0,0,625,125,0,0,0,1,1,0
11283,2014,0,0,625,125,0,0,0,1,1,0
11283,2015,0,0,625,125,0,0,0,1,1,0
11283,2016,0,0,625,125,0,0,0,1,1,0
11283,2017,0,0,625,125,0,0,0,1,1,0
11283,2018,0,0,625,125,0,0,0,1,1,0
11283,2019,0,0,625,125,0,0,0,1,1,0
11283,2020,0,0,625,125,0,0,0,2c,3a,0
11283,2021,0,0,625,125,0,0,0,1,1,0
11283,2022,0,0,625,125,0,0,0,1,1,0
11283,2023,0,0,65,60,0,0,0,1,1,0
11284,2012,615,75,0,107,90,0,0,1,1,1
11284,2013,615,75,0,107,90,0,0,1,1,1
11284,2014,615,75,90,107,90,0,0,1,1,1
11284,2015,615,75,90,107,90,0,0,1,1,1
11284,2016,670,20,290,0,0,0,0,1,1,1
11284,2017,670,20,290,0,0,0,0,1,1,1
11284,2018,670,20,320,0,0,0,0,1,1,1
11284,2019,670,20,350,0,0,0,0,1,1,1
11284,2020,670,20,350,0,0,0,0,1,1,1
11284,2021,1274,196,30,0,0,0,0,1,1,1
11284,2022,1375,135,50,0,0,0,0,1,1,1
11284,2023,1375,135,50,0,0,0,0,1,1,1
11285,2012,540,75,200,150,75,0,0,1,1,1
11285,2013,538,85,220,150,80,0,0,1,1,1
11285,2014,540,90,220,150,80,0,0,1,1,1
11285,2015,550,86,225,162,85,0,0,1,1,1
11285,2016,560,72,220,170,90,0,0,1,1,1
11285,2017,575,75,225,165,95,0,0,1,1,1
11285,2018,560,70,221,162,93,0,0,1,1,1
11285,2019,500,0,200,0,0,0,0,1,1,1
11285,2020,500,0,200,6,0,0,0,1,1,1
11285,2021,500,0,200,0,0,0,0,1,1,1
11285,2022,500,0,200,0,0,0,0,1,1,1
11285,2023,385,0,300,0,0,0,0,1,1,1
11286,2012,650,100,240,230,70,100,0,1,1,1
11286,2013,650,100,240,230,70,100,0,1,1,1
11286,2014,650,100,240,230,70,100,0,1,1,1
11286,2015,650,100,240,230,70,100,0,1,1,1
11286,2016,650,100,240,230,70,100,0,1,1,1
11286,2017,550,60,240,230,70,100,0,1,1,1
11286,2018,500,0,0,0,0,0,0,1,1,1
11286,2019,250,0,0,0,0,0,0,1,1,1
11286,2020,0,0,0,0,0,0,0,1,1,0
11286,2021,0,0,0,0,0,0,0,2b,2b,0
11286,2022,0,0,0,0,0,0,0,2b,2b,0
11286,2023,0,0,0,0,0,0,0,2b,2b,0
11287,2012,400,50,0,0,0,0,0,1,1,1
11287,2013,400,50,0,0,0,0,0,1,1,1
11287,2014,400,50,0,0,0,0,0,1,1,1
11287,2015,400,50,0,0,0,0,0,3a,3a,1
11287,2016,400,50,0,0,0,0,0,1,1,1
11287,2017,400,50,0,0,0,0,0,1,1,1
11287,2018,400,50,100,100,0,0,0,1,1,1
11287,2019,400,50,100,100,0,0,0,1,1,1
11287,2020,400,50,100,100,0,0,0,1,1,1
11287,2021,400,50,50,50,0,0,0,1,1,1
11287,2022,475,0,0,0,0,0,0,1,1,1
11287,2023,475,0,0,0,0,0,0,1,1,1
11288,2012,0,0,0,0,0,0,0,1,1,0
11288,2013,0,0,0,0,0,0,0,1,1,0
11288,2014,0,0,0,60,0,0,0,1,1,0
11288,2015,0,0,0,0,0,0,0,1,1,0
11288,2016,0,0,0,0,0,0,0,1,1,0
11288,2017,0,0,0,0,0,0,0,1,1,0
11288,2018,0,0,40,70,0,0,0,1,1,0
11288,2019,0,0,40,70,0,0,0,1,1,0
11288,2020,0,0,30,30,40,0,0,1,1,0
11288,2021,0,0,25,25,35,0,0,1,1,0
11288,2022,0,0,25,25,35,0,0,1,1,0
11288,2023,0,0,25,25,35,0,0,1,1,0
11289,2012,250,50,225,112,113,0,0,1,1,1
11289,2013,250,50,225,112,113,0,0,1,1,1
11289,2014,250,50,225,112,113,0,0,1,1,1
11289,2015,250,50,225,112,113,0,0,1,1,1
11289,2016,250,50,225,112,113,0,0,1,1,1
11289,2017,250,50,225,112,113,0,0,1,1,1
11289,2018,250,50,225,112,113,0,0,1,1,1
11289,2019,250,50,225,112,113,0,0,1,1,1
11289,2020,250,50,225,412,113,0,0,1,1,1
11289,2021,250,0,25,50,50,0,0,1,1,1
11289,2022,200,10,35,375,0,0,0,1,1,1
11289,2023,200,10,35,375,0,0,0,1,1,1
11290,2012,1200,300,425,450,150,150,0,1,1,1
11290,2013,1200,300,425,450,150,150,0,1,1,1
11290,2014,1100,275,425,450,150,150,0,1,1,1
11290,2015,1105,247,425,450,150,150,0,1,1,1
11290,2016,1103,244,425,450,150,150,0,1,1,1
11290,2017,1100,232,425,441,142,148,0,1,1,1
11290,2018,1106,241,425,441,142,148,0,1,1,1
11290,2019,1120,205,425,441,142,148,0,1,1,1
11290,2020,1155,190,410,440,150,155,0,1,1,1
11290,2021,1900,250,400,430,270,250,0,1,1,1
11290,2022,1930,275,420,440,280,270,0,1,1,1
11290,2023,1950,290,450,465,300,280,0,1,1,1
11291,2012,200,50,25,25,10,10,0,1,1,1
11291,2013,200,50,25,25,10,10,0,1,1,1
11291,2014,50,10,0,0,0,0,0,1,1,1
11291,2015,450,100,0,0,0,0,0,1,1,1
11291,2016,450,100,0,0,0,0,0,1,1,1
11291,2017,450,100,0,0,0,0,0,1,1,1
11291,2018,450,100,0,0,0,0,0,1,1,1
11291,2019,450,100,0,0,0,0,0,1,1,1
11291,2020,450,100,0,0,0,0,0,1,1,1
11291,2021,450,100,0,0,0,0,0,1,1,1
11291,2022,250,50,0,0,0,0,0,1,1,1
11291,2023,350,50,0,0,0,0,0,1,1,1
11292,2012,500,75,238,190,71,0,0,1,1,1
11292,2013,500,73,238,190,71,0,0,1,1,1
11292,2014,500,73,238,190,71,0,0,1,1,1
11292,2015,500,73,238,190,71,0,0,3a,3a,1
11292,2016,500,73,238,190,71,0,0,1,1,1
11292,2017,500,73,238,190,71,0,0,1,1,1
11292,2018,250,37,238,190,71,0,0,1,1,1
11292,2019,0,0,500,0,0,0,0,1,1,0
11292,2020,0,0,500,0,0,0,0,1,1,0
11292,2021,0,0,500,0,0,0,0,1,1,0
11292,2022,0,378,400,400,0,0,0,1,1,0
11292,2023,0,378,400,400,0,0,0,1,1,0
11293,2012,550,70,0,0,150,150,0,1,1,1
11293,2013,580,80,0,0,50,120,0,1,1,1
11293,2014,580,80,0,0,200,200,0,1,1,1
11293,2015,585,85,0,0,213,200,0,3a,3a,1
11293,2016,590,90,0,0,225,200,0,1,1,1
11293,2017,580,100,700,700,218,206,0,1,1,1
11293,2018,580,100,700,700,220,210,0,1,1,1
11293,2019,580,100,700,700,220,210,0,1,1,1
11293,2020,580,100,705,655,215,215,0,1,1,1
11293,2021,576,103,700,663,220,222,0,1,1,1
11293,2022,580,200,550,500,111,218,0,1,1,1
11293,2023,590,205,545,490,115,220,0,1,1,1
11294,2012,253,27,181,123,54,23,0,1,1,1
11294,2013,253,27,181,123,54,23,0,1,1,1
11294,2014,253,27,181,123,54,23,0,1,1,1
11294,2015,253,27,181,123,54,23,0,1,1,1
11294,2016,253,27,181,123,54,23,0,1,1,1
11294,2017,253,27,181,123,54,23,0,1,1,1
11294,2018,253,27,181,123,54,23,0,1,1,1
11294,2019,253,27,181,123,54,23,0,1,1,1
11294,2020,253,27,181,123,54,23,0,1,1,1
11294,2021,253,27,181,123,54,23,0,1,1,1
11294,2022,0,0,0,0,0,0,0,1,1,0
11294,2023,0,0,0,0,0,0,0,1,1,0
11295,2012,225,45,60,60,30,20,0,1,1,1
11295,2013,240,50,60,60,30,20,0,1,1,1
11295,2014,240,50,60,60,30,20,0,1,1,1
11295,2015,250,50,150,150,0,0,0,1,1,1
11295,2016,250,50,150,150,0,0,0,1,1,1
11295,2017,250,50,150,150,0,0,0,1,1,1
11295,2018,250,50,150,150,0,0,0,1,1,1
11295,2019,250,50,150,150,0,0,0,1,1,1
11295,2020,250,50,150,150,0,0,0,1,1,1
11295,2021,214,1,0,830,0,0,0,1,1,1
11295,2022,150,0,0,700,200,0,0,1,1,1
11295,2023,150,0,0,700,200,0,0,1,1,1
11296,2012,380,60,80,100,70,70,0,1,1,1
11296,2013,380,60,80,100,70,70,0,1,1,1
11296,2014,380,60,80,100,70,70,0,1,1,1
11296,2015,0,0,0,0,0,0,0,2b,2b,0
11296,2016,0,0,0,0,0,0,0,2b,2b,0
11296,2017,0,0,0,0,0,0,0,2b,2b,0
11296,2018,0,0,0,0,0,0,0,2b,2b,0
11296,2019,0,0,0,0,0,0,0,2b,2b,0
11296,2020,0,0,0,0,0,0,0,2b,2b,0
11296,2021,0,0,0,0,0,0,0,2b,2b,0
11296,2022,0,0,0,0,0,0,0,2b,2b,0
11296,2023,0,0,0,0,0,0,0,2b,2b,0
11297,2012,160,14,60,50,15,17,0,1,1,1
11297,2013,150,15,40,30,30,20,0,1,1,1
11297,2014,150,15,40,30,30,2,0,1,1,1
11297,2015,150,15,40,40,30,20,0,1,1,1
11297,2016,150,15,40,40,30,20,0,1,1,1
11297,2017,150,15,40,40,30,20,0,1,1,1
11297,2018,150,15,40,40,30,20,0,1,1,1
11297,2019,150,15,40,40,30,20,0,1,1,1
11297,2020,150,15,40,40,30,20,0,1,1,1
11297,2021,150,15,40,40,30,20,0,1,1,1
11297,2022,150,15,40,40,30,20,0,1,1,1
11297,2023,150,15,40,40,30,20,0,1,1,1
11298,2012,475,60,200,210,45,65,0,1,1,1
11298,2013,475,60,200,210,45,65,0,1,1,1
11298,2014,475,60,200,210,45,65,0,1,1,1
11298,2015,475,60,200,210,45,65,0,1,1,1
11298,2016,475,60,200,210,45,65,0,1,1,1
11298,2017,475,60,200,210,45,65,0,1,1,1
11298,2018,475,60,200,210,45,65,0,1,1,1
11298,2019,475,60,200,210,45,65,0,1,1,1
11298,2020,475,60,200,210,45,65,0,1,1,1
11298,2021,475,60,200,210,45,65,0,1,1,1
11298,2022,475,60,200,210,45,65,0,1,1,1
11298,2023,475,60,200,210,45,65,0,1,1,1
11299,2012,425,45,85,60,40,40,0,1,1,1
11299,2013,460,70,120,100,25,25,0,1,1,1
11299,2014,400,80,100,100,75,80,0,1,1,1
11299,2015,400,68,90,120,60,90,0,1,1,1
11299,2016,400,65,95,120,60,90,0,1,1,1
11299,2017,450,80,100,120,80,0,0,1,1,1
11299,2018,460,110,100,110,82,0,0,1,1,1
11299,2019,475,95,110,95,85,0,0,1,1,1
11299,2020,0,0,110,95,85,0,0,1,1,0
11299,2021,0,0,0,0,0,0,0,1,1,0
11299,2022,0,0,600,0,0,0,0,1,1,0
11299,2023,0,0,600,0,0,0,0,1,1,0
11300,2012,563,114,159,196,80,0,0,1,1,1
11300,2013,575,115,155,185,72,0,0,1,1,1
11300,2014,582,123,168,170,68,0,0,1,1,1
11300,2015,500,103,148,200,58,0,0,1,1,1
11300,2016,417,86,187,205,63,0,0,1,1,1
11300,2017,78,0,248,236,0,0,0,1,1,1
11300,2018,0,0,34,0,0,0,0,1,1,0
11300,2019,0,0,34,0,0,0,0,1,1,0
11300,2020,0,0,100,0,0,0,0,1,1,0
11300,2021,0,0,400,0,0,0,0,1,1,0
11300,2022,0,0,400,0,0,0,0,1,1,0
11300,2023,0,0,0,0,0,0,0,1,1,0
11301,2012,0,0,0,0,0,0,0,1,1,0
11301,2013,0,0,0,0,0,0,0,1,1,0
11301,2014,0,0,0,0,0,0,0,1,1,0
11301,2015,0,0,0,110,110,0,0,1,1,0
11301,2016,0,60,0,166,0,0,0,1,1,0
11301,2017,0,62,0,170,0,0,0,1,1,0
11301,2018,0,120,0,120,0,0,0,1,1,0
11301,2019,0,9,100,0,7,0,0,1,1,0
11301,2020,0,9,100,0,7,0,0,1,1,0
11301,2021,0,9,100,0,7,0,0,2c,3a,0
11301,2022,0,9,100,0,7,0,0,2c,3a,0
11301,2023,0,9,100,0,7,0,0,2c,3a,0
11302,2012,1120,0,352,288,150,176,0,1,1,1
11302,2013,1120,0,352,288,150,176,0,1,1,1
11302,2014,1120,0,352,288,150,176,0,1,1,1
11302,2015,1120,0,352,288,150,176,0,1,1,1
11302,2016,1120,0,352,288,150,176,0,1,1,1
11302,2017,1021,174,321,507,246,189,0,1,1,1
11302,2018,1002,102,330,300,180,0,0,1,1,1
11302,2019,1002,102,330,300,180,0,0,1,1,1
11302,2020,921,102,300,300,182,0,0,1,1,1
11302,2021,921,102,300,300,182,0,0,1,1,1
11302,2022,1002,102,300,300,182,0,0,1,1,1
11302,2023,1015,100,299,272,180,0,0,1,1,1
11303,2012,280,30,25,45,30,28,0,1,1,1
11303,2013,280,30,25,45,30,28,0,1,1,1
11303,2014,280,30,25,45,30,28,0,1,1,1
11303,2015,271,28,25,45,30,28,0,1,1,1
11303,2016,270,23,25,45,30,28,0,1,1,1
11303,2017,0,97,140,100,0,0,0,1,1,0
11303,2018,0,97,140,100,0,0,0,1,1,0
11303,2019,0,97,140,100,0,0,0,1,1,0
11303,2020,0,165,100,95,0,0,0,1,1,0
11303,2021,0,0,0,0,0,0,0,1,1,0
11303,2022,0,0,0,0,0,0,0,1,1,0
11303,2023,0,0,0,0,0,0,0,2a,2a,0
11304,2012,684,114,392,0,0,0,0,1,1,1
11304,2013,693,110,387,0,0,0,0,1,1,1
11304,2014,700,115,390,0,0,0,0,1,1,1
11304,2015,700,50,390,0,0,0,0,1,1,1
11304,2016,700,50,0,0,0,0,0,1,1,1
11304,2017,700,50,0,0,0,0,0,1,1,1
11304,2018,700,50,0,0,0,0,0,1,1,1
11304,2019,700,50,0,0,0,0,0,1,1,1
11304,2020,700,50,0,0,0,0,0,1,1,1
11304,2021,700,50,0,0,0,0,0,1,1,1
11304,2022,350,25,0,0,0,0,0,1,1,1
11304,2023,0,25,0,0,0,0,0,2a,3a,0
11305,2012,1050,140,300,650,240,0,0,1,1,1
11305,2013,1050,140,300,650,240,0,0,1,1,1
11305,2014,1050,140,300,650,240,0,0,1,1,1
11305,2015,1050,140,300,650,240,0,0,1,1,1
11305,2016,1050,140,300,650,240,0,0,1,1,1
11305,2017,1050,140,300,650,240,0,0,1,1,1
11305,2018,1050,140,300,650,240,0,0,1,1,1
11305,2019,1050,140,300,650,240,0,0,1,1,1
11305,2020,1050,140,300,650,240,0,0,1,1,1
11305,2021,1050,140,300,650,240,0,0,1,1,1
11305,2022,1050,140,300,650,240,0,0,1,1,1
11305,2023,1050,140,300,650,240,0,0,1,1,1
11306,2012,0,0,0,0,0,0,0,1,1,0
11306,2013,0,0,0,0,0,0,0,2c,2c,0
11306,2014,0,0,0,0,0,0,0,2c,2c,0
11306,2015,0,0,0,0,0,0,0,2c,2c,0
11306,2016,0,0,0,0,0,0,0,2c,2c,0
11306,2017,0,0,0,0,0,0,0,2a,2c,0
11306,2018,0,0,0,0,0,0,0,2a,2c,0
11306,2019,0,0,0,0,0,0,0,2a,2c,0
11306,2020,0,0,0,0,0,0,0,2a,2c,0
11306,2021,0,0,0,0,0,0,0,2a,2c,0
11306,2022,0,0,0,0,0,0,0,2a,2c,0
11306,2023,0,0,0,0,0,0,0,2a,2c,0
11307,2012,200,0,0,0,0,0,0,1,1,1
11307,2013,200,0,0,0,0,0,0,1,1,1
11307,2014,250,0,0,0,0,0,0,1,1,1
11307,2015,250,0,0,0,0,0,0,1,1,1
11307,2016,250,0,0,0,0,0,0,1,1,1
11307,2017,250,0,0,0,0,0,0,1,1,1
11307,2018,250,0,0,0,0,0,0,1,1,1
11307,2019,250,0,0,0,0,0,0,1,1,1
11307,2020,250,0,0,0,0,0,0,1,1,1
11307,2021,250,0,0,0,0,0,0,1,1,1
11307,2022,0,0,0,0,0,0,0,1,1,0
11307,2023,0,0,900,0,0,0,0,1,1,0
11308,2012,2000,400,850,850,250,0,0,1,1,1
11308,2013,2000,400,850,850,250,0,0,1,1,1
11308,2014,2000,400,850,850,250,0,0,1,1,1
11308,2015,2000,400,850,850,250,0,0,1,1,1
11308,2016,2000,400,850,850,250,0,0,1,1,1
11308,2017,2000,400,850,850,250,0,0,1,1,1
11308,2018,2000,400,850,850,250,0,0,1,1,1
11308,2019,2000,400,850,850,250,0,0,1,1,1
11308,2020,2000,400,850,850,250,0,0,1,1,1
11308,2021,2000,400,850,850,250,0,0,1,1,1
11308,2022,2000,400,850,850,250,0,0,1,1,1
11308,2023,2000,400,850,850,250,0,0,1,1,1
11309,2012,500,65,109,80,80,80,0,1,1,1
11309,2013,500,65,109,80,80,80,0,1,1,1
11309,2014,550,85,0,0,75,0,0,1,1,1
11309,2015,550,100,300,0,60,0,0,1,1,1
11309,2016,550,100,300,0,60,0,0,1,1,1
11309,2017,550,100,300,0,60,0,0,1,1,1
11309,2018,550,100,300,0,60,0,0,1,1,1
11309,2019,575,100,300,0,0,0,0,1,1,1
11309,2020,575,100,300,0,0,0,0,1,1,1
11309,2021,575,100,300,0,0,0,0,1,1,1
11309,2022,575,100,300,0,0,0,0,1,1,1
11309,2023,575,100,300,0,0,0,0,1,1,1
11310,2012,820,100,125,100,150,150,0,1,1,1
11310,2013,810,100,125,100,150,150,0,1,1,1
11310,2014,810,100,125,100,150,150,0,1,1,1
11310,2015,810,100,125,100,150,150,0,1,1,1
11310,2016,810,100,125,100,150,150,0,1,1,1
11310,2017,810,100,125,100,150,150,0,1,1,1
11310,2018,810,100,125,100,150,150,0,1,1,1
11310,2019,810,100,125,100,150,150,0,1,1,1
11310,2020,810,100,125,100,150,150,0,1,1,1
11310,2021,810,100,125,100,150,150,0,1,1,1
11310,2022,810,100,125,100,150,150,0,1,1,1
11310,2023,600,75,125,100,150,150,0,1,1,1
11311,2012,1085,220,354,336,153,164,0,1,1,1
11311,2013,1085,220,354,336,153,164,0,1,1,1
11311,2014,1085,220,354,336,153,164,0,1,1,1
11311,2015,1085,220,354,336,153,164,0,1,1,1
11311,2016,1085,220,354,336,153,164,0,1,1,1
11311,2017,1085,220,354,336,153,164,0,1,1,1
11311,2018,1085,220,354,336,153,164,0,1,1,1
11311,2019,1085,220,354,336,153,164,0,1,1,1
11311,2020,1085,220,354,336,153,164,0,1,1,1
11311,2021,1085,220,354,336,153,164,0,1,1,1
11311,2022,1085,220,354,336,153,164,0,1,1,1
11311,2023,1085,220,354,336,153,0,0,1,1,1
11312,2012,490,85,140,130,0,0,0,1,1,1
11312,2013,490,85,140,130,0,0,0,1,1,1
11312,2014,650,85,250,250,50,0,0,1,1,1
11312,2015,650,85,250,250,50,0,0,1,1,1
11312,2016,750,100,250,250,50,0,0,1,1,1
11312,2017,1240,200,400,400,100,0,0,1,1,1
11312,2018,1240,200,400,400,100,0,0,1,1,1
11312,2019,1240,200,400,400,100,0,0,1,1,1
11312,2020,1240,200,400,400,100,0,0,1,1,1
11312,2021,1240,200,400,400,100,0,0,1,1,1
11312,2022,1240,200,400,400,100,0,0,1,1,1
11312,2023,1240,200,400,400,100,0,0,1,1,1
11313,2012,1600,250,300,375,420,0,0,1,1,1
11313,2013,1627,251,660,528,197,0,0,1,1,1
11313,2014,1627,251,350,245,130,0,0,1,1,1
11313,2015,1627,251,350,245,130,0,0,1,1,1
11313,2016,1627,251,350,245,130,0,0,1,1,1
11313,2017,1627,251,350,245,130,0,0,1,1,1
11313,2018,1627,251,350,245,130,0,0,1,1,1
11313,2019,1627,251,350,245,130,0,0,1,1,1
11313,2020,1627,251,350,245,130,0,0,1,1,1
11313,2021,1627,251,350,245,130,0,0,1,1,1
11313,2022,1627,251,250,175,100,0,0,1,1,1
11313,2023,1627,251,0,0,100,0,0,1,1,1
11314,2012,665,105,130,160,185,140,0,1,1,1
11314,2013,665,105,130,160,185,140,0,1,1,1
11314,2014,665,105,130,160,185,140,0,1,1,1
11314,2015,665,105,240,200,95,95,0,1,1,1
11314,2016,665,105,240,200,95,95,0,1,1,1
11314,2017,665,105,240,200,95,95,0,1,1,1
11314,2018,665,105,240,200,95,95,0,1,1,1
11314,2019,665,105,240,200,95,95,0,1,1,1
11314,2020,665,105,240,200,95,95,0,1,1,1
11314,2021,665,105,240,200,95,95,0,1,1,1
11314,2022,665,105,240,200,95,95,0,1,1,1
11314,2023,665,105,240,200,95,95,0,1,1,1
11315,2012,677,93,170,164,139,101,0,1,1,1
11315,2013,690,40,170,238,90,0,0,1,1,1
11315,2014,703,67,170,185,110,0,0,1,1,1
11315,2015,0,0,0,0,0,0,0,1,1,0
11315,2016,0,200,0,0,0,0,0,1,1,0
11315,2017,0,200,0,0,0,0,0,2c,3a,0
11315,2018,0,200,0,0,0,0,0,2c,3a,0
11315,2019,0,200,0,0,0,0,0,2c,3a,0
11315,2020,0,200,0,0,0,0,0,2c,3a,0
11315,2021,0,200,0,0,0,0,0,2c,3a,0
11315,2022,0,200,0,0,0,0,0,2c,3a,0
11315,2023,0,200,0,0,0,0,0,2c,3a,0
12022,2019,0,0,0,0,0,0,0,2a,2a,0
12022,2020,0,0,0,0,0,0,0,2a,2a,0
12022,2021,0,0,0,0,0,0,0,2a,2a,0
12022,2022,0,0,0,0,0,0,0,2a,2a,0
12022,2023,0,0,0,0,0,0,0,2a,2a,0
11316,2012,0,0,0,0,0,0,0,1,1,0
11316,2013,398,0,0,0,0,0,0,1,1,1
11316,2014,1800,270,750,600,200,0,0,1,1,1
11316,2015,1800,270,750,600,200,0,0,1,1,1
11316,2016,1800,270,750,600,200,0,0,1,1,1
11316,2017,2500,343,920,760,305,0,0,1,1,1
11316,2018,2500,343,920,760,305,0,0,1,1,1
11316,2019,2500,343,920,760,305,0,0,1,1,1
11316,2020,2500,343,920,760,305,0,0,1,1,1
11316,2021,2500,343,920,760,305,0,0,1,1,1
11316,2022,2500,343,920,760,305,0,0,1,1,1
11316,2023,2500,343,920,760,305,0,0,1,1,1
11317,2012,950,150,250,450,200,150,0,1,1,1
11317,2013,950,150,250,450,200,150,0,1,1,1
11317,2014,950,150,250,450,200,150,0,1,1,1
11317,2015,950,150,250,450,200,150,0,1,1,1
11317,2016,950,150,250,450,200,150,0,1,1,1
11317,2017,950,150,250,450,200,150,0,1,1,1
11317,2018,950,150,300,500,250,200,0,1,1,1
11317,2019,950,150,300,500,250,200,0,1,1,1
11317,2020,950,150,300,500,250,200,0,1,1,1
11317,2021,950,150,300,500,250,200,0,1,1,1
11317,2022,950,150,300,500,250,200,0,1,1,1
11317,2023,950,150,300,500,250,200,0,1,1,1
11318,2012,500,80,150,200,80,50,0,1,1,1
11318,2013,0,0,0,0,0,0,0,1,1,0
11318,2014,0,0,7,0,0,0,0,1,1,0
11318,2015,0,0,0,50,50,0,0,1,1,0
11318,2016,0,0,0,50,50,0,0,1,1,0
11318,2017,0,0,0,50,25,0,0,1,1,0
11318,2018,0,0,0,20,0,0,0,1,1,0
11318,2019,0,0,0,20,0,0,0,2a,3b,0
11318,2020,0,0,0,0,0,0,0,2a,2a,0
11318,2021,0,0,0,0,0,0,0,2a,2a,0
11318,2022,0,0,0,0,0,0,0,2a,2a,0
11318,2023,0,0,0,0,0,0,0,2a,2a,0
11319,2012,450,55,170,130,70,70,0,1,1,1
11319,2013,450,55,170,130,70,70,0,1,1,1
11319,2014,450,55,170,130,70,70,0,1,1,1
11319,2015,450,55,170,130,70,70,0,1,1,1
11319,2016,225,27,85,65,35,35,0,1,1,1
11319,2017,0,0,0,0,0,0,0,2a,2a,0
11319,2018,0,0,0,0,0,0,0,2a,2a,0
11319,2019,0,0,0,0,0,0,0,2a,2a,0
11319,2020,0,0,0,0,0,0,0,2a,2a,0
11319,2021,0,0,0,0,0,0,0,2a,2a,0
11319,2022,0,0,0,0,0,0,0,2a,2a,0
11319,2023,0,0,0,0,0,0,0,2a,2a,0
11320,2012,1231,141,600,504,289,388,0,1,1,1
11320,2013,1231,141,120,150,110,388,0,1,1,1
11320,2014,1231,141,120,150,110,388,0,1,1,1
11320,2015,1231,141,120,150,110,388,0,1,1,1
11320,2016,1231,141,120,150,110,388,0,1,1,1
11320,2017,1231,141,120,150,110,388,0,1,1,1
11320,2018,1231,141,120,150,110,388,0,1,1,1
11320,2019,1150,173,600,623,165,175,0,1,1,1
11320,2020,1150,173,600,623,165,175,0,1,1,1
11320,2021,1150,173,600,623,165,175,0,1,1,1
11320,2022,1150,173,600,623,175,50,0,1,1,1
11320,2023,1150,173,650,625,175,50,0,1,1,1
11321,2012,970,175,0,0,0,0,0,1,1,1
11321,2013,970,175,0,0,0,0,0,1,1,1
11321,2014,970,175,0,0,0,0,0,1,1,1
11321,2015,970,175,0,0,0,0,0,1,1,1
11321,2016,970,175,0,0,0,0,0,1,1,1
11321,2017,970,175,0,0,0,0,0,1,1,1
11321,2018,0,0,150,0,0,0,0,2c,3a,0
11321,2019,0,0,150,0,0,0,0,1,1,0
11321,2020,0,0,200,0,0,0,0,1,1,0
11321,2021,0,0,0,200,0,0,0,1,1,0
11321,2022,0,0,0,225,0,0,0,1,1,0
11321,2023,0,0,0,125,0,0,0,1,1,0
11322,2012,220,20,40,50,40,5,0,1,1,1
11322,2013,220,30,50,0,50,50,0,1,1,1
11322,2014,230,30,30,30,40,30,0,1,1,1
11322,2015,250,30,30,100,30,30,0,1,1,1
11322,2016,300,40,45,75,60,30,0,1,1,1
11322,2017,300,40,50,60,30,30,0,1,1,1
11322,2018,300,45,60,60,40,40,0,1,1,1
11322,2019,320,50,40,50,30,30,0,1,1,1
11322,2020,340,40,50,70,60,40,0,1,1,1
11322,2021,340,40,50,70,60,40,0,1,1,1
11322,2022,350,50,50,100,40,40,0,1,1,1
11322,2023,350,50,50,100,40,40,0,3a,3a,1
12023,2019,0,0,0,0,0,0,0,2a,3g,0
12023,2020,0,0,0,0,0,0,0,2a,3g,0
12023,2021,0,0,0,0,0,0,0,2a,3g,0
12023,2022,0,0,0,0,0,0,0,2a,3g,0
12023,2023,0,0,0,0,0,0,0,2a,3g,0
11323,2012,400,70,120,120,50,0,0,1,1,1
11323,2013,400,70,120,120,50,0,0,1,1,1
11323,2014,400,70,120,120,50,0,0,1,1,1
11323,2015,400,70,120,120,50,0,0,1,1,1
11323,2016,400,70,120,120,50,0,0,1,1,1
11323,2017,400,70,120,120,50,0,0,1,1,1
11323,2018,400,70,120,120,50,0,0,1,1,1
11323,2019,400,70,120,120,50,0,0,1,1,1
11323,2020,400,70,120,120,50,0,0,1,1,1
11323,2021,400,70,120,120,50,0,0,1,1,1
11323,2022,400,70,120,120,50,0,0,1,1,1
11323,2023,400,70,120,120,50,0,0,1,1,1
11324,2012,385,58,137,49,0,0,0,1,1,1
11324,2013,385,58,137,49,0,0,0,1,1,1
11324,2014,385,58,137,49,0,0,0,1,1,1
11324,2015,385,58,137,49,0,0,0,1,1,1
11324,2016,385,58,137,49,0,0,0,1,1,1
11324,2017,327,35,126,110,14,0,0,1,1,1
11324,2018,356,44,135,134,22,0,0,1,1,1
11324,2019,345,52,138,130,24,0,0,1,1,1
11324,2020,286,43,138,130,24,0,0,1,1,1
11324,2021,0,0,200,0,0,0,0,1,1,0
11324,2022,0,0,0,0,0,0,0,2a,2a,0
11324,2023,0,0,0,0,0,0,0,2a,2a,0
11325,2012,517,54,150,150,0,0,0,1,1,1
11325,2013,525,60,150,150,0,0,0,1,1,1
11325,2014,624,40,150,150,0,0,0,1,1,1
11325,2015,625,40,150,150,0,0,0,1,1,1
11325,2016,625,40,150,150,0,0,0,1,1,1
11325,2017,625,40,150,150,0,0,0,1,1,1
11325,2018,600,40,150,150,0,0,0,1,1,1
11325,2019,600,40,150,150,0,0,0,1,1,1
11325,2020,600,40,150,150,0,0,0,1,1,1
11325,2021,560,80,150,150,0,0,0,1,1,1
11325,2022,570,85,160,160,0,0,0,1,1,1
11325,2023,584,60,245,245,80,0,0,1,1,1
11326,2012,590,170,90,280,60,100,0,1,1,1
11326,2013,560,165,110,280,60,100,0,1,1,1
11326,2014,550,150,150,250,60,100,0,1,1,1
11326,2015,550,150,150,125,60,100,0,1,1,1
11326,2016,550,150,150,125,60,100,0,1,1,1
11326,2017,550,150,150,125,60,100,0,1,1,1
11326,2018,550,150,150,125,60,100,0,1,1,1
11326,2019,520,130,130,125,60,100,0,1,1,1
11326,2020,521,85,289,198,81,103,0,1,1,1
11326,2021,515,75,275,175,75,95,0,1,1,1
11326,2022,515,75,275,175,75,95,0,1,1,1
11326,2023,495,75,280,240,100,100,0,1,1,1
11327,2012,760,90,250,250,0,0,0,1,1,1
11327,2013,850,140,300,300,0,0,0,1,1,1
11327,2014,850,144,300,300,0,0,0,1,1,1
11327,2015,850,144,300,300,0,0,0,1,1,1
11327,2016,850,144,300,300,0,0,0,1,1,1
11327,2017,850,144,300,300,0,0,0,1,1,1
11327,2018,850,144,300,300,0,0,0,1,1,1
11327,2019,850,144,300,300,0,0,0,1,1,1
11327,2020,850,144,300,300,0,0,0,1,1,1
11327,2021,850,144,300,300,0,0,0,1,1,1
11327,2022,850,144,300,300,0,0,0,1,1,1
11327,2023,850,144,300,300,0,0,0,1,1,1
11328,2012,875,90,187,335,81,0,0,1,1,1
11328,2013,875,90,187,335,81,0,0,1,1,1
11328,2014,1000,200,375,375,150,0,0,1,1,1
11328,2015,1000,200,375,375,150,0,0,1,1,1
11328,2016,1000,200,375,375,150,0,0,1,1,1
11328,2017,1000,200,375,375,150,0,0,1,1,1
11328,2018,1000,200,375,375,150,0,0,1,1,1
11328,2019,1000,200,375,375,150,0,0,1,1,1
11328,2020,1000,200,375,375,150,0,0,1,1,1
11328,2021,1000,200,375,375,150,0,0,1,1,1
11328,2022,1000,200,375,375,150,0,0,1,1,1
11328,2023,1000,200,375,375,150,0,0,1,1,1
11329,2012,398,61,0,0,27,20,0,1,1,1
11329,2013,398,61,0,0,27,20,0,1,1,1
11329,2014,398,61,0,0,27,20,0,1,1,1
11329,2015,398,61,0,0,27,20,0,1,1,1
11329,2016,365,50,0,0,20,15,0,1,1,1
11329,2017,350,50,0,0,20,15,0,1,1,1
11329,2018,518,0,0,0,0,0,0,1,1,1
11329,2019,518,0,0,0,0,0,0,1,1,1
11329,2020,515,0,0,0,0,0,0,1,1,1
11329,2021,515,0,0,0,0,0,0,1,1,1
11329,2022,510,0,0,0,0,0,0,1,1,1
11329,2023,510,0,0,0,0,0,0,1,1,1
11330,2012,300,45,0,0,80,40,0,1,1,1
11330,2013,500,50,100,0,0,0,0,1,1,1
11330,2014,500,50,115,0,0,0,0,3a,3a,1
11330,2015,500,50,130,0,0,0,0,1,1,1
11330,2016,505,53,138,0,0,0,0,1,1,1
11330,2017,508,49,142,0,0,0,0,1,1,1
11330,2018,510,50,145,0,0,0,0,1,1,1
11330,2019,506,44,150,0,0,0,0,1,1,1
11330,2020,510,40,150,0,0,0,0,1,1,1
11330,2021,684,53,51,0,0,0,0,1,1,1
11330,2022,684,53,51,0,0,0,0,1,1,1
11330,2023,600,75,0,0,0,0,0,1,1,1
11331,2012,0,200,600,200,0,0,0,1,1,0
11331,2013,0,200,600,200,0,0,0,1,1,0
11331,2014,0,200,600,200,0,0,0,1,1,0
11331,2015,0,168,500,175,0,0,0,2c,3a,0
11331,2016,0,135,400,150,0,0,0,1,1,0
11331,2017,0,135,400,150,0,0,0,1,1,0
11331,2018,0,150,350,250,0,0,0,1,1,0
11331,2019,0,150,350,250,0,0,0,1,1,0
11331,2020,0,150,350,250,0,0,0,1,1,0
11331,2021,0,150,350,250,0,0,0,1,1,0
11331,2022,0,150,350,250,0,0,0,1,1,0
11331,2023,0,150,350,250,0,0,0,1,1,0
11332,2012,3000,500,350,0,250,0,0,1,1,1
11332,2013,2660,440,350,360,400,0,0,1,1,1
11332,2014,2650,440,350,360,400,0,0,1,1,1
11332,2015,2650,440,350,360,400,0,0,1,1,1
11332,2016,3100,480,130,0,80,0,0,1,1,1
11332,2017,3070,440,135,0,75,0,0,1,1,1
11332,2018,3050,400,135,0,75,0,0,1,1,1
11332,2019,3100,425,155,0,90,0,0,1,1,1
11332,2020,3150,430,175,0,100,0,0,1,1,1
11332,2021,3102,422,171,0,98,0,0,1,1,1
11332,2022,3098,418,171,0,98,0,0,1,1,1
11332,2023,3110,425,177,0,109,0,0,1,1,1
11333,2012,700,100,200,150,75,75,0,1,1,1
11333,2013,700,100,200,150,75,75,0,1,1,1
11333,2014,700,100,200,150,75,75,0,3a,3a,1
11333,2015,700,100,200,150,75,75,0,1,1,1
11333,2016,700,100,200,150,75,75,0,1,1,1
11333,2017,700,100,200,150,75,75,0,1,1,1
11333,2018,700,100,200,150,75,75,0,1,1,1
11333,2019,700,100,200,150,75,75,0,1,1,1
11333,2020,700,100,200,150,75,75,0,1,1,1
11333,2021,785,75,310,250,100,90,0,1,1,1
11333,2022,785,75,310,250,100,90,0,1,1,1
11333,2023,785,75,300,250,100,90,0,1,1,1
11334,2012,600,100,245,134,150,100,0,1,1,1
11334,2013,600,100,245,134,150,100,0,1,1,1
11334,2014,600,100,245,134,150,100,0,1,1,1
11334,2015,600,100,245,134,150,100,0,1,1,1
11334,2016,600,100,245,134,150,100,0,1,1,1
11334,2017,600,100,245,134,150,100,0,1,1,1
11334,2018,600,100,245,134,150,100,0,1,1,1
11334,2019,600,100,245,134,150,100,0,1,1,1
11334,2020,600,100,245,134,50,100,0,1,1,1
11334,2021,600,100,245,134,50,100,0,1,1,1
11334,2022,600,100,300,150,200,100,0,1,1,1
11334,2023,630,150,300,150,200,70,0,1,1,1
11904,2012,0,0,0,0,0,0,0,2a,3g,0
11904,2013,0,0,0,0,0,0,0,2a,3g,0
11904,2014,0,0,0,0,0,0,0,2a,3g,0
11904,2015,0,0,0,0,0,0,0,2a,3g,0
11904,2016,0,0,0,0,0,0,0,2a,3g,0
11904,2017,0,0,0,0,0,0,0,2a,3g,0
11904,2018,0,0,0,0,0,0,0,2a,3g,0
11904,2019,0,0,0,0,0,0,0,2a,3g,0
11904,2020,0,0,0,0,0,0,0,2a,3g,0
11904,2021,0,0,0,0,0,0,0,2a,3g,0
11904,2022,0,0,0,0,0,0,0,2a,3g,0
11904,2023,0,0,0,0,0,0,0,2a,3g,0
11681,2012,0,0,0,0,0,0,0,2a,2a,0
11681,2013,0,0,0,0,0,0,0,2a,2a,0
11681,2014,0,0,0,0,0,0,0,2a,2a,0
11681,2015,0,0,0,0,0,0,0,2a,2a,0
11681,2016,0,0,0,0,0,0,0,2a,2a,0
11681,2017,0,0,0,0,0,0,0,2a,2a,0
11681,2018,0,0,0,0,0,0,0,2a,2a,0
11681,2019,0,0,0,0,0,0,0,2a,2a,0
11681,2020,0,0,0,0,0,0,0,2a,2a,0
11681,2021,0,0,0,0,0,0,0,2a,2a,0
11681,2022,0,0,0,0,0,0,0,2a,2a,0
11681,2023,0,0,0,0,0,0,0,1,1,0
11335,2012,2450,435,1000,1015,130,115,0,1,1,1
11335,2013,2400,415,985,1005,115,100,0,1,1,1
11335,2014,1580,329,517,446,216,0,0,1,1,1
11335,2015,1728,290,550,546,327,0,0,1,1,1
11335,2016,1816,247,693,660,340,0,0,1,1,1
11335,2017,1950,284,291,730,307,0,0,1,1,1
11335,2018,1975,305,976,720,300,0,0,1,1,1
11335,2019,2050,350,700,850,300,0,0,1,1,1
11335,2020,2025,325,717,875,222,0,0,1,1,1
11335,2021,2050,350,700,850,300,0,0,1,1,1
11335,2022,2065,343,715,846,308,0,0,1,1,1
11335,2023,2060,345,720,850,302,0,0,1,1,1
12024,2019,0,0,0,0,0,0,0,2a,2e,0
12024,2020,0,0,0,0,0,0,0,2a,2e,0
12024,2021,0,0,0,0,0,0,0,2a,2e,0
12024,2022,0,0,0,0,0,0,0,2a,2e,0
12024,2023,0,0,0,0,0,0,0,2a,2e,0
11336,2012,640,100,40,0,220,80,0,1,1,1
11336,2013,500,50,160,160,50,50,0,1,1,1
11336,2014,500,50,160,160,50,50,0,1,1,1
11336,2015,500,50,160,16,50,50,0,1,1,1
11336,2016,500,50,160,16,50,50,0,1,1,1
11336,2017,500,50,160,16,50,50,0,1,1,1
11336,2018,500,50,160,16,50,50,0,1,1,1
11336,2019,500,50,160,16,50,50,0,1,1,1
11336,2020,500,50,160,16,50,50,0,1,1,1
11336,2021,500,50,160,160,50,50,0,1,1,1
11336,2022,350,50,160,160,50,50,0,1,1,1
11336,2023,250,50,160,160,50,50,0,1,1,1
12025,2019,0,0,0,0,0,0,45,2c,3a,0
12025,2020,0,0,0,0,0,0,45,2c,3a,0
12025,2021,0,0,0,0,0,0,45,2c,3a,0
12025,2022,0,0,0,0,0,0,45,1,1,0
12025,2023,0,0,0,0,0,0,45,1,1,0
12026,2019,0,0,0,0,0,0,0,2a,2a,0
12026,2020,0,0,0,0,0,0,0,2a,2a,0
12026,2021,0,0,0,0,0,0,0,2a,2a,0
12026,2022,0,0,0,0,0,0,0,2a,2a,0
12026,2023,0,0,0,0,0,0,0,2a,2a,0
11337,2012,712,120,40,0,0,0,0,1,1,1
11337,2013,712,120,40,0,0,0,0,1,1,1
11337,2014,712,120,40,0,0,0,0,1,1,1
11337,2015,712,120,40,0,0,0,0,1,1,1
11337,2016,712,120,40,0,0,0,0,1,1,1
11337,2017,534,90,40,0,0,0,0,1,1,1
11337,2018,0,0,250,30,0,0,0,1,1,0
11337,2019,400,0,125,0,0,0,0,1,1,1
11337,2020,750,1,0,0,0,0,0,1,1,1
11337,2021,725,1,0,0,0,0,0,1,1,1
11337,2022,715,1,0,0,0,0,0,1,1,1
11337,2023,715,1,0,0,0,0,0,1,1,1
11338,2012,1441,165,467,535,178,251,0,1,1,1
11338,2013,1100,140,310,225,120,175,0,1,1,1
11338,2014,1300,225,300,500,150,250,0,1,1,1
11338,2015,1300,225,300,500,150,250,0,1,1,1
11338,2016,1300,225,300,500,150,250,0,1,1,1
11338,2017,1300,225,300,500,150,250,0,1,1,1
11338,2018,1300,225,300,500,150,250,0,1,1,1
11338,2019,1300,225,300,500,150,250,0,1,1,1
11338,2020,1300,225,300,500,150,250,0,1,1,1
11338,2021,1500,200,300,500,100,0,0,1,1,1
11338,2022,1500,200,300,500,100,0,0,1,1,1
11338,2023,1500,200,300,500,100,0,0,1,1,1
11339,2012,1300,200,400,600,200,100,0,1,1,1
11339,2013,1410,225,200,300,200,270,0,1,1,1
11339,2014,1450,250,450,250,200,270,0,1,1,1
11339,2015,1500,300,400,300,200,270,0,1,1,1
11339,2016,1500,300,400,300,200,270,0,1,1,1
11339,2017,1600,300,400,300,200,270,0,1,1,1
11339,2018,1600,300,400,300,200,270,0,1,1,1
11339,2019,1540,270,370,266,210,190,0,1,1,1
11339,2020,1600,300,220,220,270,250,0,1,1,1
11339,2021,1590,305,215,222,278,243,0,1,1,1
11339,2022,1585,310,220,238,264,289,0,1,1,1
11339,2023,1568,312,210,240,259,291,0,1,1,1
11340,2012,900,160,200,200,80,0,0,1,1,1
11340,2013,840,160,200,200,80,0,0,1,1,1
11340,2014,840,160,200,200,80,0,0,1,1,1
11340,2015,900,160,200,200,80,0,0,1,1,1
11340,2016,900,160,200,200,80,0,0,1,1,1
11340,2017,900,160,200,200,80,0,0,1,1,1
11340,2018,900,160,200,200,80,0,0,1,1,1
11340,2019,900,160,200,200,80,0,0,1,1,1
11340,2020,900,160,200,200,80,0,0,1,1,1
11340,2021,900,160,200,200,80,0,0,1,1,1
11340,2022,555,95,200,200,80,0,0,1,1,1
11340,2023,600,90,200,200,80,0,0,1,1,1
11341,2012,170,10,0,0,0,0,0,1,1,1
11341,2013,170,10,0,0,0,0,0,1,1,1
11341,2014,170,10,0,0,0,0,0,1,1,1
11341,2015,170,10,0,0,0,0,0,3a,3a,1
11341,2016,170,10,0,0,0,0,0,1,1,1
11341,2017,170,10,0,0,0,0,0,1,1,1
11341,2018,170,10,0,0,0,0,0,1,1,1
11341,2019,170,10,0,0,0,0,0,1,1,1
11341,2020,170,10,0,0,0,0,0,1,1,1
11341,2021,170,10,0,0,0,0,0,1,1,1
11341,2022,170,10,0,0,0,0,0,1,1,1
11341,2023,170,10,0,0,0,0,0,1,1,1
12027,2012,323,57,75,0,0,0,0,3b,3b,1
12027,2013,0,0,0,0,0,0,0,2a,2a,0
12027,2014,0,0,0,0,0,0,0,2a,2a,0
12027,2015,0,0,0,0,0,0,0,2a,2a,0
12027,2016,0,0,0,0,0,0,0,2a,2a,0
12027,2017,0,0,0,0,0,0,0,2a,2a,0
12027,2018,0,0,0,0,0,0,0,2a,2a,0
12027,2019,0,0,0,0,0,0,0,2a,2a,0
12027,2020,0,0,0,0,0,0,0,2a,2a,0
12027,2021,0,0,0,0,0,0,0,2a,2a,0
12027,2022,0,0,0,0,0,0,0,2a,2a,0
12027,2023,0,0,0,0,0,0,0,2a,2a,0
12028,2019,0,0,0,0,0,0,0,2a,2e,0
12028,2020,0,0,0,0,0,0,0,2a,2e,0
12028,2021,0,0,0,0,0,0,0,2a,2e,0
12028,2022,0,0,0,0,0,0,0,2a,2e,0
12028,2023,0,0,0,0,0,0,0,2a,2e,0
11342,2012,260,22,17,29,40,38,0,1,1,1
11342,2013,267,32,178,28,27,27,0,1,1,1
11342,2014,279,33,22,63,52,28,0,1,1,1
11342,2015,235,60,0,0,20,20,0,1,1,1
11342,2016,235,60,0,0,20,20,0,1,1,1
11342,2017,235,60,0,0,20,20,0,1,1,1
11342,2018,235,60,0,0,20,20,0,1,1,1
11342,2019,0,0,98,200,0,0,0,1,1,0
11342,2020,0,0,550,250,0,0,0,1,1,0
11342,2021,0,0,550,250,0,0,0,1,1,0
11342,2022,0,0,350,100,0,0,0,1,1,0
11342,2023,0,0,350,100,0,0,0,1,1,0
11343,2012,630,90,80,0,100,0,0,1,1,1
11343,2013,630,90,80,0,100,0,0,1,1,1
11343,2014,630,90,80,0,100,0,0,1,1,1
11343,2015,630,90,80,0,100,0,0,3a,3a,1
11343,2016,630,90,80,0,100,0,0,1,1,1
11343,2017,630,90,80,0,100,0,0,1,1,1
11343,2018,630,90,80,0,100,0,0,1,1,1
11343,2019,630,90,80,0,100,0,0,1,1,1
11343,2020,630,90,80,0,100,0,0,1,1,1
11343,2021,630,90,0,0,0,0,0,1,1,1
11343,2022,630,90,0,0,0,0,0,1,1,1
11343,2023,630,90,0,0,0,0,0,1,1,1
11344,2012,2000,400,50,0,230,0,0,1,1,1
11344,2013,2000,400,150,0,230,0,0,1,1,1
11344,2014,2000,400,150,0,230,0,0,1,1,1
11344,2015,2000,400,150,0,230,0,0,1,1,1
11344,2016,2000,400,15,0,230,0,0,1,1,1
11344,2017,2000,400,15,0,230,0,0,1,1,1
11344,2018,2000,400,15,0,230,0,0,1,1,1
11344,2019,2000,400,15,0,230,0,0,1,1,1
11344,2020,2000,400,15,0,230,0,0,1,1,1
11344,2021,2000,400,15,0,230,0,0,1,1,1
11344,2022,1950,200,100,0,220,0,0,1,1,1
11344,2023,1926,286,112,0,250,0,0,1,1,1
11345,2012,450,75,243,216,81,108,0,1,1,1
11345,2013,450,75,240,210,75,105,0,1,1,1
11345,2014,430,75,205,225,106,130,0,1,1,1
11345,2015,430,75,205,215,120,130,0,1,1,1
11345,2016,430,75,205,215,120,130,0,1,1,1
11345,2017,575,1,100,215,106,130,0,1,1,1
11345,2018,575,1,100,215,106,130,0,1,1,1
11345,2019,575,1,100,215,110,130,0,1,1,1
11345,2020,535,1,100,215,110,130,0,1,1,1
11345,2021,535,1,100,215,110,130,0,1,1,1
11345,2022,575,1,100,215,106,130,0,1,1,1
11345,2023,575,1,100,215,106,130,0,1,1,1
11346,2012,3000,450,700,700,550,55,0,1,1,1
11346,2013,3000,450,700,700,550,55,0,1,1,1
11346,2014,3000,450,700,700,550,55,0,1,1,1
11346,2015,3000,450,700,700,550,55,0,3a,3a,1
11346,2016,3000,450,700,700,550,55,0,1,1,1
11346,2017,3000,450,700,700,550,550,0,1,1,1
11346,2018,3000,450,700,700,550,550,0,1,1,1
11346,2019,3000,450,700,700,550,550,0,1,1,1
11346,2020,3000,450,700,700,550,550,0,1,1,1
11346,2021,3000,450,700,700,550,550,0,1,1,1
11346,2022,3000,450,700,700,550,550,0,1,1,1
11346,2023,3000,450,700,700,550,550,0,1,1,1
11347,2012,165,25,140,0,0,0,0,1,1,1
11347,2013,160,25,140,0,0,0,0,1,1,1
11347,2014,160,25,140,0,0,0,0,1,1,1
11347,2015,160,25,140,0,0,0,0,1,1,1
11347,2016,160,25,140,0,0,0,0,1,1,1
11347,2017,160,25,140,0,0,0,0,1,1,1
11347,2018,0,0,225,25,0,0,0,1,1,0
11347,2019,0,0,225,25,0,0,0,1,1,0
11347,2020,0,0,0,250,50,0,0,1,1,0
11347,2021,0,0,0,250,50,0,0,1,1,0
11347,2022,0,0,0,250,50,0,0,1,1,0
11347,2023,0,0,0,350,0,0,0,1,1,0
11348,2012,370,0,0,0,20,0,0,3a,3a,1
11348,2013,370,0,0,0,20,0,0,1,1,1
11348,2014,0,0,0,0,0,0,0,2b,2b,0
11348,2015,0,0,0,0,0,0,0,2b,2b,0
11348,2016,0,0,0,0,0,0,0,1,1,0
11348,2017,0,0,0,0,0,0,0,1,1,0
11348,2018,0,100,0,0,0,0,0,1,1,0
11348,2019,0,75,150,50,0,0,0,1,1,0
11348,2020,0,108,300,141,0,0,0,1,1,0
11348,2021,0,158,167,59,0,0,0,1,1,0
11348,2022,0,0,286,0,0,0,0,1,1,0
11348,2023,0,0,380,0,0,0,0,1,1,0
11349,2012,1244,212,393,366,133,0,0,1,1,1
11349,2013,1244,212,393,366,133,0,0,1,1,1
11349,2014,1244,212,393,366,133,0,0,1,1,1
11349,2015,1244,212,393,366,133,0,0,1,1,1
11349,2016,1244,212,393,366,133,0,0,1,1,1
11349,2017,1244,212,393,366,133,0,0,1,1,1
11349,2018,1244,212,393,366,133,0,0,1,1,1
11349,2019,1244,212,393,366,133,0,0,1,1,1
11349,2020,1244,212,393,366,133,0,0,1,1,1
11349,2021,1244,212,393,366,133,0,0,1,1,1
11349,2022,1244,212,393,366,133,0,0,1,1,1
11349,2023,1200,212,200,300,0,0,0,1,1,1
11350,2012,1150,220,345,0,0,0,0,1,1,1
11350,2013,1150,220,345,0,0,0,0,1,1,1
11350,2014,1160,220,345,0,0,0,0,1,1,1
11350,2015,1170,230,345,0,0,0,0,1,1,1
11350,2016,1168,227,343,0,0,0,0,1,1,1
11350,2017,1155,221,343,0,0,0,0,1,1,1
11350,2018,1160,230,350,0,0,0,0,1,1,1
11350,2019,1130,220,350,0,0,0,0,1,1,1
11350,2020,1122,215,342,0,0,0,0,1,1,1
11350,2021,1119,210,339,0,0,0,0,1,1,1
11350,2022,1119,210,339,0,0,0,0,1,1,1
11350,2023,1119,210,339,0,0,0,0,1,1,1
11351,2012,40,10,23,12,5,0,0,1,1,1
11351,2013,29,5,15,9,4,0,0,1,1,1
11351,2014,0,0,0,0,0,0,0,2b,2b,0
11351,2015,0,0,0,0,0,0,0,2b,2b,0
11351,2016,0,0,0,0,0,0,0,2b,2b,0
11351,2017,0,0,0,0,0,0,0,2b,2b,0
11351,2018,0,0,0,0,0,0,0,2b,2b,0
11351,2019,0,0,0,0,0,0,0,2b,2b,0
11351,2020,0,0,0,0,0,0,0,2b,2b,0
11351,2021,0,0,0,0,0,0,0,2b,2b,0
11351,2022,0,0,0,0,0,0,0,2b,2b,0
11351,2023,0,0,0,0,0,0,0,2b,2b,0
11352,2012,250,30,80,55,45,30,0,1,1,1
11352,2013,250,30,80,55,45,30,0,1,1,1
11352,2014,235,25,77,60,40,35,0,1,1,1
11352,2015,250,40,85,50,35,40,0,1,1,1
11352,2016,248,37,83,48,35,40,0,1,1,1
11352,2017,251,39,80,45,32,40,0,1,1,1
11352,2018,251,39,80,45,32,40,0,1,1,1
11352,2019,258,33,80,45,32,40,0,1,1,1
11352,2020,268,30,70,35,30,45,0,1,1,1
11352,2021,255,30,65,35,25,50,0,1,1,1
11352,2022,262,27,60,42,23,56,0,1,1,1
11352,2023,260,25,59,43,25,57,0,1,1,1
11353,2012,365,47,25,0,40,60,0,1,1,1
11353,2013,365,47,30,0,50,60,0,1,1,1
11353,2014,365,47,30,0,50,60,0,1,1,1
11353,2015,365,47,30,0,50,60,0,1,1,1
11353,2016,365,47,30,0,50,60,0,1,1,1
11353,2017,365,47,30,0,0,0,0,1,1,1
11353,2018,365,47,30,0,0,0,0,1,1,1
11353,2019,55,357,0,0,0,0,0,1,1,1
11353,2020,74,112,1,0,0,2,0,1,1,1
11353,2021,74,112,1,0,0,2,0,1,1,1
11353,2022,1200,0,0,0,0,0,0,1,1,1
11353,2023,391,121,296,210,0,91,0,1,1,1
12029,2019,0,0,120,60,15,0,0,1,1,0
12029,2020,0,0,120,60,15,0,0,2c,3a,0
12029,2021,0,0,120,60,15,0,0,2c,3a,0
12029,2022,0,0,120,60,15,0,0,2c,3a,0
12029,2023,0,0,120,60,15,0,0,2c,3a,0
11354,2012,720,133,347,192,87,117,0,1,1,1
11354,2013,720,133,347,192,87,117,0,1,1,1
11354,2014,720,133,347,192,87,117,0,1,1,1
11354,2015,720,133,347,192,87,117,0,1,1,1
11354,2016,720,133,347,192,87,117,0,1,1,1
11354,2017,360,67,174,96,44,59,0,1,1,1
11354,2018,360,67,174,96,44,0,0,1,1,1
11354,2019,450,0,125,125,0,0,0,1,1,1
11354,2020,450,0,125,125,0,0,0,1,1,1
11354,2021,450,0,125,125,0,0,0,1,1,1
11354,2022,0,0,394,412,0,0,0,1,1,0
11354,2023,0,0,394,412,0,0,0,1,1,0
11355,2012,640,60,0,0,30,60,0,1,1,1
11355,2013,640,60,0,0,30,60,0,1,1,1
11355,2014,640,60,0,0,30,60,0,1,1,1
11355,2015,640,60,0,0,30,60,0,1,1,1
11355,2016,640,60,0,0,30,60,0,1,1,1
11355,2017,640,60,0,0,30,60,0,1,1,1
11355,2018,640,60,0,0,30,0,0,1,1,1
11355,2019,640,60,0,0,0,0,0,1,1,1
11355,2020,640,60,0,0,0,0,0,1,1,1
11355,2021,0,494,0,0,0,0,0,1,1,0
11355,2022,0,494,0,0,0,0,0,1,1,0
11355,2023,0,494,0,0,0,0,0,1,1,0
11356,2012,437,0,88,135,0,18,0,1,1,1
11356,2013,400,0,100,150,0,0,0,1,1,1
11356,2014,415,0,125,145,0,0,0,1,1,1
11356,2015,435,1,110,160,0,0,0,1,1,1
11356,2016,403,1,110,160,0,0,0,1,1,1
11356,2017,400,1,115,165,0,0,0,1,1,1
11356,2018,350,1,115,165,0,0,0,1,1,1
11356,2019,360,1,120,170,0,0,0,1,1,1
11356,2020,350,1,110,160,0,0,0,1,1,1
11356,2021,0,0,0,152,146,0,0,1,1,0
11356,2022,0,0,0,160,140,0,0,1,1,0
11356,2023,0,0,0,153,148,0,0,1,1,0
11357,2012,0,0,198,0,0,0,0,1,1,0
11357,2013,0,0,198,0,0,0,0,2c,3a,0
11357,2014,0,0,198,0,0,0,0,2c,3a,0
11357,2015,0,0,198,0,0,0,0,2c,3a,0
11357,2016,0,0,198,0,0,0,0,2c,3a,0
11357,2017,0,0,198,0,0,0,0,2c,3a,0
11357,2018,0,0,198,0,0,0,0,2c,3a,0
11357,2019,0,0,198,0,0,0,0,2c,3a,0
11357,2020,0,0,198,0,0,0,0,2c,3a,0
11357,2021,0,0,198,0,0,0,0,2c,3a,0
11357,2022,0,0,198,0,0,0,0,2c,3a,0
11357,2023,0,0,198,0,0,0,0,2c,3a,0
11358,2012,1639,253,606,538,133,30,0,1,1,1
11358,2013,1639,253,616,538,133,30,0,1,1,1
11358,2014,1639,253,606,538,133,0,0,1,1,1
11358,2015,1639,253,555,500,133,0,0,1,1,1
11358,2016,1639,253,555,500,133,0,0,1,1,1
11358,2017,1639,253,555,500,133,15,0,1,1,1
11358,2018,1639,253,555,500,133,15,0,1,1,1
11358,2019,1639,253,555,500,133,15,0,1,1,1
11358,2020,1639,253,740,600,300,30,0,1,1,1
11358,2021,1639,253,740,600,300,30,0,1,1,1
11358,2022,1639,253,740,600,300,30,0,1,1,1
11358,2023,1639,253,740,600,300,30,0,1,1,1
11359,2012,1600,220,650,700,210,210,0,1,1,1
11359,2013,1600,220,650,700,210,210,0,1,1,1
11359,2014,1600,220,650,700,210,210,0,1,1,1
11359,2015,1600,220,650,700,210,210,0,1,1,1
11359,2016,1600,220,650,700,210,210,0,1,1,1
11359,2017,1600,220,650,700,210,210,0,1,1,1
11359,2018,1600,220,650,700,210,210,0,1,1,1
11359,2019,1600,220,650,700,210,210,0,1,1,1
11359,2020,800,110,585,700,210,210,0,1,1,1
11359,2021,0,0,0,0,0,0,0,1,1,0
11359,2022,0,0,0,0,0,0,0,1,1,0
11359,2023,0,0,0,0,0,0,0,1,1,0
11360,2012,150,20,25,40,20,20,0,1,1,1
11360,2013,150,20,25,40,20,20,0,1,1,1
11360,2014,150,20,25,40,20,20,0,1,1,1
11360,2015,148,21,23,41,20,20,0,1,1,1
11360,2016,147,21,23,41,20,20,0,1,1,1
11360,2017,145,21,22,39,22,20,0,1,1,1
11360,2018,209,32,71,75,21,56,0,1,1,1
11360,2019,219,34,82,88,31,51,0,1,1,1
11360,2020,223,39,87,92,36,55,0,1,1,1
11360,2021,228,42,90,94,40,59,0,3a,3a,1
11360,2022,233,45,92,96,44,62,0,1,1,1
11360,2023,233,45,92,96,44,62,0,3a,3a,1
11361,2012,450,72,60,145,0,0,0,1,1,1
11361,2013,495,90,138,145,30,0,0,1,1,1
11361,2014,500,100,138,145,30,0,0,1,1,1
11361,2015,500,100,138,145,30,0,0,1,1,1
11361,2016,500,100,140,150,30,0,0,1,1,1
11361,2017,500,100,140,150,30,0,0,1,1,1
11361,2018,500,100,140,150,30,0,0,1,1,1
11361,2019,500,100,140,150,30,0,0,1,1,1
11361,2020,500,100,140,150,30,0,0,1,1,1
11361,2021,500,100,140,150,30,0,0,1,1,1
11361,2022,500,100,140,150,30,0,0,1,1,1
11361,2023,470,90,140,150,30,0,0,1,1,1
11362,2012,200,0,60,60,50,0,0,1,1,1
11362,2013,215,1,20,0,50,0,0,1,1,1
11362,2014,215,1,20,0,20,0,0,1,1,1
11362,2015,217,1,17,0,50,0,0,1,1,1
11362,2016,217,1,20,0,50,0,0,1,1,1
11362,2017,217,1,20,0,50,0,0,1,1,1
11362,2018,217,1,20,0,50,0,0,1,1,1
11362,2019,217,1,20,0,50,0,0,1,1,1
11362,2020,217,1,20,0,50,0,0,1,1,1
11362,2021,217,1,20,0,50,0,0,1,1,1
11362,2022,217,0,20,0,50,0,0,1,1,1
11362,2023,200,0,20,0,50,0,0,1,1,1
11363,2012,250,50,0,40,40,0,0,1,1,1
11363,2013,250,50,0,40,40,0,0,1,1,1
11363,2014,250,50,0,40,40,0,0,1,1,1
11363,2015,250,50,0,40,40,0,0,1,1,1
11363,2016,250,50,0,40,40,0,0,1,1,1
11363,2017,50,5,0,20,0,0,0,1,1,1
11363,2018,0,0,50,0,0,0,0,1,1,0
11363,2019,0,0,50,0,0,0,0,1,1,0
11363,2020,0,0,50,0,0,0,0,1,1,0
11363,2021,0,0,20,15,0,0,0,1,1,0
11363,2022,0,0,20,15,0,0,0,1,1,0
11363,2023,0,0,25,20,0,0,0,1,1,0
11364,2012,1530,230,600,625,450,230,0,1,1,1
11364,2013,1550,230,550,625,430,230,0,1,1,1
11364,2014,1525,225,560,630,425,225,0,1,1,1
11364,2015,1570,275,300,300,250,230,0,1,1,1
11364,2016,1580,290,300,300,250,230,0,1,1,1
11364,2017,1580,290,300,300,250,230,0,1,1,1
11364,2018,1580,290,300,300,250,230,0,1,1,1
11364,2019,1580,300,300,300,275,240,0,1,1,1
11364,2020,1580,300,300,300,275,240,0,1,1,1
11364,2021,1580,300,300,300,275,240,0,1,1,1
11364,2022,1580,300,300,300,275,240,0,1,1,1
11364,2023,1580,300,300,300,275,240,0,1,1,1
11365,2012,567,118,208,106,94,98,0,1,1,1
11365,2013,567,118,208,106,94,98,0,1,1,1
11365,2014,567,118,208,106,94,98,0,1,1,1
11365,2015,567,118,208,106,94,98,0,1,1,1
11365,2016,570,110,200,100,100,100,0,1,1,1
11365,2017,560,120,210,110,100,100,0,1,1,1
11365,2018,567,118,208,106,94,98,0,1,1,1
11365,2019,567,118,208,106,94,98,0,1,1,1
11365,2020,567,118,208,106,94,98,0,1,1,1
11365,2021,567,118,208,106,94,98,0,1,1,1
11365,2022,0,0,0,0,0,0,0,1,1,0
11365,2023,0,0,0,0,0,0,0,1,1,0
11366,2012,120,180,35,0,0,0,0,1,1,1
11366,2013,120,180,35,0,0,0,0,1,1,1
11366,2014,200,160,35,0,0,0,0,1,1,1
11366,2015,200,160,35,0,0,0,0,1,1,1
11366,2016,60,0,170,0,0,0,0,1,1,1
11366,2017,50,0,280,0,0,0,0,1,1,1
11366,2018,50,0,280,0,0,0,0,1,1,1
11366,2019,0,0,280,0,0,0,0,1,1,0
11366,2020,0,0,280,0,0,0,0,1,1,0
11366,2021,0,0,280,0,0,0,0,1,1,0
11366,2022,0,0,0,300,0,0,0,1,1,0
11366,2023,0,0,70,75,0,0,0,1,1,0
12030,2012,0,0,0,0,0,0,0,2e,2e,0
12030,2013,0,0,0,0,0,0,0,2e,2e,0
12030,2014,0,0,0,0,0,0,0,2a,2a,0
12030,2015,0,0,0,0,0,0,0,2a,2a,0
12030,2016,0,0,0,0,0,0,0,2a,2a,0
12030,2017,0,0,0,0,0,0,0,2a,2a,0
12030,2018,0,0,0,0,0,0,0,2a,2a,0
12030,2019,0,0,0,0,0,0,0,2a,2a,0
12030,2020,0,0,0,0,0,0,0,2a,2a,0
12030,2021,0,0,0,0,0,0,0,2a,2a,0
12030,2022,0,0,0,0,0,0,0,2a,2a,0
12030,2023,0,0,0,0,0,0,0,2a,2a,0
12031,2012,100,0,0,0,0,0,0,3b,2a,1
12031,2013,100,0,0,0,0,0,0,3b,2a,1
12031,2014,0,0,0,0,0,0,0,2a,2a,0
12031,2015,0,0,0,0,0,0,0,2a,2a,0
12031,2016,0,0,0,0,0,0,0,2a,2a,0
12031,2017,0,0,0,0,0,0,0,2a,2a,0
12031,2018,0,0,0,0,0,0,0,2a,2a,0
12031,2019,0,0,0,0,0,0,0,2a,2a,0
12031,2020,0,0,0,0,0,0,0,2a,2a,0
12031,2021,0,0,0,0,0,0,0,2a,2a,0
12031,2022,0,0,0,0,0,0,0,2a,2a,0
12031,2023,0,0,0,0,0,0,0,2a,2a,0
11367,2012,550,60,212,248,69,117,0,1,1,1
11367,2013,520,60,185,145,52,73,0,1,1,1
11367,2014,550,60,330,175,52,73,0,1,1,1
11367,2015,550,60,330,175,52,73,0,1,1,1
11367,2016,550,60,330,175,52,70,0,1,1,1
11367,2017,550,60,330,175,52,70,0,1,1,1
11367,2018,550,60,330,175,52,70,0,1,1,1
11367,2019,550,60,330,175,52,70,0,1,1,1
11367,2020,275,30,150,85,26,35,0,1,1,1
11367,2021,0,0,150,0,0,0,0,1,1,0
11367,2022,0,0,0,0,0,0,0,2b,2b,0
11367,2023,0,0,0,0,0,0,0,2b,2b,0
11368,2012,298,36,0,0,40,10,0,1,1,1
11368,2013,287,38,0,0,45,25,0,1,1,1
11368,2014,279,40,70,0,0,0,0,1,1,1
11368,2015,260,35,60,0,0,0,0,1,1,1
11368,2016,240,28,47,0,0,0,0,1,1,1
11368,2017,245,35,43,0,0,0,0,1,1,1
11368,2018,220,20,40,0,0,0,0,1,1,1
11368,2019,235,25,45,0,0,0,0,1,1,1
11368,2020,235,25,45,0,0,0,0,1,1,1
11368,2021,0,0,0,0,0,0,0,1,1,0
11368,2022,0,0,0,0,0,0,0,2b,2b,0
11368,2023,0,0,0,0,0,0,0,2b,2b,0
11726,2019,0,0,0,0,0,0,571,1,1,0
11726,2020,0,0,0,0,0,0,300,1,1,0
11726,2021,0,0,0,0,0,0,80,1,1,0
11726,2022,0,0,0,0,0,0,40,1,1,0
11726,2023,0,0,0,0,0,0,0,2a,2a,0
11369,2012,425,55,0,0,60,60,0,1,1,1
11369,2013,445,65,45,0,0,120,0,1,1,1
11369,2014,270,37,0,0,25,50,0,1,1,1
11369,2015,175,20,0,0,25,20,0,1,1,1
11369,2016,80,10,0,0,25,20,0,1,1,1
11369,2017,0,0,50,600,0,20,0,1,1,0
11369,2018,0,0,50,600,0,20,0,1,1,0
11369,2019,0,0,50,600,0,20,0,1,1,0
11369,2020,0,20,50,600,0,20,0,1,1,0
11369,2021,0,20,50,600,0,0,0,1,1,0
11369,2022,0,20,50,600,0,0,0,1,1,0
11369,2023,0,20,50,600,0,0,0,1,1,0
11370,2012,118,20,30,35,15,15,0,1,1,1
11370,2013,0,0,0,0,0,0,0,2b,2b,0
11370,2014,0,0,0,0,0,0,0,2b,2b,0
11370,2015,0,0,0,0,0,0,0,2b,2b,0
11370,2016,0,0,0,0,0,0,0,2b,2b,0
11370,2017,0,0,0,0,0,0,0,2b,2b,0
11370,2018,0,0,0,0,0,0,0,2b,2b,0
11370,2019,0,0,0,0,0,0,0,2b,2b,0
11370,2020,0,0,0,0,0,0,0,2b,2b,0
11370,2021,0,0,0,0,0,0,0,2b,2b,0
11370,2022,0,0,0,0,0,0,0,2b,2b,0
11370,2023,0,0,0,0,0,0,0,2b,2b,0
11371,2012,1000,120,300,250,250,250,0,1,1,1
11371,2013,1000,120,300,250,250,250,0,1,1,1
11371,2014,1000,120,300,250,250,250,0,1,1,1
11371,2015,1000,120,300,250,250,250,0,1,1,1
11371,2016,1000,120,300,250,250,250,0,1,1,1
11371,2017,1000,120,300,250,250,250,0,1,1,1
11371,2018,1000,120,300,250,250,250,0,1,1,1
11371,2019,1000,120,300,250,250,250,0,1,1,1
11371,2020,1000,120,300,250,250,250,0,1,1,1
11371,2021,1000,120,300,250,250,250,0,1,1,1
11371,2022,1000,120,300,250,250,250,0,1,1,1
11371,2023,1000,120,300,250,250,250,0,1,1,1
11372,2012,400,0,245,200,85,90,0,1,1,1
11372,2013,400,0,245,200,85,90,0,1,1,1
11372,2014,450,245,200,85,90,0,0,1,1,1
11372,2015,423,0,258,190,80,95,0,1,1,1
11372,2016,332,115,249,185,80,78,0,3a,3a,1
11372,2017,240,229,240,180,80,60,0,1,1,1
11372,2018,240,229,240,180,80,60,0,1,1,1
11372,2019,240,229,240,180,80,60,0,1,1,1
11372,2020,240,229,240,180,80,60,0,1,1,1
11372,2021,240,229,240,180,80,60,0,1,1,1
11372,2022,240,229,240,180,80,60,0,1,1,1
11372,2023,72,69,72,54,24,18,0,1,1,1
11373,2012,250,40,5,0,0,10,0,1,1,1
11373,2013,230,35,4,0,0,12,0,1,1,1
11373,2014,200,25,0,0,0,10,0,1,1,1
11373,2015,185,22,0,0,0,10,0,1,1,1
11373,2016,185,22,0,0,0,10,0,1,1,1
11373,2017,0,0,300,250,0,0,0,2b,3f,0
11373,2018,0,0,300,250,0,0,0,2b,3f,0
11373,2019,0,0,300,250,0,0,0,2b,3f,0
11373,2020,0,0,660,0,0,0,0,1,1,0
11373,2021,0,0,600,0,0,0,0,1,1,0
11373,2022,0,0,600,0,0,0,0,1,1,0
11373,2023,0,0,590,0,0,0,0,1,1,0
11374,2012,1750,260,650,500,200,10,0,1,1,1
11374,2013,1750,260,650,500,200,10,0,1,1,1
11374,2014,2000,300,700,1000,450,10,0,1,1,1
11374,2015,2000,300,700,1000,450,10,0,1,1,1
11374,2016,2000,300,700,1000,450,10,0,1,1,1
11374,2017,2000,300,700,1000,450,10,0,1,1,1
11374,2018,2500,450,750,1000,475,5,0,1,1,1
11374,2019,2500,400,750,1000,475,0,0,1,1,1
11374,2020,2500,400,750,100,475,0,0,1,1,1
11374,2021,2500,400,1125,875,500,0,0,1,1,1
11374,2022,2500,400,1125,875,500,0,0,1,1,1
11374,2023,2500,400,1125,875,500,0,0,1,1,1
11375,2012,561,108,0,0,0,0,0,3a,3a,1
11375,2013,0,0,0,0,0,0,0,2a,2a,0
11375,2014,0,0,0,0,0,0,0,1,1,0
11375,2015,0,0,0,0,0,0,0,2a,2a,0
11375,2016,0,0,0,0,0,0,0,2a,2a,0
11375,2017,0,0,0,0,0,0,0,2a,2a,0
11375,2018,0,0,0,0,0,0,0,2a,2a,0
11375,2019,0,0,0,0,0,0,0,2a,2a,0
11375,2020,0,0,0,0,0,0,0,2a,2a,0
11375,2021,0,0,0,0,0,0,0,2a,2a,0
11375,2022,0,0,0,0,0,0,0,2a,2a,0
11375,2023,0,0,0,0,0,0,0,2a,2a,0
12032,2012,0,0,0,0,0,0,0,2a,2e,0
12032,2013,0,0,0,0,0,0,0,2a,2e,0
12032,2014,0,0,0,0,0,0,0,2a,2e,0
12032,2015,0,0,0,0,0,0,0,2a,2e,0
12032,2016,0,0,0,0,0,0,0,2a,2e,0
12032,2017,0,0,0,0,0,0,0,2a,2e,0
12032,2018,0,0,0,0,0,0,0,2a,2e,0
12032,2019,0,0,0,0,0,0,0,2a,2e,0
12032,2020,0,0,0,0,0,0,0,2a,2e,0
12032,2021,0,0,0,0,0,0,0,2a,2e,0
12032,2022,0,0,0,0,0,0,0,2a,2e,0
12032,2023,0,0,0,0,0,0,0,2a,2e,0
11376,2012,295,50,200,50,35,20,0,1,1,1
11376,2013,290,50,200,50,35,20,0,1,1,1
11376,2014,295,50,200,50,35,20,0,1,1,1
11376,2015,295,50,200,50,35,20,0,1,1,1
11376,2016,295,50,200,100,50,20,0,1,1,1
11376,2017,295,50,200,50,35,20,0,1,1,1
11376,2018,270,40,200,30,50,20,0,1,1,1
11376,2019,270,40,115,115,20,50,0,1,1,1
11376,2020,270,40,115,115,20,50,0,1,1,1
11376,2021,270,40,115,115,20,50,0,1,1,1
11376,2022,270,40,115,115,20,50,0,1,1,1
11376,2023,270,40,115,115,20,50,0,1,1,1
11377,2012,330,40,50,50,50,50,0,1,1,1
11377,2013,450,70,60,100,50,80,0,1,1,1
11377,2014,450,70,60,100,50,80,0,1,1,1
11377,2015,450,70,60,100,50,80,0,1,1,1
11377,2016,450,70,70,110,60,80,0,1,1,1
11377,2017,450,70,70,110,60,80,0,1,1,1
11377,2018,450,70,70,110,60,80,0,1,1,1
11377,2019,450,70,70,110,60,80,0,1,1,1
11377,2020,0,0,400,300,0,0,0,1,1,0
11377,2021,0,0,400,300,0,0,0,1,1,0
11377,2022,0,0,400,300,0,0,0,1,1,0
11377,2023,0,0,400,300,0,0,0,1,1,0
11378,2012,301,50,40,80,20,18,0,1,1,1
11378,2013,301,50,40,80,20,18,0,1,1,1
11378,2014,301,50,40,80,20,18,0,1,1,1
11378,2015,250,50,65,52,15,30,0,1,1,1
11378,2016,300,50,65,52,15,30,0,1,1,1
11378,2017,300,50,65,52,15,30,0,1,1,1
11378,2018,280,20,20,20,20,15,0,1,1,1
11378,2019,0,0,0,0,0,0,0,2b,2b,0
11378,2020,0,0,0,0,0,0,0,2b,2b,0
11378,2021,0,0,0,0,0,0,0,2b,2b,0
11378,2022,0,0,0,0,0,0,0,2b,2b,0
11378,2023,0,0,0,0,0,0,0,2b,2b,0
11379,2012,475,50,75,85,120,75,0,1,1,1
11379,2013,475,50,75,85,120,75,0,1,1,1
11379,2014,475,50,75,85,120,75,0,1,1,1
11379,2015,475,50,100,85,120,75,0,1,1,1
11379,2016,475,50,80,100,100,75,0,1,1,1
11379,2017,475,50,75,85,120,75,0,1,1,1
11379,2018,475,50,75,85,120,75,0,1,1,1
11379,2019,475,50,75,85,120,75,0,1,1,1
11379,2020,475,50,75,85,120,75,0,1,1,1
11379,2021,550,75,75,85,120,75,0,1,1,1
11379,2022,550,75,75,85,120,75,0,1,1,1
11379,2023,550,75,75,85,120,75,0,1,1,1
11380,2012,500,85,150,150,60,0,0,1,1,1
11380,2013,500,85,150,150,60,0,0,1,1,1
11380,2014,500,85,150,150,60,0,0,1,1,1
11380,2015,500,85,150,150,60,0,0,1,1,1
11380,2016,500,85,150,150,60,0,0,1,1,1
11380,2017,500,85,150,150,60,0,0,1,1,1
11380,2018,500,85,150,150,60,0,0,1,1,1
11380,2019,500,85,150,150,60,0,0,1,1,1
11380,2020,500,85,150,150,60,0,0,1,1,1
11380,2021,500,85,150,150,60,0,0,1,1,1
11380,2022,500,85,150,150,60,0,0,1,1,1
11380,2023,500,85,150,150,60,0,0,1,1,1
11381,2012,220,50,68,78,18,37,0,1,1,1
11381,2013,220,50,68,78,18,37,0,1,1,1
11381,2014,210,50,65,75,18,37,0,1,1,1
11381,2015,110,20,35,40,10,18,0,1,1,1
11381,2016,0,0,0,0,0,0,0,1,1,0
11381,2017,0,0,0,0,0,0,0,2a,2b,0
11381,2018,0,0,0,0,0,0,0,2a,2b,0
11381,2019,0,0,0,0,0,0,0,2a,2b,0
11381,2020,0,0,0,0,0,0,0,2a,2b,0
11381,2021,0,0,0,0,0,0,0,2a,2b,0
11381,2022,0,0,0,0,0,0,0,2a,2b,0
11381,2023,0,0,0,0,0,0,0,2a,2b,0
12033,2012,0,0,0,0,0,0,0,3g,3g,0
12033,2013,0,0,0,0,0,0,0,3g,3g,0
12033,2014,0,0,0,0,0,0,0,3g,3g,0
12033,2015,0,0,0,0,0,0,0,2a,2a,0
12033,2016,0,0,0,0,0,0,0,2a,2a,0
12033,2017,0,0,0,0,0,0,0,2a,2a,0
12033,2018,0,0,0,0,0,0,0,2a,2a,0
12033,2019,0,0,0,0,0,0,0,2a,2a,0
12033,2020,0,0,0,0,0,0,0,2a,2a,0
12033,2021,0,0,0,0,0,0,0,2a,2a,0
12033,2022,0,0,0,0,0,0,0,2a,2a,0
12033,2023,0,0,0,0,0,0,0,2a,2a,0
11382,2012,525,0,0,0,0,0,0,1,1,1
11382,2013,530,0,0,0,0,0,0,1,1,1
11382,2014,538,0,0,0,0,0,0,1,1,1
11382,2015,500,32,0,0,0,0,0,1,1,1
11382,2016,511,0,0,0,0,0,0,1,1,1
11382,2017,574,37,0,0,0,0,0,1,1,1
11382,2018,611,0,0,0,0,0,0,1,1,1
11382,2019,615,0,0,0,0,0,0,1,1,1
11382,2020,615,0,0,0,0,0,0,1,1,1
11382,2021,590,0,0,0,0,0,0,1,1,1
11382,2022,400,0,0,0,0,0,0,1,1,1
11382,2023,400,0,0,0,0,0,0,1,1,1
11383,2012,0,0,0,150,100,0,0,1,1,0
11383,2013,0,0,0,150,100,0,0,1,1,0
11383,2014,0,0,0,100,70,0,0,2c,3a,0
11383,2015,0,0,0,50,40,0,0,1,1,0
11383,2016,0,0,0,225,35,0,0,1,1,0
11383,2017,0,0,0,500,50,0,0,1,1,0
11383,2018,0,0,0,500,50,0,0,1,1,0
11383,2019,0,0,0,500,50,0,0,1,1,0
11383,2020,0,0,0,450,40,0,0,1,1,0
11383,2021,0,0,0,450,40,0,0,1,1,0
11383,2022,0,0,0,450,40,0,0,1,1,0
11383,2023,0,0,0,420,40,0,0,1,1,0
11384,2012,256,0,0,0,0,0,0,1,1,1
11384,2013,256,0,0,0,0,0,0,1,1,1
11384,2014,256,0,0,0,0,0,0,1,1,1
11384,2015,256,0,0,0,0,0,0,1,1,1
11384,2016,256,0,0,0,0,0,0,1,1,1
11384,2017,256,0,0,0,0,400,0,1,1,1
11384,2018,256,0,0,0,0,400,0,1,1,1
11384,2019,256,0,0,0,0,400,0,1,1,1
11384,2020,256,0,0,0,0,400,0,1,1,1
11384,2021,300,0,0,0,0,400,0,1,1,1
11384,2022,300,0,0,0,0,400,0,1,1,1
11384,2023,320,0,0,0,0,350,0,1,1,1
11385,2012,1400,200,300,150,540,250,0,1,1,1
11385,2013,1400,150,300,150,540,250,0,1,1,1
11385,2014,1400,150,300,150,540,250,0,1,1,1
11385,2015,1400,150,300,150,540,250,0,1,1,1
11385,2016,1400,150,300,150,540,250,0,1,1,1
11385,2017,1400,150,300,150,540,250,0,1,1,1
11385,2018,1400,150,300,150,540,250,0,1,1,1
11385,2019,1400,150,300,150,540,250,0,1,1,1
11385,2020,1400,150,300,150,540,250,0,1,1,1
11385,2021,1400,150,300,150,540,250,0,1,1,1
11385,2022,1400,150,300,150,540,250,0,1,1,1
11385,2023,1400,150,300,150,500,200,0,1,1,1
11386,2012,327,50,120,94,20,28,0,1,1,1
11386,2013,339,43,131,90,23,41,0,1,1,1
11386,2014,334,41,129,103,33,44,0,1,1,1
11386,2015,331,41,148,81,33,47,0,1,1,1
11386,2016,331,41,148,81,33,47,0,1,1,1
11386,2017,318,47,136,79,28,35,0,1,1,1
11386,2018,324,52,125,71,41,41,0,1,1,1
11386,2019,326,34,121,84,32,27,0,1,1,1
11386,2020,308,51,137,76,18,43,0,1,1,1
11386,2021,306,42,92,77,31,39,0,1,1,1
11386,2022,243,37,120,72,16,0,0,1,1,1
11386,2023,0,0,50,75,0,0,0,1,1,0
11387,2012,1700,350,50,175,400,420,0,1,1,1
11387,2013,1700,350,50,175,400,420,0,1,1,1
11387,2014,1700,350,50,175,400,420,0,1,1,1
11387,2015,1700,350,50,175,400,420,0,1,1,1
11387,2016,1700,350,50,175,400,420,0,1,1,1
11387,2017,1700,350,50,175,400,420,0,1,1,1
11387,2018,1700,350,50,175,400,420,0,1,1,1
11387,2019,1700,350,420,460,400,420,0,1,1,1
11387,2020,1700,350,420,460,400,420,0,1,1,1
11387,2021,1700,350,420,460,400,420,0,1,1,1
11387,2022,1700,350,420,460,400,420,0,1,1,1
11387,2023,1700,350,420,460,400,420,0,1,1,1
11388,2012,650,120,150,130,100,60,0,1,1,1
11388,2013,670,110,150,130,100,60,0,1,1,1
11388,2014,668,110,150,130,100,60,0,1,1,1
11388,2015,670,110,150,130,100,60,0,1,1,1
11388,2016,0,250,350,130,100,60,0,1,1,0
11388,2017,0,250,350,230,100,0,0,1,1,0
11388,2018,0,220,350,230,100,0,0,1,1,0
11388,2019,0,210,350,230,100,0,0,1,1,0
11388,2020,0,202,350,230,100,0,0,1,1,0
11388,2021,0,215,360,245,110,0,0,1,1,0
11388,2022,0,225,370,250,120,0,0,1,1,0
11388,2023,0,230,360,245,140,0,0,1,1,0
11389,2012,600,100,30,0,70,0,0,1,1,1
11389,2013,600,100,30,0,70,0,0,1,1,1
11389,2014,400,50,30,0,70,0,0,1,1,1
11389,2015,0,0,0,0,0,0,0,1,1,0
11389,2016,0,0,0,0,0,0,0,2a,2e,0
11389,2017,0,0,0,0,0,0,0,2a,2e,0
11389,2018,0,0,0,0,0,0,0,2a,2e,0
11389,2019,0,0,0,0,0,0,0,2a,2e,0
11389,2020,0,0,0,0,0,0,0,2a,2e,0
11389,2021,0,0,0,0,0,0,0,2a,2e,0
11389,2022,0,0,0,0,0,0,0,2a,2e,0
11389,2023,0,0,0,0,0,0,0,1,1,0
11390,2012,220,30,60,0,0,40,0,1,1,1
11390,2013,220,30,60,0,0,40,0,1,1,1
11390,2014,220,30,60,0,0,40,0,1,1,1
11390,2015,220,30,60,0,0,40,0,1,1,1
11390,2016,220,30,60,0,0,40,0,1,1,1
11390,2017,220,30,60,0,0,40,0,1,1,1
11390,2018,220,30,60,0,0,40,0,1,1,1
11390,2019,165,20,70,0,0,0,0,1,1,1
11390,2020,0,20,80,70,40,40,0,1,1,0
11390,2021,0,20,80,70,40,40,0,1,1,0
11390,2022,0,20,80,70,40,0,0,1,1,0
11390,2023,0,20,80,70,40,0,0,1,1,0
11391,2012,879,105,89,0,98,0,0,1,1,1
11391,2013,995,40,0,0,90,0,0,1,1,1
11391,2014,1032,34,0,0,105,0,0,1,1,1
11391,2015,987,15,0,0,100,0,0,1,1,1
11391,2016,1009,43,0,0,119,0,0,1,1,1
11391,2017,1012,45,0,0,107,0,0,1,1,1
11391,2018,999,51,0,0,111,0,0,1,1,1
11391,2019,1003,43,108,0,0,0,0,1,1,1
11391,2020,994,78,0,0,126,0,0,1,1,1
11391,2021,978,79,0,0,128,0,0,1,1,1
11391,2022,982,82,0,0,124,0,0,1,1,1
11391,2023,984,81,0,0,125,0,0,1,1,1
11727,2019,0,0,236,211,0,0,0,1,1,0
11727,2020,0,0,225,231,0,0,0,1,1,0
11727,2021,0,0,235,225,0,0,0,1,1,0
11727,2022,0,0,140,145,0,0,0,1,1,0
11727,2023,0,0,130,135,0,0,0,1,1,0
11392,2012,575,75,275,0,0,0,0,1,1,1
11392,2013,575,75,275,0,0,0,0,1,1,1
11392,2014,575,75,275,0,0,0,0,1,1,1
11392,2015,600,75,275,0,0,0,0,1,1,1
11392,2016,600,75,275,0,0,0,0,1,1,1
11392,2017,600,75,275,0,0,0,0,1,1,1
11392,2018,600,75,275,0,0,0,0,1,1,1
11392,2019,600,75,275,0,0,0,0,1,1,1
11392,2020,600,75,500,0,0,0,0,1,1,1
11392,2021,600,75,500,0,0,0,0,1,1,1
11392,2022,600,75,500,0,0,0,0,1,1,1
11392,2023,600,75,500,0,0,0,0,1,1,1
11393,2012,391,66,45,78,231,0,0,1,1,1
11393,2013,379,53,65,125,218,0,0,1,1,1
11393,2014,413,78,79,94,291,0,0,1,1,1
11393,2015,404,63,200,154,82,72,0,1,1,1
11393,2016,409,74,216,144,101,57,0,1,1,1
11393,2017,449,61,159,153,113,121,0,1,1,1
11393,2018,434,69,264,155,104,80,0,1,1,1
11393,2019,460,71,259,134,118,96,0,1,1,1
11393,2020,455,73,265,143,125,90,0,1,1,1
11393,2021,505,71,248,214,59,48,0,1,1,1
11393,2022,450,63,236,208,65,58,0,1,1,1
11393,2023,450,63,236,208,65,58,0,1,1,1
11394,2012,931,133,353,211,93,89,0,1,1,1
11394,2013,842,128,360,250,106,118,0,3a,3a,1
11394,2014,752,123,366,288,119,147,0,1,1,1
11394,2015,752,103,316,130,277,147,0,1,1,1
11394,2016,746,112,345,207,95,125,0,1,1,1
11394,2017,752,118,332,214,86,119,0,1,1,1
11394,2018,700,112,342,224,101,134,0,1,1,1
11394,2019,722,118,322,250,98,100,0,1,1,1
11394,2020,820,105,282,133,158,154,0,1,1,1
11394,2021,765,108,275,153,147,142,0,1,1,1
11394,2022,760,110,280,150,145,140,0,1,1,1
11394,2023,760,110,280,150,145,140,0,3a,3a,1
11728,2019,0,1,450,120,0,0,0,1,1,0
11728,2020,0,0,450,120,0,0,0,1,1,0
11728,2021,0,0,450,120,0,0,0,1,1,0
11728,2022,0,0,450,120,0,0,0,1,1,0
11728,2023,0,0,450,120,0,0,0,1,1,0
11395,2012,500,70,53,199,43,108,0,1,1,1
11395,2013,603,45,67,187,60,86,0,1,1,1
11395,2014,605,43,67,187,60,86,0,1,1,1
11395,2015,607,41,67,187,60,86,0,1,1,1
11395,2016,605,39,67,187,60,86,0,1,1,1
11395,2017,610,44,70,185,65,85,0,1,1,1
11395,2018,600,45,65,175,60,80,0,1,1,1
11395,2019,600,45,65,175,60,80,0,1,1,1
11395,2020,620,40,45,175,40,60,0,1,1,1
11395,2021,610,45,40,180,35,62,0,1,1,1
11395,2022,613,52,43,176,40,65,0,1,1,1
11395,2023,585,50,45,170,45,72,0,1,1,1
11396,2012,0,0,150,0,50,0,0,1,1,0
11396,2013,0,0,150,0,50,0,0,2b,3a,0
11396,2014,0,0,0,0,0,0,0,2b,2e,0
11396,2015,0,0,0,0,0,0,0,2b,2e,0
11396,2016,0,0,0,0,0,0,0,2b,2e,0
11396,2017,0,0,0,0,0,0,0,2b,2e,0
11396,2018,0,0,0,0,0,0,0,2b,2e,0
11396,2019,0,0,0,0,0,0,0,2b,2e,0
11396,2020,0,0,0,0,0,0,0,2b,2e,0
11396,2021,0,0,0,0,0,0,0,2b,2e,0
11396,2022,0,0,0,0,0,0,0,2b,2e,0
11396,2023,0,0,0,0,0,0,0,2b,2e,0
11397,2012,480,55,0,0,70,0,0,1,1,1
11397,2013,480,55,0,0,70,0,0,1,1,1
11397,2014,480,55,0,0,70,0,0,1,1,1
11397,2015,480,55,10,0,70,0,0,1,1,1
11397,2016,0,0,0,155,0,0,0,1,1,0
11397,2017,0,0,0,110,10,0,0,1,1,0
11397,2018,0,0,0,110,10,0,0,1,1,0
11397,2019,0,0,0,25,2,0,0,1,1,0
11397,2020,0,0,0,0,0,0,0,1,1,0
11397,2021,0,0,0,0,0,0,0,1,1,0
11397,2022,0,0,0,0,0,0,0,1,1,0
11397,2023,0,0,0,0,0,0,0,1,1,0
11398,2012,450,0,0,0,0,0,0,1,1,1
11398,2013,450,0,0,0,0,0,0,1,1,1
11398,2014,450,0,0,0,0,0,0,1,1,1
11398,2015,450,0,0,0,0,0,0,1,1,1
11398,2016,450,0,0,0,0,0,0,1,1,1
11398,2017,300,0,100,0,0,0,0,1,1,1
11398,2018,240,0,80,0,0,0,0,3a,3a,1
11398,2019,180,0,60,0,0,0,0,1,1,1
11398,2020,200,0,30,30,0,0,0,1,1,1
11398,2021,0,0,0,0,0,0,0,2b,2b,0
11398,2022,0,0,0,0,0,0,0,2b,2b,0
11398,2023,0,0,0,0,0,0,0,2b,2b,0
11399,2012,0,0,0,0,0,0,0,1,1,0
11399,2013,0,0,0,0,0,0,0,2a,2c,0
11399,2014,0,0,0,0,0,0,0,2a,2c,0
11399,2015,0,0,0,0,0,0,0,2a,2c,0
11399,2016,0,0,0,0,0,0,0,2a,2c,0
11399,2017,0,0,0,0,0,0,0,2a,2c,0
11399,2018,0,0,0,0,0,0,0,2a,2c,0
11399,2019,0,0,0,0,0,0,0,2a,2c,0
11399,2020,0,0,0,0,0,0,0,2a,2c,0
11399,2021,0,0,0,0,0,0,0,2a,2c,0
11399,2022,0,0,0,0,0,0,0,2a,2c,0
11399,2023,0,0,0,0,0,0,0,2a,2c,0
11729,2019,0,0,0,0,920,0,25,1,1,0
11729,2020,0,0,0,0,920,0,25,1,1,0
11729,2021,0,0,0,0,920,0,20,1,1,0
11729,2022,0,0,0,0,920,0,10,1,1,0
11729,2023,0,0,0,0,920,0,10,1,1,0
12034,2019,0,0,0,0,0,0,0,2a,2e,0
12034,2020,0,0,0,0,0,0,0,2a,2e,0
12034,2021,0,0,0,0,0,0,0,2a,2e,0
12034,2022,0,0,0,0,0,0,0,2a,2e,0
12034,2023,0,0,0,0,0,0,0,2a,2e,0
11400,2012,420,80,123,52,0,0,0,1,1,1
11400,2013,420,80,123,52,0,0,0,1,1,1
11400,2014,600,100,75,0,0,0,0,1,1,1
11400,2015,600,100,75,0,0,0,0,1,1,1
11400,2016,600,100,75,0,0,0,0,1,1,1
11400,2017,600,100,75,0,0,0,0,1,1,1
11400,2018,600,100,75,0,0,0,0,1,1,1
11400,2019,600,100,75,0,0,0,0,1,1,1
11400,2020,600,100,75,0,0,0,0,1,1,1
11400,2021,600,100,75,0,0,0,0,1,1,1
11400,2022,600,100,75,0,0,0,0,1,1,1
11400,2023,600,100,75,0,0,0,0,1,1,1
11401,2012,502,70,335,180,2000,1500,0,1,1,1
11401,2013,502,70,335,180,2000,1500,0,1,1,1
11401,2014,502,70,335,180,2000,1500,0,1,1,1
11401,2015,502,70,335,180,2000,1500,0,1,1,1
11401,2016,502,70,335,180,2000,1500,0,1,1,1
11401,2017,502,70,335,180,2000,1500,0,1,1,1
11401,2018,502,70,335,180,2000,1500,0,1,1,1
11401,2019,502,70,335,180,2000,1500,0,1,1,1
11401,2020,502,70,335,180,1500,1125,0,1,1,1
11401,2021,502,70,335,180,350,0,0,1,1,1
11401,2022,500,70,335,180,350,0,0,1,1,1
11401,2023,460,65,335,180,350,0,0,1,1,1
11402,2012,400,60,40,150,125,350,0,1,1,1
11402,2013,400,60,40,150,125,360,0,1,1,1
11402,2014,400,60,40,150,125,360,0,1,1,1
11402,2015,400,60,40,150,125,360,0,1,1,1
11402,2016,400,60,40,150,125,360,0,1,1,1
11402,2017,275,100,0,0,150,85,0,1,1,1
11402,2018,238,80,0,0,113,73,0,3a,3a,1
11402,2019,200,60,0,0,75,60,0,1,1,1
11402,2020,150,35,120,120,0,0,0,1,1,1
11402,2021,0,0,0,0,0,0,0,2b,2b,0
11402,2022,0,0,0,0,0,0,0,2b,2b,0
11402,2023,0,0,0,0,0,0,0,2b,2b,0
11403,2012,300,35,350,300,200,0,0,1,1,1
11403,2013,300,35,350,300,200,0,0,1,1,1
11403,2014,300,35,190,300,200,0,0,3a,3a,1
11403,2015,300,35,30,300,200,0,0,1,1,1
11403,2016,500,70,250,800,200,0,0,1,1,1
11403,2017,490,60,175,475,200,0,0,1,1,1
11403,2018,245,30,200,300,200,0,0,1,1,1
11403,2019,0,0,250,500,200,0,0,1,1,0
11403,2020,0,0,250,500,200,0,0,1,1,0
11403,2021,0,0,250,500,200,0,0,1,1,0
11403,2022,0,0,250,500,250,0,0,1,1,0
11403,2023,0,0,250,500,250,0,0,1,1,0
11404,2012,450,50,100,60,90,90,0,1,1,1
11404,2013,450,100,100,60,90,90,0,1,1,1
11404,2014,470,100,100,60,90,90,0,1,1,1
11404,2015,470,100,100,60,90,90,0,1,1,1
11404,2016,470,100,200,60,90,90,0,1,1,1
11404,2017,470,100,0,0,90,20,0,1,1,1
11404,2018,470,100,0,0,90,20,0,1,1,1
11404,2019,470,100,50,0,90,20,0,1,1,1
11404,2020,470,100,50,0,90,20,0,1,1,1
11404,2021,470,100,50,0,90,20,0,1,1,1
11404,2022,470,100,30,0,75,130,0,1,1,1
11404,2023,470,100,30,0,75,130,0,1,1,1
11405,2012,320,50,0,0,0,0,0,1,1,1
11405,2013,150,0,0,0,0,0,0,1,1,1
11405,2014,150,0,0,0,0,0,0,1,1,1
11405,2015,230,0,0,0,0,0,0,1,1,1
11405,2016,200,0,50,0,0,0,0,1,1,1
11405,2017,200,0,50,0,0,0,0,1,1,1
11405,2018,200,0,50,0,0,0,0,1,1,1
11405,2019,200,0,50,0,0,0,0,1,1,1
11405,2020,100,0,25,0,0,0,0,1,1,1
11405,2021,0,0,0,0,0,0,0,1,1,0
11405,2022,0,0,0,0,0,0,0,1,1,0
11405,2023,0,0,0,0,0,0,0,1,1,0
11406,2012,950,140,255,223,136,225,0,1,1,1
11406,2013,950,140,255,223,136,225,0,1,1,1
11406,2014,150,0,45,0,0,0,0,1,1,1
11406,2015,0,0,0,500,0,0,0,1,1,0
11406,2016,0,0,0,800,0,0,0,1,1,0
11406,2017,0,0,0,800,0,0,0,2c,3a,0
11406,2018,0,0,0,800,0,0,0,2c,3a,0
11406,2019,0,0,0,800,0,0,0,2c,3a,0
11406,2020,0,0,0,800,0,0,0,2c,3a,0
11406,2021,0,0,0,800,0,0,0,2c,3a,0
11406,2022,0,0,0,800,0,0,0,2c,3a,0
11406,2023,0,0,0,800,0,0,0,2c,3a,0
11730,2019,0,75,225,150,400,0,0,1,1,0
11730,2020,0,100,250,550,0,0,0,1,1,0
11730,2021,0,100,250,550,0,0,0,1,1,0
11730,2022,0,100,250,550,0,0,0,1,1,0
11730,2023,0,100,250,550,0,0,0,1,1,0
11407,2012,480,40,0,0,0,0,0,1,1,1
11407,2013,480,40,0,0,0,0,0,3a,3a,1
11407,2014,0,0,10,10,0,0,0,1,1,0
11407,2015,0,0,125,225,75,0,0,1,1,0
11407,2016,0,0,0,0,0,0,0,2a,2a,0
11407,2017,0,0,0,0,0,0,0,2a,2e,0
11407,2018,0,0,0,0,0,0,0,2a,3g,0
11407,2019,0,0,0,0,0,0,0,2a,3g,0
11407,2020,0,0,0,0,0,0,0,2a,3g,0
11407,2021,0,0,0,0,0,0,0,2a,3g,0
11407,2022,0,0,0,0,0,0,0,2a,2a,0
11407,2023,0,0,0,0,0,0,0,2a,2a,0
11408,2012,0,0,0,0,0,0,0,1,1,0
11408,2013,0,0,0,0,0,0,0,2a,2c,0
11408,2014,0,0,0,0,0,0,0,2a,2c,0
11408,2015,0,0,0,0,0,0,0,2a,2c,0
11408,2016,0,0,0,0,0,0,0,2a,2c,0
11408,2017,0,0,0,0,0,0,0,2a,2c,0
11408,2018,0,0,0,0,0,0,0,2a,2c,0
11408,2019,0,0,0,0,0,0,0,2a,2c,0
11408,2020,0,0,0,0,0,0,0,2a,2c,0
11408,2021,0,0,0,0,0,0,0,2a,2c,0
11408,2022,0,0,0,0,0,0,0,2a,2c,0
11408,2023,0,0,0,0,0,0,0,2a,2c,0
11409,2012,240,25,20,15,36,30,0,1,1,1
11409,2013,0,0,0,0,0,0,0,2a,2a,0
11409,2014,0,0,0,0,0,0,0,2a,2a,0
11409,2015,0,0,0,0,0,0,0,2a,2a,0
11409,2016,0,0,0,0,0,0,0,2a,2a,0
11409,2017,0,0,0,0,0,0,0,2a,2a,0
11409,2018,0,0,0,0,0,0,0,2a,2a,0
11409,2019,0,0,0,0,0,0,0,2a,2a,0
11409,2020,0,0,0,0,0,0,0,2a,2a,0
11409,2021,0,0,0,0,0,0,0,2a,2a,0
11409,2022,0,0,0,0,0,0,0,2a,2a,0
11409,2023,0,0,0,0,0,0,0,2a,2a,0
11410,2012,0,0,0,225,0,0,0,1,1,0
11410,2013,0,0,0,225,0,0,0,1,1,0
11410,2014,0,0,75,188,0,0,0,2c,3a,0
11410,2015,0,0,150,150,0,0,0,1,1,0
11410,2016,0,0,150,150,0,0,0,1,1,0
11410,2017,0,0,125,100,0,0,0,1,1,0
11410,2018,0,0,63,70,0,0,0,2c,3a,0
11410,2019,0,0,0,40,0,0,0,1,1,0
11410,2020,0,0,0,40,0,0,0,1,1,0
11410,2021,0,0,0,40,0,0,0,2c,3a,0
11410,2022,0,0,0,40,0,0,0,2c,3a,0
11410,2023,0,0,0,40,0,0,0,2c,3a,0
11411,2012,1059,18,41,127,123,156,0,1,1,1
11411,2013,1059,18,41,127,123,156,0,1,1,1
11411,2014,1059,18,41,127,123,156,0,1,1,1
11411,2015,1059,18,41,127,0,0,0,1,1,1
11411,2016,1059,18,41,127,0,0,0,1,1,1
11411,2017,500,50,0,0,110,110,0,1,1,1
11411,2018,0,0,0,0,0,0,0,2b,2b,0
11411,2019,0,0,0,0,0,0,0,1,1,0
11411,2020,850,70,0,0,0,0,0,1,1,1
11411,2021,850,70,0,0,0,0,0,1,1,1
11411,2022,212,18,0,0,0,0,0,1,1,1
11411,2023,0,0,0,0,0,0,0,1,1,0
11412,2012,275,25,65,35,35,25,0,1,1,1
11412,2013,275,25,65,35,35,25,0,1,1,1
11412,2014,320,60,0,0,50,50,0,1,1,1
11412,2015,315,55,0,0,50,50,0,1,1,1
11412,2016,300,50,0,0,40,40,0,1,1,1
11412,2017,0,0,0,0,0,0,0,1,1,0
11412,2018,0,0,0,0,0,0,0,2b,2c,0
11412,2019,0,0,0,0,0,0,0,2b,2c,0
11412,2020,0,0,0,0,0,0,0,2b,2c,0
11412,2021,0,0,0,0,0,0,0,2b,2c,0
11412,2022,0,0,0,0,0,0,0,2b,2c,0
11412,2023,0,0,0,0,0,0,0,2b,2c,0
11413,2012,475,50,40,0,50,0,0,1,1,1
11413,2013,477,50,40,0,50,0,0,1,1,1
11413,2014,475,50,40,0,50,0,0,1,1,1
11413,2015,470,47,50,0,55,0,0,1,1,1
11413,2016,475,50,55,0,60,0,0,1,1,1
11413,2017,470,60,50,0,55,0,0,1,1,1
11413,2018,465,60,50,0,55,0,0,1,1,1
11413,2019,460,55,45,0,50,0,0,1,1,1
11413,2020,470,45,40,0,55,0,0,1,1,1
11413,2021,460,50,45,0,60,0,0,1,1,1
11413,2022,460,50,40,0,70,0,0,1,1,1
11413,2023,460,48,38,0,68,0,0,1,1,1
11414,2012,850,50,230,1300,900,450,0,1,1,1
11414,2013,848,49,225,1290,899,449,0,1,1,1
11414,2014,850,52,300,1274,900,450,0,1,1,1
11414,2015,875,40,300,1000,0,0,0,1,1,1
11414,2016,880,40,297,1003,0,0,0,1,1,1
11414,2017,880,40,297,1003,0,0,0,1,1,1
11414,2018,880,40,297,1003,0,0,0,1,1,1
11414,2019,878,35,270,950,0,0,0,1,1,1
11414,2020,763,0,1031,152,0,0,0,1,1,1
11414,2021,760,0,1089,104,0,0,0,1,1,1
11414,2022,770,0,1074,112,0,0,0,1,1,1
11414,2023,900,0,1074,112,0,0,0,1,1,1
11415,2012,250,20,0,0,0,70,0,1,1,1
11415,2013,250,20,0,0,0,70,0,1,1,1
11415,2014,250,20,0,0,0,70,0,1,1,1
11415,2015,250,20,0,0,0,70,0,1,1,1
11415,2016,250,20,60,100,30,70,0,1,1,1
11415,2017,250,20,60,100,30,70,0,1,1,1
11415,2018,250,20,60,100,30,70,0,1,1,1
11415,2019,250,20,60,100,30,70,0,1,1,1
11415,2020,250,20,30,50,15,35,0,1,1,1
11415,2021,250,20,30,50,15,35,0,1,1,1
11415,2022,250,20,30,50,15,35,0,1,1,1
11415,2023,250,20,30,50,15,35,0,1,1,1
11416,2012,0,0,400,0,0,0,0,1,1,0
11416,2013,0,0,400,100,0,0,0,1,1,0
11416,2014,0,0,400,100,0,0,0,1,1,0
11416,2015,0,0,400,100,0,0,0,1,1,0
11416,2016,0,0,400,100,0,0,0,1,1,0
11416,2017,0,0,325,75,0,0,0,1,1,0
11416,2018,0,0,235,80,0,0,0,1,1,0
11416,2019,0,0,215,80,0,0,0,1,1,0
11416,2020,0,0,210,85,0,0,0,1,1,0
11416,2021,0,0,200,90,0,0,0,1,1,0
11416,2022,0,0,200,50,0,0,0,1,1,0
11416,2023,0,0,200,50,0,0,0,2c,3a,0
11417,2012,195,20,70,60,40,20,0,1,1,1
11417,2013,190,30,85,37,20,31,0,1,1,1
11417,2014,190,25,45,37,20,31,0,1,1,1
11417,2015,180,20,40,40,20,30,0,1,1,1
11417,2016,180,20,40,40,20,30,0,1,1,1
11417,2017,185,40,65,55,34,0,0,1,1,1
11417,2018,185,40,65,55,34,0,0,1,1,1
11417,2019,185,40,65,55,34,0,0,1,1,1
11417,2020,93,20,33,28,17,0,0,3a,3a,1
11417,2021,0,0,0,0,0,0,0,2a,2a,0
11417,2022,0,0,0,0,0,0,0,2a,2a,0
11417,2023,0,0,0,0,0,0,0,2a,2a,0
11418,2012,758,50,145,145,68,68,0,1,1,1
11418,2013,770,53,150,140,70,70,0,1,1,1
11418,2014,760,50,145,135,70,70,0,1,1,1
11418,2015,770,55,145,135,70,70,0,1,1,1
11418,2016,775,50,140,140,70,70,0,1,1,1
11418,2017,665,60,145,135,70,70,0,1,1,1
11418,2018,580,100,175,0,0,0,0,1,1,1
11418,2019,525,85,160,0,0,0,0,1,1,1
11418,2020,750,105,70,100,50,50,0,1,1,1
11418,2021,760,100,72,103,58,53,0,1,1,1
11418,2022,750,98,78,100,60,58,0,1,1,1
11418,2023,745,95,80,96,62,59,0,1,1,1
11419,2012,305,53,130,104,40,0,0,1,1,1
11419,2013,320,55,130,105,40,0,0,1,1,1
11419,2014,228,40,97,76,30,0,0,1,1,1
11419,2015,0,0,140,30,70,0,0,1,1,0
11419,2016,0,40,160,0,0,0,0,1,1,0
11419,2017,0,0,0,0,0,0,0,1,1,0
11419,2018,0,0,0,0,0,0,0,2b,2b,0
11419,2019,0,0,0,0,0,0,0,2a,2b,0
11419,2020,0,0,0,0,0,0,0,2a,2b,0
11419,2021,0,0,0,0,0,0,0,2a,2b,0
11419,2022,0,0,0,0,0,0,0,2a,2b,0
11419,2023,0,0,0,0,0,0,0,2a,2b,0
12035,2019,0,0,0,0,0,0,0,2a,2e,0
12035,2020,0,0,0,0,0,0,0,2a,2e,0
12035,2021,0,0,0,0,0,0,0,2a,2e,0
12035,2022,0,0,0,0,0,0,0,2a,2e,0
12035,2023,0,0,0,0,0,0,0,2a,2e,0
11420,2012,470,120,90,70,60,0,0,1,1,1
11420,2013,470,120,90,70,60,0,0,1,1,1
11420,2014,320,70,80,70,75,90,0,1,1,1
11420,2015,320,70,80,70,75,0,0,1,1,1
11420,2016,320,70,80,70,75,0,0,1,1,1
11420,2017,100,20,10,10,0,0,0,1,1,1
11420,2018,70,15,30,0,0,0,0,1,1,1
11420,2019,130,30,40,0,0,0,0,1,1,1
11420,2020,175,35,15,0,0,0,0,1,1,1
11420,2021,175,35,15,0,0,0,0,3a,3a,1
11420,2022,175,35,15,0,0,0,0,3a,3a,1
11420,2023,175,35,15,0,0,0,0,3a,3a,1
11421,2012,500,75,50,50,50,100,0,1,1,1
11421,2013,500,60,55,53,50,105,0,1,1,1
11421,2014,496,55,60,50,55,100,0,1,1,1
11421,2015,500,60,55,53,50,105,0,1,1,1
11421,2016,485,75,55,53,50,105,0,1,1,1
11421,2017,479,78,52,53,50,105,0,1,1,1
11421,2018,410,75,55,50,60,115,0,1,1,1
11421,2019,402,65,60,45,48,110,0,1,1,1
11421,2020,410,60,52,44,50,100,0,1,1,1
11421,2021,430,50,50,42,46,90,0,1,1,1
11421,2022,440,60,55,45,50,95,0,1,1,1
11421,2023,338,58,53,43,48,93,0,1,1,1
11422,2012,1128,164,479,448,186,151,0,1,1,1
11422,2013,1115,152,480,435,178,142,0,1,1,1
11422,2014,1105,150,490,430,180,138,0,1,1,1
11422,2015,1169,100,459,400,144,139,0,1,1,1
11422,2016,650,100,0,0,0,0,0,1,1,1
11422,2017,975,350,0,0,0,0,0,1,1,1
11422,2018,1200,150,100,0,0,0,0,1,1,1
11422,2019,1200,150,100,0,0,0,0,1,1,1
11422,2020,1200,150,100,0,0,0,0,1,1,1
11422,2021,1200,150,100,0,0,0,0,1,1,1
11422,2022,1200,150,100,0,0,0,0,1,1,1
11422,2023,1200,150,100,0,0,0,0,1,1,1
11423,2012,500,100,0,60,60,60,0,1,1,1
11423,2013,0,0,200,0,0,0,0,2a,3b,0
11423,2014,0,0,200,0,0,0,0,2a,3b,0
11423,2015,0,0,0,0,0,0,0,1,1,0
11423,2016,0,0,500,0,0,0,0,1,1,0
11423,2017,0,85,250,0,0,0,0,1,1,0
11423,2018,0,70,220,0,0,0,0,1,1,0
11423,2019,0,65,210,0,0,0,0,1,1,0
11423,2020,0,70,205,0,0,0,0,1,1,0
11423,2021,0,65,210,0,0,0,0,1,1,0
11423,2022,0,63,208,0,0,0,0,1,1,0
11423,2023,0,66,211,0,0,0,0,1,1,0
11424,2012,910,0,0,0,0,0,0,3a,2a,1
11424,2013,910,0,0,0,0,0,0,1,1,1
11424,2014,0,0,0,0,0,0,0,2b,2b,0
11424,2015,0,0,0,0,0,0,0,2b,2b,0
11424,2016,0,0,0,0,0,0,0,2b,2b,0
11424,2017,0,0,0,0,0,0,0,2b,2b,0
11424,2018,0,0,0,0,0,0,0,2b,2b,0
11424,2019,0,0,0,0,0,0,0,2b,2b,0
11424,2020,0,0,0,0,0,0,0,2b,2b,0
11424,2021,0,0,0,0,0,0,0,2b,2b,0
11424,2022,0,0,0,0,0,0,0,2b,2b,0
11424,2023,0,0,0,0,0,0,0,1,1,0
11425,2012,600,95,150,225,85,85,0,1,1,1
11425,2013,130,10,0,0,0,0,0,1,1,1
11425,2014,300,5,60,60,0,0,0,1,1,1
11425,2015,400,50,0,0,0,0,0,1,1,1
11425,2016,400,0,50,50,50,0,0,1,1,1
11425,2017,420,0,50,50,50,0,0,1,1,1
11425,2018,270,30,150,150,0,0,0,1,1,1
11425,2019,325,50,150,150,0,0,0,1,1,1
11425,2020,325,50,150,150,0,0,0,1,1,1
11425,2021,350,60,150,150,0,0,0,1,1,1
11425,2022,350,0,150,150,100,0,0,1,1,1
11425,2023,0,400,100,0,0,0,0,1,1,0
11426,2012,345,60,41,91,65,35,0,1,1,1
11426,2013,345,60,41,91,65,35,0,1,1,1
11426,2014,350,60,80,100,70,30,0,1,1,1
11426,2015,350,60,80,100,70,30,0,1,1,1
11426,2016,0,0,0,0,0,0,0,1,1,0
11426,2017,0,0,0,0,0,0,0,1,1,0
11426,2018,0,0,0,0,0,0,0,1,1,0
11426,2019,0,0,0,0,0,0,0,1,1,0
11426,2020,0,0,0,0,0,0,0,1,1,0
11426,2021,0,0,150,0,0,0,0,1,1,0
11426,2022,0,0,150,0,0,0,0,1,1,0
11426,2023,0,0,150,0,0,0,0,1,1,0
11427,2012,276,32,44,70,22,8,0,1,1,1
11427,2013,276,32,44,70,22,8,0,1,1,1
11427,2014,276,32,44,70,22,8,0,1,1,1
11427,2015,276,32,44,70,22,8,0,1,1,1
11427,2016,276,32,44,70,22,8,0,1,1,1
11427,2017,276,32,44,70,22,8,0,1,1,1
11427,2018,276,32,44,70,22,8,0,1,1,1
11427,2019,276,32,44,70,22,8,0,1,1,1
11427,2020,276,32,44,70,22,8,0,1,1,1
11427,2021,276,32,44,70,22,8,0,1,1,1
11427,2022,276,32,44,70,22,8,0,1,1,1
11427,2023,276,32,44,70,22,8,0,1,1,1
11428,2012,830,120,250,250,100,100,0,1,1,1
11428,2013,770,130,220,110,100,100,0,1,1,1
11428,2014,750,200,130,128,115,187,0,1,1,1
11428,2015,700,200,130,130,130,175,0,1,1,1
11428,2016,550,150,120,120,120,65,0,1,1,1
11428,2017,700,200,100,100,100,100,0,1,1,1
11428,2018,800,225,100,100,100,150,0,1,1,1
11428,2019,800,225,100,100,100,150,0,1,1,1
11428,2020,800,225,100,100,100,150,0,1,1,1
11428,2021,800,225,100,100,125,125,0,1,1,1
11428,2022,850,350,350,350,400,300,0,1,1,1
11428,2023,0,0,0,500,0,0,0,1,1,0
11429,2012,245,40,50,50,30,30,0,1,1,1
11429,2013,245,40,50,50,30,30,0,1,1,1
11429,2014,250,45,40,40,30,30,0,1,1,1
11429,2015,208,20,20,20,30,30,0,1,1,1
11429,2016,240,40,80,60,40,40,0,1,1,1
11429,2017,0,0,0,0,0,0,0,2b,2b,0
11429,2018,0,0,0,0,0,0,0,2b,2b,0
11429,2019,0,0,0,0,0,0,0,2b,2b,0
11429,2020,0,0,0,0,0,0,0,2b,2b,0
11429,2021,0,0,0,0,0,0,0,2b,2b,0
11429,2022,0,0,0,0,0,0,0,2b,2b,0
11429,2023,0,0,0,0,0,0,0,2b,2b,0
12036,2019,0,0,166,133,0,0,0,1,1,0
12036,2020,0,0,160,139,0,0,0,1,1,0
12036,2021,0,0,150,130,0,0,0,1,1,0
12036,2022,0,0,115,160,0,0,0,1,1,0
12036,2023,0,0,120,155,0,0,0,1,1,0
11430,2012,270,30,0,0,0,0,0,1,1,1
11430,2013,270,30,0,0,0,0,0,3a,3a,1
11430,2014,270,30,0,0,0,0,0,3a,3a,1
11430,2015,0,0,200,200,150,0,0,1,1,0
11430,2016,0,0,52,46,18,12,0,1,1,0
11430,2017,3,4,5,10,6,3,0,1,1,1
11430,2018,5,10,10,15,20,10,0,1,1,1
11430,2019,0,11,15,20,25,5,0,1,1,0
11430,2020,0,35,55,65,25,30,0,1,1,0
11430,2021,0,35,55,65,25,30,0,1,1,0
11430,2022,0,29,35,42,21,35,0,1,1,0
11430,2023,0,20,20,45,39,46,0,1,1,0
11431,2012,622,95,210,130,140,0,0,1,1,1
11431,2013,622,95,210,130,140,0,0,1,1,1
11431,2014,622,95,210,130,140,0,0,1,1,1
11431,2015,622,95,210,130,140,0,0,1,1,1
11431,2016,622,95,210,130,140,0,0,1,1,1
11431,2017,622,95,210,130,140,0,0,1,1,1
11431,2018,622,95,210,130,140,0,0,1,1,1
11431,2019,622,95,210,130,140,0,0,1,1,1
11431,2020,622,95,210,130,140,0,0,1,1,1
11431,2021,622,95,210,130,140,0,0,1,1,1
11431,2022,700,95,210,130,140,0,0,1,1,1
11431,2023,700,95,210,130,140,0,0,1,1,1
11432,2012,500,45,100,100,0,0,0,1,1,1
11432,2013,380,103,395,300,150,180,0,1,1,1
11432,2014,380,103,395,300,150,180,0,1,1,1
11432,2015,515,122,495,400,150,180,0,3a,3a,1
11432,2016,650,140,595,500,150,180,0,1,1,1
11432,2017,650,140,595,500,150,180,0,1,1,1
11432,2018,650,140,595,500,150,180,0,1,1,1
11432,2019,650,140,595,500,150,180,0,1,1,1
11432,2020,650,140,595,500,150,0,0,1,1,1
11432,2021,450,50,0,0,0,0,0,1,1,1
11432,2022,450,50,0,0,0,0,0,3a,3a,1
11432,2023,450,50,0,0,0,0,0,3a,3a,1
11433,2012,270,30,80,50,55,30,0,1,1,1
11433,2013,300,30,70,70,60,50,0,1,1,1
11433,2014,300,35,75,60,60,50,0,1,1,1
11433,2015,300,30,80,80,40,50,0,1,1,1
11433,2016,260,32,80,80,40,50,0,1,1,1
11433,2017,265,29,122,110,59,0,0,1,1,1
11433,2018,0,0,0,0,0,0,0,2a,2a,0
11433,2019,0,0,0,0,0,0,0,2a,2a,0
11433,2020,0,0,0,0,0,0,0,2a,2a,0
11433,2021,0,0,0,0,0,0,0,2a,2a,0
11433,2022,0,0,0,0,0,0,0,2a,2a,0
11433,2023,0,0,0,0,0,0,0,2a,2a,0
11434,2012,160,0,100,100,0,0,0,1,1,1
11434,2013,160,0,100,100,0,0,0,1,1,1
11434,2014,160,0,100,100,0,0,0,1,1,1
11434,2015,80,0,100,100,0,0,0,1,1,1
11434,2016,0,0,100,100,0,0,0,1,1,0
11434,2017,0,0,225,225,0,0,0,1,1,0
11434,2018,0,0,225,225,0,0,0,1,1,0
11434,2019,0,0,0,0,0,0,0,2a,2a,0
11434,2020,0,0,0,0,0,0,0,2a,2a,0
11434,2021,0,0,0,0,0,0,0,2a,2a,0
11434,2022,0,0,0,0,0,0,0,2a,2a,0
11434,2023,0,0,0,0,0,0,0,2a,2a,0
11435,2012,450,50,120,70,80,50,0,1,1,1
11435,2013,470,50,150,170,45,0,0,1,1,1
11435,2014,470,60,150,170,55,70,0,1,1,1
11435,2015,490,68,160,180,45,0,0,1,1,1
11435,2016,490,70,160,180,45,0,0,1,1,1
11435,2017,490,70,160,180,45,0,0,1,1,1
11435,2018,490,70,160,180,45,0,0,1,1,1
11435,2019,480,60,170,190,45,0,0,1,1,1
11435,2020,485,65,175,195,50,0,0,1,1,1
11435,2021,485,65,175,195,50,0,0,1,1,1
11435,2022,485,65,175,195,50,0,0,1,1,1
11435,2023,495,70,175,195,50,0,0,1,1,1
11436,2012,870,170,250,250,100,100,0,1,1,1
11436,2013,870,170,250,250,100,100,0,1,1,1
11436,2014,870,170,250,250,100,100,0,1,1,1
11436,2015,870,170,250,250,100,100,0,1,1,1
11436,2016,870,170,250,250,100,100,0,1,1,1
11436,2017,870,170,250,250,100,100,0,1,1,1
11436,2018,870,170,250,250,100,100,0,1,1,1
11436,2019,900,140,375,290,125,0,0,1,1,1
11436,2020,900,140,375,290,125,0,0,1,1,1
11436,2021,900,140,375,290,125,0,0,1,1,1
11436,2022,900,140,375,290,125,0,0,1,1,1
11436,2023,900,140,375,290,125,0,0,1,1,1
11437,2012,167,25,0,27,25,15,0,1,1,1
11437,2013,0,0,0,0,0,0,0,2e,2e,0
11437,2014,0,0,0,0,0,0,0,2a,2a,0
11437,2015,0,0,0,0,0,0,0,2a,2a,0
11437,2016,0,0,0,0,0,0,0,2a,2a,0
11437,2017,0,0,0,0,0,0,0,2a,2a,0
11437,2018,0,0,0,0,0,0,0,2a,2a,0
11437,2019,0,0,0,0,0,0,0,2a,2a,0
11437,2020,0,0,0,0,0,0,0,2a,2a,0
11437,2021,0,0,0,0,0,0,0,2a,2a,0
11437,2022,0,0,0,0,0,0,0,2a,2a,0
11437,2023,0,0,0,0,0,0,0,2a,2a,0
11438,2012,975,0,301,293,55,0,0,1,1,1
11438,2013,1050,0,295,297,55,0,0,1,1,1
11438,2014,1055,0,295,297,55,0,0,1,1,1
11438,2015,1062,0,295,297,0,0,0,1,1,1
11438,2016,1060,0,293,290,0,0,0,1,1,1
11438,2017,1052,0,291,287,0,0,0,1,1,1
11438,2018,1035,0,300,285,0,0,0,1,1,1
11438,2019,1035,0,300,285,0,0,0,1,1,1
11438,2020,1031,0,320,292,0,0,0,1,1,1
11438,2021,1026,0,313,285,0,0,0,1,1,1
11438,2022,1021,0,307,281,0,0,0,1,1,1
11438,2023,1019,0,305,279,0,0,0,1,1,1
11439,2012,250,50,35,40,55,27,0,1,1,1
11439,2013,260,45,65,65,45,22,0,1,1,1
11439,2014,270,55,75,70,50,37,0,1,1,1
11439,2015,0,0,0,0,0,0,0,2b,2b,0
11439,2016,0,0,0,0,0,0,0,2b,2b,0
11439,2017,0,0,0,0,0,0,0,2b,2b,0
11439,2018,0,0,0,0,0,0,0,2b,2b,0
11439,2019,0,0,0,0,0,0,0,2b,2b,0
11439,2020,0,0,0,0,0,0,0,2b,2b,0
11439,2021,0,0,0,0,0,0,0,2b,2b,0
11439,2022,0,0,0,0,0,0,0,2b,2b,0
11439,2023,0,0,0,0,0,0,0,2b,2b,0
11440,2012,820,120,270,240,200,100,0,1,1,1
11440,2013,820,120,270,240,200,100,0,1,1,1
11440,2014,820,120,270,240,200,100,0,1,1,1
11440,2015,850,50,270,240,200,100,0,1,1,1
11440,2016,650,100,80,0,0,0,0,1,1,1
11440,2017,800,120,0,250,100,150,0,1,1,1
11440,2018,800,120,0,250,100,150,0,1,1,1
11440,2019,800,120,150,250,100,150,0,1,1,1
11440,2020,800,120,150,250,100,150,0,1,1,1
11440,2021,800,120,200,300,200,250,0,1,1,1
11440,2022,800,120,200,300,200,250,0,1,1,1
11440,2023,800,120,200,300,200,250,0,3a,3a,1
11441,2012,340,20,140,160,110,180,0,1,1,1
11441,2013,340,20,140,160,110,180,0,1,1,1
11441,2014,340,20,140,160,110,180,0,1,1,1
11441,2015,340,20,140,160,110,180,0,1,1,1
11441,2016,340,20,140,160,110,180,0,1,1,1
11441,2017,340,20,150,160,110,180,0,1,1,1
11441,2018,340,20,150,160,110,180,0,1,1,1
11441,2019,340,20,150,160,110,180,0,1,1,1
11441,2020,340,20,150,160,110,225,0,1,1,1
11441,2021,340,20,150,160,110,225,0,1,1,1
11441,2022,340,20,150,160,110,225,0,1,1,1
11441,2023,340,20,150,160,110,225,0,1,1,1
11442,2012,2000,300,0,0,0,300,0,1,1,1
11442,2013,2000,400,500,400,300,200,0,1,1,1
11442,2014,2100,400,100,0,0,300,0,1,1,1
11442,2015,2100,400,100,0,0,300,0,1,1,1
11442,2016,2100,400,100,0,0,300,0,1,1,1
11442,2017,2100,400,100,0,0,300,0,1,1,1
11442,2018,2100,400,100,0,0,300,0,1,1,1
11442,2019,3000,480,1145,980,800,815,0,1,1,1
11442,2020,3000,480,1145,980,800,815,0,1,1,1
11442,2021,3000,480,1145,980,800,815,0,1,1,1
11442,2022,3000,480,1145,980,800,815,0,1,1,1
11442,2023,3060,620,1500,1200,450,500,0,1,1,1
11443,2012,515,80,150,250,80,0,0,1,1,1
11443,2013,515,80,150,250,80,0,0,1,1,1
11443,2014,515,80,150,250,80,0,0,1,1,1
11443,2015,525,80,150,250,80,0,0,1,1,1
11443,2016,525,80,150,250,80,0,0,1,1,1
11443,2017,1100,210,250,300,1210,0,0,1,1,1
11443,2018,1100,210,250,300,120,0,0,1,1,1
11443,2019,1100,210,250,300,120,0,0,1,1,1
11443,2020,1100,210,250,300,200,0,0,1,1,1
11443,2021,1100,210,250,300,120,0,0,1,1,1
11443,2022,1100,210,250,300,120,0,0,1,1,1
11443,2023,1100,210,250,300,120,0,0,1,1,1
11444,2012,480,130,40,40,40,0,0,1,1,1
11444,2013,480,130,40,40,40,0,0,1,1,1
11444,2014,500,130,40,40,40,0,0,1,1,1
11444,2015,500,130,60,0,40,0,0,1,1,1
11444,2016,480,130,40,40,40,0,0,1,1,1
11444,2017,0,0,0,0,0,0,0,2a,2a,0
11444,2018,0,0,0,0,0,0,0,2a,2a,0
11444,2019,0,0,0,0,0,0,0,2a,2a,0
11444,2020,0,0,0,0,0,0,0,2a,2a,0
11444,2021,0,0,0,0,0,0,0,2a,2a,0
11444,2022,0,0,0,0,0,0,0,2a,2a,0
11444,2023,0,0,0,0,0,0,0,2a,2a,0
11445,2012,585,65,200,190,130,0,0,1,1,1
11445,2013,1226,184,0,0,0,0,0,1,1,1
11445,2014,1000,130,200,100,0,0,0,1,1,1
11445,2015,1000,0,0,0,0,0,0,1,1,1
11445,2016,1100,0,310,320,120,0,0,1,1,1
11445,2017,1200,0,0,0,0,0,0,1,1,1
11445,2018,1100,0,0,0,0,0,0,1,1,1
11445,2019,1100,0,0,0,0,0,0,1,1,1
11445,2020,1100,0,0,0,0,0,0,1,1,1
11445,2021,1300,50,40,0,0,50,0,1,1,1
11445,2022,1300,50,40,0,0,50,0,1,1,1
11445,2023,1250,150,80,0,0,0,0,1,1,1
11446,2012,1050,120,500,500,300,0,0,1,1,1
11446,2013,1050,120,500,500,300,0,0,1,1,1
11446,2014,1100,150,500,500,300,0,0,1,1,1
11446,2015,1008,122,500,500,300,0,0,1,1,1
11446,2016,1010,118,496,480,285,0,0,1,1,1
11446,2017,1015,115,495,475,280,0,0,1,1,1
11446,2018,1025,125,505,490,300,0,0,1,1,1
11446,2019,1070,130,510,495,310,0,0,1,1,1
11446,2020,1095,145,515,475,300,0,0,1,1,1
11446,2021,1150,140,510,470,280,0,0,1,1,1
11446,2022,1157,135,500,480,275,0,0,1,1,1
11446,2023,1155,132,498,478,273,0,0,1,1,1
11447,2012,420,110,120,85,50,0,0,1,1,1
11447,2013,415,107,120,85,50,0,0,1,1,1
11447,2014,510,60,120,85,50,0,0,1,1,1
11447,2015,512,60,120,85,50,0,0,1,1,1
11447,2016,508,53,118,82,45,0,0,1,1,1
11447,2017,510,48,0,0,0,0,0,1,1,1
11447,2018,530,58,0,0,0,0,0,1,1,1
11447,2019,560,60,0,0,0,0,0,1,1,1
11447,2020,555,65,0,0,0,0,0,1,1,1
11447,2021,565,55,0,0,0,0,0,1,1,1
11447,2022,575,60,0,0,0,0,0,1,1,1
11447,2023,578,63,0,0,0,0,0,1,1,1
11448,2012,220,35,30,99,35,26,0,1,1,1
11448,2013,0,0,30,99,35,26,0,2a,3a,0
11448,2014,0,0,30,99,35,26,0,2a,3a,0
11448,2015,0,0,30,99,35,26,0,2a,3a,0
11448,2016,0,0,30,99,35,26,0,2a,3a,0
11448,2017,0,0,30,99,35,26,0,2a,3a,0
11448,2018,0,0,30,99,35,26,0,2a,3a,0
11448,2019,0,0,30,99,35,26,0,2a,3a,0
11448,2020,0,0,30,99,35,26,0,2a,3a,0
11448,2021,0,0,30,99,35,26,0,2a,3a,0
11448,2022,0,0,30,99,35,26,0,2a,3a,0
11448,2023,0,0,30,99,35,26,0,2a,3a,0
11449,2012,240,60,94,73,31,42,0,1,1,1
11449,2013,280,0,250,175,75,0,0,1,1,1
11449,2014,280,0,0,250,250,0,0,1,1,1
11449,2015,280,0,0,175,75,0,0,1,1,1
11449,2016,280,0,0,450,0,0,0,1,1,1
11449,2017,0,0,300,0,0,0,0,1,1,0
11449,2018,120,0,300,0,0,0,0,1,1,1
11449,2019,250,50,100,150,0,0,0,1,1,1
11449,2020,250,50,100,150,0,0,0,1,1,1
11449,2021,280,0,50,100,0,0,0,1,1,1
11449,2022,280,0,50,100,0,0,0,3a,3a,1
11449,2023,280,0,50,100,0,0,0,3a,3a,1
11450,2012,0,0,150,150,0,0,0,1,1,0
11450,2013,0,0,150,150,0,0,0,1,1,0
11450,2014,0,0,150,150,0,0,0,1,1,0
11450,2015,0,0,150,150,0,0,0,1,1,0
11450,2016,0,0,150,150,0,0,0,1,1,0
11450,2017,0,0,150,150,0,0,0,1,1,0
11450,2018,0,0,150,150,0,0,0,1,1,0
11450,2019,0,0,250,175,0,0,0,1,1,0
11450,2020,0,0,275,150,0,0,0,1,1,0
11450,2021,0,0,275,150,0,0,0,1,1,0
11450,2022,0,0,280,160,0,0,0,1,1,0
11450,2023,0,0,290,170,0,0,0,1,1,0
11451,2012,900,150,250,250,80,120,0,1,1,1
11451,2013,875,140,250,250,80,150,0,1,1,1
11451,2014,875,140,0,0,0,0,0,1,1,1
11451,2015,875,140,0,0,0,0,0,1,1,1
11451,2016,875,140,6,0,80,0,0,1,1,1
11451,2017,875,140,0,0,80,0,0,1,1,1
11451,2018,875,140,0,0,80,0,0,1,1,1
11451,2019,875,140,0,0,80,0,0,1,1,1
11451,2020,875,140,0,0,80,0,0,1,1,1
11451,2021,900,110,0,0,80,0,0,1,1,1
11451,2022,900,110,0,0,0,0,0,1,1,1
11451,2023,900,110,0,0,0,0,0,1,1,1
11687,2012,0,0,0,0,0,0,0,2a,2a,0
11687,2013,0,0,0,0,0,0,0,2a,2a,0
11687,2014,0,0,0,0,0,0,0,2a,2a,0
11687,2015,0,0,0,0,0,0,0,2a,2a,0
11687,2016,0,0,0,0,0,0,0,2a,2a,0
11687,2017,0,0,0,0,0,0,0,2a,2a,0
11687,2018,0,0,0,0,0,0,0,2a,2a,0
11687,2019,0,0,0,0,0,0,0,2a,2a,0
11687,2020,0,0,0,0,0,0,0,2a,2a,0
11687,2021,0,0,0,0,0,0,0,2a,2a,0
11687,2022,0,0,0,0,0,0,0,2a,2a,0
11687,2023,0,0,0,0,0,0,0,2a,2a,0
11452,2012,563,58,42,220,0,0,0,1,1,1
11452,2013,587,43,115,228,108,132,0,1,1,1
11452,2014,530,139,232,228,129,0,0,1,1,1
11452,2015,530,130,22,230,135,0,0,1,1,1
11452,2016,530,130,225,230,135,0,0,1,1,1
11452,2017,530,130,225,230,135,0,0,1,1,1
11452,2018,530,130,225,230,135,0,0,1,1,1
11452,2019,515,120,200,210,115,0,0,1,1,1
11452,2020,515,120,200,210,115,0,0,1,1,1
11452,2021,515,120,200,210,115,0,0,1,1,1
11452,2022,600,96,50,250,150,0,0,1,1,1
11452,2023,600,96,50,250,150,0,0,1,1,1
11453,2012,725,110,240,225,130,134,0,1,1,1
11453,2013,725,110,240,225,130,134,0,1,1,1
11453,2014,750,125,240,225,130,134,0,1,1,1
11453,2015,760,130,245,230,125,140,0,1,1,1
11453,2016,752,121,242,225,125,140,0,1,1,1
11453,2017,750,119,238,220,121,131,0,1,1,1
11453,2018,805,0,0,0,0,0,0,1,1,1
11453,2019,800,22,150,175,100,0,0,1,1,1
11453,2020,825,35,165,180,110,0,0,1,1,1
11453,2021,816,33,158,174,106,0,0,1,1,1
11453,2022,825,45,165,175,100,0,0,1,1,1
11453,2023,820,40,170,180,105,0,0,1,1,1
11454,2012,250,69,41,30,25,51,0,1,1,1
11454,2013,225,25,30,22,24,20,0,1,1,1
11454,2014,198,16,15,10,8,25,0,1,1,1
11454,2015,108,11,0,0,0,0,0,1,1,1
11454,2016,0,0,0,0,0,0,0,1,1,0
11454,2017,0,0,0,0,0,0,0,2c,2c,0
11454,2018,0,0,0,0,0,0,0,2c,2c,0
11454,2019,0,0,0,0,0,0,0,1,1,0
11454,2020,0,0,0,0,0,0,0,1,1,0
11454,2021,0,0,0,0,0,0,0,2a,2b,0
11454,2022,0,0,0,0,0,0,0,2a,2b,0
11454,2023,0,0,0,0,0,0,0,2a,2b,0
11455,2012,850,100,270,340,115,0,0,1,1,1
11455,2013,860,178,250,333,112,0,0,1,1,1
11455,2014,900,140,250,325,110,0,0,1,1,1
11455,2015,900,140,280,325,125,0,0,1,1,1
11455,2016,900,140,280,325,125,0,0,1,1,1
11455,2017,900,140,280,325,125,0,0,1,1,1
11455,2018,900,140,280,320,125,0,0,1,1,1
11455,2019,900,140,280,320,125,0,0,1,1,1
11455,2020,943,122,331,474,142,254,0,1,1,1
11455,2021,950,125,290,450,120,0,0,1,1,1
11455,2022,955,119,284,458,126,0,0,1,1,1
11455,2023,1233,211,0,738,155,163,0,1,1,1
11456,2012,500,100,100,0,0,70,0,1,1,1
11456,2013,0,300,700,200,0,0,0,2a,3b,0
11456,2014,0,300,700,200,0,0,0,2a,3b,0
11456,2015,0,300,700,200,0,0,0,2a,3b,0
11456,2016,0,300,700,200,0,0,0,2a,3b,0
11456,2017,0,300,700,200,0,0,0,2a,3b,0
11456,2018,0,0,440,65,0,0,0,2c,3a,0
11456,2019,0,0,440,65,0,0,0,1,1,0
11456,2020,0,0,410,70,0,0,0,1,1,0
11456,2021,0,0,420,68,0,0,0,1,1,0
11456,2022,0,0,432,54,0,0,0,1,1,0
11456,2023,0,0,320,120,0,0,0,1,1,0
11457,2012,400,75,50,120,60,60,0,3a,3a,1
11457,2013,400,75,50,120,60,60,0,3a,3a,1
11457,2014,400,75,50,120,60,60,0,1,1,1
11457,2015,400,75,50,120,60,60,0,3a,3a,1
11457,2016,400,75,50,120,60,60,0,3a,3a,1
11457,2017,400,75,50,120,60,60,0,3a,3a,1
11457,2018,0,0,100,100,0,0,0,1,1,0
11457,2019,0,0,0,0,0,0,0,1,1,0
11457,2020,0,0,0,0,0,0,0,1,1,0
11457,2021,0,0,0,0,0,0,0,1,1,0
11457,2022,0,0,0,0,0,0,0,2c,2c,0
11457,2023,0,0,0,0,0,0,0,2c,2c,0
11458,2012,300,0,0,0,0,0,0,1,1,1
11458,2013,300,0,0,0,0,0,0,1,1,1
11458,2014,250,0,0,0,0,0,0,1,1,1
11458,2015,250,0,0,0,0,0,0,1,1,1
11458,2016,250,0,0,0,0,0,0,1,1,1
11458,2017,250,0,0,0,0,0,0,1,1,1
11458,2018,250,0,0,0,0,0,0,1,1,1
11458,2019,220,0,0,0,0,0,0,1,1,1
11458,2020,200,0,0,0,0,0,0,1,1,1
11458,2021,200,0,0,0,0,0,0,1,1,1
11458,2022,0,0,310,90,0,0,0,1,1,0
11458,2023,0,0,310,90,0,0,0,1,1,0
11459,2012,292,50,75,98,0,0,0,1,1,1
11459,2013,320,70,75,100,0,0,0,1,1,1
11459,2014,305,50,60,65,0,0,0,1,1,1
11459,2015,302,40,110,45,0,0,0,1,1,1
11459,2016,300,50,60,70,0,0,0,1,1,1
11459,2017,310,70,55,60,45,45,0,1,1,1
11459,2018,305,40,55,45,30,0,0,1,1,1
11459,2019,315,57,95,73,72,0,0,1,1,1
11459,2020,310,65,110,70,0,0,0,1,1,1
11459,2021,300,65,105,65,0,0,0,1,1,1
11459,2022,310,62,100,63,0,0,0,1,1,1
11459,2023,315,58,101,60,0,0,0,1,1,1
11460,2012,195,30,10,15,34,35,0,1,1,1
11460,2013,195,30,10,15,34,35,0,1,1,1
11460,2014,195,35,10,15,34,35,0,1,1,1
11460,2015,195,30,10,15,34,35,0,1,1,1
11460,2016,195,30,10,15,34,35,0,1,1,1
11460,2017,195,30,10,15,34,35,0,1,1,1
11460,2018,195,30,10,15,34,35,0,1,1,1
11460,2019,195,30,10,15,34,35,0,1,1,1
11460,2020,195,30,10,15,34,35,0,1,1,1
11460,2021,195,30,10,15,34,35,0,1,1,1
11460,2022,195,30,10,15,34,35,0,1,1,1
11460,2023,185,30,10,15,34,35,0,1,1,1
11461,2012,580,80,120,200,60,0,0,1,1,1
11461,2013,580,80,120,200,60,0,0,1,1,1
11461,2014,565,80,120,200,60,0,0,1,1,1
11461,2015,565,80,120,200,60,0,0,1,1,1
11461,2016,500,80,120,200,60,0,0,1,1,1
11461,2017,495,72,118,189,59,0,0,1,1,1
11461,2018,495,72,118,189,59,0,0,1,1,1
11461,2019,380,60,118,189,59,0,0,1,1,1
11461,2020,390,50,128,179,60,0,0,1,1,1
11461,2021,380,40,135,190,40,0,0,1,1,1
11461,2022,386,39,130,203,37,0,0,1,1,1
11461,2023,384,34,128,201,36,0,0,1,1,1
11462,2012,780,120,350,260,120,0,0,1,1,1
11462,2013,797,54,246,230,160,0,0,1,1,1
11462,2014,805,65,246,230,160,0,0,1,1,1
11462,2015,780,120,350,260,120,0,0,1,1,1
11462,2016,776,118,352,261,124,0,0,1,1,1
11462,2017,765,115,348,255,120,0,0,1,1,1
11462,2018,752,102,348,255,120,0,0,1,1,1
11462,2019,623,0,0,0,0,0,0,1,1,1
11462,2020,656,0,0,0,0,0,0,1,1,1
11462,2021,672,0,0,0,0,0,0,1,1,1
11462,2022,675,0,0,0,0,0,0,1,1,1
11462,2023,683,0,0,0,0,0,0,1,1,1
11463,2012,210,15,45,40,160,25,0,1,1,1
11463,2013,200,20,80,108,40,40,0,1,1,1
11463,2014,200,20,80,108,40,40,0,1,1,1
11463,2015,200,20,80,0,0,0,0,1,1,1
11463,2016,160,20,80,0,0,0,0,1,1,1
11463,2017,170,20,80,0,0,0,0,1,1,1
11463,2018,110,5,80,0,0,0,0,1,1,1
11463,2019,85,0,0,0,0,0,0,1,1,1
11463,2020,0,0,350,0,0,0,0,1,1,0
11463,2021,0,0,252,0,0,0,0,1,1,0
11463,2022,0,0,252,0,0,0,0,2c,3a,0
11463,2023,0,0,252,0,0,0,0,2c,3a,0
11464,2012,0,0,400,300,100,0,0,1,1,0
11464,2013,0,0,400,300,100,0,0,2c,3a,0
11464,2014,0,0,400,300,100,0,0,2a,3a,0
11464,2015,0,0,400,300,100,0,0,2a,3a,0
11464,2016,0,0,400,300,100,0,0,2a,3a,0
11464,2017,0,0,400,300,100,0,0,2a,3a,0
11464,2018,0,0,400,300,100,0,0,2a,3a,0
11464,2019,0,125,339,125,55,0,0,1,1,0
11464,2020,0,125,339,125,55,0,0,1,1,0
11464,2021,0,120,225,120,120,0,0,1,1,0
11464,2022,0,125,400,150,130,0,0,1,1,0
11464,2023,0,0,500,200,130,0,0,1,1,0
11465,2012,0,0,350,350,0,0,0,1,1,0
11465,2013,0,0,355,360,0,0,0,1,1,0
11465,2014,0,0,255,250,0,0,0,1,1,0
11465,2015,0,0,260,300,0,0,0,1,1,0
11465,2016,0,0,255,306,0,0,0,1,1,0
11465,2017,0,0,265,315,0,0,0,1,1,0
11465,2018,0,0,25,320,0,0,0,1,1,0
11465,2019,0,0,280,300,0,0,0,1,1,0
11465,2020,0,0,300,290,0,0,0,1,1,0
11465,2021,0,0,325,275,0,0,0,1,1,0
11465,2022,0,0,0,0,0,0,0,1,1,0
11465,2023,0,0,0,0,0,0,0,2a,2c,0
12037,2019,0,0,50,20,0,0,0,2a,3b,0
12037,2020,0,0,50,20,0,0,0,2a,3b,0
12037,2021,0,0,50,20,0,0,0,2a,3b,0
12037,2022,0,0,50,20,0,0,0,2a,3b,0
12037,2023,0,0,50,20,0,0,0,2a,3b,0
11466,2012,1310,310,1000,700,200,0,0,1,1,1
11466,2013,1310,310,1000,700,200,0,0,1,1,1
11466,2014,1310,310,1000,700,200,0,0,1,1,1
11466,2015,1310,310,1000,700,200,0,0,1,1,1
11466,2016,1310,310,1000,700,200,0,0,1,1,1
11466,2017,1310,310,1000,700,200,0,0,1,1,1
11466,2018,1310,310,1000,700,200,0,0,1,1,1
11466,2019,1329,310,425,750,360,0,0,1,1,1
11466,2020,1329,310,425,750,360,0,0,1,1,1
11466,2021,1329,310,425,750,360,0,0,1,1,1
11466,2022,1329,310,425,750,360,0,0,1,1,1
11466,2023,1329,310,425,750,360,0,0,1,1,1
11467,2012,350,40,75,100,55,70,0,1,1,1
11467,2013,0,0,0,0,0,0,0,2a,2a,0
11467,2014,0,0,0,0,0,0,0,2a,2a,0
11467,2015,0,0,0,0,0,0,0,2a,2a,0
11467,2016,0,0,0,0,0,0,0,2a,2a,0
11467,2017,0,0,0,0,0,0,0,2a,2a,0
11467,2018,0,0,0,0,0,0,0,2a,2a,0
11467,2019,0,0,0,0,0,0,0,2a,2a,0
11467,2020,0,0,0,0,0,0,0,2a,2a,0
11467,2021,0,0,0,0,0,0,0,2a,2a,0
11467,2022,0,0,0,0,0,0,0,2a,2a,0
11467,2023,0,0,0,0,0,0,0,2a,2a,0
11468,2012,465,71,140,92,0,0,0,3a,3a,1
11468,2013,0,0,0,0,0,0,0,1,1,0
11468,2014,0,50,200,200,200,0,0,1,1,0
11468,2015,0,100,300,300,200,0,0,1,1,0
11468,2016,0,110,250,250,250,0,0,1,1,0
11468,2017,0,180,0,400,0,0,0,1,1,0
11468,2018,0,80,200,250,250,0,0,1,1,0
11468,2019,0,80,200,250,250,0,0,1,1,0
11468,2020,0,80,200,250,250,0,0,1,1,0
11468,2021,0,80,200,250,250,0,0,1,1,0
11468,2022,0,80,200,250,250,0,0,1,1,0
11468,2023,0,0,505,525,130,0,0,1,1,0
11469,2012,650,90,200,300,300,50,0,1,1,1
11469,2013,655,65,200,300,300,50,0,1,1,1
11469,2014,660,60,200,300,300,50,0,1,1,1
11469,2015,650,55,200,200,100,0,0,1,1,1
11469,2016,700,92,305,230,165,0,0,1,1,1
11469,2017,652,63,298,246,159,0,0,1,1,1
11469,2018,658,64,300,240,1600,0,0,1,1,1
11469,2019,658,64,300,240,160,0,0,1,1,1
11469,2020,653,73,285,228,163,0,0,1,1,1
11469,2021,650,70,269,234,159,0,0,1,1,1
11469,2022,655,63,255,238,162,0,0,1,1,1
11469,2023,655,63,255,230,162,0,0,1,1,1
11470,2012,770,85,175,260,140,0,0,1,1,1
11470,2013,805,60,180,275,150,0,0,1,1,1
11470,2014,780,90,297,224,34,0,0,1,1,1
11470,2015,780,97,250,230,0,0,0,1,1,1
11470,2016,760,81,420,320,0,0,0,1,1,1
11470,2017,721,72,387,281,0,0,0,1,1,1
11470,2018,712,70,387,281,0,0,0,1,1,1
11470,2019,712,70,387,281,0,0,0,1,1,1
11470,2020,700,75,380,280,0,0,0,1,1,1
11470,2021,703,69,372,261,0,0,0,1,1,1
11470,2022,702,61,362,255,0,0,0,1,1,1
11470,2023,700,59,360,253,0,0,0,1,1,1
11705,2019,0,0,60,280,0,0,0,2c,3a,0
11705,2020,0,0,60,280,0,0,0,1,1,0
11705,2021,0,0,60,280,0,0,0,2c,3a,0
11705,2022,0,0,60,280,0,0,0,2c,3a,0
11705,2023,0,0,60,280,0,0,0,2c,3a,0
11471,2012,450,60,195,155,60,60,0,1,1,1
11471,2013,447,54,201,149,72,26,0,1,1,1
11471,2014,447,46,155,107,96,35,0,1,1,1
11471,2015,417,42,168,116,99,42,0,1,1,1
11471,2016,460,60,160,120,100,40,0,1,1,1
11471,2017,460,60,160,120,100,40,0,1,1,1
11471,2018,432,68,126,105,114,70,0,1,1,1
11471,2019,440,72,125,110,108,67,0,1,1,1
11471,2020,340,60,125,115,45,28,0,1,1,1
11471,2021,347,62,136,122,65,55,0,1,1,1
11471,2022,357,66,142,136,72,52,0,1,1,1
11471,2023,178,28,69,55,8,6,0,1,1,1
11472,2012,500,60,50,65,35,25,0,1,1,1
11472,2013,500,80,70,30,20,0,0,1,1,1
11472,2014,503,125,95,100,90,72,0,1,1,1
11472,2015,0,0,0,0,0,0,0,1,1,0
11472,2016,0,0,0,0,0,0,0,2b,2b,0
11472,2017,0,0,0,0,0,0,0,2b,2b,0
11472,2018,0,0,0,0,0,0,0,2b,2b,0
11472,2019,0,0,0,0,0,0,0,2b,2b,0
11472,2020,0,0,0,0,0,0,0,2b,2b,0
11472,2021,0,0,0,0,0,0,0,2b,2b,0
11472,2022,0,0,0,0,0,0,0,2b,2b,0
11472,2023,0,0,0,0,0,0,0,2b,2b,0
11473,2012,0,0,100,100,0,0,0,1,1,0
11473,2013,0,0,100,100,0,0,0,1,1,0
11473,2014,0,0,100,100,0,0,0,1,1,0
11473,2015,0,0,100,100,0,0,0,1,1,0
11473,2016,0,0,0,450,0,0,0,1,1,0
11473,2017,0,0,0,338,1,0,0,2c,3a,0
11473,2018,0,0,0,225,2,0,0,2c,3a,0
11473,2019,0,0,0,113,3,0,0,2c,3a,0
11473,2020,0,0,0,0,4,0,0,1,1,0
11473,2021,0,0,0,0,0,0,0,2a,2a,0
11473,2022,0,0,0,0,0,0,0,2a,2a,0
11473,2023,0,0,0,0,0,0,0,2a,2a,0
11731,2019,0,0,0,0,925,0,0,1,1,0
11731,2020,0,0,0,0,925,0,0,1,1,0
11731,2021,0,0,0,0,950,0,0,1,1,0
11731,2022,0,0,0,0,950,0,0,1,1,0
11731,2023,0,0,0,0,950,0,0,1,1,0
11474,2012,2568,390,200,0,0,0,0,1,1,1
11474,2013,2568,390,200,0,0,0,0,1,1,1
11474,2014,2568,390,200,0,0,0,0,1,1,1
11474,2015,2568,390,200,0,0,0,0,1,1,1
11474,2016,2568,390,200,0,0,0,0,1,1,1
11474,2017,2568,390,200,0,0,0,0,1,1,1
11474,2018,2568,390,200,0,0,0,0,1,1,1
11474,2019,2568,390,200,0,0,0,0,1,1,1
11474,2020,2750,0,0,0,0,0,0,1,1,1
11474,2021,2750,0,0,0,0,0,0,1,1,1
11474,2022,2750,0,0,0,0,0,0,1,1,1
11474,2023,2750,0,0,0,0,0,0,1,1,1
11475,2012,600,85,200,200,200,0,0,1,1,1
11475,2013,620,85,200,200,200,0,0,1,1,1
11475,2014,620,85,200,200,100,0,0,1,1,1
11475,2015,620,85,200,200,100,0,0,1,1,1
11475,2016,620,85,200,200,100,0,0,1,1,1
11475,2017,620,85,200,200,100,0,0,1,1,1
11475,2018,620,85,200,200,100,0,0,1,1,1
11475,2019,620,85,200,200,200,0,0,1,1,1
11475,2020,620,85,200,200,200,0,0,1,1,1
11475,2021,620,85,200,200,200,0,0,1,1,1
11475,2022,310,42,200,200,100,0,0,1,1,1
11475,2023,225,25,105,120,78,58,0,1,1,1
11476,2012,610,85,175,160,180,100,0,1,1,1
11476,2013,610,85,175,160,180,100,0,1,1,1
11476,2014,610,85,175,160,180,100,0,1,1,1
11476,2015,610,85,175,160,180,100,0,1,1,1
11476,2016,610,85,175,160,180,100,0,1,1,1
11476,2017,610,85,175,160,180,100,0,1,1,1
11476,2018,610,85,175,160,180,100,0,1,1,1
11476,2019,610,85,175,160,180,100,0,1,1,1
11476,2020,610,85,175,160,180,100,0,1,1,1
11476,2021,610,85,175,160,180,100,0,1,1,1
11476,2022,610,85,175,160,180,100,0,1,1,1
11476,2023,305,43,88,80,90,50,0,1,1,1
11477,2012,370,0,65,140,40,60,0,3a,3a,1
11477,2013,370,0,65,140,40,60,0,1,1,1
11477,2014,332,40,0,0,25,50,0,1,1,1
11477,2015,317,17,0,0,0,75,0,1,1,1
11477,2016,300,30,0,0,32,63,0,1,1,1
11477,2017,300,25,0,0,35,58,0,1,1,1
11477,2018,300,25,0,0,55,58,0,1,1,1
11477,2019,300,36,0,0,40,35,0,1,1,1
11477,2020,300,31,0,0,80,60,0,1,1,1
11477,2021,303,30,0,0,50,42,0,1,1,1
11477,2022,300,28,0,0,52,48,0,1,1,1
11477,2023,300,28,0,0,52,48,0,3a,3a,1
11478,2012,470,50,287,346,115,126,0,1,1,1
11478,2013,470,50,287,346,115,126,0,1,1,1
11478,2014,235,25,144,173,57,63,0,1,1,1
11478,2015,0,0,0,0,0,0,0,2a,2a,0
11478,2016,0,0,0,0,0,0,0,2a,2a,0
11478,2017,0,0,0,0,0,0,0,2a,2a,0
11478,2018,0,0,0,0,0,0,0,2a,2a,0
11478,2019,0,0,0,0,0,0,0,2a,2a,0
11478,2020,0,0,0,0,0,0,0,2a,2a,0
11478,2021,0,0,0,0,0,0,0,2a,2a,0
11478,2022,0,0,0,0,0,0,0,2a,2a,0
11478,2023,0,0,0,0,0,0,0,2a,2a,0
11479,2012,80,15,0,0,0,0,0,1,1,1
11479,2013,0,0,0,0,0,0,0,1,1,0
11479,2014,0,0,0,0,0,0,0,1,1,0
11479,2015,150,22,0,16,18,19,0,1,1,1
11479,2016,150,22,12,16,18,15,0,1,1,1
11479,2017,156,22,12,16,18,15,0,1,1,1
11479,2018,156,22,12,16,18,15,0,1,1,1
11479,2019,123,16,21,13,7,9,0,1,1,1
11479,2020,110,14,0,0,6,5,0,1,1,1
11479,2021,0,0,0,0,0,0,0,2a,2a,0
11479,2022,0,0,0,0,0,0,0,2a,2a,0
11479,2023,0,0,0,0,0,0,0,2a,2a,0
11480,2012,900,193,300,200,200,200,0,1,1,1
11480,2013,900,190,300,200,200,200,0,1,1,1
11480,2014,900,190,300,200,200,200,0,1,1,1
11480,2015,900,190,300,200,200,200,0,1,1,1
11480,2016,900,190,300,200,200,200,0,1,1,1
11480,2017,900,190,300,200,200,200,0,1,1,1
11480,2018,900,190,300,200,200,200,0,1,1,1
11480,2019,920,155,0,0,110,100,0,1,1,1
11480,2020,920,155,0,0,110,100,0,1,1,1
11480,2021,920,155,0,0,110,100,0,1,1,1
11480,2022,920,155,0,0,110,100,0,1,1,1
11480,2023,920,155,0,0,110,100,0,1,1,1
11481,2012,785,0,250,0,0,0,0,1,1,1
11481,2013,775,0,240,0,0,0,0,1,1,1
11481,2014,800,0,250,0,0,0,0,1,1,1
11481,2015,800,0,250,0,0,0,0,1,1,1
11481,2016,800,0,250,0,0,0,0,1,1,1
11481,2017,802,0,225,50,0,0,0,1,1,1
11481,2018,801,0,225,60,0,0,0,1,1,1
11481,2019,798,0,215,60,0,0,0,1,1,1
11481,2020,799,0,215,60,0,0,0,1,1,1
11481,2021,699,0,200,50,0,0,0,1,1,1
11481,2022,699,0,200,50,0,0,0,1,1,1
11481,2023,697,0,205,45,0,0,0,1,1,1
11482,2012,465,90,120,80,35,35,0,3a,3a,1
11482,2013,300,18,10,50,80,40,0,1,1,1
11482,2014,310,15,40,75,50,30,0,1,1,1
11482,2015,310,30,47,83,20,14,0,1,1,1
11482,2016,310,30,47,83,20,14,0,1,1,1
11482,2017,0,0,0,0,0,0,0,1,1,0
11482,2018,400,85,0,0,43,65,0,1,1,1
11482,2019,460,60,0,0,50,40,0,1,1,1
11482,2020,460,60,0,0,50,40,0,1,1,1
11482,2021,460,60,0,0,50,40,0,1,1,1
11482,2022,495,65,47,32,0,0,0,1,1,1
11482,2023,495,65,47,32,0,0,0,3a,3a,1
11483,2012,800,100,40,0,135,85,0,1,1,1
11483,2013,800,100,40,0,135,85,0,1,1,1
11483,2014,800,100,40,0,135,85,0,1,1,1
11483,2015,800,100,40,0,135,85,0,1,1,1
11483,2016,800,100,40,0,135,85,0,1,1,1
11483,2017,800,120,40,0,135,85,0,1,1,1
11483,2018,800,120,40,0,135,85,0,1,1,1
11483,2019,800,120,40,0,135,85,0,1,1,1
11483,2020,800,120,40,0,135,85,0,1,1,1
11483,2021,820,100,25,0,135,85,0,1,1,1
11483,2022,820,100,25,0,135,85,0,1,1,1
11483,2023,820,100,25,0,135,85,0,1,1,1
11484,2012,270,60,0,0,0,0,0,1,1,1
11484,2013,270,60,0,0,0,0,0,1,1,1
11484,2014,270,60,0,0,0,0,0,1,1,1
11484,2015,380,80,0,0,15,0,0,1,1,1
11484,2016,400,50,0,0,0,11,0,1,1,1
11484,2017,300,0,0,0,0,0,0,1,1,1
11484,2018,300,0,0,0,0,0,0,1,1,1
11484,2019,400,0,0,0,0,0,0,1,1,1
11484,2020,400,0,0,0,0,0,0,1,1,1
11484,2021,400,0,0,0,0,0,0,3a,2c,1
11484,2022,400,0,0,0,0,0,0,3a,2c,1
11484,2023,400,0,0,0,0,0,0,1,1,1
11485,2012,460,90,30,0,70,60,0,1,1,1
11485,2013,460,90,30,0,70,60,0,1,1,1
11485,2014,460,50,30,0,100,100,0,1,1,1
11485,2015,460,50,30,0,100,100,0,1,1,1
11485,2016,460,50,30,0,100,100,0,1,1,1
11485,2017,460,50,30,0,100,100,0,1,1,1
11485,2018,460,50,30,0,100,100,0,1,1,1
11485,2019,430,50,30,0,70,60,0,3a,3a,1
11485,2020,400,50,30,0,40,20,0,1,1,1
11485,2021,0,0,0,0,0,0,0,2a,2a,0
11485,2022,0,0,0,0,0,0,0,2a,2a,0
11485,2023,0,0,0,0,0,0,0,2a,2a,0
11486,2012,850,150,0,0,0,0,0,1,1,1
11486,2013,850,150,0,0,0,0,0,1,1,1
11486,2014,850,150,0,0,0,0,0,1,1,1
11486,2015,850,150,0,0,0,0,0,1,1,1
11486,2016,1650,225,10,0,0,0,0,1,1,1
11486,2017,1650,225,10,0,0,0,0,1,1,1
11486,2018,1650,225,10,0,0,0,0,1,1,1
11486,2019,1650,225,10,0,0,0,0,1,1,1
11486,2020,1650,225,10,0,0,0,0,1,1,1
11486,2021,1650,225,10,0,0,0,0,1,1,1
11486,2022,1650,225,10,0,0,0,0,1,1,1
11486,2023,1650,225,10,0,0,0,0,1,1,1
11487,2012,103,17,64,52,27,20,0,1,1,1
11487,2013,103,17,55,53,30,24,0,1,1,1
11487,2014,102,16,61,60,31,23,0,1,1,1
11487,2015,105,15,57,60,30,25,0,1,1,1
11487,2016,107,16,63,68,30,25,0,1,1,1
11487,2017,107,15,68,67,33,28,0,1,1,1
11487,2018,109,69,220,371,39,31,0,1,1,1
11487,2019,109,68,190,372,42,31,0,1,1,1
11487,2020,112,69,192,371,44,32,0,1,1,1
11487,2021,112,69,192,471,44,32,0,1,1,1
11487,2022,112,67,158,687,47,21,0,1,1,1
11487,2023,106,64,154,666,60,31,0,1,1,1
11488,2012,1398,89,580,575,200,0,0,1,1,1
11488,2013,1392,86,600,585,215,0,0,1,1,1
11488,2014,1398,93,600,585,215,0,0,1,1,1
11488,2015,1396,95,590,575,225,0,0,1,1,1
11488,2016,1385,95,595,575,225,0,0,1,1,1
11488,2017,1387,94,596,575,225,0,0,1,1,1
11488,2018,1387,94,596,575,225,0,0,1,1,1
11488,2019,1390,90,600,570,230,0,0,1,1,1
11488,2020,1390,90,600,570,230,0,0,1,1,1
11488,2021,1390,90,600,570,230,0,0,1,1,1
11488,2022,1390,90,600,570,230,0,0,1,1,1
11488,2023,1390,90,600,570,230,0,0,1,1,1
11489,2012,1350,35,285,283,126,198,0,1,1,1
11489,2013,1350,35,285,283,126,198,0,1,1,1
11489,2014,1350,35,80,450,200,250,0,1,1,1
11489,2015,1350,35,80,450,200,250,0,1,1,1
11489,2016,1350,35,80,450,200,250,0,1,1,1
11489,2017,1350,35,80,450,200,250,0,1,1,1
11489,2018,1350,35,80,450,200,250,0,1,1,1
11489,2019,1350,35,80,450,200,250,0,1,1,1
11489,2020,1350,30,0,405,403,507,0,1,1,1
11489,2021,1350,45,0,200,600,600,0,1,1,1
11489,2022,1325,55,0,179,555,500,0,1,1,1
11489,2023,1320,50,0,182,543,499,0,1,1,1
11490,2012,0,0,0,0,0,0,0,2d,2d,0
11490,2013,0,0,0,0,0,0,0,2b,2b,0
11490,2014,0,0,0,0,0,0,0,2b,2b,0
11490,2015,0,0,0,0,0,0,0,1,1,0
11490,2016,0,0,0,0,0,0,0,1,1,0
11490,2017,0,0,0,0,0,0,0,1,1,0
11490,2018,0,0,0,0,0,0,0,1,1,0
11490,2019,0,0,0,0,0,0,0,2b,2b,0
11490,2020,0,0,0,0,0,0,0,1,1,0
11490,2021,0,0,0,0,0,0,20,2b,3f,0
11490,2022,0,0,0,0,0,0,20,2b,3f,0
11490,2023,0,0,0,0,0,0,20,2b,3f,0
11491,2012,125,20,12,12,12,38,0,1,1,1
11491,2013,0,0,0,0,0,0,0,1,1,0
11491,2014,0,0,0,0,0,0,0,1,1,0
11491,2015,0,0,0,0,0,0,0,1,1,0
11491,2016,0,0,0,0,0,0,0,1,1,0
11491,2017,0,0,0,0,0,0,0,1,1,0
11491,2018,0,0,0,0,0,0,0,1,1,0
11491,2019,0,0,0,0,0,0,0,1,1,0
11491,2020,0,0,0,0,0,0,0,1,1,0
11491,2021,0,0,0,0,0,0,0,2a,2e,0
11491,2022,0,0,0,0,0,0,0,2a,2e,0
11491,2023,0,0,0,0,0,0,0,2a,2e,0
11492,2012,370,60,0,0,0,0,0,1,1,1
11492,2013,370,60,0,0,0,0,0,1,1,1
11492,2014,373,62,0,0,0,0,0,1,1,1
11492,2015,370,55,180,180,128,0,0,1,1,1
11492,2016,368,52,165,172,121,0,0,1,1,1
11492,2017,355,48,165,162,121,0,0,1,1,1
11492,2018,360,45,170,160,120,0,0,1,1,1
11492,2019,365,40,165,155,130,0,0,1,1,1
11492,2020,360,35,160,150,130,0,0,1,1,1
11492,2021,365,30,155,145,135,0,0,1,1,1
11492,2022,370,30,150,150,140,0,0,1,1,1
11492,2023,375,35,155,155,145,0,0,1,1,1
12038,2019,0,0,0,0,0,0,0,2a,2e,0
12038,2020,0,0,0,0,0,0,0,2a,2e,0
12038,2021,0,0,0,0,0,0,0,2a,2e,0
12038,2022,0,0,0,0,0,0,0,2a,2e,0
12038,2023,0,0,0,0,0,0,0,2a,2e,0
11493,2012,487,87,120,135,80,30,0,1,1,1
11493,2013,487,87,120,135,80,30,0,1,1,1
11493,2014,487,87,120,135,80,30,0,1,1,1
11493,2015,487,87,120,135,80,30,0,1,1,1
11493,2016,487,87,120,135,80,30,0,1,1,1
11493,2017,487,87,120,135,80,30,0,1,1,1
11493,2018,80,87,120,135,80,30,0,1,1,1
11493,2019,40,104,120,168,115,30,0,3a,3a,1
11493,2020,0,120,120,200,150,30,0,1,1,0
11493,2021,250,120,120,200,150,30,0,1,1,1
11493,2022,250,120,120,200,150,30,0,1,1,1
11493,2023,250,120,120,200,150,0,0,1,1,1
11494,2012,300,0,30,0,0,0,0,1,1,1
11494,2013,300,0,30,0,0,0,0,1,1,1
11494,2014,295,0,30,0,0,0,0,1,1,1
11494,2015,295,0,140,0,0,0,0,1,1,1
11494,2016,293,0,137,0,0,0,0,1,1,1
11494,2017,282,0,125,0,0,0,0,1,1,1
11494,2018,275,0,130,0,0,0,0,1,1,1
11494,2019,265,0,130,0,0,0,0,1,1,1
11494,2020,260,0,140,0,0,0,0,1,1,1
11494,2021,262,0,138,0,0,0,0,1,1,1
11494,2022,271,0,138,0,0,0,0,1,1,1
11494,2023,265,0,143,0,0,0,0,1,1,1
11495,2012,750,70,75,100,90,0,0,1,1,1
11495,2013,750,70,75,100,90,0,0,1,1,1
11495,2014,765,60,75,105,90,0,0,1,1,1
11495,2015,748,69,75,100,90,0,0,1,1,1
11495,2016,742,67,74,96,87,0,0,1,1,1
11495,2017,740,65,72,96,83,0,0,1,1,1
11495,2018,745,70,75,100,85,0,0,1,1,1
11495,2019,750,65,80,95,80,0,0,1,1,1
11495,2020,760,70,85,90,85,0,0,1,1,1
11495,2021,752,66,82,85,81,0,0,1,1,1
11495,2022,750,70,80,90,80,0,0,1,1,1
11495,2023,752,0,0,0,0,0,0,1,1,1
11496,2012,260,40,30,30,30,40,0,1,1,1
11496,2013,200,20,0,30,30,40,0,1,1,1
11496,2014,190,20,43,58,30,34,0,1,1,1
11496,2015,195,25,45,60,35,37,0,1,1,1
11496,2016,180,20,0,0,0,0,0,1,1,1
11496,2017,188,25,0,0,0,0,0,1,1,1
11496,2018,195,30,0,0,0,0,0,1,1,1
11496,2019,185,35,0,0,0,0,0,1,1,1
11496,2020,190,30,0,0,0,0,0,1,1,1
11496,2021,180,40,0,0,0,0,0,1,1,1
11496,2022,183,42,0,0,0,0,0,1,1,1
11496,2023,188,44,0,0,0,0,0,1,1,1
11497,2012,460,40,0,0,0,0,0,1,1,1
11497,2013,460,40,0,0,0,0,0,1,1,1
11497,2014,230,20,0,0,0,0,0,1,1,1
11497,2015,0,0,400,0,0,0,0,2a,3b,0
11497,2016,0,0,400,0,0,0,0,2a,3b,0
11497,2017,0,0,0,0,0,0,0,2a,2e,0
11497,2018,0,0,0,0,0,0,0,2a,2e,0
11497,2019,0,0,0,0,0,0,0,2a,2a,0
11497,2020,0,0,0,0,0,0,0,2a,2a,0
11497,2021,0,0,0,0,0,0,0,2a,2a,0
11497,2022,0,0,0,0,0,0,0,2a,2a,0
11497,2023,0,0,0,0,0,0,0,2a,2a,0
11498,2012,160,20,0,0,0,0,0,1,1,1
11498,2013,160,20,0,0,0,0,0,1,1,1
11498,2014,160,20,0,0,0,0,0,1,1,1
11498,2015,85,0,0,0,0,0,0,1,1,1
11498,2016,85,0,0,0,0,0,0,1,1,1
11498,2017,60,0,0,0,0,0,0,1,1,1
11498,2018,30,0,0,0,0,0,0,1,1,1
11498,2019,11,0,0,0,0,0,0,1,1,1
11498,2020,0,5,0,0,0,0,0,1,1,0
11498,2021,0,5,0,0,0,0,0,1,1,0
11498,2022,0,0,0,0,0,0,0,2b,2b,0
11498,2023,0,5,0,0,0,0,0,1,1,0
11499,2012,120,20,0,0,15,15,0,1,1,1
11499,2013,120,10,10,0,15,15,0,1,1,1
11499,2014,120,10,10,0,15,15,0,1,1,1
11499,2015,120,12,10,0,15,15,0,1,1,1
11499,2016,110,12,10,0,15,15,0,1,1,1
11499,2017,110,12,10,0,15,15,0,1,1,1
11499,2018,110,12,10,0,15,15,0,1,1,1
11499,2019,110,12,10,0,15,15,0,1,1,1
11499,2020,110,12,10,0,15,15,0,1,1,1
11499,2021,110,12,10,0,15,15,0,1,1,1
11499,2022,110,12,30,0,30,30,0,1,1,1
11499,2023,110,12,30,0,30,30,0,1,1,1
11500,2012,420,90,0,0,0,0,0,1,1,1
11500,2013,0,0,0,0,0,0,0,2a,2a,0
11500,2014,0,0,0,0,0,0,0,2a,2a,0
11500,2015,0,0,0,0,0,0,0,2a,2a,0
11500,2016,0,0,0,0,0,0,0,2a,2a,0
11500,2017,0,0,0,0,0,0,0,2a,2a,0
11500,2018,0,0,0,0,0,0,0,2a,2a,0
11500,2019,0,0,0,0,0,0,0,2a,2a,0
11500,2020,0,0,0,0,0,0,0,2a,2a,0
11500,2021,0,0,0,0,0,0,0,2a,2a,0
11500,2022,0,0,0,0,0,0,0,2a,2a,0
11500,2023,0,0,0,0,0,0,0,2a,2a,0
11501,2012,2093,327,0,0,0,0,0,3a,3a,1
11501,2013,2093,327,0,0,0,0,0,3a,3a,1
11501,2014,2093,327,0,0,0,0,0,3a,3a,1
11501,2015,2093,327,0,0,0,0,0,3a,3a,1
11501,2016,2093,327,0,0,0,0,0,3a,3a,1
11501,2017,2093,327,0,0,0,0,0,3a,3a,1
11501,2018,2093,327,0,0,0,0,0,3a,3a,1
11501,2019,2093,327,0,0,0,0,0,1,1,1
11501,2020,1700,300,420,260,150,200,0,1,1,1
11501,2021,1700,300,420,260,150,200,0,3a,3a,1
11501,2022,1700,300,420,260,150,200,0,3a,3a,1
11501,2023,1700,300,420,260,150,200,0,3a,3a,1
11502,2012,80,13,46,34,14,6,0,1,1,1
11502,2013,70,7,58,42,14,6,0,1,1,1
11502,2014,65,6,32,23,11,5,0,3a,3a,1
11502,2015,60,5,6,4,7,3,0,1,1,1
11502,2016,0,0,0,0,0,0,0,2a,2a,0
11502,2017,0,0,0,0,0,0,0,2a,2a,0
11502,2018,0,0,0,0,0,0,0,2a,2a,0
11502,2019,0,0,0,0,0,0,0,2a,2a,0
11502,2020,0,0,0,0,0,0,0,2a,2a,0
11502,2021,0,0,0,0,0,0,0,2a,2a,0
11502,2022,0,0,0,0,0,0,0,2a,2a,0
11502,2023,0,0,0,0,0,0,0,2a,2a,0
11665,2012,3472,583,1875,1488,0,0,0,3a,3a,1
11665,2013,3472,583,1875,1488,0,0,0,3a,3a,1
11665,2014,3472,583,1875,1488,0,0,0,3a,3a,1
11665,2015,3472,583,1875,1488,0,0,0,3a,3a,1
11665,2016,3472,583,1875,1488,0,0,0,3a,3a,1
11665,2017,3472,583,1875,1488,0,0,0,3a,3a,1
11665,2018,3472,583,1875,1488,0,0,0,3a,3a,1
11665,2019,3472,583,1875,1488,0,0,0,3a,3a,1
11665,2020,3472,583,1875,1488,0,0,0,1,1,1
11665,2021,3480,580,1875,1488,0,0,0,1,1,1
11665,2022,3550,650,1650,1450,0,0,0,1,1,1
11665,2023,3467,693,1650,1470,0,0,0,1,1,1
11503,2012,920,161,82,60,94,44,0,1,1,1
11503,2013,920,160,58,42,47,23,0,1,1,1
11503,2014,801,242,0,0,0,0,0,1,1,1
11503,2015,800,190,0,0,0,0,0,1,1,1
11503,2016,900,170,0,0,0,0,0,1,1,1
11503,2017,910,160,0,0,0,0,0,1,1,1
11503,2018,0,0,0,0,0,0,0,2a,2e,0
11503,2019,0,0,0,0,0,0,0,2a,2e,0
11503,2020,0,0,0,0,0,0,0,2a,2e,0
11503,2021,0,0,0,0,0,0,0,2a,2e,0
11503,2022,0,0,0,0,0,0,0,2a,2e,0
11503,2023,0,0,0,0,0,0,0,2a,2e,0
11674,2012,1283,178,0,0,0,0,0,3c,3c,1
11674,2013,1283,178,0,0,0,0,0,3c,3c,1
11674,2014,1283,178,0,0,0,0,0,3c,3c,1
11674,2015,1283,178,0,0,0,0,0,3c,3c,1
11674,2016,1283,178,0,0,0,0,0,3c,3c,1
11674,2017,1283,178,0,0,0,0,0,3c,3c,1
11674,2018,1283,178,0,0,0,0,0,3c,3c,1
11674,2019,1283,178,0,0,0,0,0,3c,3c,1
11674,2020,1283,178,0,0,0,0,0,3c,3c,1
11674,2021,1283,178,0,0,0,0,0,3c,3c,1
11674,2022,1283,178,0,0,0,0,0,3c,3c,1
11674,2023,1283,178,0,0,0,0,0,3c,3c,1
11504,2012,1837,410,265,0,874,0,0,1,1,1
11504,2013,1852,410,265,0,874,0,0,1,1,1
11504,2014,1852,410,265,0,874,250,0,3a,3a,1
11504,2015,1852,410,265,0,874,500,0,1,1,1
11504,2016,1852,410,265,0,874,500,0,1,1,1
11504,2017,1852,410,265,0,874,500,0,1,1,1
11504,2018,1997,456,137,13,435,844,0,1,1,1
11504,2019,1997,456,137,13,435,844,0,1,1,1
11504,2020,1997,456,137,13,435,844,0,1,1,1
11504,2021,1997,456,137,13,435,844,0,1,1,1
11504,2022,2133,319,125,32,607,692,0,1,1,1
11504,2023,2133,319,125,32,607,692,0,1,1,1
11888,2012,0,0,160,147,67,25,0,2c,3b,0
11888,2013,0,0,160,147,67,25,0,2c,3b,0
11888,2014,0,0,160,147,67,25,0,2a,3b,0
11888,2015,0,0,160,147,67,25,0,2a,3b,0
11888,2016,0,0,160,147,67,25,0,2a,3b,0
11888,2017,0,0,160,147,67,25,0,2a,3b,0
11888,2018,0,0,160,147,67,25,0,2a,3b,0
11888,2019,0,0,160,147,67,25,0,2a,3b,0
11888,2020,0,0,160,147,67,25,0,2a,3b,0
11888,2021,0,0,0,0,0,0,0,2a,2a,0
11888,2022,0,0,0,0,0,0,0,2a,2a,0
11888,2023,0,0,0,0,0,0,0,2a,2a,0
11505,2012,0,12,8,0,0,0,0,1,1,0
11505,2013,0,0,0,0,0,0,0,2a,2a,0
11505,2014,0,0,0,0,0,0,0,2a,2a,0
11505,2015,0,0,0,0,0,0,0,2a,2a,0
11505,2016,0,0,0,0,0,0,0,2a,2a,0
11505,2017,0,0,0,0,0,0,0,2a,2a,0
11505,2018,0,0,0,0,0,0,0,2a,2a,0
11505,2019,0,0,0,0,0,0,0,2a,2a,0
11505,2020,0,0,0,0,0,0,0,2a,2a,0
11505,2021,0,0,0,0,0,0,0,2a,2a,0
11505,2022,0,0,0,0,0,0,0,2a,2a,0
11505,2023,0,0,0,0,0,0,0,2a,2a,0
11506,2012,1230,250,0,0,0,0,0,1,1,1
11506,2013,1230,250,0,0,0,0,0,1,1,1
11506,2014,1230,250,0,0,0,0,0,1,1,1
11506,2015,1230,250,0,0,0,0,0,1,1,1
11506,2016,1230,125,0,0,0,0,0,1,1,1
11506,2017,1402,150,880,0,0,0,0,1,1,1
11506,2018,1380,131,0,0,0,0,0,1,1,1
11506,2019,1334,181,0,0,0,0,0,1,1,1
11506,2020,1310,131,0,0,0,0,0,1,1,1
11506,2021,1285,120,0,0,0,0,0,1,1,1
11506,2022,1290,135,0,0,0,0,0,1,1,1
11506,2023,1292,138,0,0,0,0,0,1,1,1
11507,2012,1650,175,562,188,564,186,0,1,1,1
11507,2013,1650,175,562,188,564,186,0,1,1,1
11507,2014,1650,175,562,188,564,186,0,1,1,1
11507,2015,1650,175,562,188,564,186,0,1,1,1
11507,2016,1650,175,562,188,564,186,0,1,1,1
11507,2017,1650,175,562,188,564,186,0,1,1,1
11507,2018,1650,175,562,188,564,186,0,1,1,1
11507,2019,1650,175,562,188,564,186,0,1,1,1
11507,2020,1650,175,562,188,564,186,0,1,1,1
11507,2021,1650,175,666,462,564,294,0,3a,3a,1
11507,2022,1650,175,769,736,564,402,0,1,1,1
11507,2023,1650,175,769,736,564,402,0,1,1,1
11508,2012,2100,250,1000,500,300,0,0,1,1,1
11508,2013,2100,250,1000,500,300,0,0,1,1,1
11508,2014,2100,250,1000,500,300,0,0,1,1,1
11508,2015,1030,199,150,160,175,130,0,1,1,1
11508,2016,2100,250,1000,500,300,0,0,1,1,1
11508,2017,2100,250,1000,500,300,0,0,1,1,1
11508,2018,2100,250,1000,500,300,0,0,1,1,1
11508,2019,2100,250,1000,500,300,0,0,1,1,1
11508,2020,2100,250,1000,500,300,350,0,1,1,1
11508,2021,2100,250,1000,500,300,350,0,1,1,1
11508,2022,2100,250,1000,500,300,350,0,1,1,1
11508,2023,2100,250,1000,500,300,350,0,1,1,1
11509,2012,130,40,140,0,0,100,0,1,1,1
11509,2013,120,40,140,0,0,100,0,1,1,1
11509,2014,66,25,30,0,0,70,0,1,1,1
11509,2015,70,25,35,0,0,75,0,1,1,1
11509,2016,60,40,23,5,8,45,0,3a,3a,1
11509,2017,50,54,10,10,15,15,0,1,1,1
11509,2018,0,54,8,24,12,12,0,2b,3a,0
11509,2019,0,54,6,38,9,9,0,2b,3a,0
11509,2020,0,55,4,52,6,6,0,2b,3a,0
11509,2021,0,55,2,66,3,3,0,2b,3a,0
11509,2022,0,55,0,80,0,0,0,1,1,0
11509,2023,0,55,0,80,0,0,0,2c,3a,0
12039,2019,0,0,2000,0,1000,0,0,1,1,0
12039,2020,0,0,1960,0,980,0,0,1,1,0
12039,2021,0,0,1930,0,965,0,0,1,1,0
12039,2022,0,0,1912,0,953,0,0,1,1,0
12039,2023,0,0,1903,0,947,0,0,1,1,0
11510,2012,0,0,0,0,0,0,0,1,1,0
11510,2013,0,0,0,0,0,0,0,2a,2a,0
11510,2014,0,0,0,0,0,0,0,2a,2a,0
11510,2015,0,0,0,0,0,0,0,2a,2a,0
11510,2016,0,0,0,0,0,0,0,2a,2a,0
11510,2017,0,0,0,0,0,0,0,2a,2a,0
11510,2018,0,0,0,0,0,0,0,2a,2a,0
11510,2019,0,0,0,0,0,0,0,2a,2a,0
11510,2020,0,0,0,0,0,0,0,2a,2a,0
11510,2021,0,0,0,0,0,0,0,2a,2a,0
11510,2022,0,0,0,0,0,0,0,2a,2a,0
11510,2023,0,0,0,0,0,0,0,2a,2a,0
11511,2012,2261,345,679,849,454,473,0,1,1,1
11511,2013,2275,390,728,886,344,446,0,1,1,1
11511,2014,2275,390,728,886,344,446,0,1,1,1
11511,2015,2258,395,718,845,354,435,0,1,1,1
11511,2016,2144,305,643,735,335,395,0,1,1,1
11511,2017,2144,305,643,735,335,395,0,1,1,1
11511,2018,0,0,662,1094,0,0,0,1,1,0
11511,2019,0,0,662,1094,0,0,0,1,1,0
11511,2020,0,0,0,0,0,0,0,1,1,0
11511,2021,0,0,0,0,0,0,0,1,1,0
11511,2022,0,0,0,0,0,0,0,2b,2b,0
11511,2023,0,0,0,0,0,0,0,2b,2b,0
11512,2012,264,519,274,23,57,57,0,3a,3a,1
11512,2013,175,550,300,0,0,0,0,1,1,1
11512,2014,0,0,0,0,0,0,0,1,1,0
11512,2015,0,0,0,0,0,0,0,1,1,0
11512,2016,520,80,60,100,80,60,0,1,1,1
11512,2017,510,75,55,95,75,55,0,1,1,1
11512,2018,0,0,800,600,0,0,0,1,1,0
11512,2019,0,0,925,675,0,0,0,1,1,0
11512,2020,0,0,935,680,0,0,0,1,1,0
11512,2021,0,0,930,685,0,0,0,1,1,0
11512,2022,0,0,945,660,0,0,0,1,1,0
11512,2023,0,0,960,680,0,0,0,1,1,0
11513,2012,1845,464,0,0,0,200,0,1,1,1
11513,2013,1840,464,0,0,0,1000,0,1,1,1
11513,2014,1840,464,0,0,0,1000,0,1,1,1
11513,2015,1840,464,750,0,500,500,0,1,1,1
11513,2016,1840,464,750,0,500,500,0,1,1,1
11513,2017,1840,464,750,0,500,500,0,1,1,1
11513,2018,1840,464,750,0,500,500,0,1,1,1
11513,2019,1840,464,750,0,500,500,0,1,1,1
11513,2020,1840,464,750,0,500,500,0,1,1,1
11513,2021,1840,464,750,0,500,500,0,1,1,1
11513,2022,1840,464,750,0,500,500,0,1,1,1
11513,2023,1840,464,750,0,500,500,0,1,1,1
11514,2012,1325,250,160,160,265,175,0,1,1,1
11514,2013,1325,250,160,160,265,175,0,1,1,1
11514,2014,1030,199,150,160,175,130,0,1,1,1
11514,2015,2100,250,1000,500,300,0,0,1,1,1
11514,2016,2100,250,1000,500,300,0,0,1,1,1
11514,2017,2100,250,1000,500,300,0,0,1,1,1
11514,2018,1200,200,200,300,250,200,0,1,1,1
11514,2019,1100,185,121,195,144,194,0,1,1,1
11514,2020,1100,185,121,195,144,194,0,1,1,1
11514,2021,1100,185,120,195,144,194,0,1,1,1
11514,2022,1100,185,120,195,144,194,0,1,1,1
11514,2023,1100,185,120,195,144,194,0,1,1,1
11515,2012,294,40,120,65,40,50,0,1,1,1
11515,2013,400,50,80,60,55,60,0,1,1,1
11515,2014,400,80,50,40,70,80,0,1,1,1
11515,2015,380,40,50,30,50,40,0,1,1,1
11515,2016,400,50,0,0,80,70,0,1,1,1
11515,2017,375,48,0,0,85,72,0,1,1,1
11515,2018,330,0,50,65,50,40,0,1,1,1
11515,2019,332,0,65,55,45,45,0,1,1,1
11515,2020,315,15,70,60,50,55,0,1,1,1
11515,2021,310,20,65,68,52,63,0,1,1,1
11515,2022,315,19,70,72,50,60,0,1,1,1
11515,2023,321,13,81,69,54,62,0,1,1,1
11516,2012,600,80,150,120,80,85,0,3a,3a,1
11516,2013,0,0,0,0,0,0,0,1,1,0
11516,2014,0,0,0,0,0,0,0,1,1,0
11516,2015,0,0,0,0,0,0,0,1,1,0
11516,2016,0,0,0,0,0,0,0,1,1,0
11516,2017,0,178,90,0,0,0,0,1,1,0
11516,2018,0,189,95,0,0,0,0,1,1,0
11516,2019,0,198,91,0,0,0,0,1,1,0
11516,2020,0,192,87,0,0,0,0,1,1,0
11516,2021,0,287,129,0,0,0,0,1,1,0
11516,2022,0,206,183,0,0,0,0,1,1,0
11516,2023,0,140,106,0,0,0,0,1,1,0
11517,2012,1215,259,25,0,0,0,0,1,1,1
11517,2013,1243,259,25,0,0,0,0,1,1,1
11517,2014,1243,259,15,0,0,0,0,1,1,1
11517,2015,1243,259,15,0,0,0,0,3a,3a,1
11517,2016,1243,259,15,0,0,0,0,1,1,1
11517,2017,1243,259,15,0,0,0,0,1,1,1
11517,2018,1243,259,15,0,0,0,0,1,1,1
11517,2019,1243,259,15,0,0,0,0,1,1,1
11517,2020,1243,259,15,0,0,0,0,1,1,1
11517,2021,1243,259,15,0,0,0,0,1,1,1
11517,2022,1282,210,0,0,0,0,0,1,1,1
11517,2023,1282,210,0,0,0,0,0,1,1,1
11518,2012,860,30,0,0,40,0,0,1,1,1
11518,2013,860,30,0,0,40,0,0,1,1,1
11518,2014,860,32,0,0,40,0,0,1,1,1
11518,2015,862,29,20,0,35,0,0,1,1,1
11518,2016,853,28,22,0,31,0,0,1,1,1
11518,2017,856,30,20,0,30,0,0,1,1,1
11518,2018,862,29,20,0,35,0,0,1,1,1
11518,2019,839,31,20,0,30,0,0,1,1,1
11518,2020,844,30,20,0,30,0,0,1,1,1
11518,2021,832,29,20,0,30,0,0,1,1,1
11518,2022,832,29,20,0,30,0,0,1,1,1
11518,2023,835,27,18,0,28,0,0,1,1,1
11519,2012,610,85,130,120,60,60,0,1,1,1
11519,2013,610,85,130,120,60,60,0,1,1,1
11519,2014,610,85,130,12,60,60,0,1,1,1
11519,2015,610,85,130,12,60,60,0,1,1,1
11519,2016,610,85,130,12,60,60,0,1,1,1
11519,2017,690,75,130,120,30,0,0,1,1,1
11519,2018,740,90,190,100,25,0,0,1,1,1
11519,2019,740,90,190,100,25,0,0,1,1,1
11519,2020,740,90,190,100,25,0,0,1,1,1
11519,2021,740,90,190,100,25,0,0,1,1,1
11519,2022,740,90,190,100,25,0,0,1,1,1
11519,2023,740,90,190,100,25,0,0,1,1,1
11520,2012,490,50,75,140,180,120,0,1,1,1
11520,2013,490,85,0,140,0,175,0,1,1,1
11520,2014,510,100,200,130,0,180,0,1,1,1
11520,2015,500,0,250,100,0,0,0,1,1,1
11520,2016,0,0,0,0,0,0,0,1,1,0
11520,2017,0,0,356,356,0,0,0,1,1,0
11520,2018,0,0,250,250,0,0,0,1,1,0
11520,2019,0,0,250,250,0,0,0,1,1,0
11520,2020,0,0,250,250,0,0,0,1,1,0
11520,2021,0,0,250,250,0,0,0,1,1,0
11520,2022,0,0,250,250,0,0,0,1,1,0
11520,2023,0,0,250,250,0,0,0,1,1,0
11521,2012,350,0,0,250,0,0,0,1,1,1
11521,2013,350,0,0,250,0,0,0,1,1,1
11521,2014,250,50,100,100,100,0,0,1,1,1
11521,2015,250,50,10,10,0,0,0,1,1,1
11521,2016,0,0,0,0,0,0,0,1,1,0
11521,2017,0,0,0,0,0,0,0,1,1,0
11521,2018,0,0,0,1000,0,0,0,1,1,0
11521,2019,0,0,0,0,0,0,0,1,1,0
11521,2020,0,0,0,0,0,0,0,1,1,0
11521,2021,0,0,500,300,0,0,0,1,1,0
11521,2022,0,0,500,300,0,0,0,1,1,0
11521,2023,0,0,500,300,0,0,0,1,1,0
11522,2012,1150,250,50,0,0,0,0,1,1,1
11522,2013,1150,250,50,0,0,0,0,1,1,1
11522,2014,1200,200,0,0,0,0,0,1,1,1
11522,2015,1200,180,30,0,0,0,0,1,1,1
11522,2016,1200,180,30,0,0,0,0,1,1,1
11522,2017,1200,180,30,0,0,0,0,1,1,1
11522,2018,1200,180,30,0,0,0,0,1,1,1
11522,2019,1200,180,30,0,0,0,0,1,1,1
11522,2020,1200,180,30,0,0,0,0,1,1,1
11522,2021,1200,180,20,0,0,0,0,1,1,1
11522,2022,1200,180,20,0,0,0,0,1,1,1
11522,2023,1200,180,20,0,0,0,0,1,1,1
11523,2012,4800,800,1300,1500,1000,800,0,3a,3a,1
11523,2013,4800,800,1300,1500,1000,800,0,3a,3a,1
11523,2014,4800,800,1300,1500,1000,800,0,1,1,1
11523,2015,4800,800,1250,1600,1000,800,0,1,1,1
11523,2016,4800,800,1250,1600,1000,800,0,1,1,1
11523,2017,4800,720,690,650,1250,1150,0,1,1,1
11523,2018,4800,720,690,650,1250,1150,0,1,1,1
11523,2019,4800,720,690,650,1250,1150,0,1,1,1
11523,2020,4800,720,1250,1380,610,770,0,1,1,1
11523,2021,4780,710,1000,910,890,974,0,1,1,1
11523,2022,4790,700,1065,930,910,988,0,1,1,1
11523,2023,4795,705,1045,955,890,995,0,1,1,1
11524,2012,1453,216,400,400,128,408,0,1,1,1
11524,2013,320,0,300,0,0,0,0,1,1,1
11524,2014,1400,230,375,550,206,0,0,1,1,1
11524,2015,1400,230,375,550,206,0,0,1,1,1
11524,2016,1400,230,375,550,206,0,0,1,1,1
11524,2017,1400,230,375,550,206,0,0,1,1,1
11524,2018,1400,230,375,550,206,0,0,1,1,1
11524,2019,1400,230,375,550,206,0,0,1,1,1
11524,2020,1400,230,375,550,206,0,0,1,1,1
11524,2021,1575,350,850,550,145,0,0,1,1,1
11524,2022,1575,350,850,550,145,0,0,1,1,1
11524,2023,1575,350,850,550,145,0,0,1,1,1
11525,2012,1025,250,250,0,500,500,0,1,1,1
11525,2013,1025,250,250,0,500,500,0,1,1,1
11525,2014,1025,250,250,0,500,500,0,1,1,1
11525,2015,1025,250,250,0,500,500,0,3a,3a,1
11525,2016,1025,250,250,0,500,500,0,1,1,1
11525,2017,1025,250,250,0,500,500,0,1,1,1
11525,2018,1025,250,250,0,500,500,0,1,1,1
11525,2019,1025,250,250,0,500,500,0,1,1,1
11525,2020,1025,250,250,0,500,500,0,1,1,1
11525,2021,1025,250,250,0,500,500,0,1,1,1
11525,2022,1025,250,250,0,500,500,0,1,1,1
11525,2023,1025,250,250,0,500,500,0,1,1,1
11526,2012,0,0,0,0,0,0,0,1,1,0
11526,2013,0,0,0,0,0,0,0,1,1,0
11526,2014,0,40,190,0,0,0,0,1,1,0
11526,2015,0,40,190,0,0,0,0,1,1,0
11526,2016,0,40,190,0,0,0,0,1,1,0
11526,2017,0,0,0,0,0,0,0,1,1,0
11526,2018,0,0,0,0,0,0,0,1,1,0
11526,2019,0,0,0,0,0,0,0,1,1,0
11526,2020,0,0,0,0,0,0,0,1,1,0
11526,2021,0,0,0,0,0,0,0,1,1,0
11526,2022,0,0,0,0,0,0,0,1,1,0
11526,2023,0,0,0,0,0,0,0,1,1,0
11527,2012,2200,450,920,736,276,276,0,1,1,1
11527,2013,2350,350,920,730,276,276,0,1,1,1
11527,2014,2450,400,920,730,276,276,0,1,1,1
11527,2015,2447,396,920,730,276,276,0,1,1,1
11527,2016,2431,382,915,733,270,271,0,1,1,1
11527,2017,2426,383,912,730,272,268,0,1,1,1
11527,2018,2457,362,912,730,272,268,0,1,1,1
11527,2019,2052,308,912,730,272,268,0,1,1,1
11527,2020,2050,305,910,730,272,268,0,1,1,1
11527,2021,2032,301,902,725,269,255,0,1,1,1
11527,2022,2025,298,905,719,273,258,0,1,1,1
11527,2023,2020,295,900,715,270,255,0,1,1,1
11528,2012,719,108,300,225,100,101,0,3a,3a,1
11528,2013,719,108,300,225,100,101,0,1,1,1
11528,2014,739,91,370,280,140,105,0,1,1,1
11528,2015,742,89,369,275,135,105,0,1,1,1
11528,2016,735,84,362,271,131,101,0,1,1,1
11528,2017,742,88,365,279,140,110,0,1,1,1
11528,2018,750,95,370,275,145,115,0,1,1,1
11528,2019,765,90,375,280,150,120,0,1,1,1
11528,2020,770,95,380,285,155,125,0,1,1,1
11528,2021,762,93,377,282,151,120,0,1,1,1
11528,2022,765,90,382,278,146,125,0,1,1,1
11528,2023,768,92,384,280,148,127,0,1,1,1
11686,2012,3425,625,1545,1106,646,403,0,3b,3b,1
11686,2013,3425,625,1545,1106,646,403,0,3b,3b,1
11686,2014,3425,625,1545,1106,646,403,0,3b,3b,1
11686,2015,3425,625,1545,1106,646,403,0,3b,3b,1
11686,2016,3425,625,1545,1106,646,403,0,3b,3b,1
11686,2017,3425,625,1545,1106,646,403,0,3b,3b,1
11686,2018,3425,625,1545,1106,646,403,0,3b,3b,1
11686,2019,3425,625,1545,1106,646,403,0,3b,3b,1
11686,2020,3425,625,1545,1106,646,403,0,3b,3b,1
11686,2021,3425,625,1545,1106,646,403,0,3b,3b,1
11686,2022,3425,625,1545,1106,646,403,0,3b,3b,1
11686,2023,3425,625,1545,1106,646,403,0,3b,3b,1
11819,2019,0,0,660,900,100,0,80,1,1,0
11819,2020,0,0,1000,1300,0,0,0,1,1,0
11819,2021,0,0,950,1275,0,0,0,1,1,0
11819,2022,0,0,925,1245,0,0,0,1,1,0
11819,2023,0,0,905,1225,0,0,0,1,1,0
11889,2012,0,0,0,0,0,0,0,2e,3g,0
11889,2013,0,0,0,0,0,0,0,2e,3g,0
11889,2014,0,0,0,0,0,0,0,2e,3g,0
11889,2015,0,0,0,0,0,0,0,2e,3g,0
11889,2016,0,0,0,0,0,0,0,2e,3g,0
11889,2017,0,0,0,0,0,0,0,2e,3g,0
11889,2018,0,0,0,0,0,0,0,2e,3g,0
11889,2019,0,0,0,0,0,0,0,2e,3g,0
11889,2020,0,0,0,0,0,0,0,2e,3g,0
11889,2021,0,0,0,0,0,0,0,2e,3g,0
11889,2022,0,0,0,0,0,0,0,2e,3g,0
11889,2023,0,0,0,0,0,0,0,2e,3g,0
11529,2012,1270,200,460,440,140,0,0,1,1,1
11529,2013,1250,200,460,440,140,0,0,1,1,1
11529,2014,1250,200,460,440,140,0,0,1,1,1
11529,2015,1250,200,460,440,140,0,0,1,1,1
11529,2016,1250,200,460,440,140,0,0,1,1,1
11529,2017,1250,200,460,440,140,0,0,1,1,1
11529,2018,1250,200,460,440,140,0,0,1,1,1
11529,2019,1250,200,460,440,140,0,0,1,1,1
11529,2020,1250,200,460,440,140,0,0,1,1,1
11529,2021,1325,200,400,600,200,0,0,1,1,1
11529,2022,1325,200,400,600,200,0,0,1,1,1
11529,2023,1325,200,400,600,200,0,0,1,1,1
11530,2012,2850,400,924,928,348,0,0,1,1,1
11530,2013,2850,400,924,928,348,0,0,1,1,1
11530,2014,2900,400,924,928,348,0,0,1,1,1
11530,2015,2900,400,924,928,348,0,0,1,1,1
11530,2016,2900,400,924,928,348,0,0,1,1,1
11530,2017,2900,400,924,928,348,0,0,1,1,1
11530,2018,2900,400,924,928,348,0,0,1,1,1
11530,2019,2900,400,924,928,348,0,0,1,1,1
11530,2020,2940,380,924,928,348,0,0,1,1,1
11530,2021,2910,400,924,928,348,0,0,1,1,1
11530,2022,2940,395,924,928,348,0,0,1,1,1
11530,2023,2960,385,924,928,348,0,0,1,1,1
11531,2012,850,0,0,0,0,0,0,1,1,1
11531,2013,2650,0,0,0,300,200,0,1,1,1
11531,2014,4285,600,480,150,450,200,0,1,1,1
11531,2015,4285,600,480,150,450,200,0,1,1,1
11531,2016,4285,600,480,150,450,200,0,1,1,1
11531,2017,3842,527,300,877,0,0,0,1,1,1
11531,2018,3842,527,300,877,0,0,0,1,1,1
11531,2019,3230,0,2,974,0,52,0,1,1,1
11531,2020,3505,10,4,772,0,0,0,1,1,1
11531,2021,3680,0,250,851,0,0,0,1,1,1
11531,2022,3692,0,0,866,404,0,0,1,1,1
11531,2023,3692,0,0,866,404,0,0,1,1,1
11532,2012,2100,300,200,0,350,0,0,1,1,1
11532,2013,2100,300,150,0,350,0,0,1,1,1
11532,2014,2100,300,150,0,350,0,0,1,1,1
11532,2015,2100,300,150,0,350,0,0,1,1,1
11532,2016,2100,300,150,0,350,0,0,1,1,1
11532,2017,2100,300,150,0,350,0,0,1,1,1
11532,2018,2100,300,150,0,350,0,0,1,1,1
11532,2019,2100,300,150,0,350,0,0,1,1,1
11532,2020,2100,300,150,0,350,0,0,1,1,1
11532,2021,2100,300,150,0,350,0,0,1,1,1
11532,2022,2100,300,150,0,350,0,0,1,1,1
11532,2023,2100,300,150,0,350,0,0,1,1,1
11533,2012,1840,260,775,250,240,385,0,1,1,1
11533,2013,1840,260,775,250,240,385,0,1,1,1
11533,2014,1840,260,775,250,240,385,0,1,1,1
11533,2015,1840,260,775,250,240,385,0,1,1,1
11533,2016,1840,260,775,250,240,385,0,1,1,1
11533,2017,1840,260,775,250,240,385,0,1,1,1
11533,2018,2050,300,600,420,180,300,0,1,1,1
11533,2019,2050,300,600,420,180,300,0,1,1,1
11533,2020,2050,300,600,420,180,300,0,1,1,1
11533,2021,2050,300,600,420,180,300,0,1,1,1
11533,2022,2050,300,600,420,180,300,0,1,1,1
11533,2023,2050,300,600,420,180,300,0,1,1,1
11534,2012,1550,250,380,680,315,200,0,1,1,1
11534,2013,1550,250,380,680,315,200,0,1,1,1
11534,2014,1550,250,380,680,315,200,0,1,1,1
11534,2015,1550,250,380,680,315,200,0,1,1,1
11534,2016,1993,264,1176,680,476,200,0,1,1,1
11534,2017,2000,250,1176,680,476,200,0,1,1,1
11534,2018,2766,413,1592,828,528,248,0,1,1,1
11534,2019,3000,200,797,800,400,400,0,1,1,1
11534,2020,3000,200,797,800,400,400,0,1,1,1
11534,2021,3000,200,797,800,400,400,0,1,1,1
11534,2022,3000,200,211,834,403,353,0,1,1,1
11534,2023,3000,200,211,834,403,0,0,1,1,1
11535,2012,2144,302,0,0,0,3788,0,1,1,1
11535,2013,0,0,0,0,0,0,0,2a,2e,0
11535,2014,0,0,4327,3236,2952,5152,0,2c,3a,0
11535,2015,0,0,4327,3236,2952,5152,0,2c,3a,0
11535,2016,0,0,4327,3236,2952,5152,0,2c,3a,0
11535,2017,0,0,4327,3236,2952,5152,0,2c,3a,0
11535,2018,0,0,4327,3236,2952,5152,0,2c,3a,0
11535,2019,0,0,4327,3236,2952,5152,0,1,1,0
11535,2020,0,0,4327,3236,2952,5152,0,1,1,0
11535,2021,0,0,4237,3236,2959,5152,0,1,1,0
11535,2022,0,0,1751,2723,2155,5653,0,1,1,0
11535,2023,0,0,2853,2761,5083,8022,0,1,1,0
11536,2012,1259,189,300,350,49,0,0,1,1,1
11536,2013,1347,204,754,655,0,20,0,1,1,1
11536,2014,1370,250,300,150,0,0,0,1,1,1
11536,2015,1370,250,300,150,0,0,0,1,1,1
11536,2016,1370,250,300,150,0,0,0,1,1,1
11536,2017,1370,250,300,150,0,0,0,1,1,1
11536,2018,1000,150,200,450,550,0,0,1,1,1
11536,2019,2110,190,277,1943,1250,0,0,1,1,1
11536,2020,2500,400,1500,2500,1000,0,0,1,1,1
11536,2021,3500,500,1500,2500,1000,0,0,1,1,1
11536,2022,4500,750,1500,2500,1000,0,0,1,1,1
11536,2023,4500,750,1500,2500,1000,0,0,1,1,1
11537,2012,1100,200,400,400,0,0,0,1,1,1
11537,2013,1200,200,300,175,175,0,0,1,1,1
11537,2014,1250,200,300,150,150,0,0,1,1,1
11537,2015,1120,168,325,265,200,0,0,1,1,1
11537,2016,1106,165,318,262,195,0,0,1,1,1
11537,2017,1110,150,320,260,190,0,0,1,1,1
11537,2018,1120,165,321,276,227,0,0,1,1,1
11537,2019,1120,165,321,276,227,0,0,1,1,1
11537,2020,1095,152,315,270,225,0,0,1,1,1
11537,2021,1100,145,308,268,228,0,0,1,1,1
11537,2022,1085,148,305,270,230,0,0,1,1,1
11537,2023,1090,150,310,275,235,0,0,1,1,1
11538,2012,2400,375,1150,1150,190,0,0,1,1,1
11538,2013,2400,375,1150,1150,190,0,0,1,1,1
11538,2014,2400,375,1150,1150,190,0,0,1,1,1
11538,2015,2400,375,1150,1150,190,0,0,1,1,1
11538,2016,2400,375,1150,1150,190,0,0,1,1,1
11538,2017,2400,375,580,0,190,0,0,1,1,1
11538,2018,2400,375,580,0,190,0,0,1,1,1
11538,2019,2588,379,428,672,200,0,0,1,1,1
11538,2020,2600,350,400,650,200,0,0,1,1,1
11538,2021,2490,365,400,650,200,0,0,1,1,1
11538,2022,2515,354,390,650,190,0,0,1,1,1
11538,2023,2525,366,390,650,190,0,0,1,1,1
11539,2012,3376,505,50,0,0,300,0,3a,3a,1
11539,2013,3376,505,50,0,0,300,0,3a,3a,1
11539,2014,3376,505,50,0,0,300,0,1,1,1
11539,2015,3000,450,150,0,0,400,0,1,1,1
11539,2016,3150,350,200,0,0,400,0,1,1,1
11539,2017,3200,350,250,0,0,500,0,1,1,1
11539,2018,2500,412,0,0,0,108,0,1,1,1
11539,2019,1850,325,0,0,0,80,0,1,1,1
11539,2020,0,0,0,0,39,0,0,1,1,0
11539,2021,0,0,0,0,2898,0,0,1,1,0
11539,2022,0,0,0,0,2465,0,0,1,1,0
11539,2023,0,0,0,0,3104,0,0,1,1,0
11540,2012,1400,157,400,490,230,240,0,1,1,1
11540,2013,1380,155,400,485,230,240,0,1,1,1
11540,2014,1375,155,400,485,230,240,0,1,1,1
11540,2015,1382,153,400,485,230,240,0,1,1,1
11540,2016,1371,148,395,478,224,231,0,1,1,1
11540,2017,1368,132,385,469,221,224,0,1,1,1
11540,2018,1328,140,385,469,221,224,0,1,1,1
11540,2019,1290,120,360,450,220,210,0,1,1,1
11540,2020,1300,100,345,460,200,215,0,1,1,1
11540,2021,1350,125,320,450,250,210,0,1,1,1
11540,2022,1300,120,310,440,240,200,0,1,1,1
11540,2023,1315,125,315,450,250,205,0,1,1,1
11541,2012,750,180,140,250,220,120,0,1,1,1
11541,2013,750,180,140,250,220,120,0,1,1,1
11541,2014,750,120,140,250,220,120,0,1,1,1
11541,2015,750,120,140,250,220,120,0,1,1,1
11541,2016,750,120,140,250,220,120,0,1,1,1
11541,2017,770,100,140,250,220,120,0,1,1,1
11541,2018,770,100,140,250,220,120,0,1,1,1
11541,2019,770,100,140,250,220,120,0,1,1,1
11541,2020,769,105,227,198,109,120,0,1,1,1
11541,2021,775,100,220,200,100,125,0,1,1,1
11541,2022,780,90,216,204,101,122,0,1,1,1
11541,2023,773,85,218,200,97,130,0,1,1,1
11542,2012,625,100,165,90,150,0,0,1,1,1
11542,2013,625,100,165,90,150,0,0,1,1,1
11542,2014,625,100,165,120,150,0,0,3a,3a,1
11542,2015,625,100,165,150,150,0,0,1,1,1
11542,2016,625,100,165,150,150,0,0,1,1,1
11542,2017,850,0,0,40,0,0,0,1,1,1
11542,2018,870,0,350,350,50,0,0,1,1,1
11542,2019,870,0,350,350,50,0,0,1,1,1
11542,2020,895,0,300,450,0,0,0,1,1,1
11542,2021,860,100,250,250,0,0,0,1,1,1
11542,2022,826,140,190,235,110,0,0,1,1,1
11542,2023,826,140,190,235,110,0,0,1,1,1
11543,2012,1320,195,290,310,230,190,0,1,1,1
11543,2013,1400,120,300,295,210,200,0,1,1,1
11543,2014,1400,120,300,295,210,200,0,1,1,1
11543,2015,1400,120,200,295,210,200,0,1,1,1
11543,2016,1400,120,200,295,210,200,0,1,1,1
11543,2017,1400,120,200,295,210,200,0,1,1,1
11543,2018,1400,120,200,295,210,200,0,1,1,1
11543,2019,1400,120,200,295,210,200,0,1,1,1
11543,2020,1400,120,200,295,210,200,0,1,1,1
11543,2021,1400,120,300,295,210,200,0,1,1,1
11543,2022,1400,120,375,295,210,200,0,1,1,1
11543,2023,1400,120,375,295,210,200,0,1,1,1
11544,2012,2900,400,296,0,374,0,0,3a,3a,1
11544,2013,2900,400,296,0,374,0,0,3a,3a,1
11544,2014,2900,400,296,0,374,0,0,1,1,1
11544,2015,2988,402,300,0,0,0,0,1,1,1
11544,2016,2988,402,300,0,0,0,0,1,1,1
11544,2017,2970,400,296,0,0,0,0,1,1,1
11544,2018,2726,300,350,0,0,0,0,1,1,1
11544,2019,2726,300,350,0,0,0,0,1,1,1
11544,2020,2686,290,550,0,0,0,0,1,1,1
11544,2021,2711,285,850,650,475,0,0,1,1,1
11544,2022,2719,291,842,653,475,0,0,1,1,1
11544,2023,2713,288,813,663,488,0,0,1,1,1
11545,2012,0,0,0,0,0,0,0,2a,2a,0
11545,2013,0,0,0,0,0,0,0,2a,2a,0
11545,2014,0,0,0,0,0,0,0,2a,2a,0
11545,2015,0,0,0,0,0,0,0,2a,2a,0
11545,2016,2200,285,0,0,0,0,0,1,1,1
11545,2017,2400,300,800,800,400,200,0,1,1,1
11545,2018,2500,300,775,775,775,290,0,1,1,1
11545,2019,2570,291,575,575,575,575,0,1,1,1
11545,2020,2230,303,653,829,329,219,0,1,1,1
11545,2021,1700,200,0,300,300,300,0,1,1,1
11545,2022,525,110,0,100,200,100,0,1,1,1
11545,2023,32,0,15,25,14,0,0,1,1,1
11546,2012,1498,754,228,0,235,414,0,1,1,1
11546,2013,1582,780,210,0,220,400,0,1,1,1
11546,2014,1590,785,200,0,210,392,0,1,1,1
11546,2015,1574,630,187,0,167,380,0,1,1,1
11546,2016,1821,706,0,0,100,492,0,1,1,1
11546,2017,1853,700,0,0,0,589,0,1,1,1
11546,2018,2065,470,0,0,0,646,0,1,1,1
11546,2019,2054,233,0,0,0,555,0,1,1,1
11546,2020,2105,309,0,0,0,322,0,1,1,1
11546,2021,2112,302,0,0,0,322,0,1,1,1
11546,2022,2122,305,0,0,0,112,0,1,1,1
11546,2023,2108,301,0,0,0,118,0,1,1,1
11547,2012,2050,420,100,0,0,0,0,1,1,1
11547,2013,2050,420,0,600,0,0,0,1,1,1
11547,2014,2050,420,0,600,0,0,0,1,1,1
11547,2015,2050,420,0,600,0,0,0,1,1,1
11547,2016,2050,420,0,600,0,0,0,1,1,1
11547,2017,2050,420,0,600,0,0,0,1,1,1
11547,2018,1950,470,100,500,450,0,0,1,1,1
11547,2019,1950,470,100,500,450,0,0,1,1,1
11547,2020,1950,470,100,500,450,0,0,1,1,1
11547,2021,1950,470,100,350,400,0,0,1,1,1
11547,2022,1950,470,100,350,400,0,0,1,1,1
11547,2023,1950,470,100,350,400,0,0,1,1,1
11548,2012,1612,175,50,463,186,300,0,3a,3a,1
11548,2013,1320,170,30,370,150,325,0,1,1,1
11548,2014,1612,175,50,463,186,300,0,1,1,1
11548,2015,1612,175,50,463,186,300,0,1,1,1
11548,2016,1612,175,50,463,186,300,0,1,1,1
11548,2017,1612,175,50,463,186,300,0,1,1,1
11548,2018,1612,175,50,463,186,300,0,1,1,1
11548,2019,1612,175,50,463,186,300,0,1,1,1
11548,2020,1680,220,450,475,200,325,0,1,1,1
11548,2021,1680,220,450,475,200,200,0,1,1,1
11548,2022,1680,220,450,475,200,325,0,1,1,1
11548,2023,1680,220,50,475,142,325,0,1,1,1
11697,2012,0,0,0,0,0,0,0,2a,2a,0
11697,2013,0,0,0,0,0,0,0,2a,2a,0
11697,2014,0,0,0,0,0,0,0,2a,2a,0
11697,2015,0,0,0,0,0,0,0,2a,2a,0
11697,2016,0,0,0,0,0,0,0,2a,2a,0
11697,2017,0,0,0,0,0,0,0,2a,2a,0
11697,2018,0,0,0,0,0,0,0,2a,2a,0
11697,2019,0,0,0,0,0,0,0,2a,2a,0
11697,2020,0,0,0,0,0,0,0,2a,2a,0
11697,2021,0,0,0,0,0,0,0,2a,2a,0
11697,2022,0,0,0,0,0,0,0,2a,2a,0
11697,2023,0,0,0,0,0,0,0,2a,2a,0
11549,2012,990,160,0,0,0,0,0,1,1,1
11549,2013,990,160,0,0,0,0,0,1,1,1
11549,2014,1300,150,0,0,0,0,0,1,1,1
11549,2015,1310,150,0,0,0,0,0,1,1,1
11549,2016,1290,150,0,0,0,0,0,1,1,1
11549,2017,1300,180,0,0,0,0,0,1,1,1
11549,2018,1350,130,0,0,0,0,0,1,1,1
11549,2019,1352,110,0,0,0,0,0,1,1,1
11549,2020,1425,150,0,0,0,0,0,1,1,1
11549,2021,1500,200,0,0,0,0,0,1,1,1
11549,2022,1485,205,0,0,0,0,0,1,1,1
11549,2023,1600,250,0,0,0,0,0,1,1,1
11550,2012,250,50,0,20,50,50,0,1,1,1
11550,2013,250,50,0,20,90,80,0,1,1,1
11550,2014,250,50,0,20,90,80,0,1,1,1
11550,2015,250,50,0,20,90,80,0,1,1,1
11550,2016,250,50,0,20,90,80,0,1,1,1
11550,2017,320,50,0,20,90,80,0,1,1,1
11550,2018,240,50,0,20,90,80,0,1,1,1
11550,2019,240,50,0,20,90,80,0,1,1,1
11550,2020,240,50,5,18,90,80,0,1,1,1
11550,2021,240,50,5,18,90,80,0,1,1,1
11550,2022,0,0,0,0,0,0,0,2e,2e,0
11550,2023,0,0,0,0,0,0,0,2e,2e,0
11551,2012,300,28,0,0,0,0,0,1,1,1
11551,2013,200,0,0,0,0,0,0,1,1,1
11551,2014,220,0,0,0,0,0,0,1,1,1
11551,2015,230,0,0,0,0,0,0,1,1,1
11551,2016,200,0,0,0,0,0,0,1,1,1
11551,2017,0,0,200,0,0,0,0,1,1,0
11551,2018,0,0,270,0,0,0,0,1,1,0
11551,2019,0,0,200,0,0,0,0,1,1,0
11551,2020,0,0,200,0,0,0,0,1,1,0
11551,2021,0,0,0,0,0,0,0,1,1,0
11551,2022,0,0,0,0,0,0,0,2a,2a,0
11551,2023,0,0,0,0,0,0,0,2a,2a,0
11552,2012,0,0,175,180,0,0,0,1,1,0
11552,2013,0,0,222,228,0,0,0,1,1,0
11552,2014,0,0,153,156,0,0,0,1,1,0
11552,2015,0,0,177,181,0,0,0,1,1,0
11552,2016,0,0,0,0,0,0,0,2e,2e,0
11552,2017,0,0,0,0,0,0,0,2e,2e,0
11552,2018,0,0,0,0,0,0,0,2e,2e,0
11552,2019,0,0,0,0,0,0,0,2e,2e,0
11552,2020,0,0,0,0,0,0,0,2e,2e,0
11552,2021,0,0,0,0,0,0,0,2e,2e,0
11552,2022,0,0,0,0,0,0,0,2e,2e,0
11552,2023,0,0,0,0,0,0,0,2e,2e,0
11670,2012,10000,2000,2180,1928,1700,1700,0,3d,3d,1
11670,2013,10000,2000,2180,1928,1700,1700,0,3d,3d,1
11670,2014,10000,2000,2180,1928,1700,1700,0,3d,3d,1
11670,2015,10000,2000,2180,1928,1700,1700,0,3d,3d,1
11670,2016,10000,2000,2180,1928,1700,1700,0,3d,3d,1
11670,2017,10000,2000,2180,1928,1700,1700,0,3d,3d,1
11670,2018,10000,2000,2180,1928,1700,1700,0,3d,3d,1
11670,2019,10000,2000,2180,1928,1700,1700,0,3d,3d,1
11670,2020,10000,2000,2180,1928,1700,1700,0,3d,3d,1
11670,2021,10000,2000,2180,1928,1700,1700,0,3d,3d,1
11670,2022,10000,2000,2180,1928,1700,1700,0,3d,3d,1
11670,2023,10000,2000,2180,1928,1700,1700,0,3d,3d,1
11553,2012,176,32,43,32,11,5,0,1,1,1
11553,2013,130,19,16,12,18,8,0,1,1,1
11553,2014,106,17,46,35,17,8,0,3a,3a,1
11553,2015,81,15,76,57,16,7,0,1,1,1
11553,2016,86,17,56,42,15,7,8,3a,3a,1
11553,2017,90,18,36,26,13,6,16,1,1,1
11553,2018,80,16,36,26,16,8,10,1,1,1
11553,2019,90,25,40,30,14,6,18,1,1,1
11553,2020,80,18,26,19,16,7,15,1,1,1
11553,2021,90,15,29,21,17,8,0,1,1,1
11553,2022,90,15,29,21,17,8,0,3a,3a,1
11553,2023,90,25,35,25,14,6,0,1,1,1
12040,2019,0,0,1421,1453,336,75,0,2f,3c,0
12040,2020,0,0,1421,1453,336,75,1,2f,3c,0
12040,2021,0,0,1421,1453,336,75,2,2f,3c,0
12040,2022,0,0,1421,1453,336,75,3,2f,3c,0
12040,2023,0,0,1421,1453,336,75,3,2f,3c,0
12041,2019,0,0,0,0,0,0,0,2e,2e,0
12041,2020,0,0,0,0,0,0,0,2e,2e,0
12041,2021,0,0,0,0,0,0,0,2e,2e,0
12041,2022,0,0,0,0,0,0,0,2e,2e,0
12041,2023,0,0,0,0,0,0,0,2e,2e,0
11554,2012,1300,190,776,574,0,0,0,1,1,1
11554,2013,1300,175,575,425,0,0,0,1,1,1
11554,2014,1300,175,575,425,0,0,0,1,1,1
11554,2015,1300,150,863,637,0,0,0,1,1,1
11554,2016,1161,165,762,563,0,0,0,3a,3a,1
11554,2017,1021,180,661,489,0,0,0,1,1,1
11554,2018,1276,208,241,178,0,0,25,1,1,1
11554,2019,1349,196,243,180,0,0,78,1,1,1
11554,2020,1257,201,87,65,0,0,13,1,1,1
11554,2021,1257,201,87,65,0,0,13,3a,3a,1
11554,2022,0,0,0,0,0,0,0,2a,2e,0
11554,2023,0,0,0,0,0,0,0,2a,2e,0
11555,2012,0,0,371,379,139,31,0,1,1,0
11555,2013,0,0,0,0,0,0,0,2a,2a,0
11555,2014,0,0,0,0,0,0,0,2a,2a,0
11555,2015,0,0,0,0,0,0,0,2a,2a,0
11555,2016,0,0,0,0,0,0,0,2a,2a,0
11555,2017,0,0,0,0,0,0,0,2a,2a,0
11555,2018,0,0,0,0,0,0,0,2a,2a,0
11555,2019,0,0,0,0,0,0,0,2a,2a,0
11555,2020,0,0,0,0,0,0,0,2a,2a,0
11555,2021,0,0,0,0,0,0,0,2a,2a,0
11555,2022,0,0,0,0,0,0,0,2a,2a,0
11555,2023,0,0,0,0,0,0,0,2a,2a,0
11556,2012,900,0,0,0,0,0,0,1,1,1
11556,2013,767,0,0,0,0,0,0,1,1,1
11556,2014,608,0,0,0,0,0,0,1,1,1
11556,2015,576,0,0,0,0,0,0,1,1,1
11556,2016,633,0,0,0,0,0,0,3a,2c,1
11556,2017,689,0,0,0,0,0,0,1,1,1
11556,2018,744,0,0,0,0,0,0,1,1,1
11556,2019,670,0,0,0,0,0,0,1,1,1
11556,2020,670,0,0,0,0,0,0,1,1,1
11556,2021,670,0,0,0,0,0,0,3a,2c,1
11556,2022,670,0,0,0,0,0,0,3a,2c,1
11556,2023,670,0,0,0,0,0,0,3a,2c,1
11557,2012,0,0,297,303,0,0,0,1,1,0
11557,2013,0,0,381,389,0,0,0,1,1,0
11557,2014,0,0,445,455,0,0,0,1,1,0
11557,2015,0,0,395,405,0,0,0,1,1,0
11557,2016,0,0,420,430,0,0,0,1,1,0
11557,2017,0,0,445,455,0,0,0,1,1,0
11557,2018,0,0,470,480,0,0,0,1,1,0
11557,2019,0,0,0,0,0,0,0,1,1,0
11557,2020,0,0,247,253,0,0,0,2c,3a,0
11557,2021,0,0,494,506,0,0,0,1,1,0
11557,2022,0,0,494,506,0,0,0,2c,3a,0
11557,2023,0,0,494,506,0,0,0,2c,3a,0
11558,2012,0,0,0,0,0,0,0,1,1,0
11558,2013,0,0,0,0,0,0,0,1,1,0
11558,2014,0,706,0,0,0,0,6,1,1,0
11558,2015,0,862,0,0,0,0,26,1,1,0
11558,2016,0,1071,3,4,0,0,23,1,1,0
11558,2017,0,403,111,114,0,0,17,1,1,0
11558,2018,0,0,0,0,0,0,0,1,1,0
11558,2019,0,1208,13,13,0,0,37,1,1,0
11558,2020,0,471,4,4,0,0,4,1,1,0
11558,2021,0,591,7,7,0,0,10,1,1,0
11558,2022,0,187,6,7,0,0,8,1,1,0
11558,2023,0,776,10,11,0,0,0,1,1,0
11559,2012,0,130,15,15,16,4,0,1,1,0
11559,2013,0,116,23,23,26,6,0,2c,3a,0
11559,2014,0,101,30,30,36,8,0,1,1,0
11559,2015,0,100,20,20,29,6,0,1,1,0
11559,2016,0,90,30,30,33,7,0,1,1,0
11559,2017,0,85,28,28,29,6,0,1,1,0
11559,2018,0,0,0,0,0,0,0,1,1,0
11559,2019,0,99,30,30,37,8,20,1,1,0
11559,2020,0,101,22,23,39,9,0,1,1,0
11559,2021,0,88,20,20,29,7,0,1,1,0
11559,2022,0,74,20,21,36,8,0,1,1,0
11559,2023,0,77,11,12,33,7,0,1,1,0
11676,2012,220,34,0,0,0,0,0,3b,3b,1
11676,2013,220,34,0,0,0,0,0,3b,3b,1
11676,2014,220,34,0,0,0,0,0,3b,3b,1
11676,2015,220,34,0,0,0,0,0,3b,3b,1
11676,2016,220,34,0,0,0,0,0,3b,3b,1
11676,2017,220,34,0,0,0,0,0,3b,3b,1
11676,2018,220,34,0,0,0,0,0,3b,3b,1
11676,2019,220,34,0,0,0,0,0,3b,3b,1
11676,2020,220,34,0,0,0,0,0,3b,3b,1
11676,2021,220,34,0,0,0,0,0,3b,3b,1
11676,2022,213,32,0,0,0,0,0,3b,3b,1
11676,2023,205,30,0,0,0,0,0,3b,3b,1
11886,2012,0,0,0,1200,0,0,0,2a,3b,0
11886,2013,0,0,0,1200,0,0,0,2a,3b,0
11886,2014,0,0,0,1200,0,0,0,2a,3b,0
11886,2015,0,0,0,1200,0,0,0,2a,3b,0
11886,2016,0,0,0,1200,0,0,0,2a,3b,0
11886,2017,0,0,0,1200,0,0,0,2a,3b,0
11886,2018,0,0,0,1333,0,0,0,2c,3b,0
11886,2019,0,0,0,1467,0,0,0,2c,3b,0
11886,2020,0,0,0,1600,0,0,0,2c,3b,0
11886,2021,0,0,0,1733,0,0,0,2c,3b,0
11886,2022,0,0,0,1867,0,0,0,2c,3b,0
11886,2023,0,0,0,2000,0,0,0,2c,3b,0
11677,2012,3800,800,1878,1922,653,147,700,3b,3b,1
11677,2013,3800,800,1878,1922,653,147,700,3b,3b,1
11677,2014,3800,800,1878,1922,653,147,700,3b,3b,1
11677,2015,3800,800,1878,1922,653,147,700,3b,3b,1
11677,2016,3800,800,1878,1922,653,147,700,3b,3b,1
11677,2017,3800,800,1878,1922,653,147,700,3b,3b,1
11677,2018,3590,760,1747,1788,608,137,560,3b,3b,1
11677,2019,3380,720,1617,1654,562,127,420,3b,3b,1
11677,2020,3170,680,1486,1521,517,116,280,3b,3b,1
11677,2021,2960,640,1356,1387,471,106,140,3b,3b,1
11677,2022,2750,600,1225,1253,426,96,0,3b,3b,1
11677,2023,2750,600,1225,1253,426,96,0,3b,3b,1
12042,2019,0,0,0,0,0,0,0,2a,2a,0
12042,2020,0,0,0,0,0,0,0,2a,2a,0
12042,2021,0,0,0,0,0,0,0,2a,2a,0
12042,2022,0,0,0,0,0,0,0,2a,2a,0
12042,2023,0,0,0,0,0,0,0,2a,2a,0
12043,2019,0,0,0,0,0,0,0,3g,3g,0
12043,2020,0,0,0,0,0,0,0,3g,3g,0
12043,2021,0,0,0,0,0,0,0,3g,3g,0
12043,2022,0,0,0,0,0,0,0,3g,3g,0
12043,2023,0,0,0,0,0,0,0,3g,3g,0
12044,2019,0,0,0,0,0,0,0,2a,2a,0
12044,2020,0,0,0,0,0,0,0,2a,2a,0
12044,2021,0,0,0,0,0,0,0,2a,2a,0
12044,2022,0,0,0,0,0,0,0,2a,2a,0
12044,2023,0,0,0,0,0,0,0,2a,2a,0
12045,2019,0,0,0,0,0,0,0,3g,3g,0
12045,2020,0,0,0,0,0,0,0,2e,2e,0
12045,2021,0,0,0,0,0,0,0,2e,2e,0
12045,2022,0,0,0,0,0,0,0,2e,2e,0
12045,2023,0,0,0,0,0,0,0,2e,2e,0
11560,2012,202,28,63,45,26,16,0,1,1,1
11560,2013,219,31,84,60,35,21,0,1,1,1
11560,2014,246,34,115,82,48,30,0,1,1,1
11560,2015,211,29,84,60,35,21,0,1,1,1
11560,2016,263,37,84,60,35,21,0,1,1,1
11560,2017,281,39,125,90,52,33,0,1,1,1
11560,2018,255,35,125,90,52,33,0,1,1,1
11560,2019,307,43,125,90,52,33,0,1,1,1
11560,2020,248,34,94,68,39,25,0,1,1,1
11560,2021,198,27,63,45,26,16,0,1,1,1
11560,2022,246,34,84,60,35,21,0,1,1,1
11560,2023,255,35,52,38,68,32,0,1,1,1
11561,2012,679,94,348,249,145,91,0,1,1,1
11561,2013,647,90,278,199,116,72,0,1,1,1
11561,2014,653,91,323,231,135,84,0,1,1,1
11561,2015,612,85,316,226,132,82,0,1,1,1
11561,2016,608,85,273,195,114,71,0,1,1,1
11561,2017,607,84,266,190,111,69,0,1,1,1
11561,2018,605,84,283,203,118,74,0,1,1,1
11561,2019,638,89,328,235,137,86,0,1,1,1
11561,2020,608,85,164,118,69,43,0,1,1,1
11561,2021,608,84,0,0,0,0,0,1,1,1
11561,2022,611,85,285,204,119,74,0,1,1,1
11561,2023,609,85,374,277,0,0,0,1,1,1
11562,2012,1010,140,460,329,192,119,0,1,1,1
11562,2013,1010,140,100,72,42,26,0,1,1,1
11562,2014,941,131,430,308,180,112,0,1,1,1
11562,2015,1147,159,468,335,196,121,0,1,1,1
11562,2016,1151,160,492,352,206,128,0,1,1,1
11562,2017,1177,164,545,390,228,142,0,1,1,1
11562,2018,1074,149,592,423,247,154,0,1,1,1
11562,2019,1002,139,90,64,38,23,0,1,1,1
11562,2020,1081,150,139,99,59,36,0,1,1,1
11562,2021,1185,165,188,134,79,49,0,1,1,1
11562,2022,1053,147,123,88,51,32,0,1,1,1
11562,2023,1056,147,0,0,202,96,0,1,1,1
11563,2012,790,110,376,269,157,98,0,1,1,1
11563,2013,790,110,376,269,157,98,0,1,1,1
11563,2014,790,110,376,269,157,98,0,1,1,1
11563,2015,764,106,355,254,148,93,0,1,1,1
11563,2016,768,107,355,254,148,93,0,1,1,1
11563,2017,790,110,334,239,140,87,0,1,1,1
11563,2018,790,110,334,239,140,87,0,1,1,1
11563,2019,790,110,334,239,140,87,0,1,1,1
11563,2020,790,110,167,120,70,44,0,1,1,1
11563,2021,834,116,231,165,97,61,0,1,3a,1
11563,2022,834,116,295,211,123,78,0,1,1,1
11563,2023,834,116,230,170,203,97,0,1,1,1
11564,2012,615,85,251,179,105,65,0,1,1,1
11564,2013,615,85,272,194,113,71,0,1,1,1
11564,2014,615,85,272,194,113,71,0,1,1,1
11564,2015,615,85,272,194,113,71,0,1,1,1
11564,2016,615,85,272,194,113,71,0,1,1,1
11564,2017,615,85,251,179,105,65,0,1,1,1
11564,2018,615,85,251,179,105,65,0,1,1,1
11564,2019,615,85,276,197,115,72,0,1,1,1
11564,2020,606,84,276,197,115,72,0,1,1,1
11564,2021,610,85,276,197,115,72,0,1,1,1
11564,2022,0,0,0,0,0,0,0,1,1,0
11564,2023,0,0,0,0,0,0,0,2c,2c,0
11565,2012,922,128,230,164,96,60,0,1,1,1
11565,2013,658,92,0,0,0,0,0,1,1,1
11565,2014,966,134,209,149,87,55,0,1,1,1
11565,2015,601,84,391,279,163,102,0,1,1,1
11565,2016,601,84,391,279,163,102,0,1,1,1
11565,2017,645,90,378,270,158,99,0,1,1,1
11565,2018,645,90,378,270,158,99,0,1,1,1
11565,2019,658,92,376,269,157,98,0,1,1,1
11565,2020,680,95,347,248,145,91,0,1,1,1
11565,2021,812,113,317,227,133,83,0,1,1,1
11565,2022,825,115,230,164,96,60,0,1,1,1
11565,2023,720,100,122,91,102,48,0,1,1,1
11566,2012,483,67,0,0,0,0,0,1,1,1
11566,2013,658,92,0,0,0,0,0,1,1,1
11566,2014,571,79,0,0,0,0,0,1,1,1
11566,2015,231,32,0,0,0,0,0,1,1,1
11566,2016,231,32,0,0,0,0,0,1,1,1
11566,2017,250,35,0,0,0,0,0,1,1,1
11566,2018,265,37,0,0,0,0,0,1,1,1
11566,2019,265,37,0,0,0,0,0,1,1,1
11566,2020,294,41,0,0,0,0,0,1,1,1
11566,2021,320,45,0,0,0,0,0,1,1,1
11566,2022,309,43,1,1,0,0,0,1,1,1
11566,2023,255,35,0,0,0,0,0,1,1,1
11567,2012,658,92,0,0,0,0,0,1,1,1
11567,2013,658,92,0,0,0,0,0,1,1,1
11567,2014,658,92,0,0,0,0,0,1,1,1
11567,2015,574,80,0,0,0,0,0,1,1,1
11567,2016,574,80,0,0,0,0,0,1,1,1
11567,2017,606,84,0,0,0,0,0,1,1,1
11567,2018,632,88,0,0,0,0,0,1,1,1
11567,2019,632,88,0,0,0,0,0,1,1,1
11567,2020,606,84,0,0,0,0,0,1,1,1
11567,2021,637,89,0,0,0,0,0,1,1,1
11567,2022,702,98,2,1,1,0,0,1,1,1
11567,2023,450,63,0,0,0,0,0,1,1,1
12046,2019,0,0,0,0,0,0,0,2e,2e,0
12046,2020,0,0,0,0,0,0,0,2e,2e,0
12046,2021,0,0,0,0,0,0,0,2e,2e,0
12046,2022,0,0,0,0,0,0,0,2e,2e,0
12046,2023,0,0,0,0,0,0,0,2e,2e,0
11568,2012,294,41,69,49,29,18,0,1,1,1
11568,2013,439,61,84,60,35,21,0,1,1,1
11568,2014,0,0,18,17,8,2,0,1,1,0
11568,2015,40,5,0,0,0,0,0,1,1,1
11568,2016,49,7,0,0,0,0,0,1,1,1
11568,2017,44,6,62,44,26,16,0,1,1,1
11568,2018,51,7,63,45,27,17,0,1,1,1
11568,2019,0,0,18,17,8,2,0,1,1,0
11568,2020,0,0,30,24,13,7,0,1,1,0
11568,2021,35,5,42,30,17,11,0,1,1,1
11568,2022,53,7,42,30,17,11,0,1,1,1
11568,2023,35,5,63,47,0,0,0,1,1,1
11569,2012,303,42,129,93,54,34,0,1,1,1
11569,2013,295,41,159,114,66,41,0,1,1,1
11569,2014,293,41,173,124,72,46,0,1,1,1
11569,2015,320,45,180,128,75,47,0,1,1,1
11569,2016,334,46,163,117,68,42,0,1,1,1
11569,2017,329,46,175,125,73,47,0,1,1,1
11569,2018,320,45,170,122,71,44,0,1,1,1
11569,2019,299,42,167,120,70,43,0,1,1,1
11569,2020,334,46,84,60,35,22,0,1,1,1
11569,2021,334,46,0,0,0,0,0,1,1,1
11569,2022,298,42,152,109,64,40,0,1,1,1
11569,2023,261,36,113,84,82,39,0,1,1,1
11570,2012,439,61,42,30,17,11,0,1,1,1
11570,2013,395,55,56,40,24,15,0,1,1,1
11570,2014,373,52,42,30,17,11,0,1,1,1
11570,2015,417,58,38,27,16,9,0,1,1,1
11570,2016,439,61,38,27,16,9,0,1,1,1
11570,2017,439,61,79,57,33,21,0,1,1,1
11570,2018,439,61,79,57,33,21,0,1,1,1
11570,2019,430,60,94,67,39,25,0,1,1,1
11570,2020,439,61,105,75,44,28,0,1,1,1
11570,2021,439,61,115,82,48,30,0,1,1,1
11570,2022,439,61,115,82,48,30,0,1,1,1
11570,2023,527,73,69,51,98,47,0,1,1,1
11571,2012,97,13,42,30,17,11,0,1,1,1
11571,2013,110,15,42,30,17,11,0,1,1,1
11571,2014,110,15,42,30,17,11,0,1,1,1
11571,2015,110,15,42,30,17,11,0,1,1,1
11571,2016,58,8,41,29,17,11,0,1,1,1
11571,2017,97,13,38,27,16,9,0,1,1,1
11571,2018,110,15,36,25,15,9,0,1,1,1
11571,2019,110,15,36,25,15,9,0,1,1,1
11571,2020,110,15,41,29,17,11,0,1,1,1
11571,2021,113,16,45,32,19,12,0,1,1,1
11571,2022,114,16,47,33,20,12,0,1,1,1
11571,2023,114,16,26,19,18,8,0,1,1,1
11572,2012,715,100,376,269,157,98,0,1,1,1
11572,2013,715,100,376,269,157,98,0,1,1,1
11572,2014,724,101,376,269,157,98,0,1,1,1
11572,2015,724,101,376,269,157,98,0,1,1,1
11572,2016,373,52,198,142,83,52,0,1,1,1
11572,2017,373,52,226,161,94,59,0,1,1,1
11572,2018,329,46,213,152,89,56,0,1,1,1
11572,2019,342,48,209,149,87,55,0,1,1,1
11572,2020,395,55,209,149,87,55,0,1,1,1
11572,2021,413,57,209,149,87,55,0,1,1,1
11572,2022,0,0,193,178,81,30,0,1,1,0
11572,2023,0,0,89,91,0,0,0,1,1,0
11573,2012,219,31,42,30,17,11,0,1,1,1
11573,2013,219,31,42,30,17,11,0,1,1,1
11573,2014,228,32,50,36,21,13,0,1,1,1
11573,2015,53,7,21,15,9,5,0,1,1,1
11573,2016,88,12,21,15,9,5,0,1,1,1
11573,2017,105,15,24,17,10,7,0,1,1,1
11573,2018,105,15,29,21,12,8,0,1,1,1
11573,2019,39,5,21,15,9,5,0,1,1,1
11573,2020,56,8,23,17,10,6,0,1,1,1
11573,2021,52,7,25,18,11,7,0,1,1,1
11573,2022,42,6,33,23,14,8,0,1,1,1
11573,2023,46,6,0,0,10,5,0,1,1,1
11574,2012,597,83,226,161,94,59,0,1,1,1
11574,2013,527,73,171,123,72,44,0,1,1,1
11574,2014,615,85,167,120,70,43,0,1,1,1
11574,2015,443,62,138,99,58,35,0,1,1,1
11574,2016,404,56,159,114,66,41,0,1,1,1
11574,2017,399,56,132,94,55,34,0,1,1,1
11574,2018,419,58,180,128,75,47,0,1,1,1
11574,2019,399,56,180,128,75,47,0,1,1,1
11574,2020,399,56,216,154,90,56,0,1,1,1
11574,2021,395,55,251,179,105,65,0,1,1,1
11574,2022,395,55,252,180,105,66,0,1,1,1
11574,2023,439,61,129,96,227,108,0,1,1,1
11575,2012,610,85,23,16,10,6,0,1,1,1
11575,2013,610,85,23,16,10,6,0,1,1,1
11575,2014,610,85,25,18,10,7,0,1,1,1
11575,2015,610,85,25,18,10,7,0,1,1,1
11575,2016,597,83,0,0,0,0,0,1,1,1
11575,2017,614,85,125,90,52,33,0,1,1,1
11575,2018,612,85,125,90,52,33,0,1,1,1
11575,2019,614,85,84,60,35,21,0,1,1,1
11575,2020,613,85,65,46,27,17,0,1,1,1
11575,2021,464,64,45,32,19,12,0,1,1,1
11575,2022,483,67,23,16,10,6,0,1,1,1
11575,2023,483,67,17,13,0,0,0,1,1,1
11576,2012,316,44,96,69,40,25,0,1,1,1
11576,2013,219,31,67,48,28,17,0,1,1,1
11576,2014,219,31,67,48,28,17,0,1,1,1
11576,2015,219,31,25,18,10,7,0,1,1,1
11576,2016,219,31,67,48,28,17,0,1,1,1
11576,2017,219,31,67,48,28,17,0,1,1,1
11576,2018,219,31,67,48,28,17,0,1,1,1
11576,2019,219,31,67,48,28,17,0,1,1,1
11576,2020,219,31,82,59,34,21,0,1,1,1
11576,2021,246,34,96,69,40,25,0,1,1,1
11576,2022,246,34,96,69,40,26,0,1,1,1
11576,2023,250,35,63,47,85,40,0,1,1,1
11577,2012,307,43,104,75,44,27,0,1,1,1
11577,2013,272,38,104,75,44,27,0,1,1,1
11577,2014,281,39,113,81,47,29,0,1,1,1
11577,2015,290,40,104,75,44,27,0,1,1,1
11577,2016,307,43,73,52,31,19,0,1,1,1
11577,2017,307,43,71,51,30,18,0,1,1,1
11577,2018,307,43,251,179,105,65,0,1,1,1
11577,2019,303,42,84,60,35,21,0,1,1,1
11577,2020,298,42,100,71,42,26,0,1,1,1
11577,2021,307,43,115,82,48,30,0,1,1,1
11577,2022,307,43,105,75,44,28,0,1,1,1
11577,2023,259,36,69,51,81,39,0,1,1,1
11578,2012,232,32,132,95,55,35,0,1,1,1
11578,2013,263,37,104,75,44,27,0,1,1,1
11578,2014,267,37,119,85,50,32,0,1,1,1
11578,2015,260,36,127,91,53,33,0,1,1,1
11578,2016,262,36,126,90,53,33,0,1,1,1
11578,2017,261,36,132,94,55,35,0,1,1,1
11578,2018,260,36,127,91,53,33,0,1,1,1
11578,2019,261,36,126,90,53,33,0,1,1,1
11578,2020,262,36,63,45,27,17,0,1,1,1
11578,2021,262,36,0,0,0,0,0,1,1,1
11578,2022,260,36,115,82,48,30,0,1,1,1
11578,2023,261,36,170,126,0,0,0,1,1,1
11579,2012,351,49,108,77,45,29,0,1,1,1
11579,2013,377,53,167,120,70,43,0,1,1,1
11579,2014,377,53,180,128,75,47,0,1,1,1
11579,2015,395,55,167,120,70,43,0,1,1,1
11579,2016,377,53,167,120,70,43,0,1,1,1
11579,2017,342,48,167,120,70,43,0,1,1,1
11579,2018,329,46,178,127,74,46,0,1,1,1
11579,2019,360,50,171,123,72,44,0,1,1,1
11579,2020,357,50,190,136,80,50,0,1,1,1
11579,2021,331,46,209,149,87,55,0,1,1,1
11579,2022,331,46,210,150,88,54,0,1,1,1
11579,2023,349,48,124,91,167,80,0,1,1,1
11580,2012,373,52,63,45,26,16,0,1,1,1
11580,2013,395,55,84,60,35,21,0,1,1,1
11580,2014,395,55,84,60,35,21,0,1,1,1
11580,2015,395,55,84,60,35,21,0,1,1,1
11580,2016,395,55,84,60,35,21,0,1,1,1
11580,2017,395,55,84,60,35,21,0,1,1,1
11580,2018,395,55,84,60,35,21,0,1,1,1
11580,2019,527,73,84,60,35,21,0,1,1,1
11580,2020,514,71,70,50,30,18,0,1,1,1
11580,2021,35,5,56,40,24,15,0,1,1,1
11580,2022,75,10,52,37,22,13,0,1,1,1
11580,2023,119,16,32,23,24,11,0,1,1,1
11581,2012,395,55,397,284,166,103,0,1,1,1
11581,2013,0,0,0,0,0,0,0,1,1,0
11581,2014,0,0,0,0,0,0,0,1,1,0
11581,2015,0,0,0,0,0,0,0,1,1,0
11581,2016,0,0,0,0,0,0,0,1,1,0
11581,2017,0,0,0,0,0,0,0,1,1,0
11581,2018,0,0,0,0,0,0,0,1,1,0
11581,2019,0,0,0,0,0,0,0,1,1,0
11581,2020,0,0,0,0,0,0,0,1,1,0
11581,2021,0,0,0,0,0,0,0,1,1,0
11581,2022,0,0,0,0,0,0,0,1,1,0
11581,2023,0,0,0,0,0,0,0,2c,2c,0
11582,2012,606,84,309,221,129,81,0,1,1,1
11582,2013,702,98,292,209,122,77,0,1,1,1
11582,2014,588,82,292,209,122,77,0,1,1,1
11582,2015,583,81,290,208,121,76,0,1,1,1
11582,2016,728,101,343,245,143,89,0,1,1,1
11582,2017,781,109,292,209,122,77,0,1,1,1
11582,2018,771,107,307,220,128,80,0,1,1,1
11582,2019,720,100,261,187,109,68,0,1,1,1
11582,2020,576,80,235,168,98,62,0,1,1,1
11582,2021,369,51,209,149,87,55,0,1,1,1
11582,2022,571,79,336,240,140,88,0,1,1,1
11582,2023,835,116,943,697,0,0,0,1,1,1
11583,2012,149,21,58,42,24,16,0,1,1,1
11583,2013,176,24,54,39,23,14,0,1,1,1
11583,2014,167,23,46,33,19,12,0,1,1,1
11583,2015,63,9,8,6,3,2,0,1,1,1
11583,2016,144,20,38,27,16,10,0,1,1,1
11583,2017,140,20,63,45,26,16,0,1,1,1
11583,2018,167,23,42,30,18,11,0,1,1,1
11583,2019,125,17,18,13,8,4,0,1,1,1
11583,2020,166,23,42,31,18,11,0,1,1,1
11583,2021,149,21,66,48,28,17,0,1,1,1
11583,2022,140,20,36,25,15,9,0,1,1,1
11583,2023,140,20,15,11,49,23,0,1,1,1
11584,2012,110,15,33,24,14,9,0,1,1,1
11584,2013,132,18,33,24,14,9,0,1,1,1
11584,2014,132,18,33,24,14,9,0,1,1,1
11584,2015,131,18,42,30,17,11,0,1,1,1
11584,2016,132,18,42,30,17,11,0,1,1,1
11584,2017,132,18,42,30,17,11,0,1,1,1
11584,2018,132,18,42,30,17,11,0,1,1,1
11584,2019,132,18,42,30,17,11,0,1,1,1
11584,2020,131,18,42,30,17,11,0,1,1,1
11584,2021,131,18,42,30,17,11,0,1,1,1
11584,2022,131,18,42,30,17,11,0,1,1,1
11584,2023,128,18,26,19,32,15,0,1,1,1
11585,2012,105,15,4,3,2,1,0,1,1,1
11585,2013,105,15,33,24,14,9,0,1,1,1
11585,2014,114,16,42,30,17,11,0,1,1,1
11585,2015,114,16,42,30,17,11,0,1,1,1
11585,2016,114,16,42,30,17,11,0,1,1,1
11585,2017,114,16,42,30,17,11,0,1,1,1
11585,2018,114,16,33,24,14,9,0,1,1,1
11585,2019,105,15,42,30,17,11,0,1,1,1
11585,2020,88,12,29,23,12,7,0,1,1,1
11585,2021,0,0,16,15,7,2,0,1,1,0
11585,2022,0,0,0,0,0,0,0,1,1,0
11585,2023,0,0,0,0,0,0,0,2c,2c,0
11586,2012,167,23,33,24,14,9,0,1,1,1
11586,2013,167,23,33,24,14,9,0,1,1,1
11586,2014,167,23,33,24,14,9,0,1,1,1
11586,2015,158,22,38,27,16,10,0,1,1,1
11586,2016,158,22,33,23,14,8,0,1,1,1
11586,2017,158,22,24,17,10,7,0,1,1,1
11586,2018,154,21,31,22,13,9,0,1,1,1
11586,2019,158,22,31,22,13,9,0,1,1,1
11586,2020,149,21,16,11,7,5,0,1,1,1
11586,2021,0,0,0,0,0,0,0,1,1,0
11586,2022,0,0,0,0,0,0,0,1,1,0
11586,2023,0,0,0,0,0,0,0,2a,2c,0
11587,2012,351,49,167,120,70,43,0,1,1,1
11587,2013,334,46,125,90,52,33,0,1,1,1
11587,2014,316,44,84,60,35,21,0,1,1,1
11587,2015,290,40,42,30,17,11,0,1,1,1
11587,2016,246,34,117,84,49,30,0,1,1,1
11587,2017,351,49,167,120,70,43,0,1,1,1
11587,2018,334,46,167,120,70,43,0,1,1,1
11587,2019,241,34,42,30,17,11,0,1,1,1
11587,2020,241,34,42,30,17,11,0,1,1,1
11587,2021,260,36,42,30,17,11,0,1,1,1
11587,2022,260,36,42,30,17,11,0,1,1,1
11587,2023,255,35,35,25,34,16,0,1,1,1
11588,2012,263,37,125,90,52,33,0,1,1,1
11588,2013,307,43,167,120,70,43,0,1,1,1
11588,2014,272,38,84,60,35,21,0,1,1,1
11588,2015,272,38,27,19,11,8,0,1,1,1
11588,2016,307,43,178,127,74,46,0,1,1,1
11588,2017,329,46,188,134,79,49,0,1,1,1
11588,2018,334,46,188,134,79,49,0,1,1,1
11588,2019,334,46,188,134,79,49,0,1,1,1
11588,2020,329,46,188,134,79,49,0,1,1,1
11588,2021,298,42,188,134,79,49,0,1,1,1
11588,2022,325,45,188,135,79,49,0,1,1,1
11588,2023,347,48,173,127,169,81,0,1,1,1
11589,2012,263,37,138,99,58,35,0,1,1,1
11589,2013,290,40,136,97,57,35,0,1,1,1
11589,2014,290,40,136,97,57,35,0,1,1,1
11589,2015,290,40,125,90,52,33,0,1,1,1
11589,2016,250,35,38,27,16,9,0,1,1,1
11589,2017,250,35,125,90,52,33,0,1,1,1
11589,2018,290,40,146,105,61,38,0,1,1,1
11589,2019,246,34,104,75,44,27,0,1,1,1
11589,2020,255,35,115,83,48,30,0,1,1,1
11589,2021,255,35,125,90,52,33,0,1,1,1
11589,2022,290,40,54,39,23,13,0,1,1,1
11589,2023,255,35,0,0,75,35,0,1,1,1
11590,2012,182,25,7,5,3,2,0,1,1,1
11590,2013,193,27,61,44,25,16,0,1,1,1
11590,2014,189,26,61,43,25,16,0,1,1,1
11590,2015,189,26,63,45,26,16,0,1,1,1
11590,2016,193,27,61,44,25,16,0,1,1,1
11590,2017,199,28,61,43,25,16,0,1,1,1
11590,2018,208,29,63,45,26,16,0,1,1,1
11590,2019,206,29,63,45,26,16,0,1,1,1
11590,2020,198,27,57,41,24,15,0,1,1,1
11590,2021,193,27,50,36,21,13,0,1,1,1
11590,2022,175,24,40,28,17,10,0,1,1,1
11590,2023,154,21,26,19,41,19,0,1,1,1
11591,2012,80,0,35,25,10,10,0,1,1,1
11591,2013,80,0,35,25,10,10,0,1,1,1
11591,2014,80,0,35,25,10,10,0,3a,3a,1
11591,2015,80,0,35,25,10,10,0,1,1,1
11591,2016,83,1,29,19,14,14,0,1,1,1
11591,2017,92,1,33,22,16,16,0,1,1,1
11591,2018,80,10,25,30,15,15,0,1,1,1
11591,2019,80,10,25,30,15,15,0,1,1,1
11591,2020,80,10,25,30,15,15,0,1,1,1
11591,2021,80,10,25,30,15,15,0,1,1,1
11591,2022,80,10,15,15,10,15,0,1,1,1
11591,2023,80,10,13,13,10,26,0,1,1,1
11592,2012,404,56,167,120,70,43,0,1,1,1
11592,2013,421,59,167,120,70,43,0,1,1,1
11592,2014,404,56,167,120,70,43,0,1,1,1
11592,2015,421,59,201,143,84,52,0,1,1,1
11592,2016,421,59,167,120,70,43,0,1,1,1
11592,2017,439,61,209,149,87,55,0,1,1,1
11592,2018,439,61,272,194,113,71,0,1,1,1
11592,2019,361,50,36,26,15,9,0,1,1,1
11592,2020,430,60,185,133,78,48,0,1,1,1
11592,2021,544,76,334,239,140,87,0,1,1,1
11592,2022,544,76,336,240,140,88,0,1,1,1
11592,2023,483,67,230,170,3,1,0,1,1,1
11593,2012,316,44,146,105,61,38,0,1,1,1
11593,2013,320,45,150,108,63,39,0,1,1,1
11593,2014,312,43,144,103,60,38,0,1,1,1
11593,2015,261,36,119,85,50,31,0,1,1,1
11593,2016,259,36,121,87,51,31,0,1,1,1
11593,2017,266,37,96,69,40,26,0,1,1,1
11593,2018,262,36,122,87,51,32,0,1,1,1
11593,2019,262,36,122,87,51,32,0,1,1,1
11593,2020,316,44,124,89,52,33,0,1,1,1
11593,2021,255,35,125,90,52,33,0,1,1,1
11593,2022,298,42,118,85,49,31,0,1,1,1
11593,2023,254,35,86,63,35,17,0,1,1,1
11594,2012,395,55,84,60,35,21,0,1,1,1
11594,2013,79,11,134,96,56,34,0,1,1,1
11594,2014,219,31,84,60,35,21,0,1,1,1
11594,2015,219,31,104,75,44,27,0,1,1,1
11594,2016,211,29,125,90,52,33,0,1,1,1
11594,2017,211,29,125,90,52,33,0,1,1,1
11594,2018,211,29,125,90,52,33,0,1,1,1
11594,2019,211,29,125,90,52,33,0,1,1,1
11594,2020,202,28,131,94,55,34,0,1,1,1
11594,2021,248,35,136,97,57,35,0,1,1,1
11594,2022,228,32,127,91,53,32,0,1,1,1
11594,2023,228,32,70,51,35,17,0,1,1,1
11595,2012,351,49,167,120,70,43,0,1,1,1
11595,2013,307,43,84,60,35,21,0,1,1,1
11595,2014,285,40,31,22,13,9,0,1,1,1
11595,2015,255,35,38,27,16,9,0,1,1,1
11595,2016,246,34,117,84,49,30,0,1,1,1
11595,2017,334,46,13,9,5,3,0,1,1,1
11595,2018,334,46,13,9,5,3,0,1,1,1
11595,2019,255,35,13,9,5,3,0,1,1,1
11595,2020,255,35,13,9,5,3,0,1,1,1
11595,2021,255,35,13,9,5,3,0,1,1,1
11595,2022,255,35,13,9,5,3,0,1,1,1
11595,2023,256,36,17,13,0,0,0,1,1,1
11596,2012,263,37,21,15,9,5,0,1,1,1
11596,2013,263,37,21,15,9,5,0,1,1,1
11596,2014,263,37,42,30,17,11,0,1,1,1
11596,2015,246,34,42,30,17,11,0,1,1,1
11596,2016,123,17,42,30,17,11,0,1,1,1
11596,2017,123,17,42,30,17,11,0,1,1,1
11596,2018,123,17,42,30,17,11,0,1,1,1
11596,2019,123,17,42,30,17,11,0,1,1,1
11596,2020,123,17,49,35,20,13,0,1,1,1
11596,2021,241,34,56,40,23,15,0,1,1,1
11596,2022,146,20,59,42,25,16,0,1,1,1
11596,2023,123,17,35,25,54,26,0,1,1,1
11597,2012,228,32,63,45,26,16,0,1,1,1
11597,2013,193,27,63,45,26,16,0,1,1,1
11597,2014,198,27,73,52,31,19,0,1,1,1
11597,2015,202,28,84,60,35,21,0,1,1,1
11597,2016,211,29,63,45,26,16,0,1,1,1
11597,2017,255,35,63,45,26,16,0,1,1,1
11597,2018,255,35,63,45,26,16,0,1,1,1
11597,2019,255,35,63,45,26,16,0,1,1,1
11597,2020,241,34,80,57,33,21,0,1,1,1
11597,2021,281,39,96,69,40,25,0,1,1,1
11597,2022,281,39,97,69,41,25,0,1,1,1
11597,2023,255,36,12,8,96,46,0,1,1,1
11598,2012,219,31,52,37,22,14,0,1,1,1
11598,2013,219,31,42,30,17,11,0,1,1,1
11598,2014,219,31,42,30,17,11,0,1,1,1
11598,2015,211,29,42,30,17,11,0,1,1,1
11598,2016,211,29,42,30,17,11,0,1,1,1
11598,2017,202,28,42,30,17,11,0,1,1,1
11598,2018,184,26,42,30,17,11,0,1,1,1
11598,2019,202,28,42,30,17,11,0,1,1,1
11598,2020,0,0,21,15,9,6,0,1,1,0
11598,2021,0,0,0,0,0,0,0,1,1,0
11598,2022,0,0,0,0,0,0,0,1,1,0
11598,2023,0,0,0,0,0,0,0,2c,2c,0
11599,2012,163,23,22,16,9,5,0,1,1,1
11599,2013,148,21,14,10,6,4,0,1,1,1
11599,2014,160,22,15,11,6,5,0,1,1,1
11599,2015,127,18,0,0,0,0,0,1,1,1
11599,2016,149,21,10,7,4,4,0,1,1,1
11599,2017,184,26,4,3,2,1,0,1,1,1
11599,2018,158,22,0,0,0,0,0,1,1,1
11599,2019,149,21,17,12,7,4,0,1,1,1
11599,2020,149,21,9,6,4,2,0,1,1,1
11599,2021,176,24,0,0,0,0,0,1,1,1
11599,2022,176,24,0,0,0,0,0,1,1,1
11599,2023,130,18,0,0,0,0,0,1,1,1
11600,2012,228,32,38,27,16,9,0,1,1,1
11600,2013,237,33,48,34,20,13,0,1,1,1
11600,2014,246,34,58,42,24,16,0,1,1,1
11600,2015,246,34,58,42,24,16,0,1,1,1
11600,2016,290,40,33,24,14,9,0,1,1,1
11600,2017,356,49,33,24,14,9,0,1,1,1
11600,2018,319,44,56,40,24,15,0,1,1,1
11600,2019,319,44,56,40,24,15,0,1,1,1
11600,2020,283,39,77,55,33,21,0,1,1,1
11600,2021,294,41,98,70,41,26,0,1,1,1
11600,2022,281,39,112,80,47,28,0,1,1,1
11600,2023,208,29,0,0,29,14,0,1,1,1
11601,2012,263,37,104,75,44,27,0,1,1,1
11601,2013,277,38,109,78,45,28,0,1,1,1
11601,2014,290,40,88,63,37,22,0,1,1,1
11601,2015,255,35,100,72,42,26,0,1,1,1
11601,2016,256,36,100,72,42,26,0,1,1,1
11601,2017,257,36,100,72,42,26,0,1,1,1
11601,2018,255,35,100,72,42,26,0,1,1,1
11601,2019,255,35,110,79,46,29,0,1,1,1
11601,2020,255,35,107,77,45,28,0,1,1,1
11601,2021,262,36,104,75,44,27,0,1,1,1
11601,2022,255,35,106,76,44,27,0,1,1,1
11601,2023,255,35,78,57,81,39,0,1,1,1
11602,2012,351,49,25,18,10,7,0,1,1,1
11602,2013,334,46,117,84,49,30,0,1,1,1
11602,2014,329,46,117,84,49,30,0,1,1,1
11602,2015,334,46,117,84,49,30,0,1,1,1
11602,2016,329,46,0,0,0,0,0,1,1,1
11602,2017,351,49,313,224,131,82,0,1,1,1
11602,2018,329,46,136,97,57,35,0,1,1,1
11602,2019,404,56,292,209,122,77,0,1,1,1
11602,2020,369,51,213,153,89,56,0,1,1,1
11602,2021,351,49,134,96,56,34,0,1,1,1
11602,2022,351,49,134,96,56,35,0,1,1,1
11602,2023,369,51,138,102,41,19,0,1,1,1
11603,2012,70,10,10,7,4,3,0,1,1,1
11603,2013,61,9,17,12,7,4,0,1,1,1
11603,2014,66,9,18,13,7,4,0,1,1,1
11603,2015,35,5,21,15,9,5,0,1,1,1
11603,2016,0,0,32,30,13,5,0,1,1,0
11603,2017,0,0,16,15,7,2,0,1,1,0
11603,2018,0,0,20,18,8,4,0,1,1,0
11603,2019,0,0,0,0,0,0,0,1,1,0
11603,2020,0,0,0,0,0,0,0,1,1,0
11603,2021,0,0,0,0,0,0,0,1,1,0
11603,2022,0,0,0,0,0,0,0,1,1,0
11603,2023,0,0,0,0,0,0,0,2c,2c,0
11604,2012,255,35,84,60,35,21,0,1,1,1
11604,2013,237,33,48,34,20,13,0,1,1,1
11604,2014,263,37,73,52,31,19,0,1,1,1
11604,2015,255,35,125,90,52,33,0,1,1,1
11604,2016,260,36,84,60,35,21,0,1,1,1
11604,2017,307,43,123,88,52,32,0,1,1,1
11604,2018,312,43,251,179,105,65,0,1,1,1
11604,2019,315,44,251,179,105,65,0,1,1,1
11604,2020,334,46,188,135,79,49,0,1,1,1
11604,2021,373,52,125,90,52,33,0,1,1,1
11604,2022,356,50,125,90,52,33,0,1,1,1
11604,2023,391,54,86,64,169,81,0,1,1,1
11605,2012,255,35,21,15,9,5,0,1,1,1
11605,2013,198,27,33,24,14,9,0,1,1,1
11605,2014,0,0,0,0,0,0,0,1,1,0
11605,2015,198,27,21,15,9,5,0,1,1,1
11605,2016,241,34,21,15,9,5,0,1,1,1
11605,2017,241,34,63,45,26,16,0,1,1,1
11605,2018,241,34,63,45,26,16,0,1,1,1
11605,2019,241,34,63,45,26,16,0,1,1,1
11605,2020,241,34,41,29,17,11,0,1,1,1
11605,2021,246,34,19,13,8,5,0,1,1,1
11605,2022,237,33,21,15,9,5,0,1,1,1
11605,2023,246,34,46,34,7,3,0,1,1,1
11606,2012,325,45,167,120,70,43,0,1,1,1
11606,2013,329,46,136,97,57,35,0,1,1,1
11606,2014,329,46,136,97,57,35,0,1,1,1
11606,2015,259,36,124,89,52,33,0,1,1,1
11606,2016,329,46,125,90,52,33,0,1,1,1
11606,2017,255,35,115,82,48,30,0,1,1,1
11606,2018,257,36,129,93,54,34,0,1,1,1
11606,2019,257,36,115,82,48,30,0,1,1,1
11606,2020,257,36,162,116,68,43,0,1,1,1
11606,2021,395,55,209,149,87,55,0,1,1,1
11606,2022,395,55,59,42,25,16,0,1,1,1
11606,2023,351,49,23,17,64,31,0,1,1,1
11607,2012,255,35,92,66,38,24,0,1,1,1
11607,2013,255,35,34,25,14,9,0,1,1,1
11607,2014,246,34,29,21,12,8,0,1,1,1
11607,2015,255,35,25,18,10,7,0,1,1,1
11607,2016,255,35,125,90,52,33,0,1,1,1
11607,2017,255,35,251,179,105,65,0,1,1,1
11607,2018,263,37,104,75,44,27,0,1,1,1
11607,2019,255,35,125,90,52,33,0,1,1,1
11607,2020,254,35,98,71,41,26,0,1,1,1
11607,2021,246,34,71,51,30,18,0,1,1,1
11607,2022,263,37,92,66,39,24,0,1,1,1
11607,2023,262,37,9,6,5,3,0,1,1,1
11608,2012,70,10,13,9,5,3,0,1,1,1
11608,2013,70,10,9,7,4,2,0,1,1,1
11608,2014,70,10,6,4,3,2,0,1,1,1
11608,2015,75,10,6,4,3,2,0,1,1,1
11608,2016,79,11,8,6,3,3,0,1,1,1
11608,2017,79,11,8,6,3,3,0,1,1,1
11608,2018,79,11,0,0,0,0,0,1,1,1
11608,2019,79,11,6,4,3,2,0,1,1,1
11608,2020,79,11,3,2,2,1,0,1,1,1
11608,2021,79,11,0,0,0,0,0,1,1,1
11608,2022,66,9,29,21,12,8,0,1,1,1
11608,2023,18,2,29,21,0,0,0,1,1,1
11609,2012,198,27,69,49,29,18,0,1,1,1
11609,2013,198,27,25,18,10,7,0,1,1,1
11609,2014,198,27,69,49,29,18,0,1,1,1
11609,2015,198,27,69,49,29,18,0,1,1,1
11609,2016,219,31,84,60,35,21,0,1,1,1
11609,2017,206,29,71,51,30,18,0,1,1,1
11609,2018,206,29,71,51,30,18,0,1,1,1
11609,2019,176,24,63,45,26,16,0,1,1,1
11609,2020,211,29,38,27,16,10,0,1,1,1
11609,2021,219,31,13,9,5,3,0,1,1,1
11609,2022,246,34,13,9,5,3,0,1,1,1
11609,2023,206,29,0,0,20,10,0,1,1,1
11610,2012,658,92,42,30,17,11,0,1,1,1
11610,2013,588,82,84,60,35,21,0,1,1,1
11610,2014,571,79,52,37,22,14,0,1,1,1
11610,2015,571,79,52,37,22,14,0,1,1,1
11610,2016,571,79,52,37,22,14,0,1,1,1
11610,2017,176,24,178,128,75,46,0,1,1,1
11610,2018,571,79,63,45,26,16,0,1,1,1
11610,2019,505,70,167,120,70,43,0,1,1,1
11610,2020,346,48,159,114,67,41,0,1,1,1
11610,2021,457,63,150,108,63,39,0,1,1,1
11610,2022,373,52,55,39,23,15,0,1,1,1
11610,2023,255,35,12,8,34,16,0,1,1,1
11611,2012,167,23,71,51,30,18,0,1,1,1
11611,2013,180,25,38,27,16,9,0,1,1,1
11611,2014,193,27,46,33,19,12,0,1,1,1
11611,2015,198,27,71,51,30,18,0,1,1,1
11611,2016,198,27,75,54,31,20,0,1,1,1
11611,2017,198,27,50,36,21,13,0,1,1,1
11611,2018,198,27,50,36,21,13,0,1,1,1
11611,2019,198,27,42,30,17,11,0,1,1,1
11611,2020,183,25,60,43,25,16,0,1,1,1
11611,2021,198,27,77,55,32,21,0,1,1,1
11611,2022,198,27,78,56,33,20,0,1,1,1
11611,2023,40,5,35,25,0,0,0,1,1,1
11612,2012,483,67,31,22,13,9,0,1,1,1
11612,2013,483,67,31,22,13,9,0,1,1,1
11612,2014,483,67,31,22,13,9,0,1,1,1
11612,2015,483,67,31,22,13,9,0,1,1,1
11612,2016,483,67,31,22,13,9,0,1,1,1
11612,2017,505,70,31,22,13,9,0,1,1,1
11612,2018,518,72,33,24,14,9,0,1,1,1
11612,2019,518,72,33,24,14,9,0,1,1,1
11612,2020,518,72,48,35,20,13,0,1,1,1
11612,2021,527,73,63,45,26,16,0,1,1,1
11612,2022,527,73,63,45,26,16,0,1,1,1
11612,2023,527,73,86,64,68,32,0,1,1,1
11613,2012,263,37,125,90,52,33,0,1,1,1
11613,2013,298,42,125,90,52,33,0,1,1,1
11613,2014,313,43,125,90,52,33,0,1,1,1
11613,2015,219,31,109,78,45,28,0,1,1,1
11613,2016,193,27,63,45,26,16,0,1,1,1
11613,2017,255,35,205,146,86,53,0,1,1,1
11613,2018,219,31,109,78,45,28,0,1,1,1
11613,2019,246,34,109,78,45,28,0,1,1,1
11613,2020,176,24,117,84,49,31,0,1,1,1
11613,2021,255,35,125,90,52,33,0,1,1,1
11613,2022,262,37,42,30,17,11,0,1,1,1
11613,2023,259,36,58,42,41,19,0,1,1,1
11614,2012,263,37,84,60,35,21,0,1,1,1
11614,2013,219,31,75,54,31,20,0,1,1,1
11614,2014,241,34,77,55,32,21,0,1,1,1
11614,2015,219,31,67,48,28,17,0,1,1,1
11614,2016,219,31,73,52,31,19,0,1,1,1
11614,2017,219,31,104,75,44,27,0,1,1,1
11614,2018,219,31,73,52,31,19,0,1,1,1
11614,2019,219,31,84,60,35,21,0,1,1,1
11614,2020,233,32,94,68,40,24,0,1,1,1
11614,2021,241,34,104,75,44,27,0,1,1,1
11614,2022,241,34,104,75,44,27,0,1,1,1
11614,2023,228,32,66,49,75,35,0,1,1,1
11615,2012,219,31,38,27,16,9,0,1,1,1
11615,2013,219,31,38,27,16,9,0,1,1,1
11615,2014,219,31,38,27,16,9,0,1,1,1
11615,2015,127,18,58,42,24,16,0,1,1,1
11615,2016,132,18,33,24,14,9,0,1,1,1
11615,2017,149,21,75,54,31,20,0,1,1,1
11615,2018,149,21,50,36,21,13,0,1,1,1
11615,2019,154,21,50,36,21,13,0,1,1,1
11615,2020,167,23,50,36,21,13,0,1,1,1
11615,2021,167,23,50,36,21,13,0,1,1,1
11615,2022,167,23,51,36,21,13,0,1,1,1
11615,2023,127,18,35,25,41,19,0,1,1,1
11616,2012,237,33,21,15,9,5,0,1,1,1
11616,2013,228,32,46,33,19,12,0,1,1,1
11616,2014,233,32,50,36,21,13,0,1,1,1
11616,2015,219,31,63,45,26,16,0,1,1,1
11616,2016,233,32,50,36,21,13,0,1,1,1
11616,2017,246,34,134,96,56,34,0,1,1,1
11616,2018,246,34,134,96,56,34,0,1,1,1
11616,2019,255,35,125,90,52,33,0,1,1,1
11616,2020,228,32,115,83,48,30,0,1,1,1
11616,2021,228,32,104,75,44,27,0,1,1,1
11616,2022,228,32,104,75,44,27,0,1,1,1
11616,2023,246,34,104,76,69,33,0,1,1,1
11617,2012,105,15,21,15,9,5,0,1,1,1
11617,2013,132,18,42,30,17,11,0,1,1,1
11617,2014,132,18,42,30,17,11,0,1,1,1
11617,2015,132,18,42,30,17,11,0,1,1,1
11617,2016,132,18,42,30,17,11,0,1,1,1
11617,2017,132,18,42,30,17,11,0,1,1,1
11617,2018,167,23,50,36,21,13,0,1,1,1
11617,2019,114,16,58,42,24,16,0,1,1,1
11617,2020,123,17,38,28,16,11,0,1,1,1
11617,2021,110,15,18,13,8,5,0,1,1,1
11617,2022,0,0,0,0,0,0,0,1,1,0
11617,2023,0,0,0,0,0,0,0,2c,2c,0
11618,2012,421,59,104,75,44,27,0,1,1,1
11618,2013,369,51,84,60,35,21,0,1,1,1
11618,2014,369,51,84,60,35,21,0,1,1,1
11618,2015,325,45,84,60,35,21,0,1,1,1
11618,2016,369,51,84,60,35,21,0,1,1,1
11618,2017,290,40,84,60,35,21,0,1,1,1
11618,2018,290,40,84,60,35,21,0,1,1,1
11618,2019,290,40,84,60,35,21,0,1,1,1
11618,2020,211,29,105,75,44,27,0,1,1,1
11618,2021,240,33,125,90,52,33,0,1,1,1
11618,2022,13,2,84,60,35,23,0,1,1,1
11618,2023,105,15,173,127,0,0,0,1,1,1
11619,2012,176,24,84,60,35,21,0,1,1,1
11619,2013,176,24,84,60,35,21,0,1,1,1
11619,2014,176,24,84,60,35,21,0,1,1,1
11619,2015,219,31,84,60,35,21,0,1,1,1
11619,2016,219,31,84,60,35,21,0,1,1,1
11619,2017,219,31,63,45,26,16,0,1,1,1
11619,2018,219,31,84,60,35,21,0,1,1,1
11619,2019,219,31,84,60,35,21,0,1,1,1
11619,2020,219,31,87,62,37,22,0,1,1,1
11619,2021,219,31,90,64,38,23,0,1,1,1
11619,2022,219,31,90,64,38,23,0,1,1,1
11619,2023,211,29,63,47,75,35,0,1,1,1
11620,2012,465,65,33,24,14,9,0,1,1,1
11620,2013,487,68,33,24,14,9,0,1,1,1
11620,2014,584,81,217,155,91,57,0,1,1,1
11620,2015,562,78,232,166,97,60,0,1,1,1
11620,2016,534,74,175,125,73,47,0,1,1,1
11620,2017,505,70,209,149,87,55,0,1,1,1
11620,2018,505,70,219,157,92,57,0,1,1,1
11620,2019,505,70,209,149,87,55,0,1,1,1
11620,2020,505,70,194,138,81,51,0,1,1,1
11620,2021,492,68,178,127,74,46,0,1,1,1
11620,2022,492,68,180,128,75,47,0,1,1,1
11620,2023,496,69,117,87,143,68,0,1,1,1
11621,2012,483,67,125,90,52,33,0,1,1,1
11621,2013,487,68,146,105,61,38,0,1,1,1
11621,2014,448,62,167,120,70,43,0,1,1,1
11621,2015,448,62,167,120,70,43,0,1,1,1
11621,2016,448,62,167,120,70,43,0,1,1,1
11621,2017,457,63,188,134,79,49,0,1,1,1
11621,2018,457,63,188,134,79,49,0,1,1,1
11621,2019,457,63,167,120,70,43,0,1,1,1
11621,2020,0,0,182,130,76,48,0,1,1,0
11621,2021,505,70,196,140,82,52,0,1,1,1
11621,2022,505,70,198,142,83,52,0,1,1,1
11621,2023,505,70,115,85,183,87,0,1,1,1
11622,2012,307,43,84,60,35,21,0,1,1,1
11622,2013,303,42,73,52,31,19,0,1,1,1
11622,2014,263,37,84,60,35,21,0,1,1,1
11622,2015,255,35,84,60,35,21,0,1,1,1
11622,2016,246,34,84,60,35,21,0,1,1,1
11622,2017,268,37,94,67,39,25,0,1,1,1
11622,2018,290,40,94,67,39,25,0,1,1,1
11622,2019,272,38,94,67,39,25,0,1,1,1
11622,2020,0,0,88,63,37,24,0,1,1,0
11622,2021,307,43,81,58,34,22,0,1,1,1
11622,2022,307,43,84,60,35,23,0,1,1,1
11622,2023,307,43,63,47,61,29,0,1,1,1
11623,2012,255,35,63,45,26,16,0,1,1,1
11623,2013,263,37,63,45,26,16,0,1,1,1
11623,2014,263,37,63,45,26,16,0,1,1,1
11623,2015,239,33,63,45,26,16,0,1,1,1
11623,2016,268,37,104,75,44,27,0,1,1,1
11623,2017,290,40,146,105,61,38,0,1,1,1
11623,2018,285,40,104,75,44,27,0,1,1,1
11623,2019,285,40,104,75,44,27,0,1,1,1
11623,2020,0,0,52,38,22,14,0,1,1,0
11623,2021,285,40,0,0,0,0,0,1,1,1
11623,2022,294,41,67,48,28,18,0,1,1,1
11623,2023,224,31,23,17,51,24,0,1,1,1
11624,2012,351,49,125,90,52,33,0,1,1,1
11624,2013,281,39,109,78,45,28,0,1,1,1
11624,2014,263,37,111,79,46,29,0,1,1,1
11624,2015,351,49,167,120,70,43,0,1,1,1
11624,2016,211,29,0,0,0,0,0,1,1,1
11624,2017,199,28,0,0,0,0,0,1,1,1
11624,2018,230,32,0,0,0,0,0,1,1,1
11624,2019,0,0,0,0,0,0,0,1,1,0
11624,2020,61,9,11,8,5,3,0,1,1,1
11624,2021,70,10,21,15,9,5,0,1,1,1
11624,2022,97,13,33,24,14,9,0,1,1,1
11624,2023,110,15,20,15,27,13,0,1,1,1
11625,2012,46,6,17,12,7,4,0,1,1,1
11625,2013,50,7,21,15,9,5,0,1,1,1
11625,2014,57,8,21,15,9,5,0,1,1,1
11625,2015,61,9,20,14,8,6,0,1,1,1
11625,2016,56,8,18,13,8,5,0,1,1,1
11625,2017,57,8,21,15,9,5,0,1,1,1
11625,2018,64,9,18,13,8,4,0,1,1,1
11625,2019,79,11,15,10,6,4,0,1,1,1
11625,2020,76,11,13,9,5,4,0,1,1,1
11625,2021,79,11,10,7,4,4,0,1,1,1
11625,2022,76,11,16,11,7,4,0,1,1,1
11625,2023,72,10,14,11,12,6,0,1,1,1
11626,2012,553,77,50,36,21,13,0,1,1,1
11626,2013,571,79,274,196,114,71,0,1,1,1
11626,2014,571,79,274,196,114,71,0,1,1,1
11626,2015,439,61,240,172,100,63,0,1,1,1
11626,2016,544,76,236,169,99,61,0,1,1,1
11626,2017,527,73,251,179,105,65,0,1,1,1
11626,2018,527,73,251,179,105,65,0,1,1,1
11626,2019,537,75,84,60,35,21,0,1,1,1
11626,2020,527,73,172,123,72,45,0,1,1,1
11626,2021,527,73,259,185,108,68,0,1,1,1
11626,2022,527,73,260,186,109,68,0,1,1,1
11626,2023,549,76,173,127,203,97,0,1,1,1
11627,2012,263,37,29,21,12,8,0,1,1,1
11627,2013,290,40,25,18,10,7,0,1,1,1
11627,2014,263,37,33,24,14,9,0,1,1,1
11627,2015,176,24,25,18,10,7,0,1,1,1
11627,2016,224,31,33,24,14,9,0,1,1,1
11627,2017,257,36,115,82,48,30,0,1,1,1
11627,2018,255,35,115,82,48,30,0,1,1,1
11627,2019,246,34,25,18,10,7,0,1,1,1
11627,2020,215,30,23,17,10,6,0,1,1,1
11627,2021,255,35,21,15,9,5,0,1,1,1
11627,2022,255,35,27,19,11,7,0,1,1,1
11627,2023,250,35,20,15,27,13,0,1,1,1
11628,2012,140,20,29,21,12,8,0,1,1,1
11628,2013,167,23,17,12,7,4,0,1,1,1
11628,2014,167,23,17,12,7,4,0,1,1,1
11628,2015,167,23,0,0,0,0,0,1,1,1
11628,2016,0,0,0,0,0,0,0,1,1,0
11628,2017,0,0,0,0,0,0,0,1,1,0
11628,2018,0,0,0,0,0,0,0,1,1,0
11628,2019,0,0,0,0,0,0,0,1,1,0
11628,2020,0,0,0,0,0,0,0,1,1,0
11628,2021,0,0,0,0,0,0,0,1,1,0
11628,2022,0,0,0,0,0,0,0,1,1,0
11628,2023,0,0,0,0,0,0,0,2c,2c,0
11629,2012,132,18,15,10,6,4,0,1,1,1
11629,2013,132,18,29,21,12,8,0,1,1,1
11629,2014,171,24,25,18,10,7,0,1,1,1
11629,2015,219,31,25,18,10,7,0,1,1,1
11629,2016,334,46,46,33,19,12,0,1,1,1
11629,2017,241,34,17,12,7,4,0,1,1,1
11629,2018,219,31,25,18,10,7,0,1,1,1
11629,2019,290,40,29,21,12,8,0,1,1,1
11629,2020,307,43,31,23,13,9,0,1,1,1
11629,2021,250,35,33,24,14,9,0,1,1,1
11629,2022,250,35,27,19,11,8,0,1,1,1
11629,2023,246,34,14,11,34,16,0,1,1,1
11630,2012,399,56,50,36,21,13,0,1,1,1
11630,2013,351,49,42,30,17,11,0,1,1,1
11630,2014,391,54,46,33,19,12,0,1,1,1
11630,2015,334,46,46,33,19,12,0,1,1,1
11630,2016,219,31,25,18,10,7,0,1,1,1
11630,2017,351,49,33,24,14,9,0,1,1,1
11630,2018,334,46,54,39,23,14,0,1,1,1
11630,2019,404,56,63,45,26,16,0,1,1,1
11630,2020,395,55,48,35,20,13,0,1,1,1
11630,2021,377,53,33,24,14,9,0,1,1,1
11630,2022,377,53,80,57,33,21,0,1,1,1
11630,2023,351,49,40,30,81,39,0,1,1,1
11631,2012,170,24,50,36,21,13,0,1,1,1
11631,2013,176,24,21,15,9,5,0,1,1,1
11631,2014,154,21,52,37,22,13,0,1,1,1
11631,2015,167,23,46,33,19,12,0,1,1,1
11631,2016,176,24,50,36,21,13,0,1,1,1
11631,2017,176,24,48,35,20,13,0,1,1,1
11631,2018,167,23,52,37,22,14,0,1,1,1
11631,2019,167,23,29,21,12,8,0,1,1,1
11631,2020,171,24,40,29,17,11,0,1,1,1
11631,2021,171,24,50,36,21,13,0,1,1,1
11631,2022,173,24,42,30,18,11,0,1,1,1
11631,2023,176,24,40,30,27,13,0,1,1,1
11632,2012,395,55,167,120,70,43,0,1,1,1
11632,2013,439,61,209,149,87,55,0,1,1,1
11632,2014,483,67,209,149,87,55,0,1,1,1
11632,2015,483,67,209,149,87,55,0,1,1,1
11632,2016,483,67,209,149,87,55,0,1,1,1
11632,2017,483,67,209,149,87,55,0,1,1,1
11632,2018,439,61,42,30,17,11,0,1,1,1
11632,2019,0,0,0,0,0,0,0,1,1,0
11632,2020,0,0,0,0,0,0,0,1,1,0
11632,2021,0,0,0,0,0,0,0,1,1,0
11632,2022,0,0,0,0,0,0,0,1,1,0
11632,2023,0,0,0,0,0,0,0,2c,2c,0
11633,2012,88,12,0,0,0,0,0,1,1,1
11633,2013,114,16,0,0,0,0,0,1,1,1
11633,2014,114,16,0,0,0,0,0,1,1,1
11633,2015,132,18,0,0,0,0,0,1,1,1
11633,2016,132,18,0,0,0,0,0,1,1,1
11633,2017,140,20,0,0,0,0,0,1,1,1
11633,2018,140,20,0,0,0,0,0,1,1,1
11633,2019,154,21,0,0,0,0,0,1,1,1
11633,2020,140,20,0,0,0,0,0,1,1,1
11633,2021,127,18,0,0,0,0,0,1,1,1
11633,2022,127,18,0,0,0,0,0,1,1,1
11633,2023,105,15,0,0,0,0,0,1,1,1
11634,2012,42,6,24,17,10,7,0,1,1,1
11634,2013,40,6,25,18,10,6,0,1,1,1
11634,2014,42,6,27,19,11,7,0,1,1,1
11634,2015,42,6,20,15,9,5,0,1,1,1
11634,2016,42,6,23,17,10,6,0,1,1,1
11634,2017,41,6,23,16,9,6,0,1,1,1
11634,2018,43,6,23,17,10,6,0,1,1,1
11634,2019,43,6,25,18,10,7,0,1,1,1
11634,2020,0,0,13,9,5,4,0,1,1,0
11634,2021,0,0,0,0,0,0,0,1,1,0
11634,2022,0,0,0,0,0,0,0,1,1,0
11634,2023,0,0,0,0,0,0,0,2c,2c,0
11635,2012,70,10,0,0,0,0,0,1,1,1
11635,2013,70,10,0,0,0,0,0,1,1,1
11635,2014,0,0,0,0,0,0,0,1,1,0
11635,2015,0,0,0,0,0,0,0,1,1,0
11635,2016,0,0,0,0,0,0,0,1,1,0
11635,2017,0,0,0,0,0,0,0,1,1,0
11635,2018,0,0,0,0,0,0,0,1,1,0
11635,2019,0,0,0,0,0,0,0,1,1,0
11635,2020,0,0,0,0,0,0,0,1,1,0
11635,2021,0,0,0,0,0,0,0,1,1,0
11635,2022,0,0,0,0,0,0,0,1,1,0
11635,2023,0,0,0,0,0,0,0,2c,2c,0
11636,2012,228,32,42,30,17,11,0,1,1,1
11636,2013,233,32,0,0,0,0,0,1,1,1
11636,2014,241,34,0,0,0,0,0,1,1,1
11636,2015,241,34,17,12,7,4,0,1,1,1
11636,2016,250,35,17,12,7,4,0,1,1,1
11636,2017,351,49,167,120,70,43,0,1,1,1
11636,2018,255,35,125,90,52,33,0,1,1,1
11636,2019,246,34,104,75,44,27,0,1,1,1
11636,2020,40,5,60,45,26,15,0,1,1,1
11636,2021,0,0,16,15,7,2,0,1,1,0
11636,2022,0,0,12,11,5,2,0,1,1,0
11636,2023,0,0,49,51,0,0,0,1,1,0
11637,2012,101,14,40,28,17,10,0,1,1,1
11637,2013,127,18,33,24,14,9,0,1,1,1
11637,2014,127,18,33,24,14,9,0,1,1,1
11637,2015,127,18,33,24,14,9,0,1,1,1
11637,2016,79,11,25,18,10,7,0,1,1,1
11637,2017,75,10,19,13,8,5,0,1,1,1
11637,2018,75,10,17,12,7,4,0,1,1,1
11637,2019,0,0,0,0,0,0,0,1,1,0
11637,2020,0,0,0,0,0,0,0,1,1,0
11637,2021,0,0,0,0,0,0,0,1,1,0
11637,2022,0,0,0,0,0,0,0,1,1,0
11637,2023,0,0,0,0,0,0,0,1,1,0
11638,2012,246,34,104,75,44,27,0,1,1,1
11638,2013,281,39,102,73,43,27,0,1,1,1
11638,2014,255,35,115,82,48,31,0,1,1,1
11638,2015,255,35,106,76,44,27,0,1,1,1
11638,2016,262,36,109,78,46,28,0,1,1,1
11638,2017,240,33,122,87,51,31,0,1,1,1
11638,2018,261,36,107,76,45,27,0,1,1,1
11638,2019,256,36,119,85,50,32,0,1,1,1
11638,2020,0,0,60,43,25,16,0,1,1,0
11638,2021,0,0,0,0,0,0,0,1,1,0
11638,2022,0,0,0,0,0,0,0,1,1,0
11638,2023,0,0,0,0,0,0,0,2c,2c,0
11639,2012,360,50,167,120,70,43,0,1,1,1
11639,2013,373,52,84,60,35,21,0,1,1,1
11639,2014,395,55,56,40,24,15,0,1,1,1
11639,2015,417,58,63,45,26,16,0,1,1,1
11639,2016,423,59,63,45,26,16,0,1,1,1
11639,2017,409,57,59,42,25,16,0,1,1,1
11639,2018,420,58,57,41,24,14,0,1,1,1
11639,2019,401,56,63,45,26,16,0,1,1,1
11639,2020,0,0,53,38,22,14,0,1,1,0
11639,2021,427,59,42,30,17,11,0,1,1,1
11639,2022,427,59,47,33,20,12,0,1,1,1
11639,2023,426,59,35,26,32,15,0,1,1,1
11640,2012,40,5,42,30,17,11,0,1,1,1
11640,2013,35,5,33,24,14,9,0,1,1,1
11640,2014,44,6,42,30,17,11,0,1,1,1
11640,2015,44,6,42,30,17,11,0,1,1,1
11640,2016,26,4,42,30,17,11,0,1,1,1
11640,2017,26,4,33,24,14,9,0,1,1,1
11640,2018,26,4,33,24,14,9,0,1,1,1
11640,2019,41,6,75,54,31,20,0,1,1,1
11640,2020,40,5,38,27,16,10,0,1,1,1
11640,2021,41,6,0,0,0,0,0,1,1,1
11640,2022,22,3,20,14,8,5,0,1,1,1
11640,2023,26,4,12,8,27,13,0,1,1,1
11641,2012,27,4,25,18,10,7,0,1,1,1
11641,2013,40,5,10,7,4,4,0,1,1,1
11641,2014,24,3,8,6,3,3,0,1,1,1
11641,2015,40,5,11,8,5,3,0,1,1,1
11641,2016,40,5,11,8,5,3,0,1,1,1
11641,2017,32,5,0,0,0,0,0,1,1,1
11641,2018,32,5,4,3,2,1,0,1,1,1
11641,2019,0,0,0,0,0,0,0,1,1,0
11641,2020,0,0,0,0,0,0,0,1,1,0
11641,2021,0,0,0,0,0,0,0,1,1,0
11641,2022,0,0,0,0,0,0,0,1,1,0
11641,2023,0,0,0,0,0,0,0,2c,2c,0
11642,2012,26,4,31,22,13,9,0,1,1,1
11642,2013,26,4,31,22,13,9,0,1,1,1
11642,2014,31,4,36,26,15,10,0,1,1,1
11642,2015,61,9,42,30,17,11,0,1,1,1
11642,2016,32,5,52,37,22,14,0,1,1,1
11642,2017,70,10,33,24,14,9,0,1,1,1
11642,2018,123,17,25,18,10,7,0,1,1,1
11642,2019,132,18,42,30,17,11,0,1,1,1
11642,2020,127,18,43,31,18,12,0,1,1,1
11642,2021,88,12,44,31,18,12,0,1,1,1
11642,2022,88,12,44,31,18,12,0,1,1,1
11642,2023,88,12,40,30,24,11,0,1,1,1
11643,2012,263,37,104,75,44,27,0,1,1,1
11643,2013,272,38,102,73,43,27,0,1,1,1
11643,2014,290,40,58,42,24,16,0,1,1,1
11643,2015,290,40,69,49,29,18,0,1,1,1
11643,2016,241,34,63,45,26,16,0,1,1,1
11643,2017,241,34,63,45,26,16,0,1,1,1
11643,2018,241,34,63,45,26,16,0,1,1,1
11643,2019,241,34,63,45,26,16,0,1,1,1
11643,2020,241,34,74,53,31,19,0,1,1,1
11643,2021,241,34,84,60,35,21,0,1,1,1
11643,2022,246,34,85,61,36,22,0,1,1,1
11643,2023,233,32,63,47,68,32,0,1,1,1
11644,2012,219,31,0,0,0,0,0,1,1,1
11644,2013,228,32,0,0,0,1,0,1,1,1
11644,2014,173,24,36,26,15,10,0,1,1,1
11644,2015,173,24,0,0,0,0,0,1,1,1
11644,2016,193,27,0,0,0,0,0,1,1,1
11644,2017,174,24,0,0,0,0,0,1,1,1
11644,2018,176,24,0,0,0,0,0,1,1,1
11644,2019,176,24,0,0,0,0,0,1,1,1
11644,2020,176,24,0,0,0,0,0,1,1,1
11644,2021,176,24,0,0,0,0,0,1,1,1
11644,2022,193,27,27,19,11,8,0,1,1,1
11644,2023,176,24,0,0,0,0,0,1,1,1
11645,2012,59,8,5,4,2,2,0,1,1,1
11645,2013,57,8,20,14,8,6,0,1,1,1
11645,2014,0,0,0,0,0,0,0,1,1,0
11645,2015,0,0,0,0,0,0,0,1,1,0
11645,2016,0,0,0,0,0,0,0,1,1,0
11645,2017,0,0,0,0,0,0,0,1,1,0
11645,2018,0,0,0,0,0,0,0,1,1,0
11645,2019,0,0,0,0,0,0,0,1,1,0
11645,2020,0,0,0,0,0,0,0,1,1,0
11645,2021,0,0,0,0,0,0,0,1,1,0
11645,2022,0,0,0,0,0,0,0,1,1,0
11645,2023,0,0,0,0,0,0,0,2c,2c,0
11646,2012,2000,400,1091,585,248,275,0,3a,3a,1
11646,2013,2000,400,1091,585,248,275,0,1,1,1
11646,2014,2000,400,1091,585,248,275,0,1,1,1
11646,2015,2500,400,0,250,250,0,0,1,1,1
11646,2016,2500,400,0,250,250,0,0,1,1,1
11646,2017,2500,400,0,250,250,0,0,1,1,1
11646,2018,2500,400,0,250,250,0,0,1,1,1
11646,2019,3050,437,750,1000,500,0,0,1,1,1
11646,2020,3050,437,750,1000,500,0,0,1,1,1
11646,2021,3050,437,750,1000,500,0,0,1,1,1
11646,2022,3050,437,750,1000,500,0,0,1,1,1
11646,2023,3050,437,750,1000,500,0,0,1,1,1
11885,2012,0,7,74,83,76,30,60,2c,3a,0
11885,2013,0,7,74,83,76,30,60,2c,3a,0
11885,2014,0,7,74,83,76,30,60,1,1,0
11885,2015,0,7,74,83,76,30,60,1,1,0
11885,2016,0,11,118,133,120,47,96,1,1,0
11885,2017,0,8,82,92,83,33,66,2c,3a,0
11885,2018,0,4,45,51,46,18,36,1,1,0
11885,2019,0,4,45,51,46,18,36,1,1,0
11885,2020,0,4,45,51,46,18,36,1,1,0
11885,2021,0,4,45,51,46,18,36,1,1,0
11885,2022,0,4,45,51,46,18,36,1,1,0
11885,2023,0,4,45,51,46,18,36,1,1,0
11647,2012,88,12,21,15,9,5,0,1,1,1
11647,2013,75,10,23,16,10,6,0,1,1,1
11647,2014,79,11,17,12,7,4,0,1,1,1
11647,2015,75,10,23,16,10,6,0,1,1,1
11647,2016,75,10,27,19,11,8,0,1,1,1
11647,2017,75,10,27,19,11,8,0,1,1,1
11647,2018,70,10,29,21,12,8,0,1,1,1
11647,2019,83,12,26,19,11,6,0,1,1,1
11647,2020,114,16,22,16,9,5,0,1,1,1
11647,2021,88,12,18,13,7,4,0,1,1,1
11647,2022,79,11,14,10,6,3,0,1,1,1
11647,2023,83,12,9,6,14,6,0,1,1,1
11648,2012,0,0,0,0,0,0,0,1,1,0
11648,2013,0,0,0,0,0,0,0,1,1,0
11648,2014,0,0,0,0,0,0,0,1,1,0
11648,2015,0,0,0,0,0,0,0,1,1,0
11648,2016,0,0,84,78,35,13,0,1,1,0
11648,2017,0,0,140,129,58,23,0,1,1,0
11648,2018,0,0,140,129,58,23,0,1,1,0
11648,2019,0,0,130,120,54,21,0,1,1,0
11648,2020,0,0,109,101,46,18,0,1,1,0
11648,2021,0,0,88,81,37,14,0,1,1,0
11648,2022,0,0,87,80,36,15,0,1,1,0
11648,2023,0,0,92,95,0,0,0,1,1,0
11649,2012,48,7,0,0,0,0,0,3a,3a,1
11649,2013,48,7,0,0,0,0,0,3a,3a,1
11649,2014,48,7,0,0,0,0,0,3a,3a,1
11649,2015,48,7,0,0,0,0,0,3a,3a,1
11649,2016,48,7,0,0,0,0,0,3a,3a,1
11649,2017,48,7,0,0,0,0,0,1,1,1
11649,2018,81,12,0,0,0,0,0,3a,3a,1
11649,2019,114,16,0,0,0,0,0,1,1,1
11649,2020,105,15,0,0,0,0,0,1,1,1
11649,2021,97,13,0,0,0,0,0,1,1,1
11649,2022,83,12,0,0,0,0,0,1,1,1
11649,2023,81,11,36,25,15,9,0,1,1,1
12047,2019,0,0,0,0,0,0,0,2e,2e,0
12047,2020,0,0,0,0,0,0,0,2e,2e,0
12047,2021,0,0,0,0,0,0,0,2e,2e,0
12047,2022,0,0,0,0,0,0,0,2e,2e,0
12047,2023,0,0,0,0,0,0,0,2e,2e,0
12115,2019,0,0,0,0,0,0,0,2a,2a,0
12115,2020,0,0,0,0,0,0,0,2a,2a,0
12115,2021,0,0,0,0,0,0,0,2a,2a,0
12115,2022,0,0,0,0,0,0,0,2a,2a,0
12115,2023,0,0,0,0,0,0,0,2a,2a,0
11650,2012,950,85,316,234,54,26,0,1,1,1
11650,2013,800,165,104,76,685,326,0,1,1,1
11650,2014,0,0,0,0,671,151,0,1,1,0
11650,2015,0,0,0,0,664,149,0,1,1,0
11650,2016,0,0,0,0,572,128,0,1,1,0
11650,2017,0,0,0,0,359,80,0,1,1,0
11650,2018,0,0,0,0,196,44,0,1,1,0
11650,2019,0,0,0,0,392,88,0,1,1,0
11650,2020,0,0,0,0,0,0,0,2e,2e,0
11650,2021,0,0,0,0,0,0,0,2e,2e,0
11650,2022,0,0,0,0,0,0,0,2e,2e,0
11650,2023,0,0,0,0,0,0,0,2e,2e,0
12048,2019,0,0,0,0,0,0,0,3g,3g,0
12048,2020,0,0,0,0,0,0,0,3g,3g,0
12048,2021,0,0,0,0,0,0,0,3g,3g,0
12048,2022,0,0,0,0,0,0,0,3g,3g,0
12048,2023,0,0,0,0,0,0,0,3g,3g,0
11651,2012,1495,265,300,250,160,180,0,1,1,1
11651,2013,1495,265,300,250,160,180,0,1,1,1
11651,2014,1495,265,300,250,160,180,0,1,1,1
11651,2015,1495,265,300,250,160,180,0,1,1,1
11651,2016,1495,265,300,250,160,180,0,1,1,1
11651,2017,1495,265,300,250,160,180,0,1,1,1
11651,2018,1495,265,300,250,160,180,0,1,1,1
11651,2019,1495,265,300,250,160,180,0,1,1,1
11651,2020,1495,265,300,250,160,180,0,1,1,1
11651,2021,1495,265,300,250,160,180,0,3a,3a,1
11651,2022,1495,265,300,250,160,180,0,1,1,1
11651,2023,1495,265,300,250,160,180,0,1,1,1
11887,2012,0,0,0,0,490,110,650,2a,3b,0
11887,2013,0,0,0,0,490,110,650,2a,3b,0
11887,2014,0,0,0,0,490,110,650,2a,3b,0
11887,2015,0,0,0,0,490,110,650,2a,3b,0
11887,2016,0,0,0,0,490,110,650,2a,3b,0
11887,2017,0,0,0,0,490,110,650,2a,3b,0
11887,2018,0,0,0,0,490,110,650,2a,3b,0
11887,2019,0,0,0,0,490,110,650,2a,3b,0
11887,2020,0,0,0,0,490,110,650,2a,3b,0
11887,2021,0,0,0,0,490,110,650,2a,3b,0
11887,2022,0,0,0,0,490,110,650,2a,3b,0
11887,2023,0,0,0,0,490,110,650,2a,3b,0
11900,2012,0,0,2876,2124,0,0,0,2a,3b,0
11900,2013,0,0,2876,2124,0,0,0,2a,3b,0
11900,2014,0,0,2876,2124,0,0,0,2a,3b,0
11900,2015,0,0,2876,2124,0,0,0,2a,3b,0
11900,2016,0,0,2876,2124,0,0,0,2a,3b,0
11900,2017,0,0,2876,2124,0,0,0,2a,3b,0
11900,2018,0,0,2876,2124,0,0,0,2a,3b,0
11900,2019,0,0,2876,2124,0,0,0,2a,3b,0
11900,2020,0,0,2876,2124,0,0,0,2a,3b,0
11900,2021,0,0,2876,2124,0,0,0,2a,3b,0
11900,2022,0,0,2876,2124,0,0,0,2a,3b,0
11900,2023,0,0,2876,2124,0,0,0,2a,3b,0
12049,2012,0,0,0,0,0,0,0,1,1,0
12049,2013,0,0,0,0,0,0,0,1,1,0
12049,2014,0,0,0,0,0,0,0,1,1,0
12049,2015,0,0,0,0,0,0,0,1,1,0
12049,2016,0,0,0,0,0,0,0,1,1,0
12049,2017,0,0,0,0,0,0,0,1,1,0
12049,2018,0,0,0,0,0,0,0,1,1,0
12049,2019,0,0,0,0,0,0,0,1,1,0
12049,2020,0,0,0,0,0,0,0,1,1,0
12049,2021,0,0,0,0,0,0,0,1,1,0
12049,2022,0,0,0,0,0,0,0,1,1,0
12049,2023,0,0,0,0,0,0,0,2c,2c,0
11652,2012,447,76,142,178,0,0,0,1,1,1
11652,2013,450,75,150,50,0,0,0,1,1,1
11652,2014,450,75,150,50,0,0,0,1,1,1
11652,2015,425,25,0,0,0,0,0,1,1,1
11652,2016,400,35,0,0,0,0,0,1,1,1
11652,2017,400,35,0,0,0,0,0,1,1,1
11652,2018,0,0,0,0,0,0,0,1,1,0
11652,2019,0,0,0,0,0,0,0,1,1,0
11652,2020,0,0,0,0,0,0,0,1,1,0
11652,2021,0,0,0,0,0,0,0,1,1,0
11652,2022,0,0,0,0,0,0,0,1,1,0
11652,2023,0,0,0,0,0,0,0,1,1,0
11653,2012,0,0,0,0,0,0,0,2c,2c,0
11653,2013,0,0,0,0,0,0,0,1,1,0
11653,2014,0,0,0,0,0,0,0,2c,2c,0
11653,2015,0,0,0,0,0,0,300,1,1,0
11653,2016,0,0,0,0,0,0,275,1,1,0
11653,2017,0,0,0,0,0,0,275,1,1,0
11653,2018,0,0,0,0,0,0,275,1,1,0
11653,2019,0,0,0,0,0,0,275,1,1,0
11653,2020,0,0,0,0,0,0,275,1,1,0
11653,2021,0,0,0,0,0,0,275,1,1,0
11653,2022,0,0,0,0,0,0,275,1,1,0
11653,2023,0,0,0,0,0,0,148,1,1,0
11820,2019,0,0,0,100,400,0,0,1,1,0
11820,2020,0,0,0,100,400,0,0,1,1,0
11820,2021,0,0,0,100,400,0,0,1,1,0
11820,2022,0,0,0,100,400,0,0,1,1,0
11820,2023,0,0,0,100,400,0,0,1,1,0
11654,2012,0,0,0,0,0,0,0,1,1,0
11654,2013,0,0,0,0,0,0,0,1,1,0
11654,2014,0,0,0,0,0,0,0,1,1,0
11654,2015,0,0,16,15,7,2,0,1,1,0
11654,2016,176,24,21,15,9,5,0,1,1,1
11654,2017,176,24,21,15,9,5,0,1,1,1
11654,2018,176,24,42,30,17,11,0,1,1,1
11654,2019,176,24,42,30,17,11,0,1,1,1
11654,2020,176,24,30,21,12,8,0,1,1,1
11654,2021,219,31,17,12,7,4,0,1,1,1
11654,2022,219,31,17,12,7,4,0,1,1,1
11654,2023,224,31,20,15,14,6,0,1,1,1
12050,2019,0,50,130,100,75,75,170,2c,3a,0
12050,2020,0,50,130,100,75,75,170,2c,3a,0
12050,2021,0,50,130,100,75,75,170,1,1,0
12050,2022,0,350,562,400,375,375,470,1,1,0
12050,2023,0,350,562,400,375,375,470,2c,3a,0
12051,2019,0,0,0,0,0,0,0,2e,2e,0
12051,2020,0,0,0,0,0,0,0,2e,2e,0
12051,2021,0,0,0,0,0,0,0,2e,2e,0
12051,2022,0,0,0,0,0,0,0,2e,2e,0
12051,2023,0,0,0,0,0,0,0,2e,2e,0
12052,2012,0,0,0,0,0,0,0,2a,2a,0
12052,2013,0,0,0,0,0,0,0,2a,2a,0
12052,2014,0,0,0,0,0,0,0,2a,2a,0
12052,2015,0,0,0,0,0,0,0,2a,2a,0
12052,2016,0,0,0,0,0,0,0,2a,2a,0
12052,2017,0,0,0,0,0,0,0,2a,2a,0
12052,2018,0,0,0,0,0,0,0,2a,2a,0
12052,2019,0,0,0,0,0,0,0,2a,2a,0
12052,2020,0,0,0,0,0,0,0,2a,2a,0
12052,2021,0,0,0,0,0,0,0,2a,2a,0
12052,2022,0,0,0,0,0,0,0,2a,2a,0
12052,2023,0,0,0,0,0,0,0,2a,2a,0
11655,2012,0,0,0,0,0,0,0,2d,2d,0
11655,2013,0,0,0,0,0,0,0,2d,2d,0
11655,2014,0,0,0,0,0,0,0,2d,2d,0
11655,2015,470,70,0,150,50,100,0,1,1,1
11655,2016,470,70,0,150,50,100,0,1,1,1
11655,2017,470,70,0,150,50,100,0,1,1,1
11655,2018,470,70,0,150,50,100,0,1,1,1
11655,2019,470,70,0,150,50,100,0,1,1,1
11655,2020,470,70,0,150,50,100,0,1,1,1
11655,2021,470,70,0,150,50,100,0,1,1,1
11655,2022,470,70,0,150,50,100,0,1,1,1
11655,2023,470,70,0,150,50,100,0,1,1,1
11656,2012,0,0,0,0,0,0,0,2c,2c,0
11656,2013,0,0,0,0,0,0,0,1,1,0
11656,2014,155,35,0,0,0,0,0,1,1,1
11656,2015,165,40,0,0,0,0,0,1,1,1
11656,2016,160,40,0,0,0,0,0,1,1,1
11656,2017,198,54,30,30,35,35,0,1,1,1
11656,2018,250,60,40,40,50,50,0,1,1,1
11656,2019,325,50,60,60,50,50,0,1,1,1
11656,2020,225,5,0,0,0,0,0,1,1,1
11656,2021,250,10,0,0,0,60,0,1,1,1
11656,2022,250,15,0,0,0,85,0,1,1,1
11656,2023,250,15,0,0,0,85,0,1,1,1
11732,2019,0,0,0,0,3270,0,8010,1,1,0
11732,2020,0,0,0,0,3350,0,8025,1,1,0
11732,2021,0,0,0,5850,3850,0,9125,1,1,0
11732,2022,0,0,0,5775,3875,0,9090,1,1,0
11732,2023,0,0,0,6260,4625,0,10050,1,1,0
11657,2012,0,0,0,0,0,0,0,1,1,0
11657,2013,0,0,0,0,0,0,0,1,1,0
11657,2014,0,0,0,0,0,0,0,1,1,0
11657,2015,0,0,0,0,0,0,0,1,1,0
11657,2016,0,0,0,0,0,0,0,1,1,0
11657,2017,0,0,0,0,0,0,0,1,1,0
11657,2018,0,0,0,0,0,0,0,1,1,0
11657,2019,259,36,15,10,6,4,0,1,1,1
11657,2020,250,35,15,10,6,4,0,1,1,1
11657,2021,250,35,15,10,6,4,0,1,1,1
11657,2022,250,35,15,10,6,4,0,1,1,1
11657,2023,211,29,43,32,51,24,0,1,1,1
11821,2019,0,0,0,0,9742,0,0,1,1,0
11821,2020,0,0,0,0,3657,0,0,1,1,0
11821,2021,0,0,0,0,9198,528,0,1,1,0
11821,2022,0,0,0,0,9186,516,0,1,1,0
11821,2023,0,0,0,0,9213,521,0,1,1,0
11658,2012,0,0,0,0,0,0,0,2a,2a,0
11658,2013,0,0,0,0,0,0,0,2a,2a,0
11658,2014,0,0,0,0,0,0,0,2a,2a,0
11658,2015,0,0,0,0,0,0,0,2a,2a,0
11658,2016,0,0,0,0,0,0,700,1,1,0
11658,2017,0,0,0,0,0,0,700,1,1,0
11658,2018,0,0,0,0,0,0,700,1,1,0
11658,2019,0,0,0,0,0,0,700,1,1,0
11658,2020,0,0,0,0,0,0,700,1,1,0
11658,2021,0,0,0,0,0,0,700,1,1,0
11658,2022,0,0,0,0,0,0,700,1,1,0
11658,2023,0,0,0,0,0,0,700,1,1,0
11659,2012,351,49,31,22,13,9,0,3a,3a,1
11659,2013,351,49,31,22,13,9,0,3a,3a,1
11659,2014,351,49,31,22,13,9,0,3a,3a,1
11659,2015,351,49,31,22,13,9,0,3a,3a,1
11659,2016,351,49,31,22,13,9,0,1,1,1
11659,2017,351,49,19,13,8,5,0,1,1,1
11659,2018,351,49,31,22,13,9,0,1,1,1
11659,2019,351,49,31,22,13,9,0,1,1,1
11659,2020,351,49,31,22,13,9,0,1,1,1
11659,2021,351,49,31,22,13,9,0,1,1,1
11659,2022,351,49,31,22,13,9,0,1,1,1
11659,2023,351,49,31,22,13,9,0,1,1,1
11660,2012,0,0,0,0,0,0,0,2c,2c,0
11660,2013,0,0,0,0,0,0,0,2c,2c,0
11660,2014,0,0,0,0,0,0,0,2c,2c,0
11660,2015,0,0,0,0,0,0,0,2c,2c,0
11660,2016,0,0,0,0,0,0,0,1,1,0
11660,2017,0,0,0,0,0,0,0,2c,2c,0
11660,2018,0,0,0,0,0,0,0,2c,2c,0
11660,2019,0,0,0,0,0,0,0,1,1,0
11660,2020,0,0,0,0,0,0,0,1,1,0
11660,2021,0,0,0,0,0,0,0,1,1,0
11660,2022,0,0,0,0,0,0,0,2c,2c,0
11660,2023,0,0,0,0,0,0,0,1,1,0
11661,2012,0,0,0,0,0,0,0,2c,2c,0
11661,2013,0,0,0,0,0,0,0,2c,2c,0
11661,2014,0,0,0,0,0,0,0,2c,2c,0
11661,2015,0,0,0,0,0,0,0,2c,2c,0
11661,2016,0,0,0,0,0,0,0,1,1,0
11661,2017,0,0,0,0,0,0,0,2a,2c,0
11661,2018,0,0,0,0,0,0,0,2a,2c,0
11661,2019,0,0,0,0,0,0,0,2a,2c,0
11661,2020,0,0,0,0,0,0,0,2a,2c,0
11661,2021,0,0,0,0,0,0,0,2a,2c,0
11661,2022,0,0,0,0,0,0,0,2a,2c,0
11661,2023,0,0,0,0,0,0,0,2a,2c,0
12053,2012,0,0,0,0,0,0,0,3g,3g,0
12053,2013,0,0,0,0,0,0,0,3g,3g,0
12053,2014,0,0,0,0,0,0,0,3g,3g,0
12053,2015,0,0,0,0,0,0,0,3g,3g,0
12053,2016,0,0,0,0,0,0,0,2a,3g,0
12053,2017,0,0,0,0,0,0,0,2a,3g,0
12053,2018,0,0,0,0,0,0,0,2a,3g,0
12053,2019,0,0,0,0,0,0,0,2a,3g,0
12053,2020,0,0,0,0,0,0,0,2a,3g,0
12053,2021,0,0,0,0,0,0,0,2a,3g,0
12053,2022,0,0,0,0,0,0,0,2a,3g,0
12053,2023,0,0,0,0,0,0,0,2a,3g,0
12054,2019,0,0,113,112,0,0,0,2a,3b,0
12054,2020,0,0,113,112,0,0,0,2a,3b,0
12054,2021,0,0,113,112,0,0,0,2a,3b,0
12054,2022,0,0,113,112,0,0,0,2a,3b,0
12054,2023,0,0,113,112,0,0,0,2a,3b,0
11893,2012,0,0,230,170,0,0,0,2a,3b,0
11893,2013,0,0,230,170,0,0,0,2a,3b,0
11893,2014,0,0,230,170,0,0,0,2a,3b,0
11893,2015,0,0,230,170,0,0,0,2a,3b,0
11893,2016,0,0,230,170,0,0,0,2a,3b,0
11893,2017,0,0,230,170,0,0,0,2a,3b,0
11893,2018,0,0,230,170,0,0,0,2a,3b,0
11893,2019,0,0,230,170,0,0,0,2a,3b,0
11893,2020,0,0,0,0,0,0,0,2a,2e,0
11893,2021,0,0,0,0,0,0,0,2a,2e,0
11893,2022,0,0,0,0,0,0,0,2a,2e,0
11893,2023,0,0,0,0,0,0,0,2a,2e,0
11822,2019,0,0,0,0,0,0,66,2c,3a,0
11822,2020,0,0,0,0,0,0,66,1,1,0
11822,2021,0,0,0,0,0,0,66,1,1,0
11822,2022,0,0,0,0,0,0,10,1,1,0
11822,2023,0,0,0,0,0,0,8,1,1,0
12055,2012,0,0,0,0,0,0,0,3g,3g,0
12055,2013,0,0,0,0,0,0,0,3g,3g,0
12055,2014,0,0,0,0,0,0,0,3g,3g,0
12055,2015,0,0,0,0,0,0,0,3g,3g,0
12055,2016,0,0,0,0,0,0,0,3g,3g,0
12055,2017,0,0,0,0,0,0,0,3g,3g,0
12055,2018,0,0,0,0,0,0,0,3g,3g,0
12055,2019,0,0,0,0,0,0,0,3g,3g,0
12055,2020,0,0,0,0,0,0,0,3g,3g,0
12055,2021,0,0,0,0,0,0,0,3g,3g,0
12055,2022,0,0,0,0,0,0,0,3g,3g,0
12055,2023,0,0,0,0,0,0,0,3g,3g,0
12056,2019,0,0,0,0,0,0,0,2a,3g,0
12056,2020,0,0,0,0,0,0,0,2a,3g,0
12056,2021,0,0,0,0,0,0,0,2a,3g,0
12056,2022,0,0,0,0,0,0,0,2a,3g,0
12056,2023,0,0,0,0,0,0,0,2a,3g,0
11782,2019,0,0,0,735,440,0,0,1,1,0
11782,2020,0,0,0,730,450,0,0,1,1,0
11782,2021,0,0,0,740,445,0,0,1,1,0
11782,2022,0,0,0,745,465,0,0,1,1,0
11782,2023,0,0,0,740,455,0,0,1,1,0
11783,2019,0,0,225,325,0,0,0,1,1,0
11783,2020,0,0,230,330,0,0,0,1,1,0
11783,2021,0,0,234,335,0,0,0,1,1,0
11783,2022,0,0,230,330,0,0,0,1,1,0
11783,2023,0,0,235,340,0,0,0,1,1,0
11784,2019,0,0,0,968,1135,0,192,1,1,0
11784,2020,0,0,0,960,1150,0,180,1,1,0
11784,2021,0,0,0,950,1125,0,175,1,1,0
11784,2022,0,0,0,978,1165,0,175,1,1,0
11784,2023,0,0,0,956,1270,0,195,1,1,0
11785,2019,0,0,0,682,679,0,485,1,1,0
11785,2020,0,0,0,725,675,0,475,1,1,0
11785,2021,0,0,0,700,725,0,450,1,1,0
11785,2022,0,0,0,715,710,0,430,1,1,0
11785,2023,0,0,0,278,585,0,395,1,1,0
11823,2019,0,0,0,0,5500,5000,0,2c,3a,0
11823,2020,0,0,0,0,5500,5000,0,1,1,0
11823,2021,0,0,0,0,5500,5000,0,1,1,0
11823,2022,0,0,0,0,5500,5000,0,1,1,0
11823,2023,0,0,0,0,3000,7500,0,1,1,0
11824,2019,0,0,0,5150,3100,0,0,1,1,0
11824,2020,0,0,0,5150,3100,0,0,1,1,0
11824,2021,0,0,0,5100,3100,0,0,1,1,0
11824,2022,0,0,0,5100,3100,0,0,1,1,0
11824,2023,0,0,0,5100,3100,0,0,1,1,0
12057,2019,0,0,0,0,0,0,0,2a,3g,0
12057,2020,0,0,0,0,0,0,0,2a,3g,0
12057,2021,0,0,0,0,0,0,0,2a,3g,0
12057,2022,0,0,0,0,0,0,0,2a,3g,0
12057,2023,0,0,0,0,0,0,0,2a,3g,0
11786,2019,0,0,705,710,0,0,0,1,1,0
11786,2020,0,0,715,715,0,0,0,1,1,0
11786,2021,0,0,150,250,0,0,0,1,1,0
11786,2022,0,0,140,235,0,0,0,1,1,0
11786,2023,0,0,1050,1230,0,0,0,1,1,0
11825,2019,0,0,0,0,0,0,0,1,1,0
11825,2020,0,0,0,0,0,0,0,1,1,0
11825,2021,0,0,0,0,0,0,0,1,1,0
11825,2022,0,0,0,0,0,0,0,2a,2c,0
11825,2023,0,0,0,0,0,0,0,2a,2c,0
12058,2019,0,0,0,0,0,0,0,2a,3g,0
12058,2020,0,0,0,0,0,0,0,2a,3g,0
12058,2021,0,0,0,0,0,0,0,2a,3g,0
12058,2022,0,0,0,0,0,0,0,2a,3g,0
12058,2023,0,0,0,0,0,0,0,2a,3g,0
12059,2019,0,0,0,0,0,0,0,2a,2e,0
12059,2020,0,0,0,0,0,0,0,2a,2e,0
12059,2021,0,0,0,0,0,0,0,2a,2e,0
12059,2022,0,0,0,0,0,0,0,2a,2d,0
12059,2023,0,0,0,0,0,0,0,2a,2e,0
11826,2019,0,0,20,605,242,0,0,2c,3a,0
11826,2020,0,0,20,605,242,0,0,2c,3a,0
11826,2021,0,0,20,605,242,0,0,1,1,0
11826,2022,0,0,0,245,224,0,0,1,1,0
11826,2023,0,0,0,0,0,0,0,1,1,0
11827,2019,0,0,0,0,4415,4458,0,1,1,0
11827,2020,0,0,0,0,4996,4773,0,1,1,0
11827,2021,0,0,0,0,5089,4533,0,1,1,0
11827,2022,0,0,0,0,5146,4582,0,1,1,0
11827,2023,0,0,0,0,5167,4538,0,1,1,0
11828,2019,0,0,0,0,40131,40106,0,1,1,0
11828,2020,0,0,0,0,27743,40181,0,1,1,0
11828,2021,0,0,0,0,15124,72806,0,1,1,0
11828,2022,0,0,0,0,15132,72785,0,1,1,0
11828,2023,0,0,0,0,15234,72491,0,1,1,0
11787,2019,0,0,340,150,250,0,0,1,1,0
11787,2020,0,0,350,180,250,0,0,1,1,0
11787,2021,0,0,380,170,220,0,0,1,1,0
11787,2022,0,0,380,170,210,0,0,1,1,0
11787,2023,0,0,380,160,200,0,0,1,1,0
11829,2019,0,0,100,200,90,0,0,1,1,0
11829,2020,0,0,66,117,57,0,0,1,1,0
11829,2021,0,0,33,113,119,0,0,2c,3a,0
11829,2022,0,0,0,108,180,0,0,1,1,0
11829,2023,0,0,0,102,182,0,0,1,1,0
11830,2019,0,75,100,75,120,0,100,1,1,0
11830,2020,0,737,421,679,3522,0,2193,1,1,0
11830,2021,0,740,414,675,3520,0,2200,1,1,0
11830,2022,0,741,421,680,3510,0,2193,1,1,0
11830,2023,0,721,390,692,1253,0,2218,1,1,0
11831,2019,0,0,0,954,2688,0,734,1,1,0
11831,2020,0,0,0,850,2542,0,936,1,1,0
11831,2021,0,0,0,2613,850,0,942,1,1,0
11831,2022,0,0,0,2612,858,0,937,1,1,0
11831,2023,0,0,0,2632,828,0,916,1,1,0
11832,2019,0,0,0,1611,1608,0,0,1,1,0
11832,2020,0,0,0,1610,1610,0,0,1,1,0
11832,2021,0,0,0,1600,1575,0,0,1,1,0
11832,2022,0,0,0,1580,1560,0,0,1,1,0
11832,2023,0,0,0,1565,1580,0,0,1,1,0
11788,2019,0,0,0,0,0,0,3150,1,1,0
11788,2020,0,0,0,0,0,0,3075,1,1,0
11788,2021,0,0,0,0,0,0,3010,1,1,0
11788,2022,0,0,0,0,0,0,2980,1,1,0
11788,2023,0,0,0,0,0,0,2850,1,1,0
11833,2019,0,0,2121,2765,995,0,0,1,1,0
11833,2020,0,0,2100,2750,1015,0,0,1,1,0
11833,2021,0,0,2085,2725,1000,0,0,1,1,0
11833,2022,0,0,2060,2705,990,0,0,1,1,0
11833,2023,0,0,2045,2685,1025,0,0,1,1,0
11769,2019,0,0,0,0,10915,10890,0,1,1,0
11769,2020,0,0,0,0,8050,10025,0,1,1,0
11769,2021,0,0,0,3000,4500,0,0,1,1,0
11769,2022,0,0,0,3025,4475,0,0,1,1,0
11769,2023,0,0,0,3005,4490,0,0,1,1,0
11789,2019,0,0,0,0,6920,0,6950,1,1,0
11789,2020,0,0,0,0,7500,0,7500,1,1,0
11789,2021,0,0,0,0,7400,0,7400,1,1,0
11789,2022,0,0,0,0,7375,0,7350,1,1,0
11789,2023,0,0,0,0,0,0,8244,1,1,0
11834,2019,0,0,5,0,0,0,0,1,1,0
11834,2020,0,0,10,0,0,0,0,1,1,0
11834,2021,0,0,11,0,0,0,0,2c,3a,0
11834,2022,0,0,12,0,0,0,0,1,1,0
11834,2023,0,0,10,0,0,0,0,1,1,0
11763,2019,0,0,0,966,2258,0,0,1,1,0
11763,2020,0,0,0,960,2262,0,0,1,1,0
11763,2021,0,0,0,955,2354,0,0,1,1,0
11763,2022,0,0,0,891,2418,0,0,1,1,0
11763,2023,0,0,0,953,2413,0,0,1,1,0
11770,2019,0,0,387,0,0,0,0,1,1,0
11770,2020,0,0,375,0,0,0,0,1,1,0
11770,2021,0,0,380,0,0,0,0,1,1,0
11770,2022,0,0,387,0,0,0,0,1,1,0
11770,2023,0,0,381,0,0,0,0,1,1,0
11764,2019,0,0,0,0,5848,8784,0,1,1,0
11764,2020,0,0,0,0,5850,8799,0,1,1,0
11764,2021,0,0,0,0,5854,8802,0,1,1,0
11764,2022,0,0,0,0,5881,8775,0,1,1,0
11764,2023,0,0,0,0,5918,8756,0,1,1,0
11835,2019,0,0,231,1634,2858,5615,0,1,1,0
11835,2020,0,0,0,1072,2681,4387,0,1,1,0
11835,2021,0,0,0,4362,2681,0,0,1,1,0
11835,2022,0,0,0,4387,2564,0,0,1,1,0
11835,2023,0,0,0,955,1677,0,0,1,1,0
11771,2019,0,0,0,0,10,0,13,1,1,0
11771,2020,0,0,0,0,0,25,0,1,1,0
11771,2021,0,0,0,0,0,10,0,1,1,0
11771,2022,0,0,0,0,0,10,0,1,1,0
11771,2023,0,0,0,0,0,0,0,1,1,0
11836,2019,0,0,250,200,0,0,0,1,1,0
11836,2020,0,0,225,188,0,0,0,2c,3a,0
11836,2021,0,0,200,175,0,0,0,1,1,0
11836,2022,0,0,100,200,0,0,0,1,1,0
11836,2023,0,0,100,200,0,0,0,1,1,0
11837,2019,0,150,10,10,200,0,275,1,1,0
11837,2020,0,125,15,15,100,0,300,1,1,0
11837,2021,0,100,10,10,120,0,250,1,1,0
11837,2022,0,0,25,25,50,10,200,1,1,0
11837,2023,0,0,25,25,50,10,200,1,1,0
11838,2019,0,0,300,200,0,0,0,1,1,0
11838,2020,0,0,350,175,0,0,0,1,1,0
11838,2021,0,0,300,150,0,0,0,1,1,0
11838,2022,0,0,100,100,0,0,0,1,1,0
11838,2023,0,0,250,200,0,0,0,1,1,0
11839,2019,0,0,0,0,971,0,0,1,1,0
11839,2020,0,0,0,0,853,0,0,1,1,0
11839,2021,0,0,0,0,19,0,0,1,1,0
11839,2022,0,0,0,0,27,0,0,1,1,0
11839,2023,0,0,0,0,7,0,0,1,1,0
11790,2019,0,0,0,4510,4005,0,9050,1,1,0
11790,2020,0,0,0,4550,4590,0,9125,1,1,0
11790,2021,0,0,0,4850,4890,0,9425,1,1,0
11790,2022,0,0,0,4945,4930,0,9850,1,1,0
11790,2023,0,0,0,5025,5010,0,9875,1,1,0
11840,2019,0,0,1072,828,487,0,97,1,1,0
11840,2020,0,0,1035,805,585,0,106,1,1,0
11840,2021,0,0,1028,808,594,0,109,1,1,0
11840,2022,0,0,1036,814,589,0,107,1,1,0
11840,2023,0,0,1018,833,570,0,115,1,1,0
11841,2019,0,0,0,0,0,0,1000,1,1,0
11841,2020,0,0,0,0,0,0,1500,1,1,0
11841,2021,0,0,0,0,0,0,1622,1,1,0
11841,2022,0,0,0,0,0,0,1859,1,1,0
11841,2023,0,0,0,0,0,0,4724,1,1,0
11842,2019,0,0,0,0,1000,7000,0,1,1,0
11842,2020,0,0,0,0,1100,6500,0,1,1,0
11842,2021,0,0,0,0,1000,6000,0,1,1,0
11842,2022,0,0,0,0,1100,6000,0,1,1,0
11842,2023,0,0,0,0,1500,5500,0,1,1,0
11843,2019,0,0,0,0,10000,20000,0,1,1,0
11843,2020,0,0,0,0,9000,15000,0,1,1,0
11843,2021,0,0,0,0,8500,14000,0,1,1,0
11843,2022,0,0,0,0,8000,15000,0,1,1,0
11843,2023,0,0,0,0,8000,15000,0,1,1,0
11844,2019,0,0,0,0,0,0,400,1,1,0
11844,2020,0,0,0,0,0,0,350,1,1,0
11844,2021,0,0,0,0,0,0,400,1,1,0
11844,2022,0,0,0,0,0,0,300,1,1,0
11844,2023,0,0,0,0,0,0,350,1,1,0
11845,2019,0,0,0,0,0,9500,0,1,1,0
11845,2020,0,0,0,0,0,9250,0,1,1,0
11845,2021,0,0,0,0,0,9000,0,1,1,0
11845,2022,0,0,0,0,0,8000,0,1,1,0
11845,2023,0,0,0,0,0,9000,0,1,1,0
12060,2019,0,0,0,0,64,64,0,2a,3b,0
12060,2020,0,0,0,0,64,64,0,2a,3b,0
12060,2021,0,0,0,0,64,64,0,2a,3b,0
12060,2022,0,0,0,0,64,64,0,2a,3b,0
12060,2023,0,0,0,0,64,64,0,2a,3b,0
11699,2019,0,60,230,210,0,0,0,1,1,0
11699,2020,0,60,235,215,0,0,0,1,1,0
11699,2021,0,0,500,250,0,0,0,1,1,0
11699,2022,0,0,550,300,0,0,0,1,1,0
11699,2023,0,0,560,295,0,0,0,1,1,0
11733,2019,0,0,0,130,360,0,0,1,1,0
11733,2020,0,0,0,130,360,0,0,1,1,0
11733,2021,0,0,0,130,360,0,0,1,1,0
11733,2022,0,0,0,130,360,0,0,1,1,0
11733,2023,0,0,0,130,360,0,0,1,1,0
11896,2019,0,0,1850,1700,0,0,0,1,1,0
11896,2020,0,0,1800,1650,0,0,0,1,1,0
11896,2021,0,0,1735,1620,0,0,0,1,1,0
11896,2022,0,0,1702,1598,0,0,0,1,1,0
11896,2023,0,0,1758,1603,0,0,0,1,1,0
12061,2019,0,0,0,0,0,0,0,2a,3g,0
12061,2020,0,0,0,0,0,0,0,2a,3g,0
12061,2021,0,0,0,0,0,0,0,2a,3g,0
12061,2022,0,0,0,0,0,0,0,2a,3g,0
12061,2023,0,0,0,0,0,0,0,2a,3g,0
11734,2019,0,0,0,97,0,0,0,1,1,0
11734,2020,0,0,0,0,0,0,0,1,1,0
11734,2021,0,0,0,0,0,0,0,1,1,0
11734,2022,0,0,0,0,0,0,0,2a,2c,0
11734,2023,0,0,0,0,0,0,0,2a,2c,0
12062,2019,0,0,0,0,0,0,0,2a,3g,0
12062,2020,0,0,0,0,0,0,0,2a,3g,0
12062,2021,0,0,0,0,0,0,0,2a,3g,0
12062,2022,0,0,0,0,0,0,0,2a,3g,0
12062,2023,0,0,0,0,0,0,0,2a,3g,0
11735,2019,0,0,24,35,42,0,125,1,1,0
11735,2020,0,0,30,35,50,0,150,1,1,0
11735,2021,0,0,50,55,50,0,175,1,1,0
11735,2022,0,0,60,60,55,0,190,1,1,0
11735,2023,0,0,60,60,55,0,190,2c,3a,0
11892,2019,0,0,0,0,0,0,0,2a,3g,0
11892,2020,0,0,0,0,0,0,0,2a,3g,0
11892,2021,0,0,0,0,0,0,0,2a,3g,0
11892,2022,0,0,0,0,0,0,0,2a,3g,0
11892,2023,0,0,0,0,0,0,0,2a,3g,0
12063,2019,0,0,0,0,0,0,0,2a,3g,0
12063,2020,0,0,0,0,0,0,0,2a,3g,0
12063,2021,0,0,0,0,0,0,0,2a,3g,0
12063,2022,0,0,0,0,0,0,0,2a,3g,0
12063,2023,0,0,0,0,0,0,0,2a,3g,0
12064,2019,0,0,0,0,0,0,0,2a,3g,0
12064,2020,0,0,0,0,0,0,0,2a,3g,0
12064,2021,0,0,0,0,0,0,0,2a,3g,0
12064,2022,0,0,0,0,0,0,0,2a,3g,0
12064,2023,0,0,0,0,0,0,0,2a,3g,0
11736,2019,0,0,500,300,500,0,0,1,1,0
11736,2020,0,0,500,300,500,0,0,1,1,0
11736,2021,0,0,500,300,500,0,0,1,1,0
11736,2022,0,0,500,300,500,0,0,1,1,0
11736,2023,0,0,500,300,500,0,0,1,1,0
11737,2019,0,0,1250,200,1200,0,0,1,1,0
11737,2020,0,0,1250,200,1200,0,0,1,1,0
11737,2021,0,0,1250,200,1200,0,0,1,1,0
11737,2022,0,0,1250,200,1200,0,0,1,1,0
11737,2023,0,0,1250,200,1200,0,0,1,1,0
11738,2019,0,0,0,0,0,0,2500,1,1,0
11738,2020,0,0,0,0,0,0,1800,1,1,0
11738,2021,0,0,0,0,0,0,1000,1,1,0
11738,2022,0,0,0,0,0,0,500,1,1,0
11738,2023,0,0,0,0,0,0,500,1,1,0
11700,2019,0,0,0,790,200,0,0,1,1,0
11700,2020,0,0,0,790,200,0,0,1,1,0
11700,2021,0,0,0,835,245,0,0,1,1,0
11700,2022,0,0,0,830,245,0,0,1,1,0
11700,2023,0,0,0,840,240,0,0,1,1,0
11704,2019,0,35,20,0,0,0,0,2c,3a,0
11704,2020,0,35,20,0,0,0,0,2c,3a,0
11704,2021,0,35,20,0,0,0,0,1,1,0
11704,2022,0,25,0,100,0,0,0,1,1,0
11704,2023,0,0,100,0,0,0,0,1,1,0
11739,2019,0,0,0,0,0,0,0,1,1,0
11739,2020,0,329,0,1145,0,6,358,1,1,0
11739,2021,0,329,0,1145,0,0,358,1,1,0
11739,2022,0,329,0,1145,0,10,358,1,1,0
11739,2023,0,329,0,1145,0,10,358,1,1,0
11740,2019,0,0,500,499,0,0,0,1,1,0
11740,2020,0,0,600,250,0,0,0,1,1,0
11740,2021,0,0,600,250,0,0,0,1,1,0
11740,2022,0,0,600,250,0,0,0,2c,3a,0
11740,2023,0,0,600,250,0,0,0,2c,3a,0
12065,2019,0,0,0,0,0,0,0,2a,3g,0
12065,2020,0,0,0,0,0,0,0,2a,3g,0
12065,2021,0,0,0,0,0,0,0,2a,3g,0
12065,2022,0,0,0,0,0,0,0,2a,3g,0
12065,2023,0,0,0,0,0,0,0,2a,3g,0
11713,2019,0,0,750,825,385,0,600,1,1,0
11713,2020,0,0,750,825,385,0,600,1,1,0
11713,2021,0,0,750,825,385,0,0,1,1,0
11713,2022,0,0,750,825,385,0,0,1,1,0
11713,2023,0,0,750,825,385,0,0,1,1,0
12066,2019,0,0,0,0,0,0,0,2a,3g,0
12066,2020,0,0,0,0,0,0,0,2a,3g,0
12066,2021,0,0,0,0,0,0,0,2a,3g,0
12066,2022,0,0,0,0,0,0,0,2a,3g,0
12066,2023,0,0,0,0,0,0,0,2a,3g,0
11711,2019,0,0,0,0,2800,7500,0,1,1,0
11711,2020,0,0,0,0,2800,7500,0,1,1,0
11711,2021,0,0,0,0,2600,7200,0,1,1,0
11711,2022,0,0,0,0,2600,7200,0,1,1,0
11711,2023,0,0,0,0,2600,7200,0,1,1,0
12067,2019,0,0,0,0,100,0,0,1,1,0
12067,2020,0,0,0,0,80,0,0,1,1,0
12067,2021,0,0,0,0,0,0,0,1,1,0
12067,2022,0,0,0,0,0,0,0,1,1,0
12067,2023,0,0,0,0,0,0,0,1,1,0
11706,2019,0,0,86,90,84,0,0,1,1,0
11706,2020,0,0,83,84,83,0,0,1,1,0
11706,2021,0,0,150,75,0,0,0,1,1,0
11706,2022,0,0,75,100,0,0,0,1,1,0
11706,2023,0,0,50,50,0,0,0,1,1,0
11741,2019,0,0,0,0,1000,0,0,1,1,0
11741,2020,0,0,0,0,1000,0,0,1,1,0
11741,2021,0,0,0,0,1000,0,0,1,1,0
11741,2022,0,0,0,0,1000,0,0,1,1,0
11741,2023,0,0,0,0,1000,0,0,1,1,0
11707,2019,0,0,200,730,0,0,0,1,1,0
11707,2020,0,0,200,730,0,0,0,1,1,0
11707,2021,0,0,190,715,0,0,0,1,1,0
11707,2022,0,0,195,710,0,0,0,1,1,0
11707,2023,0,0,195,715,0,0,0,1,1,0
11742,2019,0,0,2000,400,0,0,0,1,1,0
11742,2020,0,0,2000,400,0,0,0,1,1,0
11742,2021,0,0,2000,400,0,0,0,1,1,0
11742,2022,0,0,2000,400,0,0,0,1,1,0
11742,2023,0,0,2000,400,0,0,0,1,1,0
11743,2019,0,0,600,0,0,0,0,1,1,0
11743,2020,0,0,0,300,0,0,0,1,1,0
11743,2021,0,0,0,200,0,0,0,1,1,0
11743,2022,0,0,0,66,0,0,0,1,1,0
11743,2023,0,0,0,0,0,0,0,1,1,0
11744,2019,0,0,0,0,2299,0,0,2c,3a,0
11744,2020,0,0,0,0,2299,0,0,1,1,0
11744,2021,0,0,0,0,2018,0,0,2c,3a,0
11744,2022,0,0,0,0,1736,0,0,1,1,0
11744,2023,0,0,0,0,1614,0,0,1,1,0
12068,2019,0,22,0,0,0,0,0,2a,3a,0
12068,2020,0,22,0,0,0,0,0,2a,3a,0
12068,2021,0,22,0,0,0,0,0,2a,3a,0
12068,2022,0,22,0,0,0,0,0,2a,3a,0
12068,2023,0,22,0,0,0,0,0,1,1,0
11708,2019,0,0,0,1080,0,0,0,1,1,0
11708,2020,0,0,890,320,0,0,0,1,1,0
11708,2021,0,0,915,365,0,0,0,1,1,0
11708,2022,0,0,915,365,0,0,0,2c,3a,0
11708,2023,0,0,915,365,0,0,0,2c,3a,0
12069,2019,0,0,0,0,0,0,0,2a,3g,0
12069,2020,0,0,0,0,0,0,0,2a,3g,0
12069,2021,0,0,0,0,0,0,0,2a,3g,0
12069,2022,0,0,0,0,0,0,0,2a,3g,0
12069,2023,0,0,0,0,0,0,0,2a,3g,0
12070,2019,0,0,0,0,0,0,0,2a,3g,0
12070,2020,0,0,0,0,0,0,0,2a,3g,0
12070,2021,0,0,0,0,0,0,0,2a,3g,0
12070,2022,0,0,0,0,0,0,0,2a,3g,0
12070,2023,0,0,0,0,0,0,0,2a,3g,0
11709,2019,0,150,400,0,0,0,0,1,1,0
11709,2020,0,150,400,0,0,0,0,1,1,0
11709,2021,0,160,415,0,0,0,0,1,1,0
11709,2022,0,165,415,0,0,0,0,1,1,0
11709,2023,0,170,420,0,0,0,0,1,1,0
11745,2019,0,0,0,1000,8000,12500,0,1,1,0
11745,2020,0,0,0,3000,6200,15400,0,1,1,0
11745,2021,0,0,0,500,8700,15400,0,1,1,0
11745,2022,0,0,0,500,8700,15400,0,1,1,0
11745,2023,0,0,0,500,8700,15400,0,1,1,0
11746,2019,0,0,0,0,0,0,0,1,1,0
11746,2020,0,0,0,0,0,0,0,1,1,0
11746,2021,0,0,0,0,0,0,0,2c,2c,0
11746,2022,0,0,0,0,0,0,0,2c,2c,0
11746,2023,0,0,0,0,0,0,0,2c,2c,0
11747,2019,0,168,20,559,0,0,50,2c,3a,0
11747,2020,0,168,20,559,0,0,50,1,1,0
11747,2021,0,0,0,0,0,0,366,1,1,0
11747,2022,0,0,0,0,0,0,245,1,1,0
11747,2023,0,0,0,0,0,0,245,2c,3a,0
11714,2019,0,0,1360,1360,1104,0,0,1,1,0
11714,2020,0,0,1360,1360,1104,0,0,1,1,0
11714,2021,0,0,1360,1360,1104,0,0,1,1,0
11714,2022,0,0,1000,1000,400,0,0,1,1,0
11714,2023,0,0,1000,1000,400,0,0,1,1,0
12071,2019,0,0,30,30,0,0,0,2a,3b,0
12071,2020,0,0,0,0,0,0,0,2a,2e,0
12071,2021,0,0,0,0,0,0,0,2a,2e,0
12071,2022,0,0,0,0,0,0,0,2a,2a,0
12071,2023,0,0,0,0,0,0,0,2a,2a,0
11710,2019,0,0,1993,900,200,0,0,1,1,0
11710,2020,0,0,1990,910,210,0,0,1,1,0
11710,2021,0,0,1965,930,190,0,0,1,1,0
11710,2022,0,0,1765,830,170,0,0,1,1,0
11710,2023,0,0,1325,664,136,0,0,1,1,0
11748,2019,0,0,200,250,0,0,0,1,1,0
11748,2020,0,0,200,250,0,0,0,1,1,0
11748,2021,0,0,200,250,0,0,0,1,1,0
11748,2022,0,0,200,250,0,0,0,1,1,0
11748,2023,0,0,200,250,0,0,0,1,1,0
11749,2019,0,0,0,0,5050,0,3500,1,1,0
11749,2020,0,0,0,0,4950,0,3400,1,1,0
11749,2021,0,0,0,0,4689,0,3355,1,1,0
11749,2022,0,0,0,0,4633,0,3310,1,1,0
11749,2023,0,0,0,0,4668,0,3215,1,1,0
12072,2019,0,0,0,0,0,0,0,2a,3g,0
12072,2020,0,0,0,0,0,0,0,2a,3g,0
12072,2021,0,0,0,0,0,0,0,2a,3g,0
12072,2022,0,0,0,0,0,0,0,2a,3g,0
12072,2023,0,0,0,0,0,0,0,2a,3g,0
11750,2019,0,300,125,0,450,0,0,1,1,0
11750,2020,0,300,125,0,450,0,0,1,1,0
11750,2021,0,300,125,0,450,0,0,1,1,0
11750,2022,0,100,42,0,150,0,0,1,1,0
11750,2023,0,0,0,0,0,0,0,1,1,0
11751,2019,0,0,400,0,0,0,0,1,1,0
11751,2020,0,0,40,0,0,0,40,1,1,0
11751,2021,0,0,40,0,0,0,0,1,1,0
11751,2022,0,0,0,0,0,0,8,1,1,0
11751,2023,0,0,0,0,0,0,0,2a,2a,0
11909,2019,0,0,0,0,0,0,0,2a,3g,0
11909,2020,0,0,0,0,0,0,0,2a,3g,0
11909,2021,0,0,0,0,0,0,0,2a,3g,0
11909,2022,0,0,0,0,0,0,0,2a,3g,0
11909,2023,0,0,0,0,0,0,0,2a,3g,0
12073,2019,0,0,0,0,0,0,0,2a,3g,0
12073,2020,0,0,0,0,0,0,0,2a,3g,0
12073,2021,0,0,0,0,0,0,0,2a,3g,0
12073,2022,0,0,0,0,0,0,0,2a,3g,0
12073,2023,0,0,0,0,0,0,0,2a,3g,0
12074,2019,0,0,0,0,0,0,0,2a,3g,0
12074,2020,0,0,0,0,0,0,0,2a,3g,0
12074,2021,0,0,0,0,0,0,0,2a,3g,0
12074,2022,0,0,0,0,0,0,0,2a,3g,0
12074,2023,0,0,0,0,0,0,0,2a,3g,0
12075,2019,0,0,0,0,0,0,0,2a,2a,0
12075,2020,0,0,0,0,0,0,0,2a,2a,0
12075,2021,0,0,0,0,0,0,0,2a,2a,0
12075,2022,0,0,0,0,0,0,0,2a,2a,0
12075,2023,0,0,0,0,0,0,0,2a,2a,0
11760,2019,0,0,0,0,0,0,0,1,1,0
11760,2020,0,0,0,10,0,0,0,1,1,0
11760,2021,0,0,0,0,0,0,0,1,1,0
11760,2022,0,0,0,30,0,0,0,1,1,0
11760,2023,0,0,0,30,0,0,0,1,1,0
11846,2019,0,0,0,0,0,0,0,1,1,0
11846,2020,0,0,0,0,0,0,0,1,1,0
11846,2021,0,0,0,0,0,0,0,1,1,0
11846,2022,0,0,0,0,0,0,0,1,1,0
11846,2023,0,0,0,0,0,0,0,1,1,0
12076,2019,0,0,0,0,0,0,0,2a,3g,0
12076,2020,0,0,0,0,0,0,0,2a,3g,0
12076,2021,0,0,0,0,0,0,0,2a,3g,0
12076,2022,0,0,0,0,0,0,0,2a,3g,0
12076,2023,0,0,0,0,0,0,0,2a,3g,0
11897,2019,0,0,0,0,0,0,0,2a,3g,0
11897,2020,0,0,0,0,0,0,0,2a,3g,0
11897,2021,0,0,0,0,0,0,0,2a,3g,0
11897,2022,0,0,0,0,0,0,0,2a,3g,0
11897,2023,0,0,0,0,0,0,0,2a,3g,0
11903,2012,0,0,0,0,0,0,0,2a,2e,0
11903,2013,0,0,0,0,0,0,0,2a,2e,0
11903,2014,0,0,0,0,0,0,0,2a,2e,0
11903,2015,0,0,0,0,0,0,0,2a,2e,0
11903,2016,0,0,0,0,0,0,0,2a,2e,0
11903,2017,0,0,0,0,0,0,0,2a,2e,0
11903,2018,0,0,0,0,0,0,0,2a,2e,0
11903,2019,0,0,0,0,0,0,0,2a,2e,0
11903,2020,0,0,0,0,0,0,0,2a,2e,0
11903,2021,0,0,0,0,0,0,0,2a,2e,0
11903,2022,0,0,0,0,0,0,0,2a,2e,0
11903,2023,0,0,0,0,0,0,0,2a,2e,0
12077,2019,0,0,0,0,0,0,0,2a,3g,0
12077,2020,0,0,0,0,0,0,0,2a,3g,0
12077,2021,0,0,0,0,0,0,0,2a,3g,0
12077,2022,0,0,0,0,0,0,0,2a,3g,0
12077,2023,0,0,0,0,0,0,0,2a,3g,0
11894,2012,0,0,0,0,0,0,0,2a,3g,0
11894,2013,0,0,0,0,0,0,0,2a,3g,0
11894,2014,0,0,0,0,0,0,0,2a,3g,0
11894,2015,0,0,0,0,0,0,0,2a,3g,0
11894,2016,0,0,0,0,0,0,0,2a,3g,0
11894,2017,0,0,0,0,0,0,0,2a,3g,0
11894,2018,0,0,0,0,0,0,0,2a,3g,0
11894,2019,0,0,0,0,0,0,0,2a,3g,0
11894,2020,0,0,0,0,0,0,0,2a,3g,0
11894,2021,0,0,0,0,0,0,0,2a,3g,0
11894,2022,0,0,0,0,0,0,0,2a,3g,0
11894,2023,0,0,0,0,0,0,0,2a,3g,0
12078,2019,0,0,0,0,0,0,0,2a,3g,0
12078,2020,0,0,0,0,0,0,0,2a,3g,0
12078,2021,0,0,0,0,0,0,0,2a,3g,0
12078,2022,0,0,0,0,0,0,0,2a,3g,0
12078,2023,0,0,0,0,0,0,0,2a,3g,0
12079,2012,0,0,0,0,0,0,0,2a,3g,0
12079,2013,0,0,0,0,0,0,0,2a,3g,0
12079,2014,0,0,0,0,0,0,0,2a,3g,0
12079,2015,0,0,0,0,0,0,0,2a,3g,0
12079,2016,0,0,0,0,0,0,0,2a,3g,0
12079,2017,0,0,0,0,0,0,0,2a,3g,0
12079,2018,0,0,0,0,0,0,0,2a,3g,0
12079,2019,0,0,0,0,0,0,0,2a,3g,0
12079,2020,0,0,0,0,0,0,0,2a,3g,0
12079,2021,0,0,0,0,0,0,0,2a,3g,0
12079,2022,0,0,0,0,0,0,0,2a,3g,0
12079,2023,0,0,0,0,0,0,0,2a,3g,0
12080,2012,0,0,0,0,0,0,0,2a,3g,0
12080,2013,0,0,0,0,0,0,0,2a,3g,0
12080,2014,0,0,0,0,0,0,0,2a,3g,0
12080,2015,0,0,0,0,0,0,0,2a,3g,0
12080,2016,0,0,0,0,0,0,0,2a,3g,0
12080,2017,0,0,0,0,0,0,0,2a,3g,0
12080,2018,0,0,0,0,0,0,0,2a,3g,0
12080,2019,0,0,0,0,0,0,0,2a,3g,0
12080,2020,0,0,0,0,0,0,0,2a,3g,0
12080,2021,0,0,0,0,0,0,0,2a,3g,0
12080,2022,0,0,0,0,0,0,0,2a,3g,0
12080,2023,0,0,0,0,0,0,0,2a,3g,0
12081,2012,0,0,0,0,0,0,0,2a,3g,0
12081,2013,0,0,0,0,0,0,0,2a,3g,0
12081,2014,0,0,0,0,0,0,0,2a,3g,0
12081,2015,0,0,0,0,0,0,0,2a,3g,0
12081,2016,0,0,0,0,0,0,0,2a,3g,0
12081,2017,0,0,0,0,0,0,0,2a,3g,0
12081,2018,0,0,0,0,0,0,0,2a,3g,0
12081,2019,0,0,0,0,0,0,0,2a,3g,0
12081,2020,0,0,0,0,0,0,0,2a,3g,0
12081,2021,0,0,0,0,0,0,0,2a,3g,0
12081,2022,0,0,0,0,0,0,0,2a,3g,0
12081,2023,0,0,0,0,0,0,0,2a,3g,0
12082,2019,0,0,0,0,0,0,0,2a,3g,0
12082,2020,0,0,0,0,0,0,0,2a,3g,0
12082,2021,0,0,0,0,0,0,0,2a,3g,0
12082,2022,0,0,0,0,0,0,0,2a,3g,0
12082,2023,0,0,0,0,0,0,0,2a,3g,0
12083,2012,0,0,0,0,0,0,0,2a,3g,0
12083,2013,0,0,0,0,0,0,0,2a,3g,0
12083,2014,0,0,0,0,0,0,0,2a,3g,0
12083,2015,0,0,0,0,0,0,0,2a,3g,0
12083,2016,0,0,0,0,0,0,0,2a,3g,0
12083,2017,0,0,0,0,0,0,0,2a,3g,0
12083,2018,0,0,0,0,0,0,0,2a,3g,0
12083,2019,0,0,0,0,0,0,0,2a,3g,0
12083,2020,0,0,0,0,0,0,0,2a,3g,0
12083,2021,0,0,0,0,0,0,0,2a,3g,0
12083,2022,0,0,0,0,0,0,0,2a,3g,0
12083,2023,0,0,0,0,0,0,0,2a,3g,0
12084,2012,0,0,0,0,0,0,0,2a,3g,0
12084,2013,0,0,0,0,0,0,0,2a,3g,0
12084,2014,0,0,0,0,0,0,0,2a,3g,0
12084,2015,0,0,0,0,0,0,0,2a,3g,0
12084,2016,0,0,0,0,0,0,0,2a,3g,0
12084,2017,0,0,0,0,0,0,0,2a,3g,0
12084,2018,0,0,0,0,0,0,0,2a,3g,0
12084,2019,0,0,0,0,0,0,0,2a,3g,0
12084,2020,0,0,0,0,0,0,0,2a,3g,0
12084,2021,0,0,0,0,0,0,0,2a,3g,0
12084,2022,0,0,0,0,0,0,0,2a,3g,0
12084,2023,0,0,0,0,0,0,0,2a,3g,0
12085,2012,0,0,0,0,0,0,0,2a,3g,0
12085,2013,0,0,0,0,0,0,0,2a,3g,0
12085,2014,0,0,0,0,0,0,0,2a,3g,0
12085,2015,0,0,0,0,0,0,0,2a,3g,0
12085,2016,0,0,0,0,0,0,0,2a,3g,0
12085,2017,0,0,0,0,0,0,0,2a,3g,0
12085,2018,0,0,0,0,0,0,0,2a,3g,0
12085,2019,0,0,0,0,0,0,0,2a,3g,0
12085,2020,0,0,0,0,0,0,0,2a,3g,0
12085,2021,0,0,0,0,0,0,0,2a,3g,0
12085,2022,0,0,0,0,0,0,0,2a,3g,0
12085,2023,0,0,0,0,0,0,0,2a,3g,0
11752,2019,0,0,0,0,0,0,250,1,1,0
11752,2020,0,0,0,0,0,0,350,1,1,0
11752,2021,0,0,0,0,300,0,0,1,1,0
11752,2022,0,0,0,0,200,0,0,1,1,0
11752,2023,0,0,0,0,150,0,200,1,1,0
12086,2012,0,0,0,0,0,0,0,2a,3g,0
12086,2013,0,0,0,0,0,0,0,2a,3g,0
12086,2014,0,0,0,0,0,0,0,2a,3g,0
12086,2015,0,0,0,0,0,0,0,2a,3g,0
12086,2016,0,0,0,0,0,0,0,2a,3g,0
12086,2017,0,0,0,0,0,0,0,2a,3g,0
12086,2018,0,0,0,0,0,0,0,2a,3g,0
12086,2019,0,0,0,0,0,0,0,2a,3g,0
12086,2020,0,0,0,0,0,0,0,2a,3g,0
12086,2021,0,0,0,0,0,0,0,2a,3g,0
12086,2022,0,0,0,0,0,0,0,2a,3g,0
12086,2023,0,0,0,0,0,0,0,2a,3g,0
12087,2012,0,0,0,0,0,0,0,2a,3g,0
12087,2013,0,0,0,0,0,0,0,2a,3g,0
12087,2014,0,0,0,0,0,0,0,2a,3g,0
12087,2015,0,0,0,0,0,0,0,2a,3g,0
12087,2016,0,0,0,0,0,0,0,2a,3g,0
12087,2017,0,0,0,0,0,0,0,2a,3g,0
12087,2018,0,0,0,0,0,0,0,2a,3g,0
12087,2019,0,0,0,0,0,0,0,2a,3g,0
12087,2020,0,0,0,0,0,0,0,2a,3g,0
12087,2021,0,0,0,0,0,0,0,2a,3g,0
12087,2022,0,0,0,0,0,0,0,2a,3g,0
12087,2023,0,0,0,0,0,0,0,2a,3g,0
12088,2019,0,0,0,0,0,0,0,2a,3g,0
12088,2020,0,0,0,0,0,0,0,2a,3g,0
12088,2021,0,0,0,0,0,0,0,2a,3g,0
12088,2022,0,0,0,0,0,0,0,2a,3g,0
12088,2023,0,0,0,0,0,0,0,2a,3g,0
12089,2012,0,0,0,0,0,0,0,2a,3g,0
12089,2013,0,0,0,0,0,0,0,2a,3g,0
12089,2014,0,0,0,0,0,0,0,2a,3g,0
12089,2015,0,0,0,0,0,0,0,2a,3g,0
12089,2016,0,0,0,0,0,0,0,2a,3g,0
12089,2017,0,0,0,0,0,0,0,2a,3g,0
12089,2018,0,0,0,0,0,0,0,2a,3g,0
12089,2019,0,0,0,0,0,0,0,2a,3g,0
12089,2020,0,0,0,0,0,0,0,2a,3g,0
12089,2021,0,0,0,0,0,0,0,2a,3g,0
12089,2022,0,0,0,0,0,0,0,2a,3g,0
12089,2023,0,0,0,0,0,0,0,2a,3g,0
12090,2019,0,0,0,0,0,0,0,2a,3g,0
12090,2020,0,0,0,0,0,0,0,2a,3g,0
12090,2021,0,0,0,0,0,0,0,2a,3g,0
12090,2022,0,0,0,0,0,0,0,2a,3g,0
12090,2023,0,0,0,0,0,0,0,2a,3g,0
11701,2019,0,13,1,1,4,1,5,1,1,0
11701,2020,0,13,1,1,4,1,5,1,1,0
11701,2021,0,13,1,1,5,5,0,1,1,0
11701,2022,0,20,5,5,5,5,0,1,1,0
11701,2023,0,20,5,5,5,5,0,1,1,0
11772,2019,0,0,0,0,800,0,0,1,1,0
11772,2020,0,0,0,0,0,0,0,1,1,0
11772,2021,0,0,0,0,950,0,0,1,1,0
11772,2022,0,0,0,0,920,0,0,1,1,0
11772,2023,0,0,0,0,905,0,0,1,1,0
11791,2019,0,0,347,492,0,0,0,1,1,0
11791,2020,0,0,340,510,0,0,0,1,1,0
11791,2021,0,0,325,500,0,0,0,1,1,0
11791,2022,0,0,300,525,0,0,0,1,1,0
11791,2023,0,0,305,515,0,0,0,1,1,0
11847,2019,0,0,290,0,0,0,0,1,1,0
11847,2020,0,0,290,0,0,0,0,1,1,0
11847,2021,0,0,288,0,0,0,0,1,1,0
11847,2022,0,0,288,0,0,0,0,1,1,0
11847,2023,0,0,250,0,0,0,0,1,1,0
12091,2019,0,0,0,0,0,0,0,2a,3g,0
12091,2020,0,0,0,0,0,0,0,2a,3g,0
12091,2021,0,0,0,0,0,0,0,2a,3g,0
12091,2022,0,0,0,0,0,0,0,2a,3g,0
12091,2023,0,0,0,0,0,0,0,2a,3g,0
12092,2019,0,0,0,0,0,0,0,2c,2c,0
12092,2020,0,0,0,0,0,0,0,1,1,0
12092,2021,0,0,0,0,0,0,0,1,1,0
12092,2022,0,0,0,0,0,0,0,2c,2c,0
12092,2023,0,0,0,0,0,0,0,2c,2c,0
12093,2019,0,0,0,0,0,0,0,2a,3g,0
12093,2020,0,0,0,0,0,0,0,2a,3g,0
12093,2021,0,0,0,0,0,0,0,2a,3g,0
12093,2022,0,0,0,0,0,0,0,2a,3g,0
12093,2023,0,0,0,0,0,0,0,2a,3g,0
11848,2019,0,0,0,586,568,583,0,1,1,0
11848,2020,0,0,0,555,575,580,0,1,1,0
11848,2021,0,0,0,570,582,566,0,1,1,0
11848,2022,0,0,0,575,552,531,0,1,1,0
11848,2023,0,0,0,584,546,539,0,1,1,0
11849,2019,0,0,348,235,0,0,0,1,1,0
11849,2020,0,0,353,234,0,0,0,1,1,0
11849,2021,0,0,348,240,0,0,0,1,1,0
11849,2022,0,0,346,232,0,0,0,1,1,0
11849,2023,0,0,365,210,0,0,0,1,1,0
11850,2019,0,0,0,0,1608,2876,0,1,1,0
11850,2020,0,0,0,0,1384,3189,0,1,1,0
11850,2021,0,0,0,0,1389,3196,0,1,1,0
11850,2022,0,0,0,0,1401,3217,0,1,1,0
11850,2023,0,0,0,0,1469,3118,0,1,1,0
11851,2019,0,0,0,0,0,0,0,2c,2c,0
11851,2020,0,0,0,0,0,0,0,1,1,0
11851,2021,0,0,0,0,0,0,0,1,1,0
11851,2022,0,0,1,1,0,0,1,1,1,0
11851,2023,0,0,1,0,0,0,1,1,1,0
11753,2019,0,0,600,600,0,0,0,1,1,0
11753,2020,0,0,600,600,0,0,0,1,1,0
11753,2021,0,0,0,650,650,0,0,1,1,0
11753,2022,0,0,0,650,650,0,0,1,1,0
11753,2023,0,0,0,650,650,0,0,1,1,0
11754,2019,0,0,0,805,0,0,0,1,1,0
11754,2020,0,0,0,500,0,0,0,1,1,0
11754,2021,0,0,0,250,0,0,0,1,1,0
11754,2022,0,0,0,0,0,0,0,1,1,0
11754,2023,0,0,0,8,0,0,0,1,1,0
12094,2019,0,0,0,0,0,0,0,2a,3g,0
12094,2020,0,0,0,0,0,0,0,2a,3g,0
12094,2021,0,0,0,0,0,0,0,2a,3g,0
12094,2022,0,0,0,0,0,0,0,2a,3g,0
12094,2023,0,0,0,0,0,0,0,2a,3g,0
11755,2019,0,0,0,100,200,0,200,1,1,0
11755,2020,0,0,0,110,175,0,180,1,1,0
11755,2021,0,0,0,100,150,0,150,1,1,0
11755,2022,0,0,0,85,140,0,140,1,1,0
11755,2023,0,0,0,90,145,0,125,1,1,0
12095,2019,0,0,0,0,0,0,0,2a,3g,0
12095,2020,0,0,0,0,0,0,0,2a,3g,0
12095,2021,0,0,0,0,0,0,0,2a,3g,0
12095,2022,0,0,0,0,0,0,0,2a,3g,0
12095,2023,0,0,0,0,0,0,0,2a,3g,0
12096,2019,0,200,0,625,0,0,0,1,1,0
12096,2020,0,195,0,600,0,0,0,1,1,0
12096,2021,0,182,0,585,0,0,0,1,1,0
12096,2022,0,174,0,559,0,0,0,1,1,0
12096,2023,0,168,0,563,0,0,0,1,1,0
11891,2019,0,0,0,0,0,0,0,2a,2a,0
11891,2020,0,0,0,0,0,0,0,2a,2a,0
11891,2021,0,0,0,0,0,0,0,2a,2a,0
11891,2022,0,0,0,0,0,0,0,2a,2a,0
11891,2023,0,0,0,0,0,0,0,2a,2a,0
11911,2019,0,0,0,0,0,0,0,2a,3g,0
11911,2020,0,0,0,0,0,0,0,2a,3g,0
11911,2021,0,0,0,0,0,0,0,2a,3g,0
11911,2022,0,0,0,0,0,0,0,2a,3g,0
11911,2023,0,0,0,0,0,0,0,2a,3g,0
11702,2019,0,0,147,0,0,0,0,1,1,0
11702,2020,0,0,100,0,0,0,0,1,1,0
11702,2021,0,0,100,0,0,0,0,1,1,0
11702,2022,0,0,100,0,0,0,0,1,1,0
11702,2023,0,0,100,0,0,0,0,1,1,0
11756,2019,0,9,1,10,1,0,15,2c,3a,0
11756,2020,0,0,0,0,21,0,9,1,1,0
11756,2021,0,0,0,0,21,0,9,2c,3a,0
11756,2022,0,0,0,0,21,0,9,2c,3a,0
11756,2023,0,0,0,0,21,0,9,2c,3a,0
12097,2019,0,0,0,0,0,0,0,2a,3g,0
12097,2020,0,0,0,0,0,0,0,2a,3g,0
12097,2021,0,0,0,0,0,0,0,2a,3g,0
12097,2022,0,0,0,0,0,0,0,2a,2a,0
12097,2023,0,0,0,0,0,0,0,2a,2a,0
11757,2019,0,10,25,25,20,0,0,1,1,0
11757,2020,0,0,0,0,0,0,0,1,1,0
11757,2021,0,0,0,0,0,0,0,1,1,0
11757,2022,0,55,130,130,0,0,0,1,1,0
11757,2023,0,55,130,130,0,0,0,1,1,0
11792,2019,0,0,0,250,180,0,0,1,1,0
11792,2020,0,0,460,100,250,0,0,1,1,0
11792,2021,0,0,470,120,240,0,0,1,1,0
11792,2022,0,0,450,120,200,0,0,1,1,0
11792,2023,0,0,450,120,200,0,0,1,1,0
12098,2019,0,0,0,0,0,0,0,2a,3g,0
12098,2020,0,0,0,0,0,0,0,2a,3g,0
12098,2021,0,0,0,0,0,0,0,2a,3g,0
12098,2022,0,0,0,0,0,0,0,2a,3g,0
12098,2023,0,0,0,0,0,0,0,2a,3g,0
11715,2019,0,0,790,711,0,0,0,1,1,0
11715,2020,0,0,711,790,0,0,0,1,1,0
11715,2021,0,0,711,790,0,0,0,1,1,0
11715,2022,0,0,711,790,0,0,0,1,1,0
11715,2023,0,0,711,790,0,0,0,1,1,0
12099,2019,0,0,0,0,0,0,0,2a,3g,0
12099,2020,0,0,0,0,0,0,0,2a,3g,0
12099,2021,0,0,0,0,0,0,0,2a,3g,0
12099,2022,0,0,0,0,0,0,0,2a,3g,0
12099,2023,0,0,0,0,0,0,0,2a,3g,0
11852,2019,0,0,0,300,500,15,400,1,1,0
11852,2020,0,0,0,300,500,15,400,1,1,0
11852,2021,0,0,0,300,500,15,400,1,1,0
11852,2022,0,0,0,0,0,0,200,1,1,0
11852,2023,0,0,0,0,0,0,237,1,1,0
12100,2019,0,0,0,0,0,0,0,2a,3g,0
12100,2020,0,0,0,0,0,0,0,2a,3g,0
12100,2021,0,0,0,0,0,0,0,2a,3g,0
12100,2022,0,0,0,0,0,0,0,2a,3g,0
12100,2023,0,0,0,0,0,0,0,2a,3g,0
11853,2019,0,0,0,0,135,0,293,1,1,0
11853,2020,0,0,0,0,0,0,314,1,1,0
11853,2021,0,0,0,0,0,0,0,1,1,0
11853,2022,0,0,0,0,0,0,0,1,1,0
11853,2023,0,0,0,0,0,0,0,1,1,0
12101,2019,0,0,0,0,0,0,0,2a,3g,0
12101,2020,0,0,0,0,0,0,0,2a,3g,0
12101,2021,0,0,0,0,0,0,0,2a,3g,0
12101,2022,0,0,0,0,0,0,0,2a,3g,0
12101,2023,0,0,0,0,0,0,0,2a,3g,0
12102,2012,0,0,0,0,0,0,0,2a,3g,0
12102,2013,0,0,0,0,0,0,0,2a,3g,0
12102,2014,0,0,0,0,0,0,0,2a,3g,0
12102,2015,0,0,0,0,0,0,0,2a,3g,0
12102,2016,0,0,0,0,0,0,0,2a,3g,0
12102,2017,0,0,0,0,0,0,0,2a,3g,0
12102,2018,0,0,0,0,0,0,0,2a,3g,0
12102,2019,0,0,0,0,0,0,0,2a,3g,0
12102,2020,0,0,0,0,0,0,0,2a,3g,0
12102,2021,0,0,0,0,0,0,0,2a,3g,0
12102,2022,0,0,0,0,0,0,0,2a,3g,0
12102,2023,0,0,0,0,0,0,0,2a,3g,0
11773,2019,0,0,0,80,0,0,0,2c,3a,0
11773,2020,0,0,0,80,0,0,0,2c,3a,0
11773,2021,0,0,0,80,0,0,0,1,1,0
11773,2022,0,0,0,71,0,0,0,1,1,0
11773,2023,0,0,0,66,0,0,0,1,1,0
12103,2019,0,0,0,0,0,0,0,2a,3g,0
12103,2020,0,0,0,0,0,0,0,2a,3g,0
12103,2021,0,0,0,0,0,0,0,2a,3g,0
12103,2022,0,0,0,0,0,0,0,2a,3g,0
12103,2023,0,0,0,0,0,0,0,2a,3g,0
11854,2019,0,90,0,400,0,0,0,1,1,0
11854,2020,0,85,0,380,0,0,0,1,1,0
11854,2021,0,90,0,360,0,0,0,1,1,0
11854,2022,0,0,0,350,0,0,0,1,1,0
11854,2023,0,0,0,350,0,0,0,1,1,0
11712,2019,0,0,150,50,95,0,0,1,1,0
11712,2020,0,0,150,50,95,0,0,1,1,0
11712,2021,0,0,150,50,95,0,0,1,1,0
11712,2022,0,0,150,50,95,0,0,1,1,0
11712,2023,0,0,150,50,95,0,0,1,1,0
11716,2019,0,0,400,400,500,0,0,1,1,0
11716,2020,0,0,400,400,500,0,0,1,1,0
11716,2021,0,0,400,400,500,0,0,1,1,0
11716,2022,0,0,400,400,500,0,0,1,1,0
11716,2023,0,0,400,400,200,0,0,1,1,0
11703,2019,0,0,0,0,0,0,0,1,1,0
11703,2020,0,0,0,0,0,0,0,2c,2c,0
11703,2021,0,0,110,100,100,0,0,1,1,0
11703,2022,0,0,100,115,105,0,0,1,1,0
11703,2023,0,0,0,100,0,0,0,1,1,0
12104,2019,0,0,0,0,0,0,0,2a,2a,0
12104,2020,0,0,0,0,0,0,0,2c,2c,0
12104,2021,0,0,0,0,0,0,0,2c,2c,0
12104,2022,0,0,0,0,0,0,0,2c,2c,0
12104,2023,0,0,0,0,0,0,0,2c,2c,0
12105,2019,0,0,406,405,0,0,0,2a,3b,0
12105,2020,0,0,406,405,0,0,0,2a,3b,0
12105,2021,0,0,406,405,0,0,0,2a,3b,0
12105,2022,0,0,406,405,0,0,0,2a,3b,0
12105,2023,0,0,406,405,0,0,0,2a,3b,0
11855,2019,0,0,0,0,0,0,7,1,1,0
11855,2020,0,0,0,0,0,0,6,1,1,0
11855,2021,0,0,0,0,0,0,8,1,1,0
11855,2022,0,0,0,0,0,0,5,1,1,0
11855,2023,0,0,0,0,0,0,5,1,1,0
12106,2019,0,0,0,0,0,0,0,1,1,0
12106,2020,0,0,0,0,0,0,0,1,1,0
12106,2021,0,0,0,0,0,0,0,1,1,0
12106,2022,0,0,0,0,0,0,0,1,1,0
12106,2023,0,0,0,0,0,0,0,2c,2c,0
11856,2019,0,0,939,464,287,65,0,1,1,0
11856,2020,0,0,939,464,0,0,0,1,1,0
11856,2021,0,0,930,459,0,0,0,1,1,0
11856,2022,0,0,921,443,0,0,0,1,1,0
11856,2023,0,0,903,431,0,0,0,1,1,0
11857,2019,0,0,0,0,0,4969,1115,2c,3a,0
11857,2020,0,0,0,0,0,4969,1115,1,1,0
11857,2021,0,0,0,0,0,4949,1111,1,1,0
11857,2022,0,0,0,0,0,4885,1097,1,1,0
11857,2023,0,0,0,0,4866,1093,0,1,1,0
12107,2019,0,0,25,25,25,25,0,2a,3b,0
12107,2020,0,0,25,25,25,25,0,2a,3b,0
12107,2021,0,0,25,25,25,25,0,2a,3b,0
12107,2022,0,0,25,25,25,25,0,2a,3b,0
12107,2023,0,0,25,25,25,25,0,2a,3b,0
11758,2019,0,0,0,0,0,0,350,2c,3a,0
11758,2020,0,0,0,0,0,0,350,1,1,0
11758,2021,0,0,0,0,0,0,350,1,1,0
11758,2022,0,0,0,0,0,0,350,1,1,0
11758,2023,0,0,0,0,0,0,350,1,1,0
12108,2019,0,3,0,0,0,0,0,2a,3b,0
12108,2020,0,3,0,0,0,0,0,2a,3b,0
12108,2021,0,3,0,0,0,0,0,2a,3b,0
12108,2022,0,3,0,0,0,0,0,2a,3b,0
12108,2023,0,3,0,0,0,0,0,2a,3b,0
12109,2019,0,0,0,0,0,0,0,2a,3g,0
12109,2020,0,0,0,0,0,0,0,2a,3g,0
12109,2021,0,0,0,0,0,0,0,2a,3g,0
12109,2022,0,0,0,0,0,0,0,2a,3g,0
12109,2023,0,0,0,0,0,0,0,2a,3g,0
12110,2019,0,0,0,0,0,0,0,2a,3g,0
12110,2020,0,0,0,0,0,0,0,2a,3g,0
12110,2021,0,0,0,0,0,0,0,2a,3g,0
12110,2022,0,0,0,0,0,0,0,2a,3g,0
12110,2023,0,0,0,0,0,0,0,2a,3g,0
12111,2019,0,0,0,0,0,0,0,2a,3g,0
12111,2020,0,0,0,0,0,0,0,2a,3g,0
12111,2021,0,0,0,0,0,0,0,2a,3g,0
12111,2022,0,0,0,0,0,0,0,2a,3g,0
12111,2023,0,0,0,0,0,0,0,2a,3g,0
12112,2019,0,0,0,0,0,0,0,2a,2a,0
12112,2020,0,0,0,0,0,0,0,2a,2a,0
12112,2021,0,0,0,0,0,0,0,1,1,0
12112,2022,0,0,0,0,0,0,0,1,1,0
12112,2023,0,0,0,0,0,0,0,1,1,0
12113,2019,0,0,0,0,0,0,0,2a,2a,0
12113,2020,0,0,0,0,0,0,0,2a,2a,0
12113,2021,0,0,0,0,0,0,0,2a,2a,0
12113,2022,0,0,0,0,0,0,0,3g,3g,0
12113,2023,0,0,0,0,0,0,0,3g,3g,0
12114,2019,0,0,0,0,0,0,0,2a,3g,0
12114,2020,0,0,0,0,0,0,0,2a,3g,0
12114,2021,0,0,0,0,0,0,0,2a,3g,0
12114,2022,0,0,0,0,0,0,0,2a,3g,0
12114,2023,0,0,0,0,0,0,0,2a,3g,0
,,,,,,,,,,,
,,,,,,,,,,,
,,,,,,,,,,,
,,,,,,,,,,,
,,,,,,,,,,,
,,,,,,,,,,,
,,,,,,,,,,,
,,,,,,,,,,,
,,,,,,,,,,,
,,,,,,,, ,,,
,,,,,,,,,,,
,,,,,,,,,,,
, ,,,,,,,,,,
,,,,,,,,,,,
,,,,,,,,,,,
,,, ,,,,,,,,
,,,,,,,,,,,
,,,,,,,,,,,
,,,,,,,,,,,
,,,,,,,,,,,
,,,,,,,,,,,
,,,,,,,,,,,
,,,,,,,,,,,
,,,,,,,,, ,,