CADDID,PlaceID,FacilityName,Latitude,Longitude,StreetAddress,City,County,ZipCode,RegionalWaterBoard
10001,201050,O & S Holsteins,33.8202,-117.0346,1970 N Warren Road,San Jacinto,Riverside,92582,8
10002,201891,PH Ranch #3,37.452,-120.5881,11586 North Shaffer Road,Winton,Merced,95388,5S
11793,202297,3 Brand Cattle Company,35.4996,-119.1058,34377 Lerdo Hwy,Bakersfield,Kern,93308,5F
10003,202572,J & J DeRaadt Dairy,37.7319,-120.8095,6460 Smith Road,Oakdale,Stanislaus,95361,5S
10004,202610,4-H Calf Ranch,33.9973,-117.6033,9200 Edison Avenue,Ontario,San Bernardino,91762,8
10005,203875,Former E & D Azevedo Dairy,37.0437,-120.2296,17493 Avenue 20,Madera,Madera,93637,5F
10006,203907,A & M De Sousa Dairy,37.4656,-120.9558,3030 South Central Avenue,Turlock,Stanislaus,95380,5S
10007,203909,A & L Dairy,36.2251,-119.4708,23863 Road 48,Tulare,Tulare,93274,5F
10008,203928,M4 Farms Feedlot,36.064,-119.3657,9225 Avenue 152,Tipton,Tulare,93272,5F
10009,203931,"J and A Dairy, LLC",36.2344,-119.7801,16283 18th Avenue,Lemoore,Kings,93245,5F
10010,203936,Silveira Dairy,37.062,-120.3441,11277 Avenue 21 1/2,Chowchilla,Madera,93610,5F
10011,203938,A.T.O. Dairy,36.4573,-119.826,19249 South Fruit Avenue,Riverdale,Fresno,93656,5F
10012,204110,Daniel Brazil Dairy,36.3508,-119.7858,18280 Fairfax Avenue,Lemoore,Kings,93245,5F
10013,204133,River Valley Dairy,36.4061,-119.8858,22700 South Cornelia Avenue,Riverdale,Fresno,93656,5F
10014,204453,Adams Dairy,36.4921,-119.6847,16661 South Fowler Avenue,Selma,Fresno,93662,5F
10015,204511,Adriano Nunes & Son Dairy Farming,36.1286,-119.503,18675 Road 32,Tulare,Tulare,93274,5F
10016,204805,AJB Ranch Dairy,35.3583,-119.3208,28128 Stockdale Hwy,Bakersfield,Kern,93314,5F
10017,204810,AJF Dairy,37.0904,-120.328,23435 Road 12,Chowchilla,Madera,93610,5F
10018,204863,Alamo Dairy,37.5076,-121.013,1500 Fulkerth Road,Crows Landing,Stanislaus,95313,5S
10019,204886,Legend Dairy #1,33.9884,-117.6465,7233 Eucalyptus Avenue,Ontario,San Bernardino,91762,8
10020,204887,Huizenga Heifer Ranch,33.9934,-117.6506,14281 Euclid Avenue,Chino,San Bernardino,91762,8
10021,204896,Albert Mendes Dairy,37.4852,-121.0086,1100 Ruble Road,Crows Landing,Stanislaus,95313,5S
10022,204958,Gordon Dairy #7,33.9958,-117.6269,8185 Edison Avenue,Ontario,San Bernardino,91762,8
10023,204959,TiVa Dairy #2,33.9905,-117.6083,9031 Eucalyptus Avenue,Ontario,San Bernardino,91762,8
10024,204960,Gordon Dairy #6,33.9929,-117.628,14361 Grove Avenue,Ontario,San Bernardino,91762,8
10025,204964,Alexander Dairy,37.7178,-120.962,2054 Crawford Road,Modesto,Stanislaus,95357,5S
10026,204971,Alexandre Dairy,41.8958,-124.1759,8371 Lower Lake,Crescent City,Del Norte,95531,1
10027,204985,Alfred Soares Dairy,37.0575,-120.4377,21282 Road 6,Chowchilla,Madera,93610,5F
10028,205090,Frank Rosa Diary (Closed),36.5305,-119.777,910 East Klepper Street,Fresno,Fresno,93725,5F
10029,205287,Defense Ranch Dairy (Closed),37.0236,-120.3505,10726 Avenue 19,Chowchilla,Madera,93610,5F
10030,205356,Alvaro Machado Dairy,36.3973,-119.6188,5230 9th Avenue,Hanford,Kings,93230,5F
10031,205357,"Alvernaz Dairy, Inc.",37.4851,-120.9944,10562 Crows Landing Road,Crows Landing,Stanislaus,95313,5S
10032,205369,Quist Dairy,36.7114,-119.8879,5500 West Jensen Avenue,Fresno,Fresno,93706,5F
10033,205371,Two Star Dairy #1,36.1069,-119.4322,6305 Avenue 176,Tulare,Tulare,93274,5F
10034,205750,Andrade Dairy,37.0617,-120.3611,10221 Avenue 21 1/2,Chowchilla,Madera,93610,5F
10035,205753,Fernjo Dairy #2,36.211,-119.2501,14428 Avenue 232,Tulare,Tulare,93274,5F
10036,205765,AJ Slenders Dairy,36.4666,-119.7808,625 East Coleman Avenue,Laton,Fresno,93242,5F
10037,205805,Angiola Dairy,36.0054,-119.4491,5515 Avenue 120,Corcoran,Tulare,93212,5F
10038,205829,Ankeridge Dairy,36.2453,-119.175,17873 Avenue 256,Visalia,Tulare,93292,5F
10039,205856,Diamond J Dairy LLC,37.1909,-120.4829,6600 South Hwy 59,Merced,Merced,95341,5S
10040,205857,Ansonea Dairy,35.2525,-118.9456,5250 Di Giorgio Road,Bakersfield,Kern,93307,5F
10041,205938,Antonio Ribeiro Dairy,36.4306,-119.804,430 West Mt Whitney Avenue,Riverdale,Fresno,93656,5F
10042,205940,Santos Jer-Z Dairy,36.2467,-119.213,25199 Road 164,Visalia,Tulare,93292,5F
10043,206288,A & M Farms Dairy,36.6068,-119.9781,10380 Manning Avenue,Fresno,Fresno,93706,5F
10044,206290,River Oaks Dairy,36.4285,-119.7336,3621 East Mount Whitney Avenue,Laton,Fresno,93242,5F
10045,206316,Milky Way Dairy,36.4099,-119.3738,34800 Rd 80,Visalia,Tulare,93291,5F
10046,206319,G & H Dairy #2,37.8138,-121.0159,16475 Brennan Road,Escalon,San Joaquin,95320,5S
10047,206320,G & A Dairy,36.7015,-119.8412,2200 South Marks Avenue,Fresno,Fresno,93706,5F
10048,206371,Flores Dairy,37.4534,-120.5173,1929 West Youd Road,Winton,Merced,95388,5S
10049,206379,Bay Meadow Farms,38.2792,-121.3086,10326 Walnut Avenue,Galt,Sacramento,95632,5S
10050,206461,Pacific Rim Dairy,36.0343,-119.5155,13406 Road 24,Corcoran,Tulare,93212,5F
10051,206616,Astiasuain Dairy,36.6546,-119.3823,22654 East Jefferson Avenue,Reedley,Fresno,93654,5F
10052,206617,GTA Dairy,36.0989,-119.21,16197 Avenue 172,Tulare,Tulare,93274,5F
10053,206618,Soares Dairy - Dos Palos,37.0322,-120.5198,19045 Road 1,Dos Palos,Madera,93620,5F
10054,206708,Sozinho Jerseys 2,36.3274,-119.5614,5811 Lacey Boulevard,Hanford,Kings,93230,5F
10055,206748,Aukeman Dairy,35.4916,-119.3731,28349 Los Angeles Street,Shafter,Kern,93263,5F
11795,207800,Headquarters Ranch #1,36.3354,-119.7627,9495 17th Ave,Lemoore,Kings,93245,5F
10056,208214,Aukeman Farms,36.1049,-119.3661,17297 Road 96,Tulare,Tulare,93274,5F
10057,208356,Olam Farming Inc.,35.2483,-119.1671,14467 Taft Highway,Bakersfield,Kern,93311,5F
10058,208372,Jacobus DeGroot Dairy #2,36.3793,-119.3428,10438 Avenue 320,Visalia,Tulare,93291,5F
10059,208374,Desert Oasis Dairy (Former B & E Dairy),34.9044,-117.0805,26599 Community Boulevard,Barstow,San Bernardino,92311,6V
10060,208376,Ulys Dairy,38.4633,-121.7443,8118 Sikes Road,Dixon,Solano,95620,5S
10061,208378,Correia Farms,36.3225,-119.4234,29401 Road 68,Visalia,Tulare,93277,5F
10062,208384,B & J Dairy,38.3242,-121.3242,9950 Arno Road,Galt,Sacramento,95632,5S
10063,208499,Delta Woods Dairy,37.791,-121.4346,18700 South Bacchetti Road,Tracy,San Joaquin,95304,5S
10064,208503,Joe Avila AFO,34.0046,-117.6183,8559 Schaefer Avenue,Ontario,San Bernardino,91761,8
10065,208546,Art Silva Dairy,37.6824,-120.9002,5201 Milnes Road,Modesto,Stanislaus,95357,5S
10066,208592,Bakker Dairy,36.3318,-119.4386,29800 Road 60,Vislia,Tulare,93291,5F
11775,208636,Traver Cattle,36.4313,-119.5009,3212 Avenue 352,Kingsburg,Tulare,93631,5F
10067,208638,Bancrest Dairy,40.5809,-124.2397,509 Coppini Lane,Ferndale,Humboldt,95536,1
10068,208649,SD Farms II-2,34.0133,-117.6506,13159 Euclid Avenue,Ontario,San Bernardino,91762,8
10069,208679,Bar 20 Dairy No. 2 & 3,36.73,-120.2385,24387 West Whitesbridge Avenue,Kerman,Fresno,93630,5F
10070,208686,John Vander Poel Dairy (Pixley),35.9385,-119.3429,8001 Road 104,Pixley,Tulare,93256,5F
10071,208697,F & L Barcellos Dairy,36.0532,-119.3955,14581 Road 80,Tipton,Tulare,93272,5F
10072,208747,Barreto & Silveira Dairy,36.3078,-119.4904,11305 2nd Avenue,Hanford,Kings,93230,5F
10073,209021,Bear Mountain Dairy,35.2063,-119.0545,4551 Bear Mountain Boulevard,Bakersfield,Kern,93313,5F
10074,209118,Bel R. Martin & Sons Dairy,36.1508,-119.3011,12131 Avenue 200,Tulare,Tulare,93274,5F
11895,209180,Bello Dairy,38.1011,-122.1698,6  Lake Herman,Benicia,Solano,94510,2
10075,209221,Fontes Dairy Farms - Dairy 1,36.4746,-119.8939,5512 West Davis Avenue,Riverdale,Fresno,93656,5F
10076,209228,Former Van Warmerdam Dairy,38.9245,-121.5569,1616 Cornelius Avenue,Nicolaus,Sutter,95659,5S
10077,209303,"Bergwerff Farms, Inc.",37.8212,-120.8574,7113 Mettler Road,Oakdale,Stanislaus,95361,5S
10078,209326,L & M Dairy,37.8376,-121.0157,13944 Brennan Road,Escalon,San Joaquin,95320,5S
10079,209328,Jesse & James Jongsma Dairy,36.0537,-119.4188,6780 Avenue 144,Tipton,Tulare,93272,5F
10080,209329,Moonstone Dairy,36.283,-119.4796,1305 Iona Avenue,Hanford,Kings,93230,5F
10081,209367,Bess Dairy,40.5333,-124.0572,5798 Highway 36,Carlotta,Humboldt,95528,1
10082,209495,Silva Dairy Farms,37.309,-120.8963,1497 Edminster Road,Stevinson,Merced,95374,5S
10083,209513,"Big De Dairy, LP",36.6037,-119.8436,2947 West Manning Avenue,Fresno,Fresno,93706,5F
10084,209569,William John Jongsma Dairy,35.9993,-119.2301,11598 Road 152,Pixley,Tulare,93256,5F
10085,209582,IVY STAR Dairy,37.0718,-120.9288,14903 South Volta Road,Los Banos,Merced,93635,5S
10086,209673,Jimi Valov Family Trust,36.2252,-119.3855,2865 West Prosperity Avenue,Tulare,Tulare,93274,5F
10087,209965,George Boere Family Dairy,33.678,-117.1366,30490 Briggs Road,Menifee,Riverside,92584,8
10088,209966,Boersma Dairy,33.8338,-117.0554,4050 Ramona Expressway,San Jacinto,Riverside,92582,8
10089,209990,Bollema Dairy - Schaefer,34.0039,-117.6249,8261 Schaefer Avenue,Ontario,San Bernardino,91761,8
10090,210036,Still Water Ranch LLC,36.3987,-119.5248,5001 4th Avenue,Hanford,Kings,93230,5F
10091,210049,"Joe Borba Dairy, Inc.",37.4609,-120.9497,3419 South Moffett Road,Turlock,Stanislaus,95380,5S
10092,210069,F&L Barcellos Dairy #2/White Gold Dairy,36.0636,-119.4037,7585 Avenue 152,Tipton,Tulare,93272,5F
11908,210070,Feedlot APN 002-240-035,36.4021,-119.7278,15064  Excelsior,Hanford,Kings,93230,5F
10093,210071,Borges Dairy,36.0868,-119.2684,16371 Road 136,Tipton,Tulare,93272,5F
10094,210073,Borges Farms,37.5658,-121.0882,5148 West Grayson Road,Modesto,Stanislaus,95358,5S
10095,210098,John Bos Dairy,37.6816,-120.9122,4524 Milnes Road,Modesto,Stanislaus,95357,5S
10096,210100,Bosch Dairy,34.0074,-117.6065,13567 Whispering Lakes Lane,Ontario,San Bernardino,91761,8
10097,210103,Middle Ranch,36.0762,-119.2622,13805 Avenue 160,Tipton,Tulare,93272,5F
10098,210104,Rancho Sierra Vista Dairy,36.3881,-119.3303,32866 Road 108,Visalia,Tulare,93291,5F
11680,210106,Pixley Dairy,35.9968,-119.4127,6801 Avenue 120,Tipton,Tulare,93272,5F
10099,210107,Bosman Dairy,36.0457,-119.4617,4805 Avenue 144,Tipton,Tulare,93272,5F
10100,210122,Rancho the Fury,33.9833,-117.6097,8920 Merrill Avenue,Ontario,San Bernardino,91762,8
10101,210227,Elbow Creek Dairy,36.4175,-119.2983,34537 Road 124,Visalia,Tulare,93291,5F
11871,210234,Brandenberg Feed Yard,32.6794,-115.6125,903 CA 98,Calexico,Imperial,92231,7
11869,210241,Brandt Cattle Company,33.1635,-115.5625,7015  Brandt Road,Calipatria,Imperial,92233,7
10102,210254,FM Ranch #5,36.0608,-119.3959,14913 Road 80,Tipton,Tulare,93727,5F
10103,210255,Wagner Dairy #2,37.8282,-121.0546,14981 S Van Allen Rd,Escalon,San Joaquin,95320,5S
10104,210257,Westlake One Trust Facility,36.3298,-119.8346,9900 21st Avenue,Lemoore,Kings,93245,5F
10105,210266,Rainimade Dairy #2,36.4134,-119.2954,34308 Road 124,Visalia,Tulare,93292,5F
10106,210275,Mike Brazil Dairy,40.5608,-124.1732,5736 Grizzly Bluff Road,Ferndale,Humboldt,95536,1
10107,210276,Brazil Dairy,38.2384,-122.7467,3700 Spring Hill Rd.,Petaluma,Sonoma,94952,2
10108,210279,MB-Lucky Lady Farms,37.5511,-121.0099,1306 West Keyes Road,Modesto,Stanislaus,95358,5S
10109,210315,Brentwood Farms Dairy,39.8277,-122.1204,24540 Clark Avenue,Orland (Capay),Tehama,95963,5R
10110,210524,Brooks & Erman Ranch,38.2216,-121.245,25873 North Kennefick Road,Galt,San Joaquin,95632,5S
10111,210558,Bluegrass Dairy,36.287,-119.225,1260 South Mariposa Road,Visalia,Tulare,93291,5F
10112,210574,Mello D Jerseys,36.3426,-119.7255,14803 Grangeville Boulevard,Hanford,Kings,93230,5F
10113,210702,Buena Vista Dairy,36.1826,-119.4597,5038 Avenue 216,Tulare,Tulare,93274,5F
10114,210745,Bullfrog Farms,32.8691,-115.7424,2338 Payne Road,Seeley,Imperial,92273,7
10115,210937,SBS Ag Heifer Ranch,36.1652,-119.4592,20795 Road 52,Tulare,Tulare,93274,5F
10116,210941,Nick & Amber Buttke Dairy,38.3328,-122.7945,6033 Blank Road,Sebastopol,Sonoma,95472,1
10117,210965,R & S Dairy LLC,37.8132,-121.0141,24051 East Arthur Road,Escalon,San Joaquin,95320,5S
10118,211763,Borba & Sons Dairy,36.0084,-119.2815,13010 Avenue 120,Pixley,Tulare,93256,5F
10119,212191,Borba Brothers Dairy,36.2939,-119.6962,13243 Houston Avenue,Hanford,Kings,93230,5F
10120,212246,Maria C. Mendonca Living Trust,36.4089,-119.8213,1253 West Lewiston Avenue,Riverdale,Fresno,93656,5F
10121,212299,C. Mattos & Sons Dairy,36.2158,-119.5296,17800 4th Avenue,Hanford,Kings,93230,5F
10122,212314,C.G. Van Vliet Dairy,37.7932,-120.9392,30158 East Hwy 120,Escalon,San Joaquin,95320,5S
10123,212474,Santa Anita Dairy,36.2119,-119.5362,4356 Kansas Avenue,Hanford,Kings,93230,5F
10124,212529,Cal-Denier Dairy LLC,38.3367,-121.2871,10715 Arno Road,Galt,Sacramento,95632,5S
10125,212854,Hanford Armona Feedlot/Fagundes & Sons Jerseys,36.3205,-119.7217,10482 14 1/2 Avenue,Lemoore,Kings,93245,5F
11861,212874,Cameiro Heifer Ranch,32.927,-115.5551,195 West Carey Road,Brawley,Imperial,92227,7
10126,213019,California Polytechnic State University,35.3073,-120.6724,1 Grand Avenue,San Luis Obispo,San Luis Obispo,93405,3
10127,213221,Rancho Del Sol,36.2792,-119.6186,13301 9th Avenue,Hanford,Kings,93230,5F
10128,213223,Cardoso Dairy,38.2402,-121.3036,10380 Kost Road,Galt,Sacramento,95632,5S
11796,213227,Nunes & Sons Feedlot (Formerly Tony P. Cardoza),36.2827,-119.2978,12329 Avenue 271,Visalia,Tulare,93291,5F
10129,213230,Ritchie & Ritchie Dairy,35.7019,-119.2763,12421 Melcher Road,Mcfarland,Kern,93250,5F
10130,213397,Carvalho Dairy,37.4717,-120.9982,11443 Crows Landing Road,Crows Landing,Stanislaus,95313,5S
10131,213425,Dixie Creek South Dairy,36.2279,-119.5086,24116 Road 28,Tulare,Tulare,93274,5F
10132,213447,Vander Eyk & Son Dairy Complex,35.9711,-119.3956,9993 Road 80,Pixley,Tulare,93256,5F
10133,213570,Goyenetche Dairy #2 Ramona,33.824,-117.0054,2441 Ramona Expressway,San Jacinto,Riverside,92582,8
10134,213836,Doornenbal Dairy #3,37.8277,-121.0737,19325 Lone Tree Road,Escalon,San Joaquin,95320,5S
11905,214303,Chiapetta Dairy,37.8666,-121.0553,3603  Chileno Valley,Petaluma,Sonoma,94952,2
10135,214396,Chino Livestock Market Inc,33.9976,-117.627,8148 Edison Avenue,Ontario,San Bernardino,91762,8
10136,214430,Chris & John Jongsma Dairy,36.0205,-119.2205,15759 Avenue 128,Tipton,Tulare,93272,5F
10137,214433,Chris De Jong Dairy,36.0575,-119.1972,14763 Road 168,Porterville,Tulare,93257,5F
10138,214548,Ed Machado Dairy,37.7194,-121.1991,8940 East Melton Road,Manteca,San Joaquin,95337,5S
10139,214710,Claribel Farms,37.711,-120.7921,11043 Claribel Road,Oakdale,Stanislaus,95361,5S
11797,214720,Clark Feedlot,36.261,-119.6368,14541  10th Avenue,Hanford,Kings,93230,5F
10140,214738,"Clarot Farms, Inc.",37.5314,-121.0261,7260 Carpenter Road,Modesto,Stanislaus,95358,5S
11798,214946,"Coalinga Feed Yard, Inc.",36.2229,-120.3527,35244  Oil City Road,Coalinga,Fresno,93210,5F
10141,215043,L & L Morais Dairy,36.1362,-119.4073,7330 Avenue 190,Tulare,Tulare,93274,5F
10142,215045,Elk Creek Dairy,36.1164,-119.3579,17993 ROAD 96,Tulare,Tulare,93274,5F
10143,215048,J & F Coelho Dairy,36.6534,-119.8713,5614 South Blythe Avenue,Fresno,Fresno,93706,5F
10144,215049,Coelho Farms LP,37.0986,-120.4423,5615 Ave 24,Chowchilla,Madera,93610,5S
10145,215050,Coelho Farms Dairy,36.4194,-119.8934,21663 South Cornelia Avenue,Riverdale,Fresno,93656,5F
10146,215053,Coelho's Clover Dairy,37.6831,-120.9076,3100 DeWitt Road,Modesto,Stanislaus,95357,5S
10147,215072,Outlaw Dairy,36.1378,-119.2883,12735 Avenue 192,Tulare,Tulare,93274,5F
10148,215696,Corcoran Prison Dairy,36.0597,-119.5548,4001 King Avenue,Corcoran,Kings,93212,5F
10149,215702,Corda and Sons Dairy,38.2777,-122.6606,5493 Redwood Highway South,Petaluma,Sonoma,94952,2
10150,215726,De Jong Dairy Farms Inc.,36.4565,-119.2802,13076 Avenue 368,Visalia,Tulare,93292,5F
10151,215842,D.V. Silveira and Son Dairy,37.1036,-120.9007,22578 West Henry Miller Road,Los Banos,Merced,95635,5S
10152,215853,Costa View Farms,36.9936,-120.279,16800 Road 15,Madera,Madera,93637,5F
10153,215856,L & L Pires Dairy,37.6379,-121.1353,7713 Maze Boulevard,Modesto,Stanislaus,95358,5S
10154,215896,Duhalde Dairy #2,33.976,-117.6129,8819 Remington Avenue,Chino,San Bernardino,91710,8
10155,215929,Countryside Dairy,36.1685,-119.4944,20991 Road 36,Tulare,Tulare,93274,5F
10156,215959,Couto Dairy,39.5381,-122.1216,1980 County Rd QQ,Willows,Glenn,95988,5S
10157,215960,Couto Dairy,36.4752,-119.8839,4870 West Davis Avenue,Riverdale,Fresno,93656,5F
10158,216354,Tony Cox & Family Dairy,36.4222,-119.6878,3594 12 3/4 Avenue,Hanford,Kings,93230,5F
10159,216361,Cunningham Dairy,38.4114,-122.7011,3018 Petaluma Hill Road,Santa Rosa,Sonoma,95404,1
10160,216429,Cuyama Dairy,34.8986,-119.5537,1315 Foothill Road,Maricopa,Santa Barbara,93252,3
10161,216513,A & C Vieira Dairy,38.633,-121.9243,31505 County Rd 26,Winters,Yolo,95694,5S
10162,216523,Poplar Lane Dairy,36.2249,-119.554,5387 Kent Avenue,Hanford,Kings,93230,5F
10163,217081,Cartmill Ranch Feedlot,36.2421,-119.4552,5182 Avenue 248,Tulare,Tulare,93274,5F
10164,217464,Circle LC Corp.,38.2963,-122.5864,3272 Adobe Road,Petaluma,Sonoma,94954,2
10165,217948,Cloverdale Dairy,36.1896,-119.6504,19142 10 1/2 Avenue,Hanford,Kings,93230,5F
10166,218037,Coderview Holsteins Dairy,36.9822,-120.5205,40396 Valeria,Dos Palos,Fresno,93620,5F
10167,218302,Contente & Company Dairy,36.3581,-119.7284,7900 15th Avenue,Hanford,Kings,93230,5F
10168,218468,Avalon Dairy Farms,35.7114,-119.4205,27125 Pond Road,Wasco,Kern,93280,5F
10169,218890,Dream Dairy #1 (Former Silva & Sons #2 Dairy),36.4033,-119.5779,6700 Excelsior Avenue,Hanford,Kings,93230,5F
10170,218891,Ken Van Foeken Dairy #2,37.4248,-120.9046,9375 North Washington Road,Hilmar,Merced,95324,5S
10171,218915,Mattos Dairy #4,36.2111,-119.5391,4555 Kansas Avenue,Hanford,Kings,93230,5F
10172,218919,D & V Dairy,36.0499,-119.2188,15625 Avenue 144,Tipton,Tulare,93272,5F
10173,218933,Caton Farms Dairy,37.822,-120.9609,15635 South Steinegul Road,Escalon,San Joaquin,95320,5S
10174,218979,Lopes Dairy,36.2695,-119.7926,18682 Idaho Avenue,Lemoore,Kings,93245,5F
10175,218992,"T & L Family Dairy, LLC",37.4816,-120.7896,1131 Story Road,Turlock,Stanislaus,95380,5S
10176,218996,Luis A Pimentel Dairy,38.3442,-121.4173,11375 Bruceville Road,Elk Grove,Sacramento,95757,5S
10177,219017,Dairyland Farms Dairy,36.0784,-119.2284,15982 Road 152,Tipton,Tulare,93272,5F
10178,219037,Matos Dairy,37.2856,-120.5929,100 South Quinley Avenue,Merced,Merced,95341,5S
10179,219038,Dallape Dairy,33.9187,-117.5923,2877 River Road,Norco,Riverside,92860,8
10180,219054,Collenberg Dairy,40.9139,-124.1033,1555 Mad River Road,Arcata,Humboldt,95521,1
10181,219062,Silacci Dairy,38.2281,-122.5691,4349 Lakeville,Petaluma,Sonoma,94954,2
10182,219081,Diamond D LLC Dairy,36.2688,-119.6261,9601 Idaho Avenue,Hanford,Kings,93230,5F
10183,219125,Darren & Karen Hansen Dairy,40.5661,-124.2078,3784 Grizzly Bluff Road Lane,Ferndale,Humboldt,95536,1
10184,219199,P & D Dairy #3,33.9999,-117.6368,13905 Bon View Avenue,Ontario,San Bernardino,91762,8
10185,219285,Legend Dairy Farm #1,34.0166,-117.6054,9155 Riverside Drive,Ontario,San Bernardino,91761,8
10186,219286,Legend Dairy Farm,34.0093,-117.6195,13456 Walker Avenue,Ontario,San Bernardino,91761,8
10187,219287,De Boer Dairy,36.0936,-119.2389,14976 Avenue 168,Tulare,Tulare,93274,5F
10188,219290,J-D Brasil Dairy,37.4798,-120.9151,5600 Clayton Road,Turlock,Stanislaus,95380,5S
10189,219292,De Carvalho Brothers Dairy,37.6376,-121.1474,8342 Maze Boulevard,Modesto,Stanislaus,95358,5S
10190,219293,"The Dairy, Inc.",36.3848,-119.8363,6240 21st Avenue,Lemoore,Kings,96245,5F
10191,219305,Frank Borba & Sons Dairy #3,36.047,-119.197,14153 Road 168,Porterville,Tulare,93257,5F
10192,219319,De Ruyter Dairy,37.7012,-121.2453,27947 South Airport Way,Manteca,San Joaquin,95337,5S
10193,219321,Mcree East Dairy,37.0107,-120.3311,11812 Avenue 18,Chowchilla,Madera,93610,5F
10194,219323,Van Exel Dairy #2,38.1568,-121.3971,18948 North Thornton Road,Lodi,San Joaquin,95242,5S
10195,219329,Peter de Visser Dairy,37.8419,-121.0495,21268 East Avena Road,Escalon,San Joaquin,95320,5S
10196,219390,C & A Holsteins (Dairy),35.9419,-119.3978,7957 Avenue 84,Pixley,Tulare,93256,5F
10197,219426,Sozinho Dairy #2,36.4874,-119.6379,8489 East Elkhorn Avenue,Selma,Fresno,93662,5F
11863,219445,Del Charro,32.9452,-115.3798,3990  Holt Avenue,Brawley,Imperial,92227,7
10198,219568,Delta View Farms Dairy,36.3414,-119.4644,4845 Avenue 304,Visalia,Tulare,93291,5F
10199,219581,Deniz Dairy,38.2884,-122.6135,421 Sonoma Mountain Rd.,Petaluma,Sonoma,94954,2
10200,219582,Former Hidden Valley Dairy,37.5742,-121.1525,8611 Dos Rios Lane,Modesto,Stanislaus,95358,5S
10201,219586,D & D Holsteins Dairy,37.1366,-120.9634,26135 West Malta Road,Gustine,Merced,95322,5S
10202,219588,Dennis Boertje & Son Dairy,36.4691,-119.2768,37404 Road 132,Visalia,Tulare,93292,5F
10203,219699,Deuel Vocational Institute Dairy,37.738411,-121.326153,23500 Kasson Road,Tracy,San Joaquin,95376,5S
10204,220120,Dias and Sons Dairy,36.2263,-119.5939,7594 Kent Avenue,Hanford,Kings,93230,5F
10205,220162,Diamond Point Dairy,40.5846,-124.1889,1312 Pleasant Point Road,Ferndale,Humboldt,95536,1
10206,220164,Diamond R Ranch,40.5239,-124.1741,100 Price Creek Road,Ferndale,Humboldt,95536,1
10207,220186,Bar E Dairy,36.4458,-119.5778,6740 Corona Avenue,Kingsburg,Kings,93631,5F
11761,220188,Dykstra Heifer Ranch,36.1679,-119.4037,7560 Avenue 208,Tulare,Tulare,93274,5F
10208,220233,Capstone Dairy,36.9567,-120.2873,14303 Avenue 14,Madera,Madera,93637,5F
10209,220294,D & M Ag,37.5096,-120.7396,1933 Hall Road,Denair,Stanislaus,95316,5S
10210,220403,DL & A Dairy (rescinded),36.1954,-119.4539,5295 Avenue 224,Tulare,Tulare,93274,5F
10211,220432,JJ's Family Dairy,38.2006,-122.7848,4669 Chileno Valley Road,Petaluma,Sonoma,94952,2
10212,220433,Dolcini Jersey Dairy,38.1045,-122.7212,10049 Pt. Reyes Petaluma,Nicasio,Marin,94946,2
10213,220471,Domingos Ribeiro Dairy,37.1114,-120.316,12718 Avenue 25,Chowchilla,Madera,93610,5F
10214,220511,Donald A. Pedrotti (Pedrotti Dairy),40.7482,-124.1837,5396 Elk River Road,Eureka,Humboldt,95503,1
10215,220555,Doornenbal Dairy #1,37.8254,-121.0758,19116 Lone Tree Road,Escalon,San Joaquin,95320,5S
10216,220556,Doornenbal Dairy #2,37.8138,-121.0518,16348 South Van Allen Road,Escalon,San Joaquin,95320,5S
10217,220560,Dores Dairy,37.3354,-120.9025,22846 West Second Avenue,Stevinson,Merced,95374,5S
10218,220575,Former Dotinga Dairy,37.7228,-120.7954,5737 Crow Road,Oakdale,Stanislaus,95361,5S
10219,220578,Medeiros Holsteins #2,36.4529,-119.7783,19436 East Street,Laton,Fresno,93242,5F
10220,220581,Del-Arco Dairy,36.0704,-119.3908,15506 Road 80,Tipton,Tulare,93272,5F
10221,220588,Double DJ Farms Dairy,37.1378,-120.2789,14768 Avenue 27,Chowchilla,Madera,93610,5F
10222,220597,Double J Dairy,36.3879,-119.4253,6656 Avenue 328,Visalia,Tulare,93291,5F
10223,220599,Double N Dairy,36.394,-119.6851,12700 Everett Avenue,Hanford,Kings,93230,5F
10224,220606,Doug Ielmorini Dairy,38.0835,-122.6939,5720 Nicasio Valley Road,Nicasio,Marin,94946,2
10225,220613,"Bianchini Inc., Bivalve Dairy",38.1006,-122.822,12800 State Hwy 1,Point Reyes Station,Marin,94956,2
10226,220627,Dover Dairy,36.4147,-119.5358,4265 Dover Avenue,Hanford,Kings,93230,5F
10227,220628,Dover Dairy #2,36.4016,-119.5457,4998 Excelsior Avenue,Hanford,Kings,93230,5F
10228,220752,Droogh Dairy,36.3435,-119.8789,23535 Grangeville Boulevard,Lemoore,Kings,93245,5F
10229,220784,Duarte Family Dairy Inc.,38.3281,-121.4162,11807 Bruceville Road,Elk Grove,Sacramento,95757,5S
10230,220904,Dutch Dairy,34.7871,-117.2877,17215 Wild Road,Helendale,San Bernardino,92342,6V
10231,220912,W.J. Dairy #2,37.7426,-120.8307,9161 Warnerville Road,Oakdale,Stanislaus,95361,5S
10232,220914,Dutra & Dutra Dairy,36.3653,-119.5469,7480 5th Avenue,Hanford,Kings,93230,5F
10233,220915,Golden Star Dairy LLC #2,36.3796,-119.7457,6398 16th Avenue,Hanford,Kings,93230,5F
10234,220916,"Dutra Farms, Inc.",37.7372,-121.2402,5496 West Ripon Road,Manteca,San Joaquin,95337,5S
10235,220949,Mountain View Dairy,33.9903,-117.5848,10084 Eucalyptus Avenue,Ontario,San Bernardino,91762,8
10236,220951,Dykstra Dairy,36.1044,-119.4167,6801 Avenue 176,Tulare,Tulare,93274,5F
10237,220971,Dyt Dairy #2,33.9776,-117.5866,6051 Harrison,Corona,Riverside,91720,8
10238,220972,Dyt Heifers,33.978,-117.5852,6106 Harrison,Corona,Riverside,92880,8
11669,221121,DE GROOT DAIRY #1,36.2072,-119.1915,17408 AVENUE 232,Lindsay,Tulare,93247,5F
10239,221364,Diamond H Dairy,37.016,-120.3728,9564 Avenue 18 1/2,Chowchilla,Madera,93610,5F
10240,221380,Dick Vanderham Dairy,36.064,-119.2885,12565 Avenue 152,Tipton,Tulare,93272,5F
11774,221703,Mill Oak Farms,36.2397,-119.2974,2677 N Oakmore Rd,Tulare,Tulare,93274,5F
10241,221708,Phoenix Dairy,36.319,-119.486,10736 1 1/2 Avenue,Hanford,Kings,93230,5F
10242,221709,Double Cross #3,37.4499,-120.8211,11090 Youngstown Road,Turlock,Merced,95380,5S
10243,221728,Turner Dairy,38.1458,-121.4003,18035 North Jacob Brack Road,Lodi,San Joaquin,95242,5S
10244,222196,ED Brower Dairy,36.2412,-119.1643,18514 Avenue 248,Exeter,Tulare,93221,5F
11721,222199,Orland Livestock Commission Yard,39.7008,-122.1979,3877 County Road 99W,Orland,Glenn,95963,5S
10245,222202,Paulo Bros Dairy,36.2807,-119.6182,13213 9th Avenue,Hanford,Kings,93230,5F
10246,222203,Pinheiro Dairy,39.7838,-122.206,6368 County Rd 7,Orland,Glenn,95963,5S
10247,222207,ED SOUZA & SON DAIRY,36.2331,-119.2305,15390 Avenue 244,Tulare,Tulare,93274,5F
10248,222210,Chino Valley Dairy #2,33.8258,-117.0241,36580 Ramona Expressway,San Jacinto,Riverside,92582,8
10249,222320,Edward Nunes Dairy,37.8417,-121.0985,17399 East Avena Road,Escalon,San Joaquin,95320,5S
10250,222322,Valadao Dairy,36.2215,-119.6278,17293 9 1/2 Avenue,Hanford,Kings,93230,5F
10251,222334,Edwin H Smith & Sons Dairy,37.5384,-120.816,4836 North Quincy Road,Denair,Stanislaus,95316,5S
10252,222457,El Monte Dairy,36.084,-119.3395,10410 Avenue 160,Tipton,Tulare,93272,5F
11858,222503,El Toro Land Cattle,32.7233,-115.523,96 East Fawcett Road,Heber,Imperial,92249,7
10253,222622,Elkhorn Dairy,36.4634,-119.3451,10400 Avenue 368,Visalia,Tulare,93291,5F
10254,222672,Mark Vieira Dairy,37.28,-120.6164,203 Applegate Road,Atwater,Merced,95301,5S
10255,222897,Black Diamond Dairy,36.4647,-119.8262,18607 South Fruit Avenue,Riverdale,Fresno,93656,5F
10256,222953,Dr Dairy,36.9888,-120.3848,16554 Road 9,Chowchilla,Madera,93610,5F
10257,223058,Evaristo Vaz Dairy,37.0284,-120.8888,21876 West Sunset Avenue,Los Banos,Merced,93635,5S
10258,223384,Henry Brower Dairy,36.2189,-119.1715,23620 Road 180,Lindsay,Tulare,93247,5F
10259,223742,Endeavor Gold Dairy,36.1803,-119.5111,21573 Road 28,Tulare,Tulare,93721,5F
10260,223841,F & J Farms #4,36.2976,-119.3906,7908 Avenue 280,Visalia,Tulare,93277,5F
11776,223968,F & F Heifers,36.2601,-119.3335,25897 Road 108,Tulare,Tulare,93274,5F
10261,223993,Rivas Dairy,36.9821,-120.5294,41198 West Valeria Avenue,Dos Palos,Fresno,93620,5F
10262,224037,Fagundes Agribusiness Dairy,36.3635,-119.61,7546 8 1/2 Avenue,Hanford,Kings,93230,5F
10263,224038,Fagundes Bros. Dairy #2,37.4988,-120.4985,14328 Cox Ferry Road,Snelling,Merced,95369,5S
10264,224171,Faria Dairy Inc #3,37.8612,-121.0544,11495 South Van Allen Road,Escalon,San Joaquin,95320,5S
10265,224218,Faust Family Dairy,37.1201,-120.3641,10001 Avenue 25 1/2,Chowchilla,Merced,93610,5S
10266,224219,Gomes Dairy,37.4281,-120.9054,9735 Washington Road,Hilmar,Merced,95324,5S
10267,224315,Felicita Dairy,36.1441,-119.5299,22154 Road 20,Tulare,Kings,93274,5F
10268,224316,former GRACELAND DAIRY,36.1207,-119.3168,18150 Road 112,Tulare,Tulare,93274,5F
10269,224342,Vitor Borba #2 Dairy,36.2319,-119.6553,16452 11th Avenue,Hanford,Kings,93230,5F
10270,224351,Fernjo Dairy #1,36.2072,-119.2436,23135 Road 148,Tulare,Tulare,93274,5F
10271,224360,Albert Goyenetche Dairy #2,33.8397,-117.1083,32100 Ramona Expressway,Lakeview,Riverside,92567,8
10272,224361,Anchordoguy Facility,40.1339,-122.1966,11953 Tyler Road,Red Bluff,Tehama,96080,5S
10273,224362,Ferreira Heifer Ranch,34.0121,-117.6343,7823 Chino Avenue,Ontario,San Bernardino,91761,8
10274,224531,Fiscalini Farms,37.7095,-121.1324,4848 Jackson Road,Modesto,Stanislaus,95358,5S
10275,224578,"Flatland Farms, LLC",36.3504,-119.7266,8431 15th Avenue,Hanford,Kings,93230,5F
10276,224580,Five Star Dairy,36.0661,-119.2465,14552 Avenue 152,Tipton,Tulare,93272,5F
10277,224595,Flamingo-Weststeyn,33.9443,-117.6086,14970 Chandler Avenue,Eastvale,Riverside,92880,8
10278,224629,Fletcher Dairy,36.1505,-119.2883,12671 Ave 200,Tulare,Tulare,93274,5F
10279,224683,Kampen Ranches Dairy,36.401,-119.3325,33689 Road 108,Visalia,Tulare,93291,5F
10280,224701,FM Ranch Dairy #1,36.0937,-119.327,16777 South I Drive,Tulare,Tulare,93274,5F
11667,224722,CHARLES VANDER KOOI DAIRY,36.4853,-120.0463,13695 ELKHORN AVENUE,RIVERDALE,Fresno,93656,5F
10281,224791,Top Line Dairy #1,36.2059,-119.6917,18386 13th Ave,Hanford,Kings,93230,5F
10282,225111,Foster Dairy Farms #2,37.6094,-120.7371,1530 Hall Road,Hickman,Stanislaus,95323,5S
10283,225112,Foster Dairy Farms #3,37.6029,-120.7557,1825 Hickman Road,Hickman,Stanislaus,95323,5S
10284,225113,Foster Dairy Farms #4,37.5583,-120.7463,5372 South Hickman Road,Denair,Stanislaus,95361,5S
10285,225114,Foster Dairy Farms #5,37.5749,-120.7554,4312 South Hickman Road,Denair,Stanislaus,95316,5S
10286,225115,Foster Dairy Farms #6,37.5218,-120.7778,6321 East Monte Vista Avenue,Denair,Stanislaus,95316,5S
11890,225117,Foster Farms #1,37.6252,-120.7291,14255 Lake Road,Hickman,Stanislaus,95323,5S
11867,225127,Foster Feed Yard,32.9021,-115.4234,3403  Casey Road,Brawley,Imperial,92227,7
11884,225128,"Foster Feed Yard, Keystone",32.9185,-115.439,1350 East Keystone,Brawley,Imperial,92227,7
10287,225177,Four Star Dairy,36.196,-119.5318,18886 4th Avenue,Hanford,Kings,93230,5F
10288,225236,Dream Dairy Heifer Ranch,36.378,-119.6353,6505 10th Avenue,Hanford,Kings,93230,5F
10289,225238,Henry A Garcia Feedlot,36.2113,-119.3874,2946 West Tulare Avenue,Tulare,Tulare,93274,5F
10290,225242,Fragoso Dairy #2,37.8429,-121.0188,13437 Brennan Road,Escalon,San Joaquin,95320,5S
10291,225255,Correia Family Dairy,37.1224,-120.968,26475 West Fahey Road,Gustine,Merced,95322,5S
10292,225259,15th Avenue Feedlot,36.3202,-119.7272,10522 15th Avenue,Hanford,Kings,93230,5F
10293,225263,Frank J Borges Dairy,37.7285,-121.2054,8350 East Brady Rd,Manteca,San Joaquin,95337,5S
10294,225267,Arthur Leyendekker Dairy,36.4416,-119.3619,9001 Avenue 360,Visalia,Tulare,93291,5F
11717,225270,F & F Machado Farms,37.2925,-120.7569,15113 CA-140,Livingston,Merced,95334,5S
10295,225272,Former VIP Cattle,36.4292,-119.7621,21082 Cedar Street,Laton,Fresno,93242,5F
10296,225274,Frank N Rocha Dairy LP,37.8336,-121.0265,23125 East Lone Tree Road,Escalon,San Joaquin,95320,5S
10297,225277,Vitor Borba #1 Dairy/Franco & Sons Dairy,36.3713,-119.595,7721 Flint Avenue,Hanford,Kings,93230,5F
10298,225279,West Wing Dairy,36.171,-119.173,20997 Road 180,Strathmore,Tulare,93267,5F
10299,225291,Frank Souza Dairy - Euclid,33.9583,-117.6505,16185 Euclid Avenue,Chino,San Bernardino,91710,8
11682,225295,Da Silva Dairy Farms LP Dodds Heifer Ranch,37.8604,-121.0234,23335 Dodds Road,Escalon,San Joaquin,95320,5S
10300,225300,Zonneveld Dairies Complex,36.4599,-119.7705,1560 Cerini Avenue,Laton,Fresno,93242,5F
10301,225339,Frea Dairy LLC,36.6456,-119.8623,6205 South Brawley Avenue,Fresno,Fresno,93706,5F
10302,225342,Fred Rau Dairy,36.6025,-119.9832,10255 West Manning Avenue,Fresno,Fresno,93706,5F
10303,225346,Triangle S Dairy LLC,37.421,-120.5876,5600 West Palm Avenue,Winton,Merced,95388,5S
10304,225383,Golden Star Feedlot (Former Leonardo Bros Dairy #2),36.5468,-119.7015,13019 South Clovis Avenue,Selma,Fresno,93662,5F
10305,225474,Friesian Farms Dairy,36.1071,-119.4515,5593 Avenue 176,Tulare,Tulare,93274,5F
10306,225591,Furtado Farms Inc.,37.6093,-121.0565,3449 Paradise Road,Modesto,Stanislaus,95358,5S
10307,225623,Fagundes Dairy,37.0941,-120.3289,23548 Road 12,Chowchilla,Madera,93610,5F
10308,225736,Faria Farms Inc. Dairy,36.0426,-119.2689,13927 Road 136,Tipton,Tulare,93272,5F
10309,225993,Flint Dairy,36.3687,-119.5744,6511 Flint Avenue,Hanford,Kings,93230,5F
10310,226081,Fontes Dairy Farms-Dairy 2,36.44,-119.8949,20334 South Polk Avenue,Riverdale,Fresno,93656,5F
10311,226371,K & A Dairy,36.2121,-119.441,23343 Road 60,Tulare,Tulare,93274,5F
10312,226375,Frank S. Brown Co. Dairy,36.415,-119.8631,22045 South Valentine Avenue,Riverdale,Fresno,93656,5F
10313,226394,Fred Thommen Dairy,36.8369,-120.7612,53955 West Nees Avenue,Firebaugh,Fresno,93622,5F
10314,226533,Eden-Vale Dairy,36.3749,-119.8428,6370 21 1/2 Avenue,Lemoore,Kings,93245,5F
10315,226546,G-P Dairy,36.4441,-119.3791,8676 Avenue 360,Visalia,Tulare,93291,5F
10316,226592,SD Farms II,34.0097,-117.6474,7220 Chino Avenue,Ontario,San Bernardino,91761,8
10317,226601,Roest Family Dairy,37.6732,-121.1592,2472 Gates Road,Modesto,Stanislaus,95358,5S
10318,226662,Midnight Farms,36.3383,-119.809,9240 CA-41,Lemoore,Kings,93245,5F
10319,226698,Gamlake Dairy,38.1721,-122.5108,7149 Lakeville Hwy.,Petaluma,Sonoma,94954,2
10320,226722,Garcia & Sons Dairy,36.2487,-119.762,15405 17th Avenue,Lemoore,Kings,93245,5F
10321,226723,Joe R. Garcia Dairy,36.4337,-119.7807,20677 East Street,Laton,Fresno,93242,5F
10322,226724,Fargo Dairy,36.3569,-119.5749,6571 Fargo Avenue,Hanford,Kings,93274,5F
10323,226776,G H Dairy #4b,33.9976,-117.6361,7721 Edison Avenue,Ontario,San Bernardino,91762,8
10324,226790,Gary Nicholson Dairy,40.902,-124.1064,2126 Mad River Road,Arcata,Humboldt,95521,1
10325,226805,Gastellubery Heifer Ranch,34.0149,-117.6416,13144 South Campus Avenue,Ontario,San Bernardino,91761,8
10326,226858,Drakes View Dairy LLC,37.9993,-122.9943,26450 Sir Francis Drake,Inverness,Marin,94937,2
10327,226905,Double G Dairy,37.6598,-121.1143,6555 Blue Gum Road,Modesto,Stanislaus,95358,5S
10328,227023,J & B Dairy,37.7936,-120.841,8673 Rodden Road,Oakdale,Stanislaus,95361,5S
10329,227025,Bellanave Ranch LLC,35.2478,-119.1572,14461 Taft Highway,Bakersfield,Kern,93311,5F
10330,227029,George Grossi & Son Dairy,38.1175,-122.6514,3550 Novato Blvd.,Novato,Marin,94947,2
10331,227076,Gerben Leyendekker Dairy,36.4423,-119.3819,8200 Avenue 360,Visalia,Tulare,93291,5F
10332,227121,F & D Giacomazzi Farms,36.3348,-119.565,9624 6th Avenue,Hanford,Kings,93230,5F
10333,227158,Gilbert Teixeira Dairy,37.5458,-120.8814,5601 Mountain View Road,Turlock,Stanislaus,95382,5S
11684,227160,Da Silva Dairy Farms LLC Heifer Ranch,37.8547,-121.0384,22269 E Mariposa,Escalon,San Joaquin,95320,5S
10334,227211,GJ Silva,37.4654,-120.9353,3107 South Prairie Flower Road,Turlock,Stanislaus,95380,5S
10335,227391,Del-Arco Dairy,36.0093,-119.4672,4738 Avenue 120,Corcoran,Tulare,93212,5F
10336,227413,L & J Heifer Ranch (Closed),36.4238,-119.9057,21505 South Hayes Avenue,Riverdale,Fresno,93656,5F
10337,227497,Sutter Land LLC,36.5081,-119.8543,15669 South Valentine Avenue,Caruthers,Fresno,93609,5F
11766,227524,"Western Milling LLC, dba Goshen West Ranch",36.3574,-119.4439,31231 Rd 60,Visalia,Tulare,93291,5F
10338,227597,Double D Dairy #2,37.518,-120.9286,3636 East Monte Vista Road,Ceres,Stanislaus,95307,5S
10339,227651,T5 Farm,34.0005,-117.6194,13948 Walker Avenue,Ontario,San Bernardino,91762,8
10340,227673,Goyenetche Dairy,35.4148,-119.3789,6041 Brandt Road,Buttonwillow,Kern,93206,5F
10341,227860,Green Acres Dairy/El Dorado Dairy #1,34.01185801,-117.6434264,7322 Chino Avenue,Ontario,San Bernardino,91761,8
11868,227866,Green Road,32.9594,-115.3233,4204  Green Road,Brawley,Imperial,92227,7
10342,227873,Green Valley Dairy,36.6957,-120.0611,2685 South Madera Avenue,Kerman,Fresno,93630,5F
10343,227885,"Seifert Dairy II, LP",38.2314,-121.2176,8220 East Liberty Road,Galt,San Joaquin,95632,5S
10344,227993,Griffioen Dairy LP,36.4582,-119.398,7901 Avenue 368,Dinuba,Tulare,93618,5F
10345,228144,Vander Meulen Dairy,37.8416,-121.0548,20250 East Avena Road,Escalon,San Joaquin,95320,5S
10346,228577,Frank Gwerder Dairy,37.6276,-121.1221,1007 South Hart Road,Modesto,Stanislaus,95351,5S
10347,228775,George Tevelde Dairy,37.8588,-120.968,27815 East Dodds Road,Escalon,San Joaquin,95320,5S
10348,229007,Golden West Dairy,36.4269,-119.3042,12031 Avenue 352,Visalia,Tulare,93291,5F
10349,229380,Gorzeman Cattle (Dairy),36.039,-119.4087,13804 Road 72,Tipton,Tulare,93272,5F
10350,229392,Hynes Dairy,36.2492,-119.4005,4497 North Colpien Road,Tulare,Tulare,93274,5F
10351,229393,Gordon Dairy #3,33.9949,-117.6356,14213 Bon View Avenue,Ontario,San Bernardino,91762,8
10352,229400,Blue Moon Farms,36.0289,-119.3987,13213 Road 80,Tipton,Tulare,93272,5F
10353,229449,H & P Dairy,35.2073,-118.9383,5021 East Bear Mountain Boulevard,Bakersfield,Kern,93307,5F
10354,229450,GH Dairy 3,33.9905,-117.6162,8643 Eucalyptus Avenue,Ontario,San Bernardino,91762,8
10355,229503,GH Dairy #1,33.9904,-117.6183,8541 Eucalyptus Avenue,Ontario,San Bernardino,91762,8
10356,229610,Chino Valley Heifer Ranch,34.0016,-117.6376,13752 Bon View Avenue,Ontario,San Bernardino,91762,8
10357,229612,Hansen & Sons Dairy,37.038,-120.3044,13348 Avenue 20,Chowchilla,Madera,93610,5F
10358,229616,Amos Brothers Dairy,38.4491,-122.8013,3420 Guerneville Road,Santa Rosa,Sonoma,95401,1
10359,229683,Ontario Ranch Holsteins #1,33.9842,-117.6279,14848 Grove Avenue,Ontario,San Bernardino,91762,8
10360,229712,Harold Dragt & Sons Dairy #2,36.3362,-119.4927,9455 Second Avenue,Hanford,Kings,93230,5F
11794,229741,Harris Ranch Feeding Company,36.3059,-120.2582,29475 Fresno Coalinga Road,Coalinga,Fresno,93210,5F
10361,229761,J & D Star Dairy 1,33.9832,-117.6237,8315 Merrill Avenue,Chino,San Bernardino,91710,8
10362,229891,Los Robles Dairy,36.1037,-119.0909,17393 Road 216,Porterville,Tulare,93257,5F
10363,229987,Sunnyvale Dairy,36.1531,-119.5171,2608 Avenue 199,Tulare,Tulare,93274,5F
10364,229993,Hein Hettinga/A & H Dairy 1&2,34.6023,-117.5933,3400 El Mirage Road,El Mirage,San Bernardino,92301,6V
10365,230003,former DREAM DAIRY (closed),36.6927,-119.8627,4050 West North Avenue,Fresno,Fresno,93706,5F
10366,230054,Hendrix Dairy,37.5517,-121.0465,2901 West Keyes Road,Modesto,Stanislaus,95358,5S
10367,230065,Joe Henriques Dairy,37.6381,-121.1466,8255 Maze Boulevard,Modesto,Stanislaus,95358,5S
10368,230068,P & G Wassenaar Dairy,34.0169,-117.6152,13051 Baker,Ontario,San Bernardino,91761,8
10369,230074,Bosch Dairy #2,34.0047,-117.6068,9029 Schaefer Avenue,Ontario,San Bernardino,91761,8
10370,230075,Henry A. Garcia Dairy,36.1523,-119.2933,12521 Avenue 200,Tulare,Tulare,93274,5F
10371,230078,East View Dairy,36.4288,-119.3396,10485 Avenue 352,Visalia,Tulare,93291,5F
10372,230082,Henry Veenendaal Dairy,36.2993,-119.5261,3678 Houston Avenue,Hanford,Kings,93230,5F
10373,230112,HD Ranch,38.4184,-121.738,7815 Midway Road,Dixon,Solano,95620,5S
10374,230113,Heritage Dairy,36.1378,-119.2199,15651 Avenue 192 Avenue,Tulare,Tulare,93274,5F
10375,230143,Herman De Jong Dairy,33.6285,-117.2949,31910 Corydon Road,Wildomar,Riverside,92595,8
11718,230169,PB Heifer Ranch,37.7,-121.1609,4355 N. Gates Rd.,Modesto,Stanislaus,95358,5S
10376,230191,Hettinga Dairy - Eucalyptus 2,33.99,-117.6035,9279 Eucalyptus Avenue,Ontario,San Bernardino,91762,8
10377,230192,Hettinga Farms Dairy,36.0095,-119.2727,13400 Avenue 120,Pixley,Tulare,93256,5F
10378,230193,Hettinga Dairy - San Jacinto,33.8198,-117.0336,1701 N Warren Road,San Jacinto,Riverside,92582,8
11883,230194,Brawley Heifer Ranch,33.0161,-115.5614,5004  Brandt Road,Brawley,Imperial,92227,7
10379,230195,Hettinga Ranch,33.8556,-117.3906,15250 El Sobrante Road,Riverside,Riverside,92503,8
10380,230360,Highstreet Dairy,36.2249,-119.2264,15503 Avenue 240,Tulare,Tulare,93274,5F
10381,230391,Hillcrest Dairy,37.3146,-120.3065,1901 North Hayden Road,Le Grand,Merced,95322,5S
10382,230418,Hilltop Holsteins,37.8562,-120.9099,4900 East Dodds Road,Oakdale,Stanislaus,95361,5S
11799,230424,Hillview Cattle & Farms,36.6507,-120.0133,12250 West Lincoln Avenue,Fresno,Fresno,93706,5F
10383,230428,"Hilmar Holsteins, Inc.",37.3822,-120.8845,21859 Crane Avenue,Hilmar,Merced,95324,5S
11678,230438,Hinkley Dairy,34.9056,-117.1292,24333 Community Blvd,Hinkley,San Bernardino,92347,6B
10384,230493,Hoffman Dairy,36.1764,-119.2597,21346 Road 140,Tulare,Tulare,93274,5F
10385,230522,Holgersen Dairy,40.669,-124.1965,5231 Tompkins Hill Road,Loleta,Humboldt,95551,1
10386,230542,Hollandia Farms Dairy,36.2087,-119.5965,7905 Kansas Avenue,Hanford,Kings,93230,5F
10387,230544,Holland's Dairy,36.3423,-119.5217,3533 Grangeville Boulevard,Hanford,Kings,93230,5F
10388,230580,Holmes Brothers Dairy,37.8185,-121.032,16048 Sexton Road,Escalon,San Joaquin,95320,5S
11859,230587,Holtville Cattle Feed,32.8112,-115.4129,1440 East Zenos Road,Holtville,Imperial,92250,7
10389,230622,Chino Valley Heifer Ranch,33.9696,-117.594,6313 Archibald Street,Corona,Riverside,92880,8
10390,232006,William Hunger Ranches Dairy,36.9996,-120.5857,18146 Dixon Road,Dos Palos,Fresno,93620,5F
10391,232207,Iest Family Farms Dairy,36.9504,-120.2801,14576 Avenue 14,Madera,Madera,93637,5F
10392,232348,Larry Inderbitzen Farms,37.605,-121.1211,6930 Paradise Road,Modesto,Stanislaus,95358,5S
10393,232636,Iraizoz Dairy,36.6576,-119.3772,5265 South Crawford Avenue,Reedley,Fresno,93654,5F
10394,232639,Knevelbaard Dairy,36.2033,-119.2544,14229 Avenue 228,Tulare,Tulare,93274,5F
10395,232717,Manuel Teixeira Dairy,37.5647,-121.1575,8937 West Grayson Road,Modesto,Stanislaus,95358,5S
10396,233056,Tristar Dairy,36.1117,-119.2973,12212 Avenue 176,Tulare,Tulare,93274,5F
10397,233059,J & B Dairy,37.6857,-120.8514,3037 Albers Road,Modesto,Stanislaus,95357,5S
10398,233060,David Vander Schaaf Dairy,35.287,-118.9362,7524 South Fairfax Road,Bakersfield,Kern,93307,5F
10399,233072,P & D Dairy #2,33.9791,-117.6069,15133 Carpenter Avenue,Ontario,San Bernardino,91710,8
10400,233073,J & D Wilson & Sons Dairy,36.4314,-120.0081,11720 West Mt. Whitney Avenue,Riverdale,Fresno,93656,5F
10401,233077,Double Oak #2 Dairy,36.2425,-119.2965,3231 North Oakmore Street,Tulare,Tulare,93274,5F
10402,233078,Frank Mendonca Heifer Ranch,36.3576,-119.7998,19090 Fargo Avenue,Lemoore,Kings,93245,5F
10403,233079,J & F Martins Dairy,36.3628,-119.709,7622 14th Avenue,Hanford,Kings,93230,5F
10404,233101,Legacy Dairy,36.1587,-119.4933,20385 Road 36,Tulare,Tulare,93274,5F
10405,233121,J & R Dairy,35.2063,-119.0502,4403 Bear Mountain Boulevard,Bakersfield,Kern,93313,5F
10406,233123,Maya Dairy,35.4831,-119.4408,18451 Wildwood Road,Buttonwillow,Kern,93206,5F
10407,233125,FM Ranch #3,36.0753,-119.3158,1472 Highway 99,Tipton,Tulare,93272,5F
10408,233130,3 Machados Dairy,37.1858,-120.5488,3260 West Sandy Mush Road,Merced,Merced,95340,5S
10409,233131,Homestead Dairy,36.4293,-119.3399,10178 Ave 352,Visalia,Tulare,93291,5F
10410,233181,Double N Dairy II,36.3953,-119.7816,18104 Everett Avenue,Laton,Kings,93242,5F
10411,233193,J & B Dairy,34.0189,-117.6012,9309 Riverside Drive,Ontario,San Bernardino,91761,8
10412,233268,DeMelo Dairy,38.2665,-121.3177,10145 Pringle Avenue,Galt,Sacramento,95632,5S
10413,233271,Jaques & Silva Dairy,36.3276,-119.571,6269 Lacey Blvd,Hanford,Kings,93230,5F
10414,233274,JD Mello Dairy,36.3421,-119.7369,15609 Grangeville Boulevard,Hanford,Kings,93230,5F
10415,233279,Double M Dairy LLC,38.016,-122.9882,25680 Sir Francis Drake Blvd,Inverness,Marin,94937,2
10416,233290,J & F Martins Dairy #2,36.4236,-119.7903,381 East Wood Avenue,Laton,Fresno,93242,5F
10417,233299,Bill Idsinga Dairy,36.2984,-119.5398,4595 Houston Avenue,Hanford,Kings,93230,5F
10418,233302,Jai Alai Dairy,35.118,-118.8758,26101 South Edison Road,Arvin,Kern,93203,5F
10419,233320,Jack Dei Dairy,38.4119,-122.8247,831 High School Road,Sebastopol,Sonoma,95472,1
11865,233353,Jackson Feedlot,32.7306,-115.5774,495  West Heber Rd,El Centro,Imperial,92243,7
10420,233375,former John Jacobi Dairy,36.5303,-119.3339,10723 Avenue 408,Dinuba,Tulare,93618,5F
10421,233401,DG Farms,35.9622,-119.2277,15419 Avenue 96,Pixley,Tulare,93256,5F
10422,233402,Westwood Farms LLC (Dairy),36.2044,-119.4336,6194 Avenue 228,Tulare,Tulare,93274,5F
10423,233404,Fragoso Dairy #2,37.8309,-121.0161,14691 South Brennan Road,Escalon,San Joaquin,95320,5S
10424,233436,James Jongsma Dairy,35.9567,-119.2106,9229 Road 164,Pixley,Tulare,93256,5F
10425,233438,Caetano Dairy,36.4755,-119.5286,100 North 4th Avenue,Kingsburg,Kings,93631,5F
10426,233488,Back Road Dairy,36.1895,-119.5111,22081 Road 28,Tulare,Tulare,93274,5F
10427,233539,JDS Ranch Dairy,35.7558,-119.413,27333 Garces,Wasco,Kern,93280,5F
10428,233588,Jelle Van Der Hoek,37.6416,-121.1588,337 North Gates Road,Modesto,Stanislaus,95358,5S
10429,233613,Silva & Sons Dairy,36.4011,-119.6067,8331 Excelsior Avenue,Hanford,Kings,93230,5F
10430,233624,Jer-Z-Boyz Ranch #1,35.9932,-119.3265,11001 Ave 112,Pixley,Tulare,93256,5F
10431,233625,former Paesano Dairy,35.7277,-119.2589,11699 Stradley Avenue,Mcfarland,Kern,93250,5F
10432,233668,Generations Dairy,36.6459,-120.0658,6043 South Madera Avenue,Kerman,Fresno,93630,5F
10433,233674,Jim Bakker Dairy,36.3357,-119.4371,30030 Road 60,Visalia,Tulare,93291,5F
10434,233675,Jim Bootsma Jr Dairy,33.8554,-117.084,33100 Fernandez Road,Nuevo,Riverside,92567,8
10435,233682,Brian James Jongsma Dairy,36.0825,-119.4268,16017 Road 64,Tipton,Tulare,93272,5F
10436,233683,Jim Nyenhuis Dairy,33.9759,-117.616,8711 Remington,Chino,San Bernardino,91710,8
10437,233685,Jim Riebli Dairy,38.2665,-122.6856,295 Rainsville Road,Petaluma,Sonoma,94952,2
10438,233712,Robert Vander Eyk Dairy,35.9763,-119.3623,9441 Avenue 104,Pixley,Tulare,93256,5F
10439,233713,JLT Ranch,38.2255,-122.5384,601 Stage Gulch Road,Petaluma,Sonoma,94954,2
10440,233729,Mancebo Holsteins #2 Dairy,36.2211,-119.2598,23758 Road 140,Tulare,Tulare,93274,5F
10441,233732,Joaquin Toledo Dairy,36.1112,-119.4873,3800 Avenue 176,Corcoran,Tulare,93212,5F
10442,233734,Joao & Maria Salvador Dairy,37.5223,-121.0132,1501 West Monte Vista Road,Ceres,Stanislaus,95307,5S
10443,233735,Jordao Dairy,37.4364,-120.9586,6025 South Central Avenue,Turlock,Stanislaus,95380,5S
10444,233742,Delta View Farms #2,36.3386,-119.4484,30297 Road 56,Visalia,Tulare,93291,5F
10445,233743,Joe Avis Dairy,38.339,-121.4528,4220 Point Pleasant Road,Elk Grove,Sacramento,95757,5S
10446,233744,Joe B. Pacheco Dairy,36.2398,-119.5741,16025 6 1/2 Avenue,Hanford,Kings,93230,5F
10447,233745,Joe Bertao & Sons Dairy (Closed),37.0544,-120.3413,11270 Avenue 21,Chowchilla,Madera,93610,5F
10448,233747,John Brasil Facility,37.447,-120.9627,9730 West Bradbury Road,Turlock,Stanislaus,95380,5S
10449,233749,Vierra Dairy Farms #4/Cross Creek Dairy,37.4038,-120.9051,7965 Washington Road,Hilmar,Merced,95324,5S
10450,233751,Golden Star Dairy,36.5046,-119.8474,15959 South Marks Avenue,Caruthers,Fresno,93609,5F
10451,233754,JOE V. CARDOZA TRUST DAIRY,36.1369,-119.3961,19199 Road 80,Tulare,Tulare,93274,5F
10452,233757,Double Cross #2,37.4477,-120.8252,18637 East Bradbury Road,Turlock,Merced,95380,5S
11800,233760,Dairy Goddess Farms,36.381,-119.8369,21154  Elgin Avenue,Lemoore,Kings,93245,5F
10453,233761,Joe D. Coelho Dairy (closed),36.6407,-119.827,6503 South West Avenue,Fresno,Fresno,93706,5F
10454,233763,Da Silva Dairy Farms LLC #1,37.8545,-120.9748,27398 Dodds Road,Escalon,San Joaquin,95320,5S
10455,233766,Gordon Dairy #5,33.9923,-117.628,14400 South Grove Avenue,Ontario,San Bernardino,91710,8
10456,233772,Joe Gomes Dairy #1,37.4411,-120.799,17265 Swanson Road,Delhi,Merced,95315,5S
10457,233774,"Trimac Enterprises, LLC.",37.7802,-120.9462,29094 East Lemon Avenue,Escalon,San Joaquin,95320,5S
10458,233777,Homen Dairy Farms LP,37.1854,-120.5956,5511 West Sandy Mush Road,Merced,Merced,95340,5S
10459,233779,John A Machado Dairy Farms,37.7307,-121.2153,24916 South Manteca Road,Manteca,San Joaquin,95336,5S
11801,233781,Sunshine Dairy Heifers (Former P&E Heifers),36.2876,-119.5839,12700  7th Avenue,Hanford,Kings,93230,5F
10460,233784,Eugenio Azevedo Dairy #1,37.2802,-120.5835,5217 Oak Avenue,Merced,Merced,95341,5S
10461,233788,Joe Simoes Family Dairy,36.0333,-119.2683,13441 Road 136,Tipton,Tulare,93272,5F
10462,233789,LEGENDAIRY FARMS,36.0567,-119.3599,14685 Road 96,Tipton,Tulare,93272,5F
10463,233792,Machado Brothers Dairy,36.1985,-119.6151,8800 Lansing Avenue,Hanford,Kings,93230,5F
10464,233796,Triple J Creek Dairy,37.1147,-120.894,22484 China Camp Road,Los Banos,Merced,93635,5S
10465,233801,Parreira Dairy,36.2099,-119.7623,18081 17th Avenue,Stratford,Kings,93266,5F
10466,233803,Joe Pedro & Son Dairy,36.279,-119.3303,26946 Road 108,Visalia,Tulare,93291,5F
10467,233804,Joe V. Pimentel Dairy,36.4069,-119.5648,4625 6th Avenue,Hanford,Kings,93230,5F
10468,233805,Joe Pinheiro & Sons Dairy,36.043,-119.3039,13881 Road 120,Tipton,Tulare,93272,5F
10469,233812,Sozinho Dairy #1,36.3067,-119.6099,11447 8 1/2 Avenue,Hanford,Kings,93230,5F
11898,233814,Joe Tognalda Dairy,38.1817,-122.6108,460  San Antonio,Petaluma,Sonoma,94952,2
10470,233816,Shaffer Dairy,37.4056,-120.5923,5968 Eucalyptus Avenue,Winton,Merced,95388,5S
10471,233831,Johann Dairy,36.5724,-120.002,11511 West Floral Avenue,Fresno,Fresno,93706,5F
10472,233838,vacant DAIRY,36.3716,-119.8428,7155 21 1/2 Avenue,Lemoore,Kings,93245,5F
10473,233840,John & Natalie Toste,36.3802,-119.8435,21519 Elgin Avenue,Lemoore,Kings,93245,5F
10474,233841,Alston Dairy,39.7437,-122.1976,1010 Hwy 99W,Orland,Glenn,95963,5S
10475,233848,John Bootsma Dairy,33.8416,-117.0969,32300 Ramona Expressway,Lakeview,Riverside,92567,8
10476,233850,Dyt Heifer Ranch,33.9979,-117.6071,9064 Edison Avenue,Ontario,San Bernardino,91762,8
10477,233853,John & Teresa Borges Dairy,37.7229,-121.3219,25834 Kasson Road,Tracy,San Joaquin,95304,5S
10478,233854,Kerman Cattle Company,36.6721,-119.9695,4301 South Dickenson Avenue,Fresno,Fresno,93706,5F
10479,233857,Bento Bovine Dairy,37.6084,-121.0962,5618 Paradise Road,Modesto,Stanislaus,95358,5S
11802,233859,John Correia Cattle,36.3147,-119.5763,6672  Hanford-Armona,Hanford,Kings,93230,5F
10480,233862,Parreira Gaspar Dairy,36.1298,-119.2117,16087 Avenue 188,Strathmore,Tulare,93267,5F
10481,233863,John DeGroot & Son Dairy,36.6468,-119.9048,6105 West Lincoln Avenue,Fresno,Fresno,93706,5F
10482,233865,Cowlifornia Dairy LLC,36.3303,-119.5261,3742 Lacey Boulevard,Hanford,Kings,93230,5F
10483,233866,Former American Dairy,36.6549,-119.8906,5525 South Polk Avenue,Fresno,Fresno,93706,5F
10484,233872,FM Ranch #4,36.3432,-119.1607,18354 Avenue 304,Visalia,Tulare,93292,5F
10485,233873,Rainimade Dairy,36.3415,-119.7407,15739 Grangeville Boulevard,Hanford,Kings,93230,5F
10486,233874,J & M Dairy,38.3232,-121.4196,11910 Bruceville Road,Elk Grove,Sacramento,95757,5S
11860,233878,John Grizzle Feedlot,32.8476,-115.3286,2704  Webb Road,Holtville,Imperial,92250,7
10487,233890,Jersey Creek Dairy,36.2569,-119.5471,14857 5th Avenue,Hanford,Kings,93230,5F
10488,233891,Santa Anita Dairy,36.2408,-119.4445,5792 Avenue 248,Tulare,Tulare,93274,5F
11698,233894,MDF Feedlot,37.2875,-120.5971,25 South Quinley,Merced,Merced,95341,5S
10489,233895,Double Cross #7/Larry B. Peterson Dairy Farms #2,37.4097,-120.8659,20775 West American Avenue,Hilmar,Merced,95324,5S
10490,233909,Oostdam Dairy Heifer Ranch,33.813,-116.9877,1655 North Ramona Boulevard,San Jacinto,Riverside,92582,8
10491,233927,Van Exel Dairy #3,38.1376,-121.408,7406 West Cotta Road,Lodi,San Joaquin,95242,5S
10492,233934,John Thomas Dairy,37.4491,-120.9692,10408 West Bradbury Road,Turlock,Stanislaus,95380,5S
10493,233936,Pereira Family Dairy,36.1755,-119.2337,21371 Road 152,Tulare,Tulare,93274,5F
11767,233939,Teunissen Ranch #2,36.132,-119.501,18943 Road 32,Tulare,Tulare,93274,5F
10494,233980,Johnson & Neles Dairy,38.2487,-122.4798,22030 Bonness Road,Sonoma,Sonoma,95476,2
10495,233996,Van Steyn Dairy #3,38.3232,-121.3948,8383 Lambert Road,Elk Grove,Sacramento,95758,5S
10496,234042,Maze Dairy,37.6353,-121.1318,7500 Maze Boulevard,Modesto,Stanislaus,95358,5S
10497,234045,GH Dairy #4,33.9976,-117.6291,8061 Edison Avenue,Ontario,San Bernardino,91762,8
10498,234052,Koolhaas Dairy #2,37.8269,-121.0067,24586 East Lone Tree Road,Escalon,San Joaquin,95320,5S
10499,234053,Manuel Mendonca Trustee,36.3414,-119.4846,9080 1 1/2 Avenue,Hanford,Kings,93230,5F
10500,234055,Jose L. Homem Dairy,40.9058,-124.1154,4002 Old River Road,Arcata,Humboldt,95521,1
10501,234057,Forebay Farms Dairy,37.0905,-120.9753,13699 South Cherokee Road,Gustine,Merced,95322,5S
10502,234059,Jose Ribeiro & Son Dairy,36.4312,-119.7311,3666 East Mt. Whitney Avenue,Laton,Fresno,93242,5F
10503,234115,Julian Sanchez & Sons Dairy,36.1156,-119.3963,17945 Road 80,Tulare,Tulare,93274,5F
10504,234149,Tierra Buena Ranch,37.4309,-120.641,8632 Meadow Drive,Winton,Merced,95388,5S
10505,234150,JVJ Dairy #2 - Parkview Dairy,37.4104,-120.7406,13640 Collier Road,Delhi,Merced,95315,5S
10506,234487,K & M Visser Dairy,35.961,-119.3658,9279 Avenue 96,Pixley,Tulare,93256,5F
10507,234552,Kaehler Dairy Farm,38.0865,-121.3035,1025 East Armstrong Road,Lodi,San Joaquin,95242,5S
10508,234617,Kansas Holstein Dairy,36.2118,-119.6075,8480 Kansas Avenue,Hanford,Kings,93230,5F
10509,234639,Chino Valley Dairy #1,33.9903,-117.6396,7565 Eucalyptus Avenue,Ontario,San Bernardino,91762,8
10510,234732,Kehoe Dairy Inc. (J Ranch),38.16,-122.9377,6150 Pierce Pt,Inverness,Marin,95437,2
10511,235020,Roy King Dairy,38.2395,-122.6922,1241 Middle Two Rock Road,Petaluma,Sonoma,94952,2
10512,235138,Sozinho Jerseys Dairy,36.401,-119.5392,4615 Excelsior Avenue,Hanford,Kings,93230,5F
10513,235150,Harry Kneppel Dairy,38.3014,-121.4144,7816 Camp Road,Elk Grove,Sacramento,95757,5S
10514,235180,L & J Vanderham Dairy,36.4317,-119.9896,10772 West Mt. Whitney Avenue,Riverdale,Fresno,93656,5F
10515,235211,Frank Konyn Dairy,33.0879,-116.9987,15777 Old Milky Way,Escondido,San Diego,92027,9
10516,235213,Koolhaas Dairy,37.8568,-120.9827,26805 Dodds Road,Escalon,San Joaquin,95320,5S
10517,235215,Archibald Ranch,34.0033,-117.5932,13838 South Archibald Avenue,Ontario,San Bernardino,91761,8
10518,235217,Kootstra Dairy,35.231,-118.9676,13628 Adobe Road,Bakersfield,Kern,93307,5F
10519,235270,LegenDairy West,36.0616,-119.382,8509 AVENUE 152,Tipton,Tulare,93272,5F
11878,235283,Kuhn Farms Dairy/OWB Ranches,32.7877,-115.7613,1870-B  Jeffrey Road,El Centro,Imperial,92243,7
11777,235289,Standard Cattle Company,36.6153,-120.0996,8105A S  Lassen AVE,San Joaquin,Fresno,93660,5F
10520,235626,Watte Bros Dairy #2 - CLOSED,36.1796,-119.4805,4125 Avenue 216,Tulare,Tulare,93274,5F
10521,235627,Four Family K Dairy (Vacant),36.2026,-119.4591,5147 Avenue 228,Tulare,Tulare,93274,5F
10522,235634,Double Oak Dairy,36.2541,-119.2963,3573 E Oakdale Ave,Tulare,Tulare,93274,5F
10523,235647,John Verburg Dairy (Closed),36.6962,-119.8606,2588 South Brawley Avenue,Fresno,Fresno,93706,5F
10524,235679,LK Ranches Dairy,36.3162,-119.4502,29007 Road 56,Visalia,Tulare,93277,5F
10525,235683,R & J McClelland Dairy,38.1167,-122.9261,100 Pierce Point,Inverness,Marin,94937,2
11882,236073,Labrucherie Ranch,32.7577,-115.582,1407 S Labrucherie Road,El Centro,Imperial,92243,7
10526,236113,Lafranchi Ranch,38.0821,-122.7086,6290 Nicasio Valley Rd.,Nicasio,Marin,94946,2
10527,236282,Former VL Furtado Dairy (demolished),36.4178,-119.5791,3855 7th Avenue,Hanford,Kings,93230,5F
11695,236534,Langerwerf Dairy,39.646,-121.7493,1251 Durham-Dayton,Durham,Butte,95922,5R
10528,236585,Bidart Dairy No. 3,35.3553,-119.2893,25820 Stockdale Highway,Bakersfield,Kern,93314,5F
10529,236674,Lauren Duhalde Dairy,33.99,-117.5897,9859 Eucalyptus,Ontario,San Bernardino,91762,8
10530,236699,Frank C. Lawrence Dairy,36.306,-119.4541,28476 Road 52,Visalia,Tulare,93277,5F
10531,236758,Leal Ranches,33.9804,-117.5645,12740 58th Street,Corona,Riverside,92880,8
10532,236809,Legend Dairy Farms 3 - Edison,33.9971,-117.5666,11091 Edison Avenue,Ontario,San Bernardino,91761,8
10533,236833,Lekkerkerk Dairy,33.966,-117.667,15779 Mountain Avenue,Chino,San Bernardino,91708,8
10534,236834,Lekkerkerk Dairy #2,33.9558,-117.6669,16195 Mountain Avenue,Chino,San Bernardino,91708,8
10535,236881,"Pareira Dairy, LP",37.4837,-120.5288,2487 West Turlock Road,Snelling,Merced,95369,5S
10536,236885,Leonardo Bros Dairy,36.4961,-119.6942,16508 South Clovis Avenue,Selma,Fresno,93662,5F
10537,236892,Lepori Dairy,38.3092,-122.8724,6800 Gericke Road,Petaluma,Sonoma,94952,1
10538,236897,Lerda-Goni Farms Dairy,36.1321,-119.255,18797 Road 142,Tulare,Tulare,93274,5F
11688,236919,Leveroni Brothers Dairy,38.1253,-122.641,3100 Novato Blvd,Novato,Marin,94947,2
10539,237015,Lima Ranch,38.0991,-121.3838,13436 North Thornton Road,Lodi,San Joaquin,95242,5S
10540,237287,Log Haven Dairy,36.3557,-119.595,7755 Fargo Avenue,Hanford,Kings,93230,5F
10541,237294,Luke McCanless Dairy #2 @ Coffee Creek,40.5724,-124.2232,2824 Grizzly Bluff Road,Ferndale,Humboldt,95536,1
10542,237321,Lone Oak Farms Dairy #1,36.2792,-119.531,13866 4th Avenue,Hanford,Kings,93230,5F
10543,237326,"Jackson Dairy, LLC",36.2532,-119.6126,8637 Jackson Avenue,Hanford,Kings,93230,5F
10544,237349,High Roller Dairy,36.258,-119.6013,14782 8th Avenue,Hanford,Kings,93230,5F
10545,237361,A.M. Dairy,36.4946,-119.3794,8651 Avenue 388,Dinuba,Tulare,93618,5F
11768,237387,John Lorenzo Dairy,36.1968,-119.4041,703 S. Palm St,Tulare,Tulare,93274,5F
10546,237463,Losa Dairy,40.585,-124.2131,199 Saottini Lane,Ferndale,Humboldt,95536,1
10547,237507,Lou-Mar Dairy,36.0659,-119.2402,14870 Avenue 152,Tipton,Tulare,93272,5F
10548,237517,Riverbend East Dairy,36.1582,-119.2603,20303 Road 140,Tulare,Tulare,93274,5F
10549,237641,Lu/AR Dairy,36.3844,-119.7246,6121 15th Avenue,Hanford,Kings,93230,5F
10550,237643,Deer Creek Cattle,36.1226,-119.4368,6141 Avenue 184,Tulare,Tulare,93274,5F
10551,237683,Luis C Nunes & Sons Dairy #2,37.1407,-121.0146,10268 South Hwy 33,Gustine,Merced,95322,5S
10552,237684,Valley View Dairy #2,36.2548,-119.5451,15010 5th Avenue,Hanford,Kings,93230,5F
10553,237685,Raven Dairy,36.5036,-119.6239,9203 East Clarkson Avenue,Selma,Fresno,93662,5F
10554,237686,H & D Silveira Dairy,37.1475,-120.9479,25469 West Hearst Road,Gustine,Merced,95322,5S
10555,237694,Lumar Dairy Farms,37.4271,-120.9317,7215 South Prairie Flower Road,Turlock,Stanislaus,95380,5S
11803,238240,Sam Habib Cattle Co,36.4035,-119.5592,5590 East Excelsior Avenue,Hanford,Kings,93230,5F
10556,238879,M & A Dairy,37.0748,-120.6801,14651 Carlucci Road,Dos Palos,Merced,93620,5S
10557,238899,Tony Machado Dairy,37.0912,-120.2989,13611 Avenue 23 1/2,Chowchilla,Madera,93610,5F
10558,238904,M & M Moules Dairy,38.1035,-121.1554,12821 East Harney Lane,Lodi,San Joaquin,95240,5S
10559,238918,AC Enterprises Dairy,36.0704,-119.4137,15499 Road 72,Tipton,Tulare,93272,5F
10560,238934,Curti Family Inc.,36.1473,-119.4999,3235 Avenue 199,Tulare,Tulare,93274,5F
10561,238935,Curtimade Dairy,36.121,-119.5185,18337 Road 24,Tulare,Tulare,93274,5F
10562,238974,Angelo Dairy,38.2209,-121.1787,11313 East Collier Road,Acampo,San Joaquin,95220,5S
10563,239002,Faria Feedlot,36.3085,-119.3726,2507 South Shirk Road,Visalia,Tulare,93277,5F
10564,239040,North Moon Dairy,36.0487,-119.4081,7325 Avenue 144,Tipton,Tulare,93273,5F
10565,239047,Machado Dairy LP,36.6756,-119.8738,4423 West Central Avenue,Fresno,Fresno,93706,5F
10566,239048,Machado Dairy,36.1554,-119.4911,20180 Road 36,Tulare,Tulare,93274,5F
10567,239049,Machado Dairy Farms #2,37.8817,-121.0738,19405 East Mariposa Road,Stockton,San Joaquin,95215,5S
10568,239050,Machado Dairy Farms #1,37.7001,-121.2241,28128 South Two Rivers Road,Manteca,San Joaquin,95337,5S
10569,239061,F & S Brasil Dairy,37.718,-121.2326,26212 South Union Road,Manteca,San Joaquin,95337,5S
10570,239098,Maddox Dairy,36.5339,-120.0235,12840 West Kamm Avenue,Riverdale,Fresno,93656,5F
11778,239106,Madera Calf Ranch,36.9509,-120.1951,13894 Road 19 1/2,Madera,Madera,93637,5F
10571,239135,Nunes Heifers,37.2588,-120.4413,2618 Reilly Road,Merced,Merced,95340,5S
10572,239173,Magneson Dairy,37.4329,-120.6672,10235 West El Capitan Way,Ballico,Merced,95303,5S
10573,239249,Three D Dairy #2,33.9932,-117.6182,14333 Walker Avenue,Ontario,San Bernardino,91762,8
10574,239254,Green Valley Feedlot,36.4895,-119.829,2160 West Elkhorn Avenue,Caruthers,Fresno,93609,5F
10575,239300,MS3 Dairy,36.1774,-119.4025,21399 Road 76,Tulare,Tulare,93274,5F
10576,239301,Mancebo Holsteins,36.21,-119.2385,14891 Ave 232,Tulare,Tulare,93274,5F
10577,239356,Carmo Dairy,38.3683,-121.4519,10775 Franklin Boulevard,Elk Grove,Sacramento,95757,5S
10578,239359,Manuel Da Silva Dairy,37.8195,-120.9542,15822 Steingul Road,Escalon,San Joaquin,95320,5S
10579,239361,"Wilgenburg West, LLC",36.36,-119.5897,7442 7th Avenue,Hanford,Kings,93230,5F
10580,239363,Manuel Godinho Dairy,37.1066,-120.8709,12710 South Wilson Road,Los Banos,Merced,93635,5S
11664,239366,Manuel Leal & Son Dairy,36.1686,-119.4245,6500 AVENUE 208,Tulare,Tulare,93274,5F
10581,239367,Double Cross #5/CMA Livestock,37.3895,-120.8323,19051 West Williams Avenue,Hilmar,Merced,95324,5S
10582,239369,White River Dairy,37.0027,-120.1762,20400 Avenue 17  1/2,Madera,Madera,93637,5F
10583,239370,Martin Ranch,36.0504,-119.2469,14861 Avenue 144,Tipton,Tulare,93272,5F
10584,239372,LMT Investments LLC,37.6588,-121.1584,1636 Gates Road,Modesto,Stanislaus,95358,5S
10585,239376,M.F. Rosa Dairy,36.3282,-119.4958,10090 2nd Avenue,Hanford,Kings,93230,5F
10586,239377,Rosa Dairy,35.2111,-118.9517,4714 East Bear Mountain Boulevard,Bakersfield,Kern,93307,5F
10587,239380,Sozinho Dairy #3,36.3097,-119.61,11235 8 1/2 Avenue,Hanford,Kings,93230,5F
10588,239381,Maria Silveira Dairy,37.1365,-120.956,10511 Ingomar Grade Road,Gustine,Merced,95322,5S
10589,239383,Manuel B Toste,36.3135,-119.5729,6431 Hanford-Armona Road,Hanford,Kings,93230,5F
11689,239388,MER Properties,37.8566,-121.2561,11349 S Airport Way,Manteca,San Joaquin,95336,5S
10590,239389,Tony & Julie Jorge Dairy,36.0052,-119.4657,4645 Avenue 120,Corcoran,Tulare,93212,5F
10591,239411,Maple Dairy,35.2063,-119.1785,15857 Bear Mountain Boulevard,Bakersfield,Kern,93311,5F
10592,239535,Mario Simoes Jr. Dairy,36.1779,-119.409,7405 Ave 216,Tulare,Tulare,93274,5F
10593,239565,JNA Dairy,36.2963,-119.4311,6323 Avenue 280,Visalia,Tulare,93277,5F
10594,239607,Zephyr Dairy,33.9555,-117.642,7360 Pine Avenue,Chino,San Bernardino,91708,8
11804,239638,Martella Livestock Market,36.0827,-119.3186,16140  Highway 99,Tipton,Tulare,93272,5F
10595,239644,Martin Bangma Dairy,34.0031,-117.6127,8847 Schaefer Avenue,Ontario,San Bernardino,91761,8
10596,239650,Martin Land and Cattle,37.8275,-120.885,6100 Hinds Road,Oakdale,Stanislaus,95361,5S
10597,239651,Martin Family Farm,38.0713,-121.3333,11401 North Davis Road,Lodi,San Joaquin,95242,5S
10598,239652,Ontario Ranch Holsteins #3,33.9977,-117.6234,8311 Edison Avenue,Ontario,San Bernardino,91762,8
10599,239666,Martin Verhoeven Dairy,33.9902,-117.6579,6718 Eucalyptus,Chino,San Bernardino,91710,8
10600,239695,Golden View Dairy,36.2118,-119.4851,3926 Avenue 232,Tulare,Tulare,93274,5F
10601,239696,Former VL Furtado Dairy,36.2927,-119.7092,12281 14 Th Avenue,Hanford,Kings,93230,5F
10602,239697,Martin Brothers Farming,36.2787,-119.6201,13380 9th Avenue,Hanford,Kings,93230,5F
10603,239718,John & Margie Oostdam Dairy Heifer Ranch,33.7974,-116.9546,22323 Alessandro Avenue,San Jacinto,Riverside,92583,8
10604,239719,Marvo Holsteins Dairy,33.8514,-117.0815,18400 Main Street,Lakeview,Riverside,92567,8
10605,239721,Robert Brazil Dairy,36.2531,-119.5999,15035 8th Avenue,Hanford,Kings,93230,5F
11722,239733,Masami Cattle Ranch,40.0196,-122.3581,18250 Rancho Tehama Road,Corning,Tehama,96021,5S
10606,239741,"Bar M Ranch, Mason Dairy",40.8832,-124.1137,3422 Foster Avenue,Arcata,Humboldt,95521,1
10607,239820,Ramona Dairy #2,33.7956,-117.0333,581 North Warren Road,San Jacinto,Riverside,92582,8
10608,239834,Mattos Brothers Dairy,36.2105,-119.5318,4017 Kansas Avenue,Hanford,Kings,93230,5F
10609,239864,Maximinio Silviera Dairy,37.2406,-120.414,4210 Lingard Road,Merced,Merced,95340,5S
11899,239940,MC Triple J Ranch (Closed),36.3738,-119.8144,6873  20th Avenue,Lemoore,Kings,93245,5F
10610,240001,Mcclure Dairy Inc.,38.1344,-122.9403,4101 Pierce Point Road,Inverness,Marin,94937,2
10611,240053,"Lorreia Heifer Ranch (Former Bar M Dairy, INC.8)",38.2668,-122.7236,5360 Bodega Ave.,Petaluma,Sonoma,94952,2
10612,240063,Mcfarland Dairy,35.6593,-119.2383,31348 Hanawalt Avenue,Mcfarland,Kern,93250,5F
10613,240084,McIsaac Dairy,38.1168,-122.6117,2754 Novato Blvd.,Novato,Marin,94947,2
10614,240133,Vida Boa Dairy #1,36.2236,-119.2369,15125 Avenue 240,Tulare,Tulare,93274,5F
10615,240136,Triangle M Dairy,37.0177,-120.3444,11302 Avenue 18 1/2,Chowchilla,Madera,93610,5F
11696,240163,Meadowbrook Dairy,34.5768,-117.5782,17900 Sheep Creek Road,El Mirage,San Bernardino,92301,6B
10616,240169,Meadow Lake Dairy,36.0167,-119.422,6802 Avenue 120,Tipton,Tulare,93272,5F
10617,240180,Meadows Ranch & TK Ranch (Meadows Dairy),38.3183,-122.8467,6365 Bloomfield Road,Petaluma,Sonoma,94952,1
10618,240205,Medeiros Dairy,36.4388,-119.7872,608 East Riverdale Avenue,Laton,Fresno,93242,5F
10619,240243,Meikle Dairy,37.6141,-121.1218,1685 South Hart Road,Modesto,Stanislaus,95358,5S
11719,240270,Melo,37.4757,-120.5954,6054 Turlock Road,Snelling,Merced,95369,5S
11759,240273,Meloland Cattle Company,32.7163,-115.6378,907  Brockman Road,El Centro,Imperial,92243,7
11805,240298,Mendes Calf Ranch #2,35.9383,-119.4324,8385  Road 64,Pixley,Tulare,93256,5F
10620,240304,Ben Mendonca & Family Dairy,36.1436,-119.2972,19517 Road 124,Tulare,Tulare,93274,5F
10621,240328,John Mendonca & Son Dairy,36.2388,-119.3958,2785 North Colpien Avenue,Tulare,Tulare,93274,5F
10622,240330,Joe C Dias & SON Dairy,36.4309,-119.8058,437 West Mount Whitney Avenue,Riverdale,Fresno,93656,5F
10623,240332,Mendonca Dairy,36.1133,-119.3314,17641 I Drive,Tulare,Tulare,93274,5F
10624,240337,Peterson Dairy,35.7028,-119.2527,30999 Peterson Road,Mcfarland,Kern,93250,5F
10625,240338,Mendonsa Family Farms Dairy,36.0814,-119.2869,12750 Avenue 160,Tipton,Tulare,93272,5F
10626,240417,Mertens Dairy,38.2281,-122.4726,1100 Bonneau Road,Sonoma,Sonoma,95476,2
11877,240433,Mesquite Feedyard,32.9745,-115.3977,1504  Hwy 78,Brawley,Imperial,92227,7
10627,240561,Michael De Hoog Dairy,33.9973,-117.6228,8381 Edison Avenue,Ontario,San Bernardino,91710,8
10628,240579,Mello Ranch,37.628,-120.8065,744 McEwen Road,Waterford,Stanislaus,95386,5S
10629,240712,G3 Dairy,35.2949,-118.939,5829 East Panama Lane,Bakersfield,Kern,93307,5F
10630,240771,John Vander Schaaf #3 Dairy,37.8394,-121.1084,13775 Murphy Road,Escalon,San Joaquin,95320,5S
10631,240772,Milky Way Dairy,36.7368,-119.981,10610 West Whitesbridge Avenue,Fresno,Fresno,93706,5F
10632,240851,Minaberry Dairy #1,33.9905,-117.6114,8731 Eucalyptus Avenue,Ontario,San Bernardino,91762,8
11673,240859,MINERAL KING DAIRY,36.4102,-119.3422,33803 ROAD 108,VISALIA,Tulare,93291,5F
10633,240916,Miranda Dairy,40.5935,-124.1999,965 Waddington Road,Ferndale,Humboldt,95536,1
10634,241006,Misty Meadow Farms,40.5447,-124.1295,Victoria Lane,Fortuna,Humboldt,95540,1
10635,241165,John Vieira Partnership,37.8302,-121.0399,22075 East Lone Tree Road,Escalon,San Joaquin,95320,5S
11864,241167,Moiola Brothers Cattle,32.9529,-115.3973,1594  Gonder Road,Brawley,Imperial,92227,7
10636,241289,Monteiro Bros. Dairy #1,36.4456,-119.8924,5336 West Harlan Avenue,Riverdale,Fresno,93656,5F
10637,241290,Monteiro Bros. Dairy #2,36.4456,-119.8807,4604 West Harlan Avenue,Riverdale,Fresno,93656,5F
11690,241356,Moonglow Dairy--Moss Landing,36.8097,-121.761,357 Dolan Rd,Moss Landing,Monterey,95039,3
10638,241364,Gordon Dairy #4,33.9912,-117.6367,14451 South Bon View,Ontario,San Bernardino,91710,8
10639,241391,Morais Dairies,40.9186,-124.1073,1364 Silva Road,Mckinleyville,Humboldt,95519,1
10640,241400,The Arend Ranch,38.2322,-122.735,3247 Springhill Road,Petaluma,Sonoma,94952,2
10641,241401,Moreda Valley Dairy #1,38.2126,-122.7363,3286 Chileno Valley Road,Petaluma,Marin,94952,2
10642,241413,Pastime Lakes Heifer Ranch,33.8857,-117.0694,34005 Gilman Springs Road,Moreno Valley,Riverside,92555,8
10643,241444,Morning Star Dairy,36.495,-119.981,10032 West Elkhorn Avenue,Burrel,Fresno,93656,5F
10644,241455,Living Waters Dairy,36.5036,-119.7385,2871 East Clarkson Avenue,Selma,Fresno,93662,5F
10645,241461,Moris Land Company,37.8872,-121.055,8892 Van Allen Road,Stockton,San Joaquin,95215,5S
10646,241470,Morrison Brothers Dairy,38.3535,-122.7442,5157 Stony Point Road,Santa Rosa,Sonoma,95407,1
10647,241642,Mountain View Dairy,36.4658,-119.25,37248 Road 144,Visalia,Tulare,93292,5F
10648,241816,Mt. Whitney Dairy,36.4316,-119.8485,2792 West Mt. Whitney Avenue,Riverdale,Fresno,93656,5F
10649,241837,Mulas Dairy,38.2452,-122.4289,2034 Fremont Dr,Sonoma,Sonoma,95476,2
10650,242249,Tripalm Dairy,36.2688,-119.5009,2429 Idaho Avenue,Hanford,Tulare,93230,5F
10651,242260,Maple Dairy (Zonneveld),36.4513,-119.7546,19860 Maple Street,Laton,Fresno,93242,5F
10652,242665,Bar M Ranch,36.2529,-119.711,14025 Jackson Avenue,Hanford,Kings,93230,5F
10653,242699,SIMOES SANDLIN FAMILY FARMS DAIRY,36.1238,-119.3417,10248 Avenue 184,Tulare,Tulare,93274,5F
10654,242943,Milk Maid Dairy,36.4404,-119.3487,35826 Road 100,Visalia,Tulare,93291,5F
10655,242944,Milk Time Dairy,36.9313,-120.2495,12519 Road 17,Madera,Madera,93637,5F
10656,243362,TSB AG,36.8679,-120.1376,22355 Avenue 8,Madera,Madera,93637,5F
10657,243363,Moonlight Dairy,36.293,-119.4599,4974 Avenue 272,Visalia,Tulare,93277,5F
11691,243755,N & M Dairy,34.7914,-117.2501,30061  Lords Road,Helendale,San Bernardino,92342,6
10658,243803,El Dorado Ranches Dairy,36.6606,-120.2075,23025 West American Avenue,San Joaquin,Fresno,93660,5F
10659,243827,Costa / Brasil Dairy,36.3185,-119.4468,29134 Road 56,Visalia,Tulare,93277,5F
10660,243878,Nascimento Dairy,38.1247,-121.1456,15620 North Jacktone Road,Lodi,San Joaquin,95240,5S
10661,243881,Raven Dairy,36.5177,-119.7164,4109 East Conejo Avenue,Selma,Fresno,93662,5F
10662,244092,L & L Dairy Farms,36.4434,-119.4041,7435 Avenue 360,Kingsburg,Tulare,93631,5F
10663,244139,June Rise Cattle,36.9507,-120.4159,7500 Avenue 14,Madera,Madera,93637,5F
10664,244210,Cardoso Brothers Dairy #2,36.9108,-120.0974,24699 Avenue 11,Madera,Madera,93637,5F
11662,244215,Decade Dairy,36.2493,-119.5012,3313 AVENUE 256,TULARE,Tulare,93274,5F
10665,244311,Nicholson Dairy,40.5674,-124.1953,4431 Grizzly Bluff Road,Ferndale,Humboldt,95536,1
10666,244312,Holstein Farms Dairy,36.1068,-119.4687,4625 Avenue 176,Tulare,Tulare,93274,5F
10667,244330,Van Steyn Dairy No. 2,38.283,-121.3504,13039 Pellandini Road,Galt,Sacramento,95632,5S
10668,244404,White Gold Dairy,36.0648,-119.164,18357 Avenue 152,Porterville,Tulare,93257,5F
10669,244600,Northview Heifer Ranch,33.9971,-117.57,10785 Edison Avenue,Ontario,San Bernardino,91761,8
10670,244692,Nosecchi Dairy,38.2616,-122.7238,5345 Bodega,Petaluma,Sonoma,94952,2
10671,244745,Nunes & Sons Dairy,36.2549,-119.338,690 East Oakdale Avenue,Tulare,Tulare,93274,5F
10672,244747,Nunes Bros. Dairy,36.1599,-119.2956,20439 Road 124,Tulare,Tulare,93274,5F
10673,244964,De Vries Dairy #3,35.6891,-119.27,30586 Elmo Highway,Mcfarland,Kern,93250,5F
10674,245428,Northstar Dairy,36.0185,-119.2487,12718 Road 144,Tipton,Tulare,93272,5F
10675,245509,O & L Dairy,37.0425,-120.9006,22678 Pioneer Rd,Los Banos,Merced,93635,5S
10676,245510,F & J Delano #2 Dairy,35.6825,-119.2682,12876 Hiett Avenue,Mcfarland,Kern,93250,5F
10677,245591,Oakview Dairy,36.2101,-119.4232,6775 AVENUE 232,Tulare,Tulare,93274,5F
10678,245632,Oasis Holsteins Dairy,35.4946,-119.3521,18041 Palm Avenue,Shafter,Kern,93263,5F
10679,245770,Ocean View Farms Dairy,38.5076,-122.8459,3975 Mark West Station Road,Windsor,Sonoma,95492,1
10680,245823,Lakeview Dairy,33.8418,-117.0904,32920 Ramona Expressway,Nuevo,Riverside,92567,8
10681,245952,Georgeson Dairy,36.3497,-119.8865,8519 24th Avenue,Lemoore,Kings,93245,5F
10682,246400,Brodt Dairy East,40.6012,-124.2496,439 Fulmor Road,Ferndale,Humboldt,95536,1
10683,246951,P & D Dairy - Merrill,33.9832,-117.6098,8919 Merrill Avenue,Chino,San Bernardino,91710,8
10684,246963,P & M Dairy,36.0779,-119.3603,9535 Avenue 160,Tipton,Tulare,93272,5F
10685,247026,Avila Family Dairy,37.0178,-120.2981,13644 Avenue 18 1/2,Chowchilla,Madera,93610,5F
10686,247111,Pacheco & Fagundes Dairy,36.2137,-119.1715,23260 Road 180,Lindsay,Tulare,93247,5F
10687,247113,KB Dairy,37.6927,-120.8939,3701 Langworth Road,Modesto,Stanislaus,95357,5S
10688,247114,Pacheco and Associates II Dairy,36.2563,-119.4451,5730 Avenue 256,Tulare,Tulare,93274,5F
10689,247115,Tony Cox Dairy #2,36.289,-119.418,27596 Road 68,Visalia,Tulare,93277,5F
10690,247116,Pacheco Dairy,36.7513,-120.1403,1108 North Plumas Avenue,Kerman,Fresno,93630,5F
11806,247171,P&P Cattle Inc.,36.2001,-119.7467,18644  16th Avenue,Stratford,Kings,93266,5F
10691,247397,Bear 5 Feedlot,35.2075,-119.1394,11983 Bear Mountain Boulevard,Bakersfield,Kern,93311,5F
10692,247398,Trilogy Dairy,35.2065,-119.1962,17661 Bear Mountain Boulevard,Bakersfield,Kern,93313,5F
10693,247414,Franco & Sons Dairy #2,36.206,-119.5141,22901 Road 28,Tulare,Tulare,93274,5F
10694,247758,Pastime Lakes Dairy,33.8406,-117.0649,34240 Ramona Expressway,Lakeview,Riverside,92567,8
10695,247787,Paul Floriano Dairy,37.3563,-120.556,3843 Bradshaw Road,Atwater,Merced,95301,5S
10696,247791,Tiva Dairy,33.9976,-117.6392,7587 Edison Avenue,Ontario,San Bernardino,91762,8
10697,247808,former Paulo Holsteins Dairy (Feedlot),36.2835,-119.6039,8161 Iona Avenue,Hanford,Kings,93230,5F
10698,247810,David & Sam Wallace,37.027,-120.8037,17994 Terceira Road,Los Banos,Merced,93635,5S
10699,247893,"Peder Hoy Dairy, Inc.",37.6235,-121.1037,6000 California Avenue,Modesto,Stanislaus,95358,5S
10700,247915,Gary Pellandini Dairy,38.2827,-121.3542,13020 Pellandini Road,Galt,Sacramento,95632,5S
10701,248014,Steve Pereira Dairy,36.3294,-119.4447,5780 Avenue 296,Visalia,Tulare,93291,5F
11807,248018,King Avenue Feedlot,36.203,-119.7975,18741  19th Avenue,Stratford,Kings,93266,5F
10702,248091,GH Dairy - Hemet,33.7718,-117.0176,1455 North Cawston,Hemet,Riverside,92545,8
10703,248095,"Nissen Dairy, Inc.",37.8067,-121.018,17263 Brennan Road,Escalon,San Joaquin,95320,5S
10704,248097,DS Farms LP,37.8291,-121.009,24537 East Lone Tree Road,Escalon,San Joaquin,95320,5S
10705,248099,Pete Vander Poel Dairy,36.1439,-119.2612,19493 Road 140,Tulare,Tulare,93274,5F
10706,248111,"Nicholas Calf Ranch, LLC",37.4503,-120.532,10916 North Amsterdam Road,Winton,Merced,95388,5S
10707,248130,Petersen Ranch,40.666,-124.2516,1975 Copenhagen Road,Loleta,Humboldt,95551,1
10708,248143,Petrissans Dairy,35.2076,-119.0579,5111 Bear Mountain Boulevard,Bakersfield,Kern,93313,5F
10709,248158,G H Dairy #6,34.0049,-117.632,7938 Schaefer Avenue,Ontario,San Bernardino,91761,8
10710,248271,"Philip Verwey Dairy, Inc.",36.937,-120.3826,12852 Road 9,Madera,Madera,93637,5F
11866,248279,Phillips Cattle Company,32.7191,-115.6026,910  Nichols Road,El Centro,Imperial,92243,7
10711,248408,Pimentel Dairy,38.3504,-121.4456,11391 Franklin Boulevard,Elk Grove,Sacramento,95757,5S
10712,248516,"Joe C. Pires, Jr., Dairy",36.0658,-119.2635,13806 Ave 152,Tipton,Tulare,93272,5F
10713,248517,Pires Dairy,36.0675,-119.2703,13464 Ave 152,Tipton,Tulare,93272,5F
10714,248711,Ghidinelli Dairy,40.5764,-124.1893,992 Pleasant Point Road,Ferndale,Humboldt,95536,1
10715,248712,CR Griffith Dairy,40.5936,-124.1927,2025 Christensen Lane,Ferndale,Humboldt,95536,1
10716,248811,Poldervaart Dairy,39.8184,-122.1343,24155 Post Road,Orland (Capay),Tehama,95607,5R
10717,248856,Four J Jerseys Dairy #2,36.0817,-119.4086,7480 Avenue 160,Tipton,Tulare,93272,5F
10718,248948,Poso Creek Family Dairy,35.6633,-119.51,13437 Gun Club Road,Wasco,Kern,93280,5F
10719,248982,Willem Postma Dairy #1,37.6913,-120.9211,3700 Claus Road,Modesto,Stanislaus,95357,5S
10720,249214,Prins Dairy,37.6819,-120.8847,6001 Milnes Road,Modesto,Stanislaus,95357,5S
10721,250134,Nunes & Sons Dairy #2,36.2446,-119.3318,3451 North Hillman Street,Tulare,Tulare,93274,5F
10722,250402,"J & Y Jimenez Dairy, Inc.",37.0121,-120.3544,18177 Road 10 1/2,Chowchilla,Madera,93610,5F
10723,251147,Quality Dairy,33.9476,-117.6225,8342 Chino Corona Road,Chino,San Bernardino,91710,8
10724,251327,Legacy Ranch Dairy #1,36.0063,-119.3947,11941 Road 80,Tipton,Tulare,93272,5F
10725,251349,Mellema Calf Ranch,36.3752,-119.3677,32210 Road 92,Visalia,Tulare,93291,5F
10726,251358,Skyline Dairy,36.1414,-119.218,15992 Avenue 192 Avenue,Tulare,Tulare,93274,5F
10727,251363,El Dorado Dairy Heifer Ranch,34.0117,-117.6298,8007 Chino Avenue,Ontario,San Bernardino,91761,8
10728,251441,PH Ranch Inc.,37.4471,-120.5992,6335 West Oakdale Road,Winton,Merced,95388,5S
10729,251581,Ramona Dairy,33.8235,-117.0155,2451 Ramona Expressway,San Jacinto,Riverside,92582,8
10730,251589,A & M Azevedo Dairy,37.5495,-121.0895,5454 West Keyes Road,Modesto,Stanislaus,95358,5S
10731,251728,Rancho Teresita Dairy,36.1844,-119.2277,21744 Road 152,Tulare,Tulare,93274,5F
10732,251760,Raphael Pacheco Dairy,37.0912,-120.9055,22884 West Ingomar Grade Road,Los Banos,Merced,93635,5S
10733,251780,Fire Lakes Jerseys,37.4493,-120.9777,11301 West Bradbury Road,Turlock,Stanislaus,95380,5S
11692,251790,Raul Zermeno Dairy,37.7834,-120.9044,10001  Sawyer Avenue,Oakdale,Stanislaus,95361,5S
10734,251812,Ray-Lin Dairy,37.5452,-120.753,5712 North Hickman Road,Denair,Stanislaus,95316,5S
10735,251831,Mendes & Toste Dairy,36.3586,-119.8789,23568 Fargo Avenue,Lemoore,Kings,93245,5F
10736,251856,TRI-J Dairy,36.0041,-119.3589,11951 Road 96,Pixley,Tulare,93256,5F
11862,251888,Reata Cattle Feeders,32.9164,-115.366,2001 Keystone Road,Brawley,Imperial,92227,7
10737,252137,Red Rose Dairy,36.444,-119.3737,8950 Avenue 360,Visalia,Tulare,93291,5F
10738,252400,Renner Ranches - Fortuna (Alton),40.5266,-124.1539,56140 Highway 101,Fortuna,Humboldt,95540,1
10739,252401,Renner Ranches - Loleta,40.6394,-124.25,1246 Cannibal Island Road,Loleta,Humboldt,95551,1
10740,252580,Ribeiro Dairy,36.1157,-119.2887,17983 Road 128,Tulare,Tulare,93274,5F
10741,252605,Richard Simas Dairy,36.3677,-119.7756,17571 Flint Avenue,Hanford,Kings,93230,5F
10742,252607,Richard Westra Dairy,36.2539,-119.4843,4070 Avenue 256,Tulare,Tulare,93274,5F
10743,252627,Richmar Farms Dairy,35.2215,-118.9899,1129 East Shafter Road,Bakersfield,Kern,93307,5F
10744,252667,Rick Jones Farms,37.3095,-120.833,1511 Van Clief Road,Stevinson,Merced,95374,5S
10745,252738,Rio Blanco Dairy,36.1356,-119.458,5041 Avenue 192,Tulare,Tulare,93274,5F
10746,252833,River Ranch Dairy,36.2531,-119.568,6155 Jackson Avenue,Hanford,Kings,93230,5F
10747,252867,Riverbend Dairy,36.1667,-119.2799,20799 Road 132,Tulare,Tulare,93274,5F
10748,252902,Top O' The Morn Farms,36.1035,-119.2666,17324 Road 136,Tulare,Tulare,93274,5F
10749,253022,Robert Giacomini Dairy Inc.,38.105,-122.8249,14700 State Route 1,Point Reyes Station,Marin,94956,2
10750,253036,Vitor Borba Heifers/J & A Dairy,36.366,-119.583,7410 7th Avenue,Hanford,Kings,93230,5F
10751,253082,Robinson Calf Ranch - 8325 Schaefer,34.0049,-117.6229,8325 Schaefer Avenue,Ontario,San Bernardino,91761,8
10752,253105,Rocha Dairy,40.6069,-124.2726,3423 Goble Lane,Ferndale,Humboldt,95536,1
10753,253108,TH Mello & Sons Dairy #1,38.2526,-121.3531,9390 Harvey Road,Galt,Sacramento,95623,5S
10754,253146,Rocking S Dairy #2,37.7302,-121.0381,2330 Ladd Road,Modesto,Stanislaus,95356,5S
10755,253147,Rocking S Dairy #1,37.7345,-121.0569,3301 Ladd Road,Modesto,Stanislaus,95356,5S
10756,253162,Rocky Road Dairies #1,36.4562,-119.3816,8581 Avenue 368,Dinuba,Tulare,93618,5F
10757,253179,B. V. Dairy,35.2122,-119.2124,18904 Bear Mountain Boulevard,Bakersfield,Kern,93311,5F
10758,253187,Mel-Tina Dairy,36.4314,-119.8297,1748 West Mt. Whitney Avenue,Riverdale,Fresno,93656,5F
10759,253193,Milk Flow Dairy,36.1613,-119.7651,17250 Medford Avenue,Stratford,Kings,93266,5F
10760,253515,"Ruann Dairy, LLC",36.474,-119.9274,7285 West Davis Avenue,Riverdale,Fresno,93656,5F
11870,253541,Ruegger & Ruegger Feedlot,33.0519,-115.5874,604 Bannister Road,Westmorland,Imperial,92281,7
10761,253649,Rynsburger Dairy,36.1331,-119.1555,18701 Avenue 192,Strathmore,Tulare,93267,5F
10762,253921,Red Top Jerseys,37.062,-120.4535,21463 Road 4,Chowchilla,Madera,93610,5F
10763,254364,McMoo Farms Dairy,35.2474,-119.1329,11663 Buena Vista Road,Bakersfield,Kern,93311,5F
10764,254469,LaSalle Dairy,36.8598,-120.35,10663 7 1/2 Avenue,Firebaugh,Madera,93622,5F
10765,254590,Michael McRee South Dairy,37.0106,-120.3414,11304 Avenue 18,Chowchilla,Madera,93610,5F
10766,254802,Cross A Dairy,37.6981,-120.868,4125 Bentley Road,Oakdale,Stanislaus,95361,5S
10767,254824,S & S Dairy,36.2815,-119.454,5311 Ave 272,Visalia,Tulare,93277,5F
10768,254833,Stuyt Dairy,37.8566,-121.0443,22094 Mariposa Road,Escalon,San Joaquin,95320,5S
10769,255143,OK Cattle LLC,33.9975,-117.6467,7330 Edison Avenue,Ontario,San Bernardino,91762,8
10770,255761,Desperado Dairy,38.2647,-121.2493,11601 Simmerhorn Road,Galt,Sacramento,95632,5S
10771,255798,Legacy Ranches #2,35.9652,-119.3801,8660 Avenue 96,Pixley,Tulare,93256,5F
10772,255830,SBS Ag Dairy,36.1586,-119.4125,7123 Avenue 204,Tulare,Tulare,93274,5F
11872,255856,SCF - Fairline Yard,33.1914,-115.484,612  Simpson Rd,Calipatria,Imperial,92233,7
11875,255857,SCF - Hannon Yard,33.0482,-115.5107,649 Rutherford Road,Brawley,Imperial,92227,7
11873,255858,SCF - Kershaw Yard,33.0868,-115.5123,5455  Kershaw Road,Brawley,Imperial,92227,7
11874,255859,SCF- Main Yard,33.093,-115.5146,6050  Hwy 111,Calipatria,Imperial,92233,7
11876,255860,SCF - Beef Eaters Yard,33.03,-115.4832,Dietrich Road,Brawley,Imperial,92227,7
11879,255861,SCF- Hacienda,32.9125,-115.5786,505 West Keystone Road,Brawley,Imperial,92227,7
10773,255880,Schaffner Dairy,32.8531,-115.4234,2805 Casey Rd,Holtville,Imperial,92250,7
10774,255887,Scheenstra Dairy,36.0941,-119.3467,16800 Road 96 Road,Tipton,Tulare,93272,5F
10775,255909,Avis Dairy #2,38.3293,-121.4704,2909 Korn Road,Elk Grove,Sacramento,95757,5S
10776,256142,"Kiss Cattle, LLC",36.6971,-119.9353,2585 South Chateau-Fresno,Fresno,Fresno,93706,5F
10777,256200,Sid De Boer Dairy,36.4216,-119.7613,21622 Cedar St,Laton,Fresno,93242,5F
10778,256232,Seifert Dairy Farm,38.2185,-121.2146,8505 East Collier Road,Acampo,San Joaquin,95220,5S
10779,256332,M R Dairy,37.0254,-120.2531,18899 Road 16,Chowchilla,Madera,93610,5F
10780,256669,Shein Ranch,36.9381,-120.2956,13668 Avenue 13,Madera,Madera,93637,5F
10781,256818,Shirk Dairy,36.3052,-119.3636,2820 South Shirk Road,Visalia,Tulare,93277,5F
10782,256862,Marvo Holsteins #2,33.8365,-117.0508,34860 Ramona Expressway,San Jacinto,Riverside,92582,8
10783,256909,Hilarides Dairy,36.2278,-119.158,24163 ROAD 188,Lindsay,Tulare,93221,5F
10784,256993,Sierra View Dairy,36.1983,-119.2739,13376 Avenue 224,Tulare,Tulare,93274,5F
10785,256996,William Koot Dairy - Holland,33.6661,-117.0992,32309 Holland Road,Winchester,Riverside,92596,8
10786,256997,John Jongsma Dairy/William John Jongsma Dairy #2,36.1402,-119.227,15434 Avenue 192,Tulare,Tulare,93274,5F
10787,257068,Silva Brothers Dairy,38.1925,-121.1587,12997 East Peltier Road,Acampo,San Joaquin,95220,5S
10788,257071,Jesse P. Silva Dairy,36.445,-119.7359,3451 East Harlan Avenue,Laton,Fresno,93242,5F
10789,257090,Silveira Dairy,37.6898,-120.848,3524 Albers Road,Modesto,Stanislaus,95357,5S
10790,257091,Clarence Dutra Dairy,36.3719,-119.6348,9887 Flint Avenue,Hanford,Kings,93230,5F
10791,257092,Silveira Holsteins,37.4265,-120.9103,23356 Short Avenue,Hilmar,Merced,95324,5S
10792,257113,M Bar 9 Dairy,36.0783,-119.3857,8083 Avenue 160,Tipton,Tulare,93272,5F
10793,257146,Creekside Farms,39.6933,-122.2197,6259 County Rd 25,Orland,Glenn,95963,5S
10794,257169,Simoes Ribeiro Dairy,36.2392,-119.2476,14537 Avenue 248,Tulare,Tulare,93274,5F
11723,257172,Martins View Heifer Ranch,37.2622,-121.0175,29120 Fentem Road,Gustine,Merced,95322,5S
10795,257174,Simoes Dairy - Riverside,34.0193,-117.6166,8625 East Riverside Drive,Ontario,San Bernardino,91761,8
10796,257178,Hakker Dairy,36.2653,-119.6825,12499 Idaho Avenue,Hanford,Kings,93230,5F
11808,257250,Hansen's Heifers,37.0506,-120.3096,20686  Road 13,Chowchilla,Madera,93610,5F
11693,257299,SlLVEIRA RANCH #1,38.03,-122.5338,4579  Redwood Hwy South,San Rafael,Marin,94903,2
10797,257386,Faial Farms Dairy,35.2297,-119.0559,13714 Stine Road,Bakersfield,Kern,93714,5F
10798,257389,Syann Dairy - 14901 River Rd,33.93261019,-117.6076027,14901 River Road,Corona,Riverside,92880,8
10799,257422,Costa View Dairy North,37.0433,-120.374,9499 Avenue 20,Chowchilla,Madera,93610,5F
11809,257579,Joe Soares Feedlot,36.3038,-119.6015,11560  8th Avenue,Hanford,Kings,93230,5F
10800,257801,Legacy Holsteins,36.0337,-119.4073,13510 Road 72,Tipton,Tulare,93272,5F
10801,257802,Jones Family Organics,38.3068,-122.6528,328 Davis Lane,Penngrove,Sonoma,94951,2
10802,258006,Souza Ranch,37.3826,-121.0053,3842 Villa Manucha,Newman,Stanislaus,95360,5S
10803,258010,Souza Dairy,33.9577,-117.6505,16221 Euclid Avenue,Chino,San Bernardino,91708,8
10804,258012,"Souza's Dairy, Inc.",36.6128,-119.8553,8555 South Valentine Avenue,Fresno,Fresno,93706,5F
10805,258018,Soares Dairy #3/P & E Dairy,36.2499,-119.6368,15336 10th Avenue,Hanford,Kings,93230,5F
10806,258035,Spaletta Dairy,38.041,-122.981,22000 Sir Francis Drake Blvd.,Point Reyes Station,Marin,94956,2
10807,258037,Spaletta Cypress Lane Ranch,38.1531,-122.6912,6701 Red Hill Rd,Petaluma,Sonoma,94952,2
10808,258038,Spaletta Ranch,38.203,-122.6778,837 Chileno Valley,Petaluma,Sonoma,94952,2
10809,258411,A&M Dairy,38.2213,-122.797,5360 Chileno Valley,Petaluma,Marin,94952,2
10810,258480,Pacific Sun Dairy,36.0511,-119.3689,9086 Avenue 144,Tipton,Tulare,93272,5F
10811,258668,Stiefel Dairy,33.6744,-117.089,32750 Holland Road,Winchester,Riverside,92596,9
10812,258773,Sybesma Dairy,36.2835,-119.6846,12615 Iona Avenue,Hanford,Kings,93230,5F
10813,259251,Blakes Landing Farm,38.1836,-122.9076,22188 Hwy 1,Marshall,Marin,94940,2
10814,259280,Struikmans & Son Dairy #1,33.9977,-117.6183,8535 Edison Avenue,Ontario,San Bernardino,91762,8
10815,259308,Chino-Corona Heifers,33.9456,-117.6247,8351 Chino-Corona Road,Corona,San Bernardino,91720,8
10816,259361,Chino Valley Dairy 2,33.9929,-117.6453,14389 Sultana Avenue,Ontario,San Bernardino,91710,8
10817,259435,Sun Valley Dairy,35.7951,-119.2864,255 Road 128,Delano,Tulare,93215,5F
10818,259493,Chino Valley Dairy #1,33.7907,-117.017,2733 Cottonwood Avenue,San Jacinto,Riverside,92582,8
10819,259496,F L Dairy,36.5368,-119.3462,10181 Avenue 412,Dinuba,Tulare,93618,5F
10820,259783,Sweeney Dairy,36.3474,-119.1909,30712 Road 170,Visalia,Tulare,93292,5F
10821,259784,Sweet Haven Dairy,36.5318,-119.973,10101 West Kamm Avenue,Riverdale,Fresno,93656,5F
10822,260551,South Lakes Dairy,35.9668,-119.4446,5595 Avenue 96,Corcoran,Tulare,93212,5F
10823,261519,Solo Dairy,35.7378,-119.4171,11495 Jumper Avenue,Wasco,Kern,93280,5F
11779,262476,Stone Corral,36.4711,-119.2614,37595 140 RD,Yettem,Tulare,93670,5F
10824,262500,Sunset Dairy,36.3172,-119.4234,29049 Road 68,Visalia,Tulare,93277,5F
10825,262722,Panama Ranch Dairy,35.2955,-118.9337,6219 East Panama Lane,Bakersfield,Kern,93307,5F
10826,262731,Five J's Dairy,36.4301,-119.5454,4947 Denver Avenue,Kingsburg,Kings,93631,5F
10827,262735,T & W Farms #2 Dairy,35.2364,-119.0683,5959 Houghton Road,Bakersfield,Kern,93313,5F
10828,262758,T-Bar Dairy,36.059,-119.1974,14815 Road 168,Porterville,Tulare,93257,5F
10829,262768,T.D. Dairy,33.0036,-116.8914,2200-2324 Dye Road,Ramona,San Diego,92065,9
11810,262770,A&M Livestock,36.2974,-119.6014,12051  8th Avenue,Hanford,Kings,93230,5F
10830,262795,Tadema Cattle Co - Archibald,33.9801,-117.5933,15090 Archibald Avenue,Ontario,San Bernardino,91762,8
11880,262890,Tamarack Feedlot,32.6942,-115.4481,1024 Hwy 98,Calexico,Imperial,92231,7
10831,262964,Tavares Farms Family Trust Dairy,37.279,-120.4642,1192 East Gerard Avenue,Merced,Merced,95340,5S
10832,262968,Chileno Valley Jerseys,38.2107,-122.6679,820 Chileno Valley Rd.,Petaluma,Sonoma,94952,2
10833,262999,Westwind Dairy,35.2081,-119.0812,6921 Bear Mountain Boulevard,Bakersfield,Kern,93313,5F
10834,263052,GH Dairy #2,33.9893,-117.6422,7417 Eucalyptus Avenue,Ontario,San Bernardino,91762,8
10835,263066,GH Dairy #5,34.0123,-117.6103,8929 Chino Avenue,Ontario,San Bernardino,91761,8
10836,263082,RELM Dairy,37.7285,-121.2246,6721 East Perrin Road,Manteca,San Joaquin,95337,5S
10837,263088,Diamond B Dairy,37.5146,-120.936,3149 East Tuolumne Road,Ceres,Stanislaus,95307,5S
10838,263157,Temple Creek Dairy,37.8812,-120.9871,26250 Carter Road,Escalon,San Joaquin,95320,5S
10839,263220,Terra Dairy,37.4299,-120.6479,8988 Meadow Dr.,Winton,Merced,95388,5S
10840,263223,Terra Linda Dairy,36.209,-119.4728,4433 Avenue 232,Tulare,Tulare,93274,5F
11811,263224,Bassett Heifer Ranch,36.2153,-119.4815,4125  Avenue 236,Tulare,Tulare,93274,5F
10841,263227,Vitoria Farms Dairy,37.0994,-120.3203,12433 Avenue 24,Chowchilla,Madera,93610,5F
10842,263256,Ontario Ranch Holsteins #2,33.9832,-117.6137,8749 Merrill Avenue,Chino,San Bernardino,91710,8
10843,263588,Thomas Dairy,36.4017,-119.8179,20111 Excelsior Avenue,Riverdale,Kings,93656,5F
10844,264438,Three D Dairy,33.9972,-117.6211,8485 Edison Avenue,Ontario,San Bernardino,91762,8
10845,264484,Tiberio Azevedo Dairy,37.4191,-120.8769,21458 August Avenue,Hilmar,Merced,95324,5S
10846,264496,Tiemersma Dairy,36.3356,-119.4415,29981 Road 60,Visalia,Tulare,93291,5F
10847,264514,Tillema & Vander Meulen Dairy,33.9853,-117.6066,14761 Carpenter Avenue,Ontario,San Bernardino,91762,8
10848,264518,Tim Phillis Dairy,40.6119,-124.2815,448 Camp Weott Road,Ferndale,Humboldt,95536,1
10849,264589,Legend Dairy #2,33.9972,-117.5907,9811 Edison Avenue,Ontario,San Bernardino,91762,8
10850,264610,Excelsior Avenue Feedlot,36.4029,-119.8287,20800 Excelsior Avenue,Riverdale,Fresno,93656,5F
10851,264635,Tollcrest Dairy,39.0561,-121.476,3355 Virginia Road,Wheatland,Yuba,95692,5S
10852,264646,Golden State Dairy,35.9974,-119.3225,11587 Road 112,Pixley,Tulare,93256,5F
10853,264650,Tom Rayl Dairy,40.585,-124.2844,307 Meridian Road,Ferndale,Humboldt,95536,1
10854,264694,"Tony Borba Dairy, Inc.",37.8557,-121.0196,23844 East Dodds Road,Escalon,San Joaquin,95320,5S
10855,264695,Sunshine Dairy (Anthony & Robert Brazil Dairy),36.278,-119.5798,13419 7th Avenue,Hanford,Kings,93230,5F
10856,264698,DeGroot Dairy South,36.3415,-119.5151,3101 Grangeville Boulevard,Hanford,Kings,93230,5F
10857,264706,Tony L. Lopes Dairy LP,37.1728,-120.9884,27607 West Bunker Road,Gustine,Merced,95322,5S
10858,264708,Tony Meirinho and Sons Dairy #1,37.6592,-121.1441,1685 Dunn Road,Modesto,Stanislaus,95358,5S
10859,264710,Rainimade Dairy #1,36.4003,-119.2959,33640 Road 124,Visalia,Tulare,93291,5F
10860,264715,Fernridge Farms,36.1523,-119.3116,11679 Avenue 200,Tulare,Tulare,93274,5F
10861,264716,Pires Dairy,38.2043,-121.1516,23800 Jack Tone Road,Acampo,San Joaquin,95220,5S
10862,264719,Mike Jackson Farms,36.4712,-119.6644,7530 East Davis Avenue,Selma,Fresno,93662,5F
11906,264813,"Toste, Orlando",38.3436,-121.4013,11396  Carroll Road,Elk Grove,Sacramento,95757,5S
11812,266365,Philip Verwey Farms,36.8071,-120.4261,35253 West Shaw Avenue,Firebaugh,Fresno,93622,5F
10863,266378,TRI-Iest Dairy,36.9515,-120.2463,16500 Avenue 14,Madera,Madera,93637,5F
11881,266397,"Butterspur cattle Feeders, LLC",33.001,-115.504,352 Shank Road,Brawley,Imperial,92227,7
10864,266474,Trinkler Dairy Farms,37.5327,-120.9955,7251 Crows Landing Road,Ceres,Stanislaus,95307,5S
10865,266485,Triple Creek Jerseys,40.714,-124.1716,7387 Zanes Road,Eureka,Humboldt,95503,1
10866,266487,Chris Von Allman Property,36.9523,-120.5462,41883 West Merrill Avenue,Dos Palos,Fresno,93620,5F
10867,266491,Cream Top Dairy,36.1526,-119.2789,13075 Avenue 200,Tulare,Tulare,93274,5F
10868,266494,Fernjo Dairy #3,36.2104,-119.2547,14213 Avenue 232,Tulare,Tulare,93274,5F
10869,266527,Troost Dairy,37.1088,-120.3896,24868 Road 9,Chowchilla,Madera,93610,5F
11780,266682,Guess Cattle (C J Shannon Feedlot),36.2337,-119.2687,24487 Rd. 140 RD,Tulare,Tulare,93274,5F
10870,266686,VP Farms Dairy,36.0708,-119.3602,15503 Road 96,Tulare,Tulare,93274,5F
11781,266690,T.R.C.C Inc.,36.3939,-120.15,23501 Highway 145,Five Points,Fresno,93624,5F
11765,266701,Frings Ranch #2,36.1806,-119.4163,7023 Avenue 216,Tulare,Tulare,93274,5F
10871,266702,Vaca Linda Dairy,36.2252,-119.7116,14315 Kent Avenue,Hanford,Kings,93230,5F
10872,266717,Tunzini Dairy,40.6015,-124.243,487 Aggler Lane,Ferndale,Humboldt,95536,1
11663,266824,Twin River Ranch Dairy,35.9476,-119.4598,5053 AVENUE 88,ALPAUGH,Tulare,93201,5F
10873,266999,CSUF Ag Foundation Dairy,36.8174,-119.7377,5790 N Chestnut Ave,Fresno,Fresno,93740,5F
10874,267563,Mellema West Dairy,36.3711,-119.3661,9232 Avenue 320,Visalia,Tulare,93291,5F
10875,267587,Tjaarda Dairy,35.4553,-119.371,19211 Magnolia Avenue,Shafter,Kern,93263,5F
10876,267624,DeGroot Dairy North,36.349,-119.5002,2446 Grangeville Boulevard,Hanford,Kings,93230,5F
10877,267625,Tony Cox Dairy #3,36.4015,-119.734,15410 Excelsior Avenue,Hanford,Kings,93230,5F
10878,268683,Triple H Dairy #1,36.1723,-119.2753,13255 Avenue 212,Tulare,Tulare,93274,5F
10879,268950,Brasil's Udder Dairy,36.311,-119.4499,28723 Road 56,Visalia,Tulare,93277,5F
11720,268968,John Ullrich Dairy Cattle,38.2685,-121.2334,13413  Ivie Road,Galt,Sacramento,95632,5S
10880,269871,2 L Farms,36.269,-119.7873,18321 Idaho Avenue,Lemoore,Kings,93245,5F
10881,269881,Sherwood Ranch,35.6667,-119.221,31740 Taylor Avenue,Mcfarland,Kern,93250,5F
10882,269961,former VL FURTADO DAIRY (vacant),36.3679,-119.7078,7249 14th Avenue,Hanford,Kings,93230,5F
10883,269962,Martins Dairy,37.6876,-121.1598,3655 Gates Road,Modesto,Stanislaus,95358,5S
10884,270117,Valley View Dairy,38.2868,-122.6968,480 Pepper Rd,Petaluma,Sonoma,94952,2
11694,270118,Valley View Dairy,33.0156,-116.8748,1645  Warnock Drive,Ramona,San Diego,92065,9
10885,270121,Valley View Farms Dairy,36.2449,-119.5555,15673 5 1/2 Avenue,Hanford,Kings,93230,5F
10886,270145,Van Beek Brothers Dairy,36.0604,-119.2294,14808 Road 152,Tipton,Tulare,93272,5F
10887,270157,Antonio Parreira Dairy,36.2991,-119.5214,3604 Houston Avenue,Hanford,Kings,93230,5F
10888,270163,Green Acres Heifer Ranch,34.0048,-117.6408,7520 Schaefer Avenue,Ontario,San Bernardino,91762,8
10889,270166,Rob Van Grouw Dairy,36.3871,-119.4016,32843 Road 76,Visalia,Tulare,93291,5F
10890,270175,"Van Ommering Dairy, L.P. (Dairy)",32.8828,-116.8716,14950 El Monte Road,Lakeside,San Diego,92040,9
10891,270184,Van Steyn Dairy,38.3274,-121.3937,11823 Carroll Road,Elk Grove,Sacramento,95757,5S
10892,270192,Creekside Dairy,37.8275,-121.0292,22990 Lone Tree Road,Escalon,San Joaquin,95320,5S
10893,270223,Little H Dairy,36.2419,-119.2195,15804 Avenue 248,Visalia,Tulare,93292,5F
10894,270232,Vander Schaff Dairy #2,37.8234,-121.0531,15355 South Van Allen Road,Escalon,San Joaquin,95320,5S
10895,270235,Vander Tuig Dairy,36.1549,-119.2091,20127 Road 164,Strathmore,Tulare,93267,5F
10896,270237,Gordon Hay Inc Dairy #8,34.0074,-117.6187,13575 S Walker Ave,Ontario,San Bernardino,91761,8
10897,270238,Pete Vanderham Dairy,34.0011,-117.5405,4800 Wineville Avenue,Mira Loma,Riverside,91752,8
10898,270239,South Corner Dairy,36.4458,-119.3895,8150 Avenue 360,Visalia,Tulare,93291,5F
10899,270242,Schott Dairy,36.0393,-119.3532,13602 Road 96,Tipton,Tulare,93272,5F
10900,270259,Van Warmerdam Dairy (McKenzie Rd),38.3177,-121.2979,12121 McKenzie Road,Galt,Sacramento,95632,5S
10901,270292,El Dorado Dairy #2,34.0072,-117.6369,13566 Bon View Avenue,Ontario,San Bernardino,91761,8
10902,270293,North Tri Palm Dairy,36.2986,-119.5323,4045 Houston Avenue,Hanford,Kings,93230,5F
10903,270294,Haringa Farms Heifer Ranch,34.0099,-117.6372,13450 Bon View Avenue,Ontario,San Bernardino,91761,8
10904,270323,Venegas Dairy-Chino-Corona Road,33.9537,-117.6329,16400 Chino Corona Road,Chino,San Bernardino,91710,8
10905,270347,Verburg and Sons Dairy,37.6496,-121.1215,1142 North Hart Road,Modesto,Stanislaus,95351,5S
10906,270351,Vitor Borba Dairy,36.2474,-119.798,15505 19th Avenue,Lemoore,Kings,93245,5F
10907,270383,Verwey Dairy,36.603,-120.0092,12063 West Manning Avenue,Fresno,Fresno,93706,5F
10908,270594,Ron Verhoeven Family Dairy,36.0052,-119.4605,5033 Hesse Avenue,Tipton,Tulare,93272,5F
10909,270595,Open Sky Ranch Dairy,36.4826,-120.022,12103 West Elkhorn Avenue,Riverdale,Fresno,93656,5F
10910,270661,Gerrit Visser & Sons Dairy,36.4662,-119.8538,18565 South Marks Avenue,Riverdale,Fresno,93656,5F
11762,270666,Grimmius Cattle Company East Ranch,36.1671,-119.2235,15605 Ave 208,Strathmore,Tulare,93267,5F
11724,270732,Williams Place,37.3887,-120.8895,22121 Williams Avenue,Hilmar,Merced,95324,5S
10911,270739,Vlot Brothers Dairy & Heifer Ranch,37.0655,-120.4786,20330 Road 4,Chowchilla,Madera,93610,5F
10912,270986,Westhill Dairy,36.242,-119.4844,3986 Avenue 248,Tulare,Tulare,93274,5F
10913,271085,Faial Farms 2 Dairy,35.474,-119.37,18683 Magnolia Avenue,Shafter,Kern,93263,5F
10914,271562,Wagner Dairy,37.8711,-121.0409,22176 Skiff Road,Escalon,San Joaquin,95320,5S
10915,271665,DJ Dairy,36.4199,-119.4681,4390 Avenue 352,Kingsburg,Tulare,93631,5F
10916,271670,Walter Stornetta Ranch - Point Arena,38.9464,-123.7023,44100 Stornetta Drive,Manchester,Mendocino,95459,1
10917,271701,MF Cattle Co,36.3083,-119.583,11336 7th Avenue,Hanford,Kings,93230,5F
10918,271876,Gold Star Cattle Ranch #1/M. C. Watte Ranch Dairy,36.1506,-119.4382,6020 Avenue 200,Tulare,Tulare,93274,5F
11813,271893,Casa Blanca Cattle Company,36.0431,-119.2984,13979  Road 120,Tipton,Tulare,93272,5F
10919,272035,Olivas Ranch,36.4091,-119.5213,4505 4th Avenue,Hanford,Tulare,93230,5F
10920,272087,West Creek Dairy,36.3567,-119.5441,8409 5th Avenue,Hanford,Kings,93230,5F
10921,272238,Western Sky Dairy,35.191,-119.1137,18501 Old River Road,Bakersfield,Kern,93311,5F
10922,272317,Lone Oak  #2 Dairy,36.5876,-120.0567,10014 South McMullin Grade,Fresno,Fresno,93706,5F
10923,272326,"BWC Weststeyn Dairy, LP",37.9542,-121.0415,1763 South Hewitt Road,Linden,San Joaquin,95236,5S
10924,272329,JZB Heifer Ranch,36.1654,-119.5087,20798 Road 28,Tulare,Tulare,93274,5F
11814,272436,White River Ranch,35.8655,-119.035,4040  Road 240,Ducor,Tulare,93218,5F
10925,272466,Whiteside Dairy,35.5522,-119.4046,16461 Scofield Avenue,Wasco,Kern,93280,5F
10926,272481,Riverdale East Investors LP Property,36.4296,-119.8393,2465 West Mount Whitney Avenue,Riverdale,Fresno,93656,5F
10927,272502,Valsigna Dairy,37.3765,-120.8424,6071 North Larson Avenue,Hilmar,Merced,95324,5S
10928,272519,Avenue 128 Dairy,36.0199,-119.2814,12977 Macomber Road,Tipton,Tulare,93272,5F
10929,272571,Vanden Berge Dairy,35.2454,-119.1143,11701 Old River Road,Bakersfield,Kern,93311,5F
10930,272576,Will De Groot Dairy,35.9767,-119.2276,15417 Avenue 104,Pixley,Tulare,93256,5F
10931,272599,William Koot Dairy - Kimball,33.9688,-117.6138,8762 Kimball Avenue,Chino,San Bernardino,91708,8
10932,272607,Achadinha Cheese Company Inc.,38.2126,-122.6758,750 Chileno Valley Road,Petaluma,Sonoma,94952,2
10933,272610,Batista Family Farm LLC,34.0048,-117.6426,7436 Schaefer,Ontario,San Bernardino,91762,8
10934,272615,AAA Jersey Dairy,37.062,-120.1708,20680 Ave 21 1/2,Chowchilla,Madera,93610,5F
10935,272663,South Creek Dairy,35.9049,-119.316,11450 Avenue 64,Earlimart,Tulare,93219,5F
10936,272678,Willow Grove Farms Dairy,36.3827,-119.5469,6267 5th Avenue,Hanford,Kings,93230,5F
10937,272797,Windy Acres Inc.,40.873,-124.1112,990 Moxon Road,Arcata,Humboldt,95521,1
10938,272933,Gordon Dairy #9,33.9972,-117.5768,10469 Edison,Ontario,San Bernardino,91761,8
10939,273042,Wreden Ranch Dairy,36.1957,-119.6057,8749 Lansing Avenue,Hanford,Kings,93230,5F
10940,273417,Boschma & Sons Dairy,35.6759,-119.5285,24794 Sherwood Avenue,Wasco,Kern,93280,5F
10941,273944,White River Dairy,36.1906,-119.8302,20784 Laurel Avenue,Stratford,Kings,93266,5F
10942,274385,"A&A Netto Farms, Inc.",36.4193,-119.6367,3772 10th Avenue,Hanford,Kings,93230,5F
10943,274739,Cross Creek Dairy,36.4287,-119.346,10167 Avenue 352,Visalia,Tulare,93291,5F
10944,274742,Andrew Zylstra Dairy Inc. #1,37.5226,-121.0427,2655 West Monte Vista Avenue,Modesto,Stanislaus,95351,5S
10945,274746,"Tri BAK Dairy, LLC",36.4579,-119.3716,9045 Avenue 368,Dinuba,Tulare,93618,5F
10946,602237,Rocha Family Dairy,34.0039,-117.6313,7993 Schaefer Avenue,Ontario,San Bernardino,91761,8
10947,602474,Yettem Dairy,36.4766,-119.2507,37943 Road 144,Visalia,Tulare,93292,5F
10948,618337,Skyview Dairy,35.4815,-119.3416,28989 Riverside Street,Shafter,Kern,93263,5F
10949,630490,Riverbed Dairy - 38980 Record,33.817,-116.9819,38980 Record Road,San Jacinto,Riverside,92583,8
10950,630500,Expressway Dairy,33.834,-117.0459,35500 Ramona Expressway,San Jacinto,Riverside,92582,8
10951,630505,Hollandia Farms North,33.829,-117.041,35600 Ramona Expressway,San Jacinto,Riverside,92582,8
10952,630509,Javier Martinez Cattle,34.0094,-117.5758,13350 South Haven Avenue,Ontario,San Bernardino,91761,8
10953,630510,Abacherli Dairy,33.6847,-117.1382,29875 Newport Road,Menifee,Riverside,92584,8
10954,630526,Northview Dairy,34.0181,-117.5743,10601 East Riverside Drive,Ontario,San Bernardino,91761,8
10955,630535,Marquez Heifer Ranch - Kimball,33.9648,-117.6397,7551 Kimball Avenue,Chino,San Bernardino,91708,8
10956,630542,Dick Van Dam Dairy,33.785,-117.0253,3190 Cottonwood Avenue,San Jacinto,Riverside,92582,8
10957,630550,Goyenetche Dairy #2 Haven,34.0027,-117.578,13750 South Haven Avenue,Ontario,San Bernardino,91761,8
10958,630553,Tadema Heifer Ranch,33.9884,-117.5783,10333 Eucalyptus Avenue,Ontario,San Bernardino,91762,8
10959,630559,Dick Dykstra Dairy,34.0041,-117.5832,10129 Schaefer Avenue,Ontario,San Bernardino,91761,8
10960,630569,Dyt Dairy #1,33.9739,-117.5993,6207 Archibald Street,Corona,Riverside,92880,8
10961,630578,Syann Dairy - 14950 River Rd,33.9302115,-117.6082051,14950 River Road,Corona,Riverside,92880,8
10962,630583,Raymond Bachoc Dairy,34.0099,-117.619,13331 South Walker Avenue,Ontario,San Bernardino,91761,8
10963,630584,LaBrucherie Bros LLC - Schaefer,34.0051,-117.6197,8484 Schaefer Avenue,Ontario,San Bernardino,91761,8
10964,630602,Scott Bros Dairy,33.8527,-117.0205,18051 Gilman Springs Road,Moreno Valley,Riverside,92555,8
10965,630604,John Jaques & Son Dairy,33.9609,-117.614,8648 Pine Avenue,Chino,San Bernardino,91710,8
10966,630612,Falloncrest Farms,33.95941556,-117.6218548,8342 Pine Avenue,Chino,San Bernardino,91708,8
10967,630617,Oostdam Dairy,33.8168,-117.0336,1710 North Warren Road,San Jacinto,Riverside,92582,8
10968,630618,George Borba & Son Dairy,33.9894,-117.6312,7955 Eucalyptus Avenue,Ontario,San Bernardino,91762,8
11671,630651,ROCKING HORSE DAIRY LLC,36.1664,-119.6948,21014 13TH AVENUE,HANFORD,Kings,93230,5F
11675,630653,"DAIRY AVENUE, LLC DAIRY",35.9411,-119.57,36569 6TH AVENUE,CORCORAN,Kings,93212,5F
10969,631687,P & G Dairy,33.9549,-117.6657,16451 Mountain Avenue,Chino,San Bernardino,91710,8
10970,632788,Bidart Dairy No. 2,35.1696,-119.1051,20400 Old River Road,Bakersfield,Kern,93311,5F
11815,635289,Pixley Heifer Ranch,35.9386,-119.4126,7105  Avenue 84,Pixley,Tulare,93256,5F
10971,635447,Faria West,36.0346,-119.3039,13511 Road 120,Tipton,Tulare,93272,5F
10972,636479,John Weststeyn Cattle - Pine,33.9589,-117.6234,8300 Pine Avenue,Chino,San Bernardino,91708,8
10973,636754,Four Star Dairy #3,36.1961,-119.5206,2393 Avenue 224,Tulare,Tulare,93274,5F
10974,636795,Curti Family Farms,36.1425,-119.5052,19515 CA-137,Tulare,Tulare,93274,5F
10975,636869,Circle A Dairy,35.9916,-119.3616,11275 Road 96,Pixley,Tulare,93256,5F
11668,641977,LAKE SHORE DAIRY,36.1554,-119.7405,15978 MANTECA AVENUE,STRATFORD,Kings,93266,5F
10976,642448,Manuel & Alda Lawrence Dairy,36.2246,-119.6873,12871 Kent Avenue,Hanford,Kings,93230,5F
11685,642450,Vanderham West,35.9939,-119.4964,2950 Avenue 112,Corcoran,Tulare,93207,5F
10977,642472,FM Jerseys Dairy,36.0845,-119.2952,16301 Road 124,Tipton,Tulare,93272,5F
10978,642915,P & D Dairy - Remington,33.9761,-117.6091,8961 Remington Avenue,Chino,San Bernardino,91710,8
11816,648015,Mid Valley Ranch,36.1296,-119.216,15947  Avenue 188,Strathmore,Tulare,93267,5F
10979,648969,Shady Acres Dairy #2,36.4865,-120.0742,15391 West Elkhorn Avenue,Helm,Fresno,93627,5F
11679,653102,Newberry Dairy,34.8682,-116.6963,44128 Silver Valley Road,Newberry Springs,San Bernardino,92365,6B
10980,655913,Cunha Dairy #1,36.3773,-119.7463,6680 16th Avenue,Hanford,Kings,93230,5F
10981,655940,Newhouse Dairy,35.2108,-119.1825,16130 Bear Mountain Boulevard,Bakersfield,Kern,93313,5F
10982,655941,Neves Dairy,36.2544,-119.7596,16831 Jackson Avenue,Lemoore,Kings,93245,5F
10983,655949,ED Paulo & Sons Dairy,36.2858,-119.6136,8730 Iona Avenue,Hanford,Kings,93230,5F
10984,655951,Lakeview Farms Dairy,35.2116,-119.2002,19255 Bear Mountain Boulevard,Bakersfield,Kern,93311,5F
10985,655954,Dixie Creek Ranch,36.3241,-119.5189,3601 CA-198,Hanford,Kings,93230,5F
11666,655959,YOKUM DAIRY/DOUBLE L CATTLE COMPANY,36.1975,-119.6429,10234 LANSING AVENUE,HANFORD,Kings,93230,5F
10986,655966,Top Line Dairy #5,36.1654,-119.7957,21009 South 19th Avenue,Stratford,Kings,93266,5F
10987,655970,Affentranger & Sons Dairy,35.4181,-119.202,18107 Kratzmeyer Avenue,Bakersfield,Kern,93314,5F
10988,655972,Joaquim Mattos & Family Dairy,36.2133,-119.5448,4790 Kansas Avenue,Hanford,Kings,93230,5F
10989,655974,Laurel Avenue Feedlot Dairy (Former Salt of the Earth Dairy),36.1889,-119.8142,19883 Laurel Avenue,Stratford,Kings,93266,5F
10990,656083,Gordon Dairy #1,33.9913,-117.6268,14474 Grove Avenue,Ontario,San Bernardino,91710,8
10991,656087,Sozinho Dairy #5,36.2988,-119.5869,7205 Houston Avenue,Hanford,Kings,93230,5F
11817,656091,Headquarters Ranch 2,36.3371,-119.7528,16501  Colony Road,Lemoore,Kings,93245,5F
10992,657033,Sierra Rose Dairy,39.6291,-121.8614,9022 Aguas Frias Road,Chico,Butte,95928,5R
10993,657043,Smith Family Dairy,40.0457,-122.1913,8523 Central Avenue,Gerber,Tehama,96035,5S
10994,657048,Martin Dairy,40.0798,-122.2357,21632 Dusty Way,Red Bluff,Tehama,96080,5S
10995,657049,Alderson Dairy,40.0616,-122.2001,22495 Thomes Avenue,Gerber,Tehama,96035,5R
10996,657067,Alderson Family 4A Dairy (Former Shasta View Farms),40.0639,-122.1976,22560 Thomes Avenue,Gerber,Tehama,96035,5R
10997,657071,Robert Fumasi Dairy,39.83,-122.1063,1015 West 5th Avenue,Orland,Tehama,95963,5S
10998,657072,Duivenvoorden Farms,40.3693,-122.311,19490 Draper Road,Cottonwood,Tehama,96022,5R
10999,657084,Sepeda Brothers Dairy,36.1071,-119.2792,17648 Road 128,Tulare,Tulare,93274,5F
11000,657090,Antonio Belo Dairy,39.8241,-122.0991,25115 Clark Avenue,Orland (Capay),Tehama,95963,5S
11001,657094,Four J Farms Dairy,35.9926,-119.3052,1223 West Stanford Avenue,Pixley,Tulare,93256,5F
11002,657096,Golden Valley Dairy,36.1194,-119.3317,18183 I Street,Tulare,Tulare,93274,5F
11003,657114,Western Pacific Dairy,36.0077,-119.2393,14854 Avenue 120,Pixley,Tulare,93272,5F
11004,657122,Airoso Dairy,36.1307,-119.4304,18809 Road 64,Tulare,Tulare,93274,5F
11005,657156,Sousa Dairy,36.4711,-119.4004,7709 Avenue 376,Dinuba,Tulare,93618,5F
11006,657316,MS Monteiro Dairy,36.2014,-119.4953,3515 Avenue 228,Tulare,Tulare,93274,5F
11007,657328,Tulare Joint Union High School Dairy,36.1916,-119.3549,591 West Bardsley Avenue,Tulare,Tulare,93274,5F
11008,657330,Borba Dairy,36.0596,-119.1225,14836 Road 200,Porterville,Tulare,93257,5F
11009,657338,Henry Jongsma And Son Dairy,39.6735,-122.0979,3724 County Road S,Orland,Glenn,95963,5S
11010,657353,Lawrence Family Farms/Bar DR Dairy,36.1696,-119.2449,14760 Avenue 208,Tulare,Tulare,93274,5F
11011,657361,DDW Farms LLC Dairy,36.2367,-119.495,24643 Road 36,Tulare,Tulare,93274,5F
11012,657362,Mellema Dairy,36.3742,-119.3607,9420 Avenue 320,Visalia,Tulare,93291,5F
11013,657364,J R Dairy,36.0322,-119.3358,13202 Road 104,Tipton,Tulare,93272,5F
11014,657365,College of The Sequoias Dairy,36.1921,-119.2858,4999 E Bardsley Ave,Tulare,Tulare,93274,5F
11015,657366,Hamstra Dairy Complex,36.2634,-119.4058,7590 Avenue 260,Tulare,Tulare,93274,5F
11016,657389,Bos Farms LP,36.1585,-119.2359,20397 Road 152,Tulare,Tulare,93274,5F
11017,657390,Delta View Farms #3,36.3421,-119.4699,4590 Avenue 304,Visalia,Tulare,93291,5F
11018,657393,LegenDairy South,36.0534,-119.3839,8360 Avenue 144,Tipton,Tulare,93272,5F
11019,657408,Bar None/Van Der Hoek Dairy,36.5059,-120.0913,15886 South Lassen Avenue,Helm,Fresno,93627,5F
11020,657458,West-Star North Dairy,35.4819,-119.434,26953 Riverside Street,Buttonwillow,Kern,93313,5F
11021,657461,T & W Farms #1 Dairy,35.1885,-119.1067,18000 Old River Road,Bakersfield,Kern,93311,5F
11022,657463,Carlos Echeverria & Sons Dairy,35.1746,-119.1155,20229 Old River Road,Bakersfield,Kern,93311,5F
11672,657477,SOUTHERN CROSS DAIRY,35.4972,-119.4555,26509 LERDO HIGHWAY,BUTTONWILLOW,Kern,93206,5F
11023,657479,"Coronado Dairy Farms, LLC",36.0781,-119.4406,5850 Avenue 160,Tipton,Tulare,93272,5F
11024,657481,Little Rock Dairy,36.0401,-119.3958,13955 Road 80,Tipton,Tulare,93272,5F
11025,657483,Rib-Arrow Dairy,36.1212,-119.2706,18287 Road 136,Tulare,Tulare,93274,5F
11026,657485,Mario Simoes Family Dairy,36.0347,-119.279,13185 Avenue 136,Tipton,Tulare,93272,5F
11027,657486,Louie de Groot Dairy,35.9774,-119.2354,15081 Avenue 104,Pixley,Tulare,93256,5F
11028,657558,Four Star #4 Dairy,36.1597,-119.5107,20438 Road 28,Tulare,Tulare,93274,5F
11029,657559,Cotta Dairy,36.0272,-119.2529,13167 Road 144,Tipton,Tulare,93272,5F
11030,657562,Rui and Jennifer Brasil Dairy,36.4425,-119.3923,8061 Avenue 360,Visalia,Tulare,93291,5F
11031,657747,Sunrise Dairy,36.462,-119.3933,8022 Avenue 368,Dinuba,Tulare,93618,5F
11032,657751,Vida Boa #2 Dairy,36.2244,-119.2388,15011 Avenue 240,Tulare,Tulare,93274,5F
11033,657752,Fern Oak Farms Dairy,36.0779,-119.1936,17001 Avenue 160,Porterville,Tulare,93274,5F
11818,657753,Vida Boa Heifers,36.2277,-119.2325,24176  Road 152,Tulare,Tulare,93274,5F
11034,657755,Pinheiro Dairy #2,36.1194,-119.163,18279 Avenue 184,Strathmore,Tulare,93267,5F
11035,657757,De Vries Farms,36.0068,-119.3253,11021 Avenue 120,Pixley,Tulare,93256,5F
11036,657762,former Koetsier Dairy,36.2974,-119.4138,6901 Avenue 280,Visalia,Tulare,93277,5F
11037,657767,F & J Delano #1,35.8171,-119.2552,14180 Avenue 16,Delano,Tulare,93215,5F
11038,657768,Cornerstone Dairy,36.0198,-119.3812,8769 Avenue 128,Tipton,Tulare,93272,5F
11039,704624,Banos Dairy,37.0917,-120.4604,4667 Avenue 23 1/2,Chowchilla,Madera,93610,5F
11040,704630,Riverview Dairy,35.9462,-119.3622,9295 Avenue 88,Pixley,Tulare,93256,5F
11041,704631,Tipton Dairy (Formerly M Bar 9 Dairy),36.0664,-119.3113,196 Olive Avenue,Tipton,Tulare,93272,5F
11042,704632,Horizon Jerseys Dairy,36.0881,-119.3788,8798 Avenue 160,Tipton,Tulare,93272,5F
11043,704635,Frank L. Pires III Dairy,36.2417,-119.4669,4728 Avenue 248,Tulare,Tulare,93274,5F
11044,704641,Azevedo Heifer Ranch,37.3259,-120.6235,2670 North Hull Road,Atwater,Merced,95301,5S
11045,704642,4K Dairy Farm Partnership,35.9439,-119.3981,7976 Avenue 84,Pixley,Tulare,93256,5F
11046,704646,Hillside Farms,37.3264,-120.6241,2669 Hull Road,Atwater,Merced,95301,5S
11047,704648,Cottonwood Dairy,37.2908,-120.6723,10561 CA-140,Atwater,Merced,95301,5S
11048,704650,Pinheiro & Deniz Dairy,39.5914,-122.0869,2632 County Rd T,Glenn,Glenn,95943,5S
11049,704653,Alves Dairy,39.574,-122.0663,2439 County Rd V,Glenn,Glenn,95943,5S
11050,704654,D & S Farms,37.3221,-120.6818,10743 Rose Avenue,Atwater,Merced,95317,5S
11051,704656,Jose & Teresa Soares Dairy #3,37.3385,-120.6656,9780 West Sunset Drive,Atwater,Merced,95301,5S
11052,704665,Jorge Dairy,37.3169,-120.6754,10358 White Crane Road,Atwater,Merced,95301,5S
11053,704666,Full Circle Dairy,37.4924,-120.6066,6800 East Avenue,Ballico,Merced,95303,5S
11054,704671,Jacobus Degroot Dairy #1,36.3681,-119.3699,31847 Road 92,Visalia,Tulare,93291,5F
11055,704673,Simson Dairy,39.6599,-122.0649,2945 County Rd V,Glenn,Glenn,95963,5S
11056,704674,Leonardo Dairy,39.4283,-122.033,2695 West County Rd W,Princeton,Glenn,95970,5S
11057,704675,Manuel Rocha Dairy,39.7949,-122.057,4975 2nd Avenue,Orland,Glenn,95963,5S
11058,704676,Vogt Holstein Dairy,39.7793,-122.0507,7831 Capay Avenue,Orland,Glenn,95963,5S
11059,704682,Beglinger Dairy,39.7385,-122.1043,7329 County Road 16,Orland,Glenn,95963,5S
11060,704683,Frank J. Borges Dairy North,39.7388,-122.2567,5944 County Rd 17,Orland,Glenn,95963,5S
11061,704684,Chris Verboom Dairy,39.7357,-122.2555,5943 County Rd 17,Orland,Glenn,95963,5S
11062,704689,Pedrozo Dairy,39.7073,-122.0584,7713 County Rd 24,Orland,Glenn,95963,5S
11063,704691,Bekendam Dairy,39.7103,-122.2182,6314 County Rd 24,Orland,Glenn,95963,5S
11064,704694,MTSJ Dairy,39.6569,-122.1495,6916 County Road 30,Orland,Glenn,95963,5S
11065,704695,Goedhart Dairy,39.6414,-122.1302,7084 County Road 31,Orland,Glenn,95963,5S
11066,704696,Silveira Jersteins Dairy,39.7468,-122.1464,6951 CA-32,Orland,Glenn,95963,5S
11067,704699,Kania Dairy,39.7856,-122.1876,6583 County Road 6 Road,Orland,Glenn,95963,5S
11068,704725,Veldhuis North Dairy,37.4684,-120.6658,12465 Lee Road,Ballico,Merced,95303,5S
11069,704729,De Jager Farms South,37.1707,-120.3776,8002 South Bliss Road,Chowchilla,Merced,93610,5S
11070,704730,De Jager Dairy North #1,37.1219,-120.4009,11375 South Ivy Avenue,Chowchilla,Merced,93610,5S
11071,704731,De Jager Dairy #2 North,37.1252,-120.4008,11140 South Ivy Avenue,Chowchilla,Merced,93610,5S
11072,704733,Frank Coelho and Sons Dairy LP,37.107,-120.4464,12383 South Schultz Road,Chowchilla,Merced,93610,5S
11073,704734,M & M Cardoso & Sons Dairy,37.4192,-120.7862,16489 August Avenue,Delhi,Merced,95315,5S
11074,704735,Vitorino Dairy,37.4241,-120.8129,9436 Griffith Avenue,Delhi,Merced,95315,5S
11075,704736,Soares Dairy #2,37.4009,-120.7961,7581 North Merced Avenue,Delhi,Merced,95315,5S
11076,704738,California Cloverleaf Farm,37.5357,-120.5859,22323 East Monte Vista Avenue,Denair,Merced,95316,5S
11077,704739,Sierra Vista Dairy LP,37.5153,-120.5901,22426 East Monte Vista Avenue,Denair,Merced,95316,5S
11078,704741,Goncalves Dairy,37.058,-120.6692,15782 Arroya Avenue,Dos Palos,Merced,93620,5S
11079,704752,O'Banion Ranches,37.057,-120.5998,15775 Indiana Road,Dos Palos,Merced,93620,5S
11080,704754,Melo Dairy,37.0431,-120.7025,11675 West Laguna Road,Dos Palos,Merced,93620,5S
11081,704756,M & A Dairy #2,37.0898,-120.7078,13459 South Turner Island Road,Dos Palos,Merced,93620,5S
11082,704757,Luis Correia Dairy,37.1165,-120.4553,11775 South Arbor Way,El Nido,Merced,95317,5S
11083,704758,Antonio Azevedo Dairy #1,37.1313,-120.533,2025 West El Nido Road,El Nido,Merced,95317,5S
11084,704765,Azevedo Dairy #3,37.1346,-120.4961,227 West El Nido Road,El Nido,Merced,95317,5S
11085,704766,Brasil Dairy,37.0878,-120.4925,13701 CA-59,El Nido,Merced,95317,5S
11086,704769,Azevedo Dairy #2,37.177,-120.4882,7999 Los Banos Hwy,Merced,Merced,95341,5S
11087,704772,Pedretti Ranches,37.1406,-120.4486,2331 East Roosevelt Road,Merced,Merced,95341,5S
11088,704773,DCB Farming LLC,37.1418,-120.4605,1601 East Roosevelt Road,El Nido,Merced,95317,5S
11089,704774,Antonio Azevedo Dairy #4,37.1422,-120.5136,1257 West Roosevelt Road,El Nido,Merced,95317,5S
11090,704775,Hath Dairy,37.1439,-120.5013,508 West Roosevelt Road,El Nido,Merced,95317,5S
11091,704776,Luis Correia Dairy,37.1257,-120.446,11132 Shultz Road,El Nido,Merced,95317,5S
11092,704777,Coelho Frank & Sons LP,37.1126,-120.4587,2031 East Washington Road,El Nido,Merced,95317,5S
11093,704779,Live Oak Dairy F,36.896,-120.7375,13310 West Eagle Field Road,Firebaugh,Merced,93622,5S
11094,704780,Martins View Jersey Dairy #2,37.2762,-121,28336 West Bambauer Road,Gustine,Merced,95322,5S
11095,704781,Silveira Brothers Dairy #2,37.1031,-120.9772,12081 South Cherokee Road,Gustine,Merced,95322,5S
11096,704782,Manuel Mendes Dairy,37.1916,-121.0258,29744 Cottonwood Road,Gustine,Merced,95322,5S
11097,704783,5N Cattle,37.1877,-121.0029,28470 West Cottonwood Road,Gustine,Merced,95322,5S
11098,704784,Fahey Dairy,37.1224,-121.0039,28326 Fahey Road,Gustine,Merced,95322,5S
11099,704972,Oakbend Dairy,36.2164,-119.2011,23561 Road 168,Tulare,Tulare,93274,5F
11100,704978,"Mancebo Holstein Dairy, LP #3",36.1876,-119.2568,14111 Avenue 220,Tulare,Tulare,93274,5F
11101,704996,"former Jacobus Degroot Dairy #2, de Groot Feedlot",36.3563,-119.3757,8827 Avenue 312,Visalia,Tulare,93291,5F
11102,705002,Double D Dairy,36.3471,-119.231,15276 Ivanhoe Drive,Visalia,Tulare,93291,5F
11103,705006,Double M Jerseys Dairy,36.0852,-119.3131,11595 Avenue 164,Tipton,Tulare,93272,5F
11104,705088,Timinsky Dairy,39.6736,-122.2488,3552 County Road D,Orland,Glenn,95963,5S
11105,705089,Martins Family Dairy,39.7491,-122.2412,4489 County Rd E,Orland,Glenn,95963,5S
11106,705090,Schager Dairy,39.7908,-122.1847,4924 County Rd KK,Orland,Glenn,95963,5S
11107,705091,Paul Schmidt Dairy,39.7734,-122.1845,4733 County Road L,Orland,Glenn,95963,5S
11108,705093,Amaral Dairy,39.7747,-122.1613,4715 County Rd N,Orland,Glenn,95963,5S
11109,705094,Silveira Jerstein Dairy,39.765,-122.1407,4628 County Rd P,Orland,Glenn,95963,5S
11110,705095,Zuppan Dairy,39.7767,-122.1228,4740 County Rd QQ,Orland,Glenn,95963,5S
11111,705096,Ed Fumasi Dairy,39.7237,-122.1033,4150 County Road S,Orland,Glenn,95963,5S
11112,705098,Creek Dairy,39.6591,-122.1005,3414 County Rd S,Orland,Glenn,95963,5S
11113,705100,Edwin Clementino Dairy,39.6818,-122.0786,3669 County Rd U,Orland,Glenn,95963,5S
11114,705102,S/K Dairy,39.7969,-122.1224,7170 Cutting Avenue,Orland,Glenn,95963,5S
11115,705105,Corona Dairy,39.7913,-122.1974,4918 Hwy 99 West,Orland,Glenn,95963,5S
11116,705109,Leo and Ida Martin Dairy,39.7768,-122.1111,7266 Lindsay Avenue,Orland,Glenn,95963,5S
11117,705112,Boer Dairy/ M&H Jerseys,39.5723,-122.21,6355 Road 42,Willows,Glenn,95988,5S
11118,705113,"Gomes Holstein Dairy, Inc.",39.5729,-122.1169,2397 County Rd R,Willows,Glenn,95988,5S
11119,705117,JSJ Dairy,39.5755,-122.0841,2451 County Rd TT,Willows,Glenn,95988,5S
11120,705120,Eugenio Azevedo Dairy #3,37.3312,-120.6639,9701 Atwater-Jordan Road,Atwater,Merced,95301,5S
11121,705123,Twin Star Dairy,37.2896,-120.6036,6480 West Bailey Road,Atwater,Merced,95301,5S
11122,705124,Santa Rita Dairy,37.2867,-120.6354,7462 South Bert Crane Road,Atwater,Merced,95301,5S
11123,705129,Van Tol Dairy No 2,39.6532,-122.1686,6756 County Rd 30,Orland,Glenn,95963,5S
11124,705196,"Wickstrom Jersey Farms, Inc.",37.3697,-120.8688,5638 Columbus Avenue,Hilmar,Merced,95324,5S
11125,705198,Hilmar Holsteins Inc. #2,37.3809,-120.8687,6271 Columbus Avenue,Hilmar,Merced,95324,5S
11126,705203,Diniz Dairy,37.4279,-120.8657,9558 Columbus Avenue,Hilmar,Merced,95324,5S
11127,705219,Crane Dairy LLC,37.3825,-120.8619,20633 West Crane Avenue,Hilmar,Merced,95324,5S
11128,705229,GM Silva Dairy #2,37.3825,-120.856,20345 Crane Avenue,Hilmar,Merced,95324,5S
11129,705233,Joe Oliveira Dairy,37.3823,-120.8331,18900 Crane Avenue,Hilmar,Merced,95324,5S
11130,705237,Brad Nyman-Silva Dairy,37.3828,-120.8899,22120 Crane Avenue,Hilmar,Merced,95324,5S
11131,705238,Vierra Dairy Farms #3,37.403,-120.9226,7884 Faith Home Road,Hilmar,Merced,95324,5S
11132,705241,Nelson Dairy,37.3968,-120.84,19475 Geer Avenue,Hilmar,Merced,95324,5S
11133,705247,Luis Jorge,37.3959,-120.8786,21625 Geer Avenue,Hilmar,Merced,95324,5S
11134,705274,B & D Dairy,37.4277,-120.896,9579 Hultberg Road,Hilmar,Merced,95324,5S
11135,705276,Live Oak H,37.433,-120.8521,9971 Lander Avenue,Hilmar,Merced,95324,5S
11136,705277,Jade Jerseys Dairy,37.4335,-120.8569,20426 Johnson Avenue,Hilmar,Merced,95324,5S
11137,705279,Live Oak Dairy,37.4335,-120.8706,21052 Johnson Avenue,Hilmar,Merced,95324,5S
11138,705281,AJ Borba Holsteins,37.3768,-120.9452,6480 Mitchell Road,Hilmar,Merced,95324,5S
11139,705283,Oslo Dairy,37.4278,-120.8569,9725 Lander Ave,Hilmar,Merced,95324,5S
11140,705284,Ahlem Prairie Flower,37.4065,-120.9318,8187 North Prairie Flower Road,Hilmar,Merced,95324,5S
11141,705286,A & M Teixeira Dairy (Virgil Kronberg Facility),37.3642,-120.8655,20777 Riverside Avenue,Hilmar,Merced,95324,5S
11142,705288,Ken Van Foeken Dairy #1,37.4264,-120.8909,22338 Short Avenue,Hilmar,Merced,95324,5S
11143,705290,Amaral Dairy Farms,37.4002,-120.8853,7706 Tegner Road,Hilmar,Merced,95324,5S
11144,705291,Amrit Takhar,37.3909,-120.8865,7078 Tegner Road,Hilmar,Merced,95324,5S
11145,705293,GM Silva Dairies #1,37.3716,-120.8641,20633 Turner Avenue,Hilmar,Merced,95324,5S
11146,705294,B-6 Dairy,37.372,-120.8878,22014 Turner Avenue,Hilmar,Merced,95324,5S
11147,705296,6D Dores Dairy,37.3741,-120.9549,25762 Turner Avenue,Hilmar,Merced,95324,5S
11148,705297,Fanelli Dairy,37.4,-120.9069,7689 Washington Road,Hilmar,Merced,95324,5S
11149,705298,Sousa Dairy,37.3852,-120.8146,18005 Williams Avenue,Hilmar,Merced,95324,5S
11150,705299,Live Oak Dairy D,37.3881,-120.898,22651 West Williams Avenue,Hilmar,Merced,95324,5S
11151,705300,Vierra Dairy Farms #2,37.3902,-120.8985,22682 West Williams Avenue,Hilmar,Merced,95324,5S
11152,705301,Mayo Dairy #1,37.284,-120.2708,11941 East Childs Avenue,Le Grand,Merced,95333,5S
11153,705303,Mayo Dairy #2,37.2826,-120.2665,12191 East Childs Avenue,Le Grand,Merced,95333,5S
11154,705307,"Cressey River, LLC Dairy",37.4224,-120.6796,10986 Livingston -Cressey Road,Livingston,Merced,95334,5S
11155,705318,Eugenio Azevedo Dairy #2,37.372,-120.6887,11159 Peach St,Livingston,Merced,95334,5S
11156,705401,Azevedo Farms,37.3413,-120.7988,3737 Weir Avenue,Livingston,Merced,95334,5S
11157,705403,Soares Dairy Farms Inc,37.0794,-120.8777,14515 Badger Flat Road,Los Banos,Merced,93635,5S
11158,705406,"Den-K Holsteins, Inc.",37.0952,-120.7734,13235 South Baker Road,Los Banos,Merced,93635,5S
11159,705408,John Machado Dairy,37.1143,-120.8941,22495 West China Camp Road,Los Banos,Merced,93635,5S
11725,705409,John Machado Heifer Facility,37.1145,-120.8891,21777 CHINA CAMP RD,Los Banos,Merced,93635,5S
11160,705410,Carlos and Deolinda Lopes Trust Dairy,36.9548,-120.806,17273 West Cotton Gin Road,Los Banos,Merced,93635,5S
11161,705411,Robert L Silva Dairy,37.015,-120.8645,20508 Cotton Road,Los Banos,Merced,93635,5S
11901,705412,Den-K Heifer Corrals,37.0977,-120.736,13621 West Henry Miller Road,Los Banos,Merced,93635,5S
11162,705413,Royce and Randi Mull Dairy,37.0988,-120.7705,15475 Henry Miller Road,Los Banos,Merced,93635,5S
11163,705418,Nunes Bros Inc Dairy,37.0616,-120.8917,22116 West Hwy 152,Los Banos,Merced,93635,5S
11683,705423,Godinho Heifer Ranch,37.0975,-120.8651,13140 S Johnson,Los Banos,Merced,93635,5S
11164,705424,John & Nicole Santos Dairy,36.9575,-120.8384,22759 South Mercey Springs Road,Los Banos,Merced,93635,5S
11165,705426,Soares Dairy Farms - Mercy Springs,36.9732,-120.8367,21750 South Mercey Springs Road,Los Banos,Merced,93635,5S
11166,705429,Codorniz Dairy,37.0347,-120.8161,17512 Philips Road,Los Banos,Merced,93635,5S
11167,705430,"Soares Dairy Farms, Inc. - Pioneer Dairy",37.0421,-120.8887,21948 Pioneer Road,Los Banos,Merced,93635,5S
11168,705431,Manuel Avila Dairy,37.0153,-120.8231,18785 Ward Road,Los Banos,Merced,93635,5S
11169,705432,Antonio Brasil Dairy,37.0626,-120.5286,15373 South Flanagan Road,Dos Palos,Merced,93620,5S
11170,705435,Antonio and Lucilia Amaral Dairy,37.2949,-120.5882,5520 Brooks Road,Merced,Merced,95340,5S
11171,705436,Belo Ranches,37.2843,-120.5758,238 South Buhach Road,Merced,Merced,95342,5S
11172,705438,IS-MI Azevedo Dairy,37.2213,-120.4203,3499 Bvd Road,Merced,Merced,95340,5S
11173,705439,Dutch Door Dairy,37.2237,-120.4252,3493 BVD Avenue,Merced,Merced,95340,5S
11174,705441,Beverly Schick Facility,37.3208,-120.5479,3460 West Elliott Avenue,Merced,Merced,95340,5S
11175,705442,Blue Sky Dairy,37.3525,-120.5473,4390 North Fox Road,Merced,Merced,95301,5S
11176,705443,Helena or Elizabeth Dias,37.3715,-120.5502,5733 North Fox Road,Merced,Merced,95340,5S
11177,705444,"Matos Dairy - Franklin Facility/California Dairy Farms, LLC",37.318,-120.5367,1912 Franklin Road,Merced,Merced,95340,5S
11178,705445,Blue Sky Dairy #2,37.3441,-120.5371,3874 North Franklin Road,Merced,Merced,95348,5S
11179,705446,Barcellos Dairy,37.3296,-120.5588,2892 North Gurr Road,Atwater,Merced,95301,5S
11180,705448,"Meirinho Holsteins, LP",37.2152,-120.4326,4890 South Healy Road,Merced,Merced,95340,5S
11181,705449,Healy Ranch Dairy,37.2541,-120.4337,2222 South Healy Road,Merced,Merced,95340,5S
11182,705450,Nunes Dairy,37.2608,-120.4334,1730 Healy Road,Merced,Merced,95340,5S
11183,705453,PH Ranch #2,37.2503,-120.4837,2433 Los Banos Highway,Merced,Merced,93540,5S
11184,705454,5 H Farms,37.2047,-120.4929,5851 South Hwy 59 Highway,Merced,Merced,95340,5S
11185,705456,J & M Nascimento Dairy,37.4877,-120.5002,13656 North Hwy 59 Highway,Merced,Merced,95348,5S
11186,705462,Joe & Renee Barroso Dairy,37.2291,-120.3658,6903 East Legrand Road,Merced,Merced,95340,5S
11187,705469,Double B Dairy #2,37.2509,-120.3574,7205 Mariposa Way,Merced,Merced,95341,5S
11188,705471,Hoogendam Dairy,37.2315,-120.4563,1754 McNamara Road,Merced,Merced,95341,5S
11189,705476,Manuel Oliveira Dairy,37.2793,-120.5643,4235 Oak Avenue,Merced,Merced,95340,5S
11190,705479,Fred Melo Dairy,37.2684,-120.6016,1319 South Quinley Avenue,Merced,Merced,95340,5S
11191,705480,Sandy Mush Crosses,37.1856,-120.5876,5241 West Sandy Mush Road,Merced,Merced,95340,5S
11192,705482,T & C Louters Dairy,37.1856,-120.5088,921 West Sandy Mush Road,Merced,Merced,95341,5S
11193,705486,Maximinio Silveira Dairy #2,37.237,-120.4086,3465 Thrift Road,Merced,Merced,95340,5S
11194,705493,Rosa Dairy Farms,37.3325,-120.5526,3105 Trindade Road,Atwater,Merced,95301,5S
11195,705494,Manuel Vieira Jr Dairy,37.3735,-120.4986,5843 North Utah Road,Merced,Merced,95348,5S
11196,705495,Eugenio Azavedo Dairy #4,37.2659,-120.4564,1730 Vassar Avenue,Merced,Merced,95340,5S
11197,705496,Double B Dairy,37.2363,-120.3833,5817 East Worden Avenue,Merced,Merced,95340,5S
11198,705497,Silveira Brothers Dairy #1,37.3046,-120.9939,27890 Brazo Road,Newman,Merced,95360,5S
11199,705499,Toste Dairy,37.2977,-120.988,609 Santa Fe Grade,Newman,Merced,95360,5S
11200,705501,Fagundes Bros. Dairy #3,37.4974,-120.5176,2430 Turlock Road,Snelling,Merced,95369,5S
11201,705502,Fagundes Bros. Dairy #4,37.5041,-120.5218,14877 Cox Ferry Road,Snelling,Merced,95369,5S
11202,705503,Michael Brasil Dairy,37.3448,-120.8196,18254 First Avenue,Stevinson,Merced,95374,5S
11203,705505,Anchor J Dairy,37.3373,-120.9319,24507 First Avenue,Stevinson,Merced,95374,5S
11204,705508,Oliveira Dairy,37.3448,-120.853,3991 Lander Avenue,Stevinson,Merced,95374,5S
11205,705510,Souza Bros Dairy,37.3444,-120.8782,3887 McCullagh Road,Stevinson,Merced,95374,5S
11206,705511,3 D Dores Dairy,37.3477,-120.8644,20751 West River Road,Stevinson,Merced,95374,5S
11207,705512,John Baptista Facility,37.3468,-120.8658,20755 West River Road,Stevinson,Merced,95374,5S
11208,705514,Dias Family Dairy,37.3368,-120.8755,21330 West Second Avenue,Stevinson,Merced,95374,5S
11209,705515,Joe Lewis,37.3344,-120.9209,23489 West Second Avenue,Stevinson,Merced,95324,5S
11210,705517,Xavier Grow Yard,37.3349,-120.8962,22368 Second Avenue,Stevinson,Merced,95374,5S
11211,705519,Michael Brasil Dairy #2,37.3597,-120.8323,4971 Van Clief Road,Stevinson,Merced,95374,5S
11212,705523,F & A Lemos Dairy,37.4903,-120.7463,14373 East Avenue,Turlock,Merced,95380,5S
11213,705524,J & M Bettencourt Dairy,37.4918,-120.7366,13831 East Avenue,Turlock,Merced,95380,5S
11214,705525,Vierra Dairy Farms #2,37.4399,-120.8528,20167 Fowler Avenue,Turlock,Merced,95380,5S
11215,705526,"Golf Link Ranches, LLC",37.4362,-120.8312,10220 Golf Link Road,Turlock,Merced,95380,5S
11216,705527,Dan Perry,37.5021,-120.8055,1008 North Verduga Road,Turlock,Stanislaus,95380,5S
11217,705528,Jose & Teresa Soares Dairy #1,37.4562,-120.7762,11076 North Vincent Road,Turlock,Merced,95380,5S
11218,705530,Gabriel Machado & Sons Dairy,37.4695,-120.7756,12266 N Vincent Road,Turlock,Merced,95380,5S
11219,705531,Cardoso Dairy,37.434,-120.5345,2720 Kenney Avenue,Winton,Merced,95388,5S
11220,705532,Jose C. Pereira Dairy,37.4341,-120.5488,3470 Oakdale Road,Winton,Merced,95388,5S
11221,705533,Milk Made Dairy,37.4612,-120.623,7509 Oakdale Road,Snelling,Merced,95369,5S
11222,705534,Hultgren Dairy,37.4196,-120.6482,8878 Palm Avenue,Winton,Merced,95388,5S
11223,705535,Palm Dairy,37.4203,-120.6247,7660 Palm Avenue,Winton,Merced,95388,5S
11224,705536,Tierra Buena Heifer Ranch,37.4135,-120.615,8661 North Winton Way,Winton,Merced,95388,5S
11225,705537,Top Of The Line Dairy,38.846,-121.403,6287 East Catlett Road,Lincoln,Placer,95648,5S
11226,705538,Former D. Barcelos Dairy,38.314,-121.4249,12206 Bruceville Road,Elk Grove,Sacramento,95757,5S
11227,705539,"G. Simoes Dairy, Inc.",38.3281,-121.399,11758 Carroll Road,Elk Grove,Sacramento,95757,5S
11228,705540,Machado & Sons Dairy,38.3317,-121.3989,11735 Carroll Road,Elk Grove,Sacramento,95757,5S
11229,705541,SB Farms,38.3414,-121.3989,11431 Carroll Road,Elk Grove,Sacramento,95757,5S
11230,705543,Double D Dairy,38.3535,-121.4325,6213 Eschinger Road,Elk Grove,Sacramento,95757,5S
11231,705545,Pimentel Heifer Ranch/Double D Dairy #2,38.3632,-121.4459,10837 Franklin Boulevard,Elk Grove,Sacramento,95757,5S
11232,705547,"Joe Simoes & Sons Dairy, Inc.",38.3211,-121.4258,6900 Lambert Road,Elk Grove,Sacramento,95757,5S
11233,705548,Pearson and Coupe Dairy,38.253,-121.2739,11098 Boessow Road,Galt,Sacramento,95632,5S
11234,705549,Vanderspek Dairy,38.2598,-121.3372,13611 Christensen Road,Galt,Sacramento,95632,5S
11235,705551,TH Mello & Sons Dairy #2,38.238,-121.321,10090 Kost Road,Galt,Sacramento,95632,5S
11236,705552,Pacheco Dairy,38.27,-121.3132,13390 McFarland Avenue,Galt,Sacramento,95632,5S
11237,705553,Joe Vitoria Dairy,38.2711,-121.326,13340 Sargent Avenue,Galt,Sacramento,95632,5S
11238,705554,Ernie Moules Dairy,38.3065,-121.1796,12406 Clay Station Road,Herald,Sacramento,95638,5S
11239,705556,B & J Dairy #2,38.383,-121.2978,10300 Dillard Road,Wilton,Sacramento,95693,5S
11240,705557,Faria Dairy,38.2035,-121.2139,8450 East Jahant Road,Acampo,San Joaquin,95220,5S
11241,705558,Kooyman & Son Dairy,38.2074,-121.2335,6787 East Jahant Road,Acampo,San Joaquin,95220,5S
11242,705559,Matos Brothers Dairy,38.2331,-121.3027,26857 Ritz Road,Acampo,San Joaquin,95220,5S
11243,705560,Frank N. Rocha Dairy #2,37.8386,-121.0166,13999 Brennan Road,Escalon,San Joaquin,95320,5S
11244,705561,Mello Ranch,37.8901,-120.9792,27181 East Carter Road,Escalon,San Joaquin,95320,5S
11245,705562,Frank & Carol Borba Dairy,37.8566,-121.0005,25381 East Dodds Road,Escalon,San Joaquin,95320,5S
11246,705563,Manuel Da Silva Dairy (Henry Rd),37.8112,-120.9464,16551 South Henry Road,Escalon,San Joaquin,95320,5S
11247,705565,Brasil and Sons Dairy No 2,37.8272,-121.044,21728 East Lone Tree Road,Escalon,San Joaquin,95320,5S
11248,705566,Dasilva Dairy Farms LLC #2,37.8387,-121.0089,24628 East Mariposa Road,Escalon,San Joaquin,95320,5S
11249,705567,"Da Silva Dairy Farms, LLC #3",37.8427,-121.0137,24197 East Mariposa Road,Escalon,San Joaquin,95320,5S
11250,705568,Machado Dairy Farms #3,37.911,-121.1602,11685 East Mariposa Road,Stockton,San Joaquin,95215,5S
11251,705675,E.R. Prins Dairy #2,37.8773,-121.055,9931 Van Allen Road,Stockton,San Joaquin,95215,5S
11252,705677,E.R. Prins Dairy #1,37.8742,-121.0581,10385 South Van Allen Road,Stockton,San Joaquin,95215,5S
11253,705678,"Faria Dairy, Inc #1",37.845,-121.0628,13182 Robinson Road,Escalon,San Joaquin,95320,5S
11254,705680,Manuel & Jeanette Borges Dairy,37.8729,-121.0523,10408 Van Allen Road,Stockton,San Joaquin,95215,5S
11255,705681,Salvador Dairy (Seidner Rd),37.8004,-120.9504,17782 Seidner Road,Escalon,San Joaquin,95320,5S
11256,705683,Five Star Dairy,37.7697,-121.3873,20967 Paradise Road,Tracy,San Joaquin,95304,5S
11257,705688,Kisst Dairy #1,37.7812,-121.3457,20000 Cedar Avenue,Tracy,San Joaquin,95304,5S
11258,705689,Silva Brothers Dairy,37.7542,-121.3952,1999 East Grant Line Road,Tracy,San Joaquin,95304,5S
11259,705692,Fred A Douma Dairy Partnership,37.6955,-121.2972,28986 Kasson Road,Tracy,San Joaquin,95304,5S
11260,705694,Ornellas Dairy #2,37.7714,-121.4757,20634 South Lammers Road,Tracy,San Joaquin,95304,5S
11261,705764,Five H Farms #2,37.2109,-120.527,2163 Rahilly Road,Merced,Merced,95341,5S
11262,705768,Vander Woude Dairy,37.2189,-120.5163,1550 West Rahilly Road,Merced,Merced,95340,5S
11263,705775,Hawkins Ranch,37.3645,-120.9307,5301 North De Angelis Road,Stevinson,Merced,95374,5S
11264,705776,Silva Dairy Farms Heifer Facility,37.3154,-120.8966,1904 Edminster Road,Stevinson,Merced,95374,5S
11265,705779,Ornellas Dairy #1,37.7697,-121.4772,20749 South Lammers Road,Tracy,San Joaquin,95304,5S
11266,705780,Ornellas Dairy #3,37.7769,-121.4767,20246 South Lammers Road,Tracy,San Joaquin,95304,5S
11267,705783,Salvador Dairy (Reeve Rd),37.7714,-121.4994,20711 Reeve Road,Tracy,San Joaquin,95304,5S
11268,705785,Henry Tosta Dairy,37.7726,-121.4883,20662 San Jose Road,Tracy,San Joaquin,95304,5S
11269,705787,Robert Moniz Dairy,37.7186,-121.4654,12770 West Schulte Road,Tracy,San Joaquin,95377,5S
11270,705799,Diamond B Dairy #3,37.5191,-120.9407,8201 Mitchell Road,Ceres,Stanislaus,95307,5S
11271,705804,S & S Dairy #2,37.5439,-120.9898,300 East Barnhart Road,Ceres,Stanislaus,95307,5S
11272,705807,Double D Dairy,37.526,-120.9538,2207 Roberts Road,Ceres,Stanislaus,95307,5S
11273,705809,Frank J Bettencourt & Sons Dairy,37.5166,-120.9586,8331 Central Avenue,Ceres,Stanislaus,95307,5S
11274,705811,Agresti Heifer Ranch,37.5247,-120.9585,7725 Central Avenue,Ceres,Stanislaus,95307,5S
11275,705812,"Ackerman Dairy, Inc.",37.5368,-120.9561,6934 Central Avenue,Ceres,Stanislaus,95307,5S
11276,705821,Vio-Mar Dairy,37.1216,-121.0072,28543 Fahey Road,Gustine,Merced,95322,5S
11277,705823,Silveira Brothers Dairy #3,37.2568,-121.0252,29687 Fentem Road,Gustine,Merced,95322,5S
11278,705825,Mendonca Dairy,37.229,-120.9843,27435 Gun Club Road,Gustine,Merced,95322,5S
11279,705826,Tony Oliveira Jr. Dairy,37.2333,-120.9854,27434 Gun Club Road,Gustine,Merced,95322,5S
11280,705830,Double L & N Dairy,37.1512,-121.005,28471 West Hulen Road,Gustine,Merced,95322,5S
11281,705831,Double D Jerseys/Chateau Basque Jerseys,37.5121,-120.9787,937  El Katrina Lane,Ceres,Stanislaus,95307,5S
11282,705832,Bar Mac Dairy,37.2151,-120.9938,5070 South Hunt Road,Gustine,Merced,95322,5S
11283,705833,Duarte Acres Holsteins,37.5143,-120.9213,8413 Faith Home Road,Ceres,Stanislaus,95307,5S
11284,705834,Martins View Jersey Dairy,37.2694,-120.9963,1369 South Hunt Road,Gustine,Merced,95322,5S
11285,705837,Robert Gioletti & Sons Dairy #2,37.5073,-120.9659,10218 Fulkerth Road,Ceres,Stanislaus,95307,5S
11286,705839,Marchy Dairy,37.5659,-120.9799,943 East Grayson Road,Ceres,Stanislaus,95307,5S
11287,705840,P & D Dairy West,37.1587,-121.0233,29633 Husman Road,Gustine,Merced,95322,5S
11288,705841,James J. Oliveira,37.5221,-121.0037,730 West Monte Vista Avenue,Ceres,Stanislaus,95307,5S
11289,705842,P & D Dairy,37.1573,-120.9999,28209 Husman Road,Gustine,Merced,95322,5S
11290,705843,S & S Dairy Inc,37.5222,-120.9895,348 East Monte Vista Road,Ceres,Stanislaus,95307,5S
11291,705844,Azevedo Family Dairy,37.5222,-121.0059,1001 West Monte Vista Road,Ceres,Stanislaus,95307,5S
11292,705845,P & D Dairy North,37.1599,-121.0021,28366 Husman Road,Gustine,Merced,95322,5S
11293,705846,Luis C Nunes and Sons Dairy #1,37.1573,-121.0172,29191 West Husman Road,Gustine,Merced,95322,5S
11294,705850,Germano Soares Dairy #2,37.5329,-120.9484,2506 East Taylor Road,Ceres,Stanislaus,95307,5S
11295,705851,P & D Dairy South,37.1586,-121.0039,28399 Husman Road,Gustine,Merced,95322,5S
11296,705852,Hankal Trust Dairy,37.533,-120.9389,2912 East Taylor Road,Ceres,Stanislaus,95307,5S
11297,705854,Germann Bros Dairy,37.5366,-120.9764,1236 East Taylor Road,Ceres,Stanislaus,95307,5S
11298,705856,Nelson Farms,37.5145,-120.9172,5931 West Tuolumne Road,Ceres,Stanislaus,95307,5S
11299,705857,Double D Dairy #3,37.529,-120.9167,6031 W Zeering Road,Ceres,Stanislaus,95307,5S
11300,705858,RP Feedlot,37.459,-121.031,11467 S Carpenter Road,Crows Landing,Stanislaus,95313,5S
11301,705862,Gilbert Silva,37.4883,-120.9945,10342 Crows Landing Road,Crows Landing,Stanislaus,95313,5S
11302,705863,A. Vitoria Dairy,37.4324,-121.0124,14014 Crows Landing Road,Crows Landing,Stanislaus,95313,5S
11303,705864,Silveira Ranch K & R #2,37.5053,-120.9945,9120 Crows Landing Road,Crows Landing,Stanislaus,95313,5S
11304,706030,Avlan Family Farms,37.5077,-121.0212,1866 West Fulkerth Road,Crows Landing,Stanislaus,95313,5S
11305,706032,Edelweiss Dairy,37.5047,-121.0341,2306 West Fulkerth Road,Crows Landing,Stanislaus,95313,5S
11306,706034,"Silva Family Dairy, Inc.",37.5082,-121.0109,1301 West Fulkerth Road,Crows Landing,Stanislaus,95313,5S
11307,706035,Avlan Family Farms #2,37.5078,-121.0174,1713 West Fulkerth Road,Crows Landing,Stanislaus,95313,5S
11308,706036,Moonshine Dairy,37.3966,-121.015,22922 Kilburn Road,Crows Landing,Stanislaus,95313,5S
11309,706037,AM3 Dairy,37.4784,-121.0037,836 Linwood Ave,Crows Landing,Stanislaus,95313,5S
11310,706038,Art Silva and Son Dairy,37.4929,-120.9932,12636 W Main Ave,Crows Landing,Stanislaus,95313,5S
11311,706039,A&C Machado,37.4858,-121.0047,825 Ruble Road,Crows Landing,Stanislaus,95313,5S
11312,706046,K & R Blount Dairy,37.4854,-121.0033,624 Ruble Road,Crows Landing,Stanislaus,95313,5S
11313,706055,Haringa Dairy,37.5481,-120.7273,14842 East Keyes Road,Denair,Stanislaus,95316,5S
11314,706056,Machado and Sons Dairy,37.5511,-120.7784,11706 East Keyes Road,Denair,Stanislaus,95316,5S
11315,706057,Ahlem Farms Vista II,37.5451,-120.7646,5719 Merriam Road,Denair,Stanislaus,95316,5S
11316,706059,Ahlem Farms Vista,37.5371,-120.7748,6401 East Taylor Road,Denair,Stanislaus,95316,5S
11317,706060,Antonio and Maria Alberto Dairy,37.6166,-120.7735,11737 Blue Gum Road,Hickman,Stanislaus,95323,5S
11318,706061,John Jorge Dairy,37.5893,-120.829,3107 Berkeley Avenue,Hughson,Stanislaus,95326,5S
11319,706062,Berkeley Almond Ranch,37.551,-120.8326,8730 Keyes Road,Hughson,Stanislaus,95326,5S
11320,706063,Pete Postma Dairy #2,37.6673,-120.8519,1439 Albers Road,Modesto,Stanislaus,95357,5S
11321,706064,Pete Postma Dairy #1,37.6626,-120.8433,1412 Albers Road,Modesto,Stanislaus,95357,5S
11322,706065,F & M Areias Dairy,37.6573,-120.8479,1030 Albers Road,Modesto,Stanislaus,95357,5S
11323,706084,Diamond O Dairy,37.599,-121.0942,2743 Baker Road,Modesto,Stanislaus,95358,5S
11324,706087,Carl Ott & Sons Dairy,37.6037,-121.094,2437 Baker Road,Modesto,Stanislaus,95358,5S
11325,706088,"Wyeth Dairy, Inc.",37.6814,-121.129,7319 Beckwith Road,Modesto,Stanislaus,95358,5S
11326,706090,Durrer Dairy,37.6813,-121.1568,8861 Beckwith Road,Modesto,Stanislaus,95358,5S
11327,706091,Blue Star Dairy,37.6598,-121.0919,5254 Blue Gum Avenue,Modesto,Stanislaus,95358,5S
11328,706093,Live Oak Dairy E,37.1666,-121.0093,8450 CA-33,Gustine,Merced,95322,5S
11329,706094,John & Nicole Santos Dairy #2,37.2137,-121.0183,5245 South Hwy 33,Gustine,Merced,95322,5S
11330,706095,JB Dairy,37.1301,-120.9489,10860 South Ingomar Grade Road,Gustine,Merced,95322,5S
11331,706097,Skiff Ranch,37.8715,-121.0141,24323 East Skiff Road,Escalon,San Joaquin,95320,5S
11332,706099,Pires Dairy Farms,37.2658,-120.9842,1622 Kniebes Road,Gustine,Merced,95322,5S
11333,706100,Bartelink Dairy,37.8508,-121.0544,12475 South Van Allen Road,Escalon,San Joaquin,95320,5S
11334,706101,Tony & Fatima Garcia Dairy,37.6236,-121.1124,6419 California Avenue,Modesto,Stanislaus,95358,5S
11904,706102,Golden Sierra Jerseys Dairy,38.2037,-122.7466,10855 South Van Allen Road,Escalon,San Joaquin,95320,5S
11681,706103,Andrew Zylstra Dairy #2,37.5252,-121.0321,7801 Carpenter,Modesto,Stanislaus,95358,5S
11335,706104,Hidden Valley Dairy,37.2762,-120.9854,870 Kniebes Road,Gustine,Merced,95322,5S
11336,706107,Silva Brothers Dairy #3,37.9172,-121.0024,5601 Escalon-Bellota Road,Farmington,San Joaquin,95230,5S
11337,706110,Machado Dairy Farms #4,37.941,-120.9908,26298 Groves Road,Farmington,San Joaquin,95230,5S
11338,706111,River Oak Dairy,37.9247,-120.9476,29770 CA-4,Farmington,San Joaquin,95230,5S
11339,706113,Jose V. Silveira Dairy,37.1351,-121.0022,10652 Newsom Road,Gustine,Merced,95322,5S
11340,706114,Frank Azevedo II Dairy,37.2095,-121.0476,30998 Pfitzer Road,Gustine,Merced,95322,5S
11341,706115,Silva Brothers Dairy #2,38.2216,-121.1714,25723 North Elliot Road,Galt,San Joaquin,95632,5S
11342,706118,Luis Luis Heifers,37.2065,-121.0275,29960 Snyder Road,Gustine,Merced,95322,5S
11343,706119,Live Oak Dairy B,37.4117,-120.8739,21334 American Avenue,Hilmar,Merced,95324,5S
11344,706120,Countyline LLC,37.5261,-120.666,15453 East Monte Vista Ave,Denair,Stanislaus,95316,5S
11345,706121,Toledo Dairy,38.2267,-121.1706,26222 North Elliott Road,Galt,San Joaquin,95632,5S
11346,706122,Ahlem Farms Partnership,37.4119,-120.9269,24093 West American Avenue,Hilmar,Merced,95324,5S
11347,706123,U-BAR Dairy,38.2337,-121.1819,11100 East Liberty Road,Galt,San Joaquin,95632,5S
11348,706124,Vierra Heifer Ranch (Formerly Vierra Dairy Farms #4),37.4122,-120.9508,25511 West American Avenue,Hilmar,Merced,95322,5S
11349,706125,California Dairy Farms (CDF) Hilmar (formerly River Rock Ranches LLC),37.4114,-120.8153,18128 American Avenue,Hilmar,Merced,95324,5S
11350,706126,Larry B. Peterson Dairy,37.4116,-120.8718,21189 American Avenue,Hilmar,Merced,95324,5S
11351,706127,Dean and Olivia Shepherd Dairy,37.4139,-120.8976,22646 American Avenue,Hilmar,Merced,95324,5S
11352,706128,Joe Egli and Sons Dairy,37.4194,-120.8828,21810 West August Avenue,Hilmar,Merced,95324,5S
11353,706129,CMA Livestock #2,37.4192,-120.9215,23970 West August Avenue,Hilmar,Merced,95324,5S
11354,706131,Valentine Dairy,37.4042,-120.8622,20717 Bloss Avenue,Hilmar,Merced,95324,5S
11355,706132,CMC Jerseys LLC,37.4046,-120.9084,23204 Bloss Avenue,Hilmar,Merced,95324,5S
11356,706133,Joe Gomes Dairy #2,37.4047,-120.9169,23701 Bloss Avenue,Hilmar,Merced,95324,5S
11357,706134,Bill R Sousa Dairy,37.3922,-120.9587,7126 Central Avenue,Hilmar,Merced,95324,5S
11358,706135,Martins Bros Dairy,37.3776,-120.9595,6041 Central Avenue,Hilmar,Merced,95324,5S
11359,706136,Castelanelli Bros Dairy,38.0902,-121.322,401 West Armstrong Road,Lodi,San Joaquin,95242,5S
11360,706138,Woods Dairy,38.1082,-121.3508,14250 Devries Road,Lodi,San Joaquin,95240,5S
11361,706139,Frank Chaves & Sons Dairy #1,38.1016,-121.1554,13080 East Harney Lane,Lodi,San Joaquin,95240,5S
11362,706140,Frank Chaves & Sons Dairy #2,38.1026,-121.1689,12021 East Harney Lane,Lodi,San Joaquin,95240,5S
11363,706142,JJJ Dairy,38.0818,-121.2227,7575 North Live Oak Road,Lodi,San Joaquin,95240,5S
11364,706143,De Snayer Dairy,38.1961,-121.4173,23243 North Rond Road,Lodi,San Joaquin,95242,5S
11365,706159,Frank Teicheira & Son Dairy,37.7052,-121.239,27607 South Airport Way,Manteca,San Joaquin,95337,5S
11366,706160,Kisst Dairy #2,37.7448,-121.2496,23400 South Airport Way,Manteca,San Joaquin,95337,5S
11367,706165,J. Meneses & Sons Dairy,37.8233,-121.1546,12477 Jameson Road,Manteca,San Joaquin,95336,5S
11368,706168,Bettencourt & Borges Dairy,37.812,-121.1747,10700 East Louise Avenue,Manteca,San Joaquin,95336,5S
11726,706169,JM Machado Sisters Feedlot,37.8116,-121.1534,12700 East Louise Avenue,Manteca,San Joaquin,95336,5S
11369,706171,Van Groningen & Sons,37.8128,-121.1461,13293 East Louise Avenue,Manteca,San Joaquin,95336,5S
11370,706172,Melvin D. Luis Dairy,37.7737,-121.2428,20454 South Oleander Avenue,Manteca,San Joaquin,95337,5S
11371,706173,Gerrit Hofman Dairy,37.7197,-121.2475,4820 Perrin Road,Manteca,San Joaquin,95337,5S
11372,706174,F & S Brasil Dairy #2,37.7066,-121.2325,6052 Trahern Road,Manteca,San Joaquin,95337,5S
11373,706175,Frank Borges Heifer Ranch #2,37.6955,-121.2289,28533 Two Rivers Road,Manteca,San Joaquin,95337,5S
11374,706178,Raymond M. & Sue Quaresma Dairy,37.7155,-121.231,26290 S Union Road,Manteca,San Joaquin,95337,5S
11375,706179,Quaresma Ranch,37.7285,-121.2383,24897 South Union Road,Manteca,San Joaquin,95337,5S
11376,706186,Manuel & Jeannette Borges Dairy #2,37.8933,-121.0985,17463 East Gawne Road,Stockton,San Joaquin,95215,5S
11377,706189,Manuel & Maria Silva Dairy,37.9375,-121.1248,15420 East Hwy 4,Stockton,San Joaquin,95215,5S
11378,706190,J & M Silveira Dairy,37.915,-121.1429,5710 South Jack Tone Road,Stockton,San Joaquin,95215,5S
11379,706192,A. B. Brazil Dairy,37.8786,-121.0878,18338 East Mariposa Road,Stockton,San Joaquin,95215,5S
11380,706285,Arnaldo P. & Maria E. Avila Dairy,37.6136,-121.1432,8178 Paradise Road,Modesto,Stanislaus,95358,5S
11381,706299,Former Double S Ranch,37.5733,-121.0235,2007 West Redwood Road,Modesto,Stanislaus,95351,5S
11382,706306,Willem Postma Dairy #2,37.6849,-120.9169,3250 Santa Fe Avenue,Modesto,Stanislaus,95357,5S
11383,706310,Borba Dairy,37.5801,-121.029,4118 West Service Road,Modesto,Stanislaus,95358,5S
11384,706316,Ed Machado Dairy,37.5648,-121.1405,5015 Shiloh Road,Modesto,Stanislaus,95358,5S
11385,706318,Manuel Morris Dairy,37.5879,-121.1385,3647 Shiloh Road,Modesto,Stanislaus,95351,5S
11386,706324,"W-D Ranch, Inc.",37.6353,-121.1047,249 Texas Road,Modesto,Stanislaus,95358,5S
11387,706328,Tony Morris Dairy,37.5416,-121.0405,6506 Vivian Road,Modesto,Stanislaus,95358,5S
11388,706338,Manuel Soares and Sons Dairy,37.5355,-121.048,7018 Vivian Road,Modesto,Stanislaus,95351,5S
11389,706341,Raymond Alamo Dairy,37.5858,-121.0485,3505 Vivian Road,Modesto,Stanislaus,95358,5S
11390,706343,Morris Jersey Girls Dairy,37.5884,-121.0482,3299 Vivian Road,Modesto,Stanislaus,95358,5S
11391,706344,Joe Meirinho and Son Dairy,37.5909,-121.0601,3354 West Whitmore Avenue,Modesto,Stanislaus,95358,5S
11727,706345,Joe Meirinho Heifer Ranch,37.5912,-121.0216,1900 West Whitmore Avenue,Modesto,Stanislaus,95358,5S
11392,706375,Live Oak Dairy C,37.3485,-121.0492,25719 Hale Road,Newman,Stanislaus,95360,5S
11393,706383,Monster Dairy,37.3446,-121.0149,1054 Lundy Road,Newman,Stanislaus,95360,5S
11394,706384,Lopes Family Dairy,37.3473,-121.0037,25912 McClintock Road,Newman,Stanislaus,95360,5S
11728,706386,Silva Ranch,37.3009,-121.0597,2512 Shiells Road,Newman,Stanislaus,95360,5S
11395,706387,Antone L Gomes and Sons Dairy,37.333,-121.0188,519 East Stuhr Road,Newman,Stanislaus,95360,5S
11396,706388,Formerly: Westside Holsteins,37.3447,-121.0263,807 Villa Manucha Road,Newman,Stanislaus,95360,5S
11397,706391,Brum De Visser Dairy,37.7033,-120.8482,4500 Albers Road,Oakdale,Stanislaus,95361,5S
11398,706392,Manuel Furtado Dairy #2,37.7255,-120.7901,11070 Alvarado Road,Oakdale,Stanislaus,95361,5S
11399,706394,Ardis Farms,37.7151,-120.8242,9402 Alvarado Road,Oakdale,Stanislaus,95761,5S
11729,706395,Bond Road,37.7304,-120.7899,11043 Bond Road,Oakdale,Stanislaus,95361,5S
11400,706397,Crane Villa Dairy,37.735,-120.8802,6624 Crane Road,Oakdale,Stanislaus,95361,5S
11401,706398,6-X Dairy #2,37.7434,-120.8617,1940 Kaufman Rd,Oakdale,Stanislaus,95361,5S
11402,706400,Manuel Furtado Dairy #1,37.7186,-120.7748,5507 Ellenwood Road,Oakdale,Stanislaus,95361,5S
11403,706401,W. J. Dairy #1,37.7546,-120.7729,12142 Fogarty Road,Oakdale,Stanislaus,95361,5S
11404,706402,Langworth Dairy,37.7169,-120.8939,5306 Langworth Road,Oakdale,Stanislaus,95361,5S
11405,706403,KB Dairy #2,37.7159,-120.895,5237 Langworth Road,Oakdale,Stanislaus,95361,5S
11406,706405,DeSimas & Bairos Dairy,37.6984,-120.8173,4000 Oakdale-Waterford Highway,Oakdale,Stanislaus,95361,5S
11730,706406,Crane Villa Heifers,37.7304,-120.8899,5732 Patterson Road,Oakdale,Stanislaus,95361,5S
11407,706407,Dykzeul Dairy,37.778,-120.8907,5831 River Road,Oakdale,Stanislaus,95361,5S
11408,706408,Fmr: Nelson Silveira Dairy,37.7276,-120.8121,6133 Smith Road,Oakdale,Stanislaus,95361,5S
11409,706410,Former Manuel G Raulino Dairy,37.7422,-120.8208,9625 Warnerville Road,Oakdale,Stanislaus,95361,5S
11410,706413,Manuel Furtado Dairy #3,37.7236,-120.7826,11530 Alvarado Road,Oakdale,Stanislaus,95361,5S
11411,706414,J & T Kisst 2009 Irrevocable Trust DBA Paradise Dairy,37.7007,-120.8594,4206 Bentley Road,Oakdale,Stanislaus,95361,5S
11412,706415,Diniz-Teixeira Facility,37.5061,-121.1048,2254 Eucalyptus Avenue,Patterson,Stanislaus,95363,5S
11413,706416,"Azevedo Dairy, Inc.",37.5138,-121.1293,1343 Magnolia Avenue,Patterson,Stanislaus,95363,5S
11414,706420,Jose Soares Dairy #4,37.4127,-120.9488,9207 American Avenue,Hilmar,Stanislaus,95324,5S
11415,706421,John Zylstra Dairy,37.4628,-120.9672,3307 South Blaker Road,Turlock,Stanislaus,95380,5S
11416,706422,Sousa Heifer Ranch,37.4859,-120.9674,737 South Blaker Road,Turlock,Stanislaus,95380,5S
11417,706423,Ed Hirdes Dairy,37.4741,-120.9672,2131 South Blaker Road,Turlock,Stanislaus,95380,5S
11418,706424,DeMatos Dairy/NNRS Dairy,37.4837,-120.9696,931 South Blaker Road,Turlock,Stanislaus,95380,5S
11419,706427,McFarlane Farms,37.4489,-120.8661,1424 W Bradbury Rd,Turlock,Stanislaus,95380,5S
11420,706431,Carlos Estacio & Sons Dairy,37.4487,-120.9501,8930 West Bradbury Road,Turlock,Stanislaus,95380,5S
11421,706435,S. A. S. Dairy #2,37.4484,-120.9942,12712 West Bradbury Road,Turlock,Stanislaus,95380,5S
11422,706447,Live Oak Dairy G,37.4949,-120.9854,730 Bystrum Rd,Turlock,Stanislaus,95380,5S
11423,706449,John Verissimo Dairy,37.4343,-120.9679,6125 South Central Avenue,Turlock,Stanislaus,95380,5S
11424,706450,Double Cross Dairy,37.4285,-120.9586,7110 South Central Avenue,Turlock,Stanislaus,95380,5S
11425,706451,Staas Dairy #2,39.063,-121.4874,3748 Virginia Road,Wheatland,Yuba,95692,5S
11426,706453,Double Cross Dairy #4,37.437,-120.9573,6030 South Central Avenue,Turlock,Stanislaus,95380,5S
11427,706454,King Dairy,37.4419,-120.9582,5524 South Central Avenue,Turlock,Stanislaus,95380,5S
11428,706455,"Staas Farms, Inc.",39.0857,-121.4891,4501 Virginia Road,Marysville,Yuba,95901,5S
11429,706456,Luis Dairy,39.1439,-121.5236,6519 Griffith Avenue,Marysville,Yuba,95901,5S
11430,706459,Vieira Livestock,37.4582,-120.9558,3800 South Central Avenue,Turlock,Stanislaus,95380,5S
11431,706462,"Alden Peterson & Sons Dairy, Inc.",37.5061,-120.9585,1431 North Central Avenue,Turlock,Stanislaus,95380,5S
11432,706464,John Nunes Dairy #3,37.4814,-120.9093,5324 Clayton Road,Turlock,Stanislaus,95380,5S
11433,706466,Antonio Brasil Dairy,37.4848,-120.9126,818 South Commons Road,Turlock,Stanislaus,95380,5S
11434,706467,Blue Island Dairy,37.4355,-120.9122,5531 Ehrlich Road,Turlock,Stanislaus,95380,5S
11435,706472,Lockwood III Dairy,37.6709,-120.7112,15343 Tim Bell Road,Waterford,Stanislaus,95386,5S
11436,706473,"Diamond S Ranch, Inc.",37.6273,-120.6181,600 Roberts Ferry Road,Waterford,Stanislaus,95386,5S
11437,706474,Edy-Star Farms,37.6648,-120.7906,1437 Oakdale-Waterford Highway,Waterford,Stanislaus,95386,5S
11438,706477,Roestar Dairy,37.4506,-120.9673,10407 West Bradbury Road,Turlock,Stanislaus,95380,5S
11439,706494,Azevedo Dairy,37.4928,-120.9111,5437 West Main Street,Turlock,Stanislaus,95380,5S
11440,706496,Ray Souza Dairy,37.4929,-120.9793,11412 West Main Street,Turlock,Stanislaus,95380,5S
11441,706497,Arlinda Holsteins,37.4938,-120.9212,6325 West Main Street,Turlock,Stanislaus,95380,5S
11442,706498,Robert Gioletti & Sons Dairy,37.493,-120.9653,10213 West Main Street,Turlock,Stanislaus,95380,5S
11443,706499,Carl & Laurie Vieira Dairies,37.5026,-120.9403,1000 North Mitchell Road,Turlock,Stanislaus,95380,5S
11444,706502,Carl & Laurie Vieira Dairy #2,37.5068,-120.9404,1518 North Mitchell Road,Turlock,Stanislaus,95380,5S
11445,706503,Machado Dairy,37.4242,-120.9405,7413 South Mitchell Road,Turlock,Stanislaus,95380,5S
11446,706505,John Brasil Dairy #1,37.4686,-120.94,2613 South Mitchell Road,Turlock,Stanislaus,95380,5S
11447,706506,John Brasil Dairy #3,37.4769,-120.9401,1707 South Mitchell Road,Turlock,Stanislaus,95380,5S
11448,706507,Mulder Dairy,37.4712,-120.94,2230 South Mitchell Road,Turlock,Stanislaus,95380,5S
11449,706508,KMA Dairy,37.4878,-120.9763,539 South Morgan Road,Turlock,Stanislaus,95380,5S
11450,706509,Sallaberry Ranch,37.4405,-120.9763,5608 South Morgan Road,Turlock,Stanislaus,95380,5S
11451,706510,Alfred C Nunes Dairy,37.4434,-120.977,5119 South Morgan Road,Turlock,Stanislaus,95380,5S
11687,706511,A-C Vieira Dairy #3,37.4851,-120.9757,824 S Morgan,Turlock,Stanislaus,95380,5S
11452,706512,Jim Vieira Dairy,37.4704,-120.9277,2401 Newman Road,Turlock,Stanislaus,95380,5S
11453,706513,Ehrlich Dairy,37.4338,-120.9153,5725 Ehrlich Road,Turlock,Stanislaus,95380,5S
11454,706514,Sean Hodges Dairy,37.454,-120.9307,4218 South Prairie Flower Road,Turlock,Stanislaus,95380,5S
11455,706515,Silva's Holsteins,37.4295,-120.9266,6706 Elaine Road,Turlock,Stanislaus,95380,5S
11456,706516,Soderstrom Farms Feedlot,37.4871,-120.9188,648 South Faith Home Road,Turlock,Stanislaus,95380,5S
11457,706518,G. J. Silva #3,37.4525,-120.9309,4413 South Prairie Flower Road,Turlock,Stanislaus,95380,5S
11458,706519,Jim Vieira Dairy #2,37.4645,-120.9296,3100 South Prairie Flower Road,Turlock,Stanislaus,95380,5S
11459,706520,Johal Dairy,37.495,-120.9317,231 North Prairie Flower Road,Turlock,Stanislaus,95380,5S
11460,706522,A & G Azevedo Dairy,37.4964,-120.9312,536 North Prairie Flower Road,Turlock,Stanislaus,95380,5S
11461,706524,Gentle Breezes Dairy,37.4521,-120.9219,4419 South Faith Home Road,Turlock,Stanislaus,95380,5S
11462,706526,Lucas Dairy,37.5073,-120.9796,11204 Fulkerth Road,Turlock,Stanislaus,95380,5S
11463,706527,Joe Sousa Jr. Dairy,37.5072,-120.932,1519 North Prairie Flower Road,Turlock,Stanislaus,95380,5S
11464,706528,"Gioletti, Inc. Feedlot",37.5074,-120.9634,10007 Fulkerth Road,Ceres,Stanislaus,95307,5S
11465,706529,John Brasil Heifers,37.4634,-120.9253,6730 West Harding,Turlock,Stanislaus,95380,5S
11466,706531,Rivercrest Cattle Co.,37.5729,-121.1508,8608 Dos Rios Lane,Modesto,Stanislaus,95358,5S
11467,706532,G3 Enterprises,37.6622,-120.8183,9323 Dusty Lane,Modesto,Stanislaus,95357,5S
11468,706533,MHF Dairy,37.4888,-120.7896,501 South Story Road,Turlock,Stanislaus,95380,5S
11469,706536,D5 Farms,37.4376,-120.8861,5831 South Tegner Road,Turlock,Stanislaus,95380,5S
11470,706537,Nutcher Farms,37.5663,-121.0884,5213 West Grayson Road,Modesto,Stanislaus,95358,5S
11705,706538,Azevedo Farms,37.4432,-120.8864,5225 S Tegner Road,Turlock,Stanislaus,95380,5S
11471,706539,S & S Dairy,37.4861,-120.7761,619 South Vincent Road,Turlock,Stanislaus,95380,5S
11472,706541,J & R Areias Dairy,37.5024,-120.776,1109 North Vincent Road,Turlock,Stanislaus,95380,5S
11473,706543,Linhares Dairy,37.4528,-120.8705,4319 South Walnut Road,Turlock,Stanislaus,95380,5S
11731,706544,Kemper Road,37.6944,-120.8603,7231 Kemper Road,Modesto,Stanislaus,95357,5S
11474,706547,Alamo Farms,37.5474,-121.0873,5000 West Keyes Road,Modesto,Stanislaus,95358,5S
11475,706549,"J & J Toste Dairy, Inc.",37.4721,-120.8676,2207 South Walnut Road,Turlock,Stanislaus,95380,5S
11476,706551,"Bar Vee Dairy, Inc.",37.5202,-120.9036,3031 North Washington Road,Turlock,Stanislaus,95380,5S
11477,706552,Nature's Clover Dairy,37.7036,-120.89,4500 Langworth Road,Modesto,Stanislaus,95357,5S
11478,706554,CMC Landholdings LLC #1,37.4807,-120.9035,1318 South Washington Road,Turlock,Stanislaus,95380,5S
11479,706555,"Railside Jersey Farms, LLC",37.5396,-120.9019,6816 North Washington Road,Turlock,Stanislaus,95380,5S
11480,706556,Manuel & Maria Silva Dairy #2,37.4415,-120.8796,2800 White Road,Turlock,Stanislaus,95380,5S
11481,706558,Sousa Family Dairy,37.4522,-120.9943,12801 West Bradbury Road,Turlock,Stanislaus,95380,5S
11482,706559,TD6 Dairy,37.7013,-120.9076,4318 McGee Avenue,Modesto,Stanislaus,95357,5S
11483,706560,Martins Living Trust Dairy,37.6821,-120.8103,10043 Milnes Road,Modesto,Stanislaus,95367,5S
11484,706561,Lemos Jersey Dairy,37.6541,-120.7936,843 Helena Avenue,Waterford,Stanislaus,95386,5S
11485,706562,John W. Boere Dairy,37.6825,-120.831,8973 Milnes Road,Modesto,Stanislaus,95355,5S
11486,706572,6-X Dairy,37.6817,-120.8143,9848 Milnes Road,Modesto,Stanislaus,95357,5S
11487,706578,UC Davis Animal Science Dairy,38.537,-121.7588,201 Dairy Road,Davis,Yolo,95616,5S
11488,706579,Garcia's Registered Jerseys,37.5024,-120.7547,1018 Hickman Road,Turlock,Stanislaus,95380,5S
11489,706580,Germano Soares Dairy #1,37.4268,-120.9538,9201 Hilmar Road,Turlock,Stanislaus,95380,5S
11490,706582,Lucio Corral Cattle,37.4915,-120.9092,207 Holland Drive,Turlock,Stanislaus,95380,5S
11491,706583,Wickstrom Dairy Inc,37.4392,-120.8939,5612 Hultberg Road,Turlock,Stanislaus,95380,5S
11492,706584,Kooistra Dairy,37.4379,-120.8951,5837 Hultberg Road,Turlock,Stanislaus,95380,5S
11493,706586,Vitorino & Sons Dairy,37.4563,-120.874,3918 South Kilroy Road,Turlock,Stanislaus,95380,5S
11494,706587,Valley Cross Dairy,37.4781,-120.9595,1601 West Linwood Avenue,Turlock,Stanislaus,95380,5S
11495,706588,John Brasil Dairy #2,37.4772,-120.9523,9018 West Linwood Avenue,Turlock,Stanislaus,95380,5S
11496,706590,J-S Jiminez Dairy,37.4779,-120.8937,3928 West Linwood Avenue,Turlock,Stanislaus,95380,5S
11497,706591,John Nunes Dairy #2,37.4789,-120.8973,4207 W Linwood Avenue,Turlock,Stanislaus,95380,5S
11498,706945,Pepper Dairy,37.4916,-120.7215,13942 North Pepper Street,Turlock,Merced,95380,5S
11499,706947,Sited Oak Dairy,38.2334,-121.2265,26972 North Dustin Road,Acampo,San Joaquin,95220,5S
11500,711410,S & S Dairy,33.8104,-116.99,1655 North Ramona Boulevard,San Jacinto,Riverside,92582,8
11501,716991,Top Line Dairy #2,36.2009,-119.6854,18705 13th Ave,Hanford,Kings,93230,5F
11502,717358,Jiminez & Son Dairy,34.006,-117.6315,7938 Schaefer Avenue,Ontario,San Bernardino,91761,8
11665,719393,Lakeside Dairy,36.2275,-119.6132,8180 KENT AVENUE,Hanford,Kings,93230,5F
11503,720109,James & John Jongsma Dairy,33.999,-117.5887,9876 Edison Avenue,Ontario,San Bernardino,91762,8
11674,720745,CIRCLE H DAIRY,35.9434,-119.5513,36403 6TH AVENUE,CORCORAN,Kings,93212,5F
11504,726796,Clauss Dairy Farms,37.4049,-120.8778,21670 Bloss Avenue,Hilmar,Merced,95324,5S
11888,727168,DV Heifer Ranch,34.932,-117.1713,37501 Mountain View Road,Hinkley,San Bernardino,92347,6B
11505,727380,Gallo Willow Dairy,37.3312,-120.7966,2973 North Weir Avenue,Livingston,Merced,95334,5S
11506,727463,Fagundes Bros. Dairy #1,37.4954,-120.5302,2510 Turlock Road,Snelling,Merced,95369,5S
11507,727473,Double Creek Dairy,37.2712,-120.3725,1320 South Arboleda Drive,Merced,Merced,95340,5S
11508,727486,"Rodoni Dairy Farms, LP",37.0268,-120.8544,18089 Center Avenue,Los Banos,Merced,93635,5S
11509,727855,Vogt's Holstein Dairies #2,39.7891,-122.1132,7255 Cutler Avenue,Orland,Glenn,95963,5S
11510,727865,J & A Rocha Dairy #2,37.2331,-120.9943,3874 South Hunt Road,Gustine,Merced,95322,5S
11511,727867,R. V. Dairy,37.4295,-120.6331,8000 Meadow Drive,Winton,Merced,95388,5S
11512,727868,Dairy Central Heifers,37.4205,-120.9656,10119 West August Road,Turlock,Stanislaus,95380,5S
11513,727901,Yosemite Jersey Dairy,37.4005,-120.8799,21522 Geer Avenue,Hilmar,Merced,95324,5S
11514,730205,Hoekstra Dairy,37.7726,-120.7951,10836 Hwy 120,Oakdale,Stanislaus,95361,5S
11515,730591,Antero Borges Dairy,37.3198,-120.6235,2226 Hull Road,Atwater,Merced,95301,5S
11516,730622,Lourenco/Wickstrom Dairy #4,37.3423,-120.7829,16126 West Sunset Drive,Livingston,Merced,95334,5S
11517,730625,Sunwest Jersey Dairy,37.4072,-120.8911,22270 Bloss Avenue,Hilmar,Merced,95324,5S
11518,730634,N & C Silveira Dairy,37.4361,-120.8954,6025 Hultberg Road,Turlock,Stanislaus,95380,5S
11519,730673,Couchman Farms,37.5957,-121.0667,3107 Illinois Avenue,Modesto,Stanislaus,95358,5S
11520,731156,Da Silva LP Brennan Road,37.8362,-121.0164,13991 Brennan Road,Escalon,San Joaquin,95320,5S
11521,733096,Hillside Farms,39.6774,-122.2717,3719 County Rd C,Orland,Glenn,95963,5S
11522,733296,"New Hope Dairy, LLC",38.2474,-121.3434,9547 New Hope Road,Galt,Sacramento,95632,5S
11523,734423,Double Diamond Dairy,37.1121,-120.4835,505 East Washington Road,El Nido,Merced,95317,5S
11524,735378,Crossview Dairy,37.7344,-120.762,12530 Warnerville Road,Oakdale,Stanislaus,95361,5S
11525,735382,Nyman Brothers Dairy,37.4187,-120.8573,20445 August Avenue,Hilmar,Merced,95324,5S
11526,736896,Broder Farms,37.419,-120.8892,22245 August Avenue,Hilmar,Merced,95324,5S
11527,736922,Borba Dairy Farms,37.3659,-120.9571,5297 Kelley Road,Hilmar,Merced,95324,5S
11528,737319,Migliazzo & Sons Dairy,37.3568,-120.5514,3645 West Bradshaw Road,Atwater,Merced,95301,5S
11686,737325,Countryside Dairy,36.1654,-119.5307,4th Ave & Ave 208,Corcoran,Kings,93212,5F
11819,739597,Rijlaarsdam Feedlot,36.4173,-119.436,Avenue 360 & Road 60 (1.75 mi South),Traver,Tulare,93277,5F
11889,739632,Parreira Farms,36.0077,-119.3398,9995 Avenue 120,Pixley,Tulare,93256,5F
11529,743915,De Jong Bros Dairy,37.4983,-120.6851,11006 East Avenue,Ballico,Merced,95303,5S
11530,743931,Vista Verde Dairy,37.1582,-120.3877,8923 Bliss Road,Chowchilla,Merced,93610,5S
11531,743935,Charles Ahlem Ranch,37.4137,-120.9135,23546 West American Avenue,Hilmar,Merced,95324,5S
11532,743941,James Ahlem Dairy,37.4253,-120.869,9483 Columbus Avenue,Hilmar,Merced,95324,5S
11533,743944,Nylund Dairy Farms,37.397,-120.8582,20723 Geer Avenue,Hilmar,Merced,95324,5S
11534,743948,Vierra Dairy Farms,37.391,-120.9059,23160 Williams Avenue,Hilmar,Merced,95324,5S
11535,743949,140 Cattle Co.,37.3036,-120.7732,15751 West Hwy 140,Livingston,Merced,95334,5S
11536,743950,California Dairy Farms (CDF) Howard,37.3213,-120.7785,2363 North Howard Road,Livingston,Merced,95334,5S
11537,743981,Carlos C. Lourenco Dairy,37.2802,-120.6073,6558 Oak Avenue,Merced,Merced,95340,5S
11538,743987,Rock-Shar Dairy,37.1849,-120.4361,3025 East Sandy Mush Road,Merced,Merced,95340,5S
11539,744972,Mission Livestock,39.681,-122.1868,6569 County Rd 27,Orland,Glenn,95963,5S
11540,745165,Joe O Rocha Dairy Inc.,37.4478,-120.8211,18451 East Bradbury Road,Turlock,Merced,95380,5S
11541,745172,Joe Alves & Son Dairy,37.4873,-120.7031,13745 Newport Road,Turlock,Merced,95380,5S
11542,745179,3A Teixeira/Double Dutch Dairy,37.475,-120.7759,12926 North Vincent Road,Turlock,Merced,95380,5S
11543,745203,De Wit Dairy,38.2163,-121.2381,6610 East Collier Road,Acampo,San Joaquin,95220,5S
11544,745258,Red Rock Dairy,37.2116,-120.4697,5020 Hwy 59,Merced,Merced,95340,5S
11545,745264,JG Weststeyn Dairy,39.4279,-122.2798,5747 County Rd 65,Willows,Glenn,95988,5S
11546,745281,Vander Schaff Dairy #1,37.8508,-121.1132,12739 Murphy Road,Escalon,San Joaquin,95320,5S
11547,745284,G & H Dairy,37.808,-121.0309,16996 Sexton Road,Escalon,San Joaquin,95320,5S
11548,745349,Van Exel Dairy #1,38.1661,-121.3991,20002 North Thornton Road,Lodi,San Joaquin,95242,5S
11697,745390,Alston Farms Dairy 2,39.819,-122.1792,22954  Christian Road,Orland,Tehama,95963,5R
11549,745425,Dairy Central,37.3849,-120.9547,6626 North Central Avenue,Hilmar,Merced,95324,5S
11550,745430,Denizma Dairy,37.6674,-120.8787,6249 Parker Road,Modesto,Stanislaus,95355,5S
11551,745468,KB Dairy #1,37.7158,-120.8939,5254 Langworth Road,Oakdale,Stanislaus,95361,5S
11552,747361,Tadema Heifer Ranch,33.9759,-117.6097,931 Remington Ave,Chino,San Bernardino,91710,8
11670,749268,PHILIP VERWEY FARMS DAIRY,36.1856,-119.6892,19765 13TH AVENUE,HANFORD,Kings,93230,5F
11553,752320,Art Venegas Dairy - Euclid,34.0024,-117.6505,13835 Euclid Avenue,Ontario,San Bernardino,91762,8
11554,755742,Tadema Cattle Co - Edison,33.9972,-117.5732,10573 Edison Avenue,Ontario,San Bernardino,91761,8
11555,759008,Marquez - Walker Ave. Heifer Ranch,34.0005,-117.619,13975 Walker Avenue,Ontario,San Bernardino,91762,8
11556,759011,Gordon Dairy #2,33.99,-117.5671,14482 Scholar Way,Ontario,San Bernardino,91761,8
11557,759281,Bosch Heifer Ranch,34.0118,-117.6049,9145 Chino Avenue,Ontario,San Bernardino,91761,8
11558,763376,American Beef Packers,34.0043,-117.6334,7777 Schaefer Avenue,Ontario,San Bernardino,91761,8
11559,765780,Boys Republic Farm,33.9964,-117.7236,1907 Boys Republic Drive,Chino Hills,San Bernardino,91709,8
11676,766682,Harmsen Dairy,34.9128,-117.1387,23920 Community Blvd,Hinkley,San Bernardino,92347,6B
11886,766756,Alamo Mocho Ranch,34.9016,-117.1522,35987 Summerset Road,Hinkley,San Bernardino,92347,6B
11677,766761,High Desert Dairy,34.7446,-117.9537,9753 East Avenue F8,Lancaster,Los Angeles,93535,6B
11560,767903,Aggio Dairy Inc.,38.4392,-122.8259,5915 Hall Road,Santa Rosa,Sonoma,95401,1
11561,768243,DeBernardi Dairy,38.2755,-122.8026,7955 Valley Ford Road,Petaluma,Sonoma,94952,1
11562,768245,McClelland's Dairy,38.2556,-122.7575,6475 Bodega Avenue,Petaluma,Sonoma,94952,1
11563,768246,Renati Dairy,38.33,-122.8811,5950 Carroll Road,Petaluma,Sonoma,94952,1
11564,768247,Bucher Farms,38.5474,-122.8751,5285 Westside Road,Healdsburg,Sonoma,95448,1
11565,768248,Alexandre Acres,40.6005,-124.2321,210 Sage Road,Ferndale,Humboldt,95536,1
11566,768249,Sea Mist Organics,40.7312,-124.1822,761 Showers Road,Eureka,Humboldt,95503,1
11567,768250,Alexandre Ecodairy,41.8983,-124.1473,2250 Fred Haight Drive,Smith River,Del Norte,95567,1
11568,773616,Hansen Ranch,38.2687,-122.7766,2915 Pepper Road,Petaluma,Sonoma,94952,1
11569,773621,Beretta Dairy,38.3908,-122.7729,3233 Llano Road,Santa Rosa,Sonoma,95407,1
11570,773626,"Cahill Organic Dairy - Fulmor Road, Ferndale",40.6112,-124.2493,1073 Fulmor Road,Ferndale,Humboldt,95536,1
11571,773654,Charles D. Martin Dairy,41.5588,-122.8854,7712 North Highway 3,Fort Jones,Siskiyou,96032,1
11572,773657,Diamond W Ranch,38.3023,-122.8248,9420 Valley Ford Road,Petaluma,Sonoma,94952,1
11573,773658,Carinalli Dairy,38.3508,-122.7616,4905 South Gravenstein Highway,Sebastopol,Sonoma,95472,1
11574,773659,Hale Dairy,41.4945,-122.8967,441 Holzhauser Lane,Etna,Siskiyou,96027,1
11575,774644,Jim Walker Dairy,40.577,-124.1998,Waddington Road,Ferndale,Humboldt,95536,1
11576,774713,Mello Dairy,38.403,-122.7879,2700 Llano Road,Santa Rosa,Sonoma,95407,1
11577,775044,Mazzetta Dairy,38.2799,-122.7534,1798 Pepper Road,Petaluma,Sonoma,94952,1
11578,775046,Moretti Family Dairy,38.2777,-122.9398,3000 Whitaker Bluff Road,Petaluma,Marin,94952,1
11579,775054,Neil McIsaac & Son Inc.,38.2484,-122.8246,1315 Tomales Petaluma Road,Petaluma,Marin,94952,1
11580,775066,Palmer Westbrook Dairy,41.9253,-124.1481,125 West First Street,Smith River,Del Norte,95567,1
11581,775444,Rancho Laguna Dairy,38.4627,-122.8314,4106 Piner Road,Santa Rosa,Sonoma,95401,1
11582,775497,Reservation Ranch,41.9213,-124.1647,330 Sarina Road N,Smith River,Del Norte,95567,1
11583,775502,Justin Sandahl Dairy,41.6728,-122.5247,4515 Montague Grenada Road,Montague,Siskiyou,96064,1
11584,775508,Sarvinski Dairy,40.6011,-124.2716,411 Dillon Road,Ferndale,Humboldt,95536,1
11585,775511,Shinn Dairy,40.5798,-124.2043,1990 Waddington Road,Ferndale,Humboldt,95536,1
11586,775513,"Wetherell Ranch, Inc.",41.8943,-124.158,8300 Bailey Road,Crescent City,Del Norte,95531,1
11587,775626,Bordessa Dairy,38.3181,-122.9306,14055 Valley Ford Estero Road,Valley Ford,Sonoma,94972,1
11588,775652,Joseph Camozzi Dairy,38.3022,-122.7407,388 Mecham Road,Petaluma,Sonoma,94952,1
11589,775663,Correia Dairy,38.2824,-122.7405,1537 Pepper Road,Petaluma,Sonoma,94952,1
11590,775677,Richard Hughes Dairy,38.3517,-122.9516,16001 Bodega Highway,Bodega,Sonoma,94922,1
11591,775718,CSU Chico Dairy Facility,39.6903,-121.8242,311 Nicholas C Shouten Lane,Chico,Butte,95928,5R
11592,775833,Triple C Ranch,38.2811,-122.7641,2261 Pepper Road,Petaluma,Sonoma,94952,1
11593,776581,Ielmorini Moody Ranch,38.3161,-122.9127,1001 Middle Road,Petaluma,Marin,94952,1
11594,776593,McCall Dairy,38.2789,-122.9242,3989 Middle Road,Fallon,Marin,94952,1
11595,777120,Ocean Breeze Dairy,38.3163,-122.9428,13601 Valley Ford Cutoff,Bodega,Sonoma,94922,1
11596,777410,Radelfinger Dairy,40.5957,-124.2196,2001 State Highway 211,Ferndale,Humboldt,95536,1
11597,777425,Robert McClelland Dairy,38.3164,-122.8928,13200 Valley Ford,Petaluma,Sonoma,94952,1
11598,777428,Tedsen & Son Dairy,41.9068,-124.1704,355 Pala Road,Crescent City,Del Norte,95531,1
11599,777660,Brodt Dairy West,40.6002,-124.2607,1000 Bertelsen Lane,Ferndale,Humboldt,95536,1
11600,778506,Spring Hill Jersey Cheese,38.239,-122.7628,4235 Spring Hill Road,Petaluma,Sonoma,94592,1
11601,779747,Riverside Dairy,40.5976,-124.2905,469 Riverside Road,Ferndale,Humboldt,95536,1
11602,779775,Boldrini Dairy,40.6009,-124.2294,225 Sage Road,Ferndale,Humboldt,95536,1
11603,779800,"Cahill Organic Dairy - Goble Lane, Ferndale",40.6008,-124.2149,26 Goble Lane,Ferndale,Humboldt,95536,1
11604,779837,Coppini Lane Jerseys,40.5831,-124.2394,720 Coppini Lane,Ferndale,Humboldt,95536,1
11605,779853,Del Biaggio Dairy #2,40.6372,-124.2266,2710 Eel River Drive,Loleta,Humboldt,95551,1
11606,779855,Leonardi Dairy,40.5895,-124.2018,1291 Waddington Road,Ferndale,Humboldt,95536,1
11607,779864,Regli Jerseys,40.5815,-124.2332,500 Witman Lane,Ferndale,Humboldt,95536,1
11608,779868,Reas Creek Dairy,40.5937,-124.2893,2238 Port Kenyon Road,Ferndale,Humboldt,95536,1
11609,779876,M&N Miranda Dairy,40.578,-124.181,245 Renner Lane,Ferndale,Humboldt,95536,1
11610,779936,Scilacci Dairy,40.5198,-124.1507,200 Metropolitan Road,Fortuna,Humboldt,95540,1
11611,779954,Toste Dairy,40.606,-124.2744,890 Dillon Road,Ferndale,Humboldt,95536,1
11612,779957,Vevoda Holsteins Dairy,40.5506,-124.1718,255 Price Creek School Road,Ferndale,Humboldt,95536,1
11613,779971,Luke McCanless Dairy #1  (McCanless Home Dairy),40.5581,-124.2089,591 Crosby Rd,Ferndale,Humboldt,95536,1
11614,780113,Grizzly Bluff Holsteins,40.5565,-124.1676,6307 Grizzly Bluff Road,Ferndale,Humboldt,95536,1
11615,780162,Dotti Brothers Dairy,38.4167,-122.7886,1040 Irwin Lane,Santa Rosa,Sonoma,95401,1
11616,780176,Perucchi Dairy,38.3541,-122.9523,16000 Bodega Highway,Bodega,Sonoma,94922,1
11617,780179,Steve Riebli Dairy,38.3571,-122.801,1615 Cunningham Road,Sebastopol,Sonoma,95472,1
11618,780183,Del Mar Farms,38.9669,-123.7054,44700 Biaggi Road,Manchester,Mendocino,95459,1
11619,780189,Mello Farms,38.4038,-122.7753,1811 Ludwig Avenue,Santa Rosa,Sonoma,95407,1
11620,780190,Mountain View Jerseys,38.3282,-122.9363,15000 Highway 1,Valley Ford,Sonoma,94972,1
11621,780339,Deer Valley Dairy West,38.296,-122.7947,1170 Walker Road,Petaluma,Sonoma,94952,1
11622,780343,Deer Valley Dairy East,38.295,-122.7881,1054 Walker Road,Petaluma,Sonoma,94952,1
11623,780472,O'Neil Dairy,40.6446,-124.2636,1875 Cannibal Island Road,Loleta,Humboldt,95551,1
11624,780475,JS Moreda Dairy,38.2731,-122.8999,28900 Highway 1,Tomales,Marin,94971,1
11625,780478,Riverside Ranch (Boynton Dairy),40.5983,-124.2809,815 Riverside Road,Ferndale,Humboldt,95536,1
11626,780632,TerriLinda Dairy,38.3463,-122.7383,5368 Stony Point Road,Cotati,Sonoma,94931,1
11627,780680,Joe Pinheiro Dairy,38.4272,-122.8024,699 Piezzi Road,Santa Rosa,Sonoma,95401,1
11628,780688,Niles Ranches,40.6432,-124.2488,1111 Cannibal Island Road,Loleta,Humboldt,95551,1
11629,780770,John Mattos Dairy - Diamond M Valley Dairy - Pepper Road,38.2873,-122.7524,1795 Pepper Road,Petaluma,Sonoma,94952,1
11630,780773,John Mattos Dairy - Diamond M Dairy - Hammel Road,38.2999,-122.7613,602 Hammel Road,Petaluma,Sonoma,94952,1
11631,780831,Michael A. Boynton Dairy,40.6033,-124.2783,610 Dillon Road,Ferndale,Humboldt,95536,1
11632,780837,Avelar Brothers Dairy,40.617,-124.2638,647 Nissen Road,Ferndale,Humboldt,95536,1
11633,780839,Willow Creek Jerseys,38.3128,-122.8474,6687 Moro Street,Petaluma,Sonoma,94952,1
11634,780910,Robert Hansen Dairy,40.5482,-124.1642,6950A Grizzly Bluff Road,Ferndale,Humboldt,95536,1
11635,781092,Jordan Creek Family Partnership - Both Properties,41.7894,-124.1499,2300 Elk Valley Road,Crescent City,Del Norte,95531,1
11636,781094,Fern Vallee Farms,40.6193,-124.2122,4337 Eel River Drive,Fortuna,Humboldt,95540,1
11637,781096,Borges Dairy,41.8925,-124.146,2445 Fred Haight Drive,Smith River,Del Norte,95567,1
11638,781101,Green Acres Dairy,40.5724,-124.1874,595 Pleasant Point Road,Ferndale,Humboldt,95536,1
11639,781168,"George Bianchi, Inc. Home Ranch",38.265,-122.7738,3151 Pepper Road,Petaluma,Sonoma,94952,1
11640,781183,Joe Matos Cheese Factory,38.3834,-122.7743,3669 Llano Road,Santa Rosa,Sonoma,95407,1
11641,781195,Duncan Dairy,38.2256,-122.8177,1265 Tomales Road,Petaluma,Marin,94952,1
11642,781196,Jones Family Dairy,38.3793,-122.6474,4709 Guenza Road,Santa Rosa,Sonoma,95404,1
11643,781198,Del Biaggio Dairy,40.5939,-124.2461,3155 Highway 211,Ferndale,Humboldt,95536,1
11644,781492,Gillian's Dairy,38.2541,-122.7373,4000 Middle Two Rock Road,Petaluma,Sonoma,94952,1
11645,781494,Lois Byrns Dairy,41.2924,-124.0519,535 Drydens Road,Orick,Humboldt,95555,1
11646,782059,Couco Creek Dairy,37.4613,-120.9078,3303 South Washington Road,Turlock,Stanislaus,95381,5S
11885,786176,UC Davis Research Center,32.8046,-115.4475,1004 East Holton Road,El Centro,Imperial,92243,7
11647,786629,Ferreira Dairy,40.8981,-124.1189,4530 Lanphere Road,Arcata,Humboldt,95521,1
11648,788929,McClelland Dairy West,38.3587,-122.7634,5000 Llano Road,Sebastopol,Sonoma,95472,1
11649,791458,Silva Family Dairy,38.231,-122.8616,1599 Cerini Road,Tomales,Marin,94971,2
11650,803515,Bootsma Silva Farms,33.7959,-117.0337,541 North Warren Road,San Jacinto,Riverside,92582,8
11651,807587,Charleston Road Dairy,36.9839,-120.8472,19556 W Charleston Rd,Los Banos,Merced,93635,5S
11887,808462,Green Valley Farm,34.903,-117.1247,24707 Community Blvd,Hinkley,San Bernardino,92347,6B
11900,809308,DeJager Dairy Heifer Facility,37.1183,-120.4238,11525  Knowles Road,El Nido,Merced,95317,5S
11652,810786,Kruppa-Plett Facility,37.4552,-120.828,18851 East Clausen Road,Turlock,Merced,95315,5S
11653,811589,OK Cattle - Eucalyptus,33.9903,-117.6505,7278 1/2 Eucalyptus Avenue,Ontario,San Bernardino,91710,8
11820,811979,JL Fragoso Cattle Company,36.2979,-119.5991,7871  Houston Avenue,Hanford,Kings,93230,5F
11654,813107,Mello 3 Llano Oaks Dairy,38.3764,-122.7701,3915 Llano Road,Santa Rosa,Sonoma,95407,1
11655,818236,JNM Dairy,37.6058,-121.1363,7742 Paradise Road,Modesto,Stanislaus,95358,5S
11656,820995,Vogts Dairy #3,39.8118,-122.1395,485 Capay Road,Orland,Tehama,95963,5S
11732,823603,"J & T Cattle Company, Inc",37.6161,-120.4994,27552 Lake Road,La Grange,Stanislaus,95329,5S
11657,823819,Albin Livestock,40.5986,-124.2595,1009 Bertelsen Lane,Ferndale,Humboldt,95536,1
11821,829113,Grimmius Cattle Company - West Ranch,36.1063,-119.9347,26020  Omaha Avenue,Kettleman City,Kings,93239,5F
11658,829568,OK Cattle - Schaefer,34.0017,-117.6504,13831 Euclid,Ontario,San Bernardino,91762,8
11659,831006,Gerald Spaletta Dairy,38.2855,-122.6517,500 Ormsby Lane,Petaluma,Sonoma,94954,2
11660,831008,Volpi Dairy Inc.,38.1814,-122.67,5450 Red Hill Road,Petaluma,Sonoma,94952,2
11661,831010,Harley Farms Inc.,37.2566,-122.3712,205 North St,Pescadero,San Mateo,94060,2
11893,841968,Aguiar Feedlot / Former Dairy,38.9178,-121.2831,2443  McCourtney Road,Lincoln,Placer,95648,5S
11822,844515,Tulare County Stockyard,36.4867,-119.3569,9641  Avenue 384,Dinuba,Tulare,93618,5F
11782,848725,Massaro Heifer Facility (H-1),37.0503,-120.2493,20691 Road 16,Chowchilla,Madera,93610,5F
11783,848730,Mandala Heifer Facility (H-2),37.0425,-120.2683,15321 Avenue 20,Chowchilla,Madera,93610,5F
11784,848991,Homeland Cattle LLC,35.9455,-119.562,36409 6th Ave,Corcoran,Kings,93212,5F
11785,849066,MSFD Feedlot,36.1393,-119.2974,19257 Rd. 124,Tulare,Tulare,93272,5F
11823,849067,Van Dyk Cattle Co.,36.4271,-119.5987,3275 South 8th Avenue,Hanford,Kings,93230,5F
11824,849069,West Lake Cattle Company LLC,36.1708,-119.7391,20251  14 1/2 Avenue,Stratford,Kings,93266,5F
11786,849115,White Ranch (Island Heifers),35.9358,-119.5436,35563 6th Avenue,Corcoran,Kings,93212,5F
11825,849142,Proctor,37.1001,-120.2949,24220  Road 14,Chowchilla,Madera,93610,5F
11826,849178,A & B Heifer Ranch,35.9833,-119.4661,4725  Avenue 108,Corcoran,Tulare,93212,5F
11827,849180,Frings Ranch #1,36.1425,-119.24,14998  Avenue 192,Tulare,Tulare,93274,5F
11828,849207,Grimmius Cattle Company - Home Ranch,36.2029,-119.56,5715  Kansas Avenue,Hanford,Kings,93230,5F
11787,849259,Bar E Heifer Ranch,36.3727,-119.5678,6058 Flint AVE,Hanford,Kings,93230,5F
11829,849283,AJF Heifer Ranch,37.081,-120.2849,22800  Road 14 1/2,Chowchilla,Madera,93610,5F
11830,849289,Overland Stock Yard,36.3197,-119.6172,10565  9th Avenue,Hanford,Kings,93230,5F
11831,849293,Outback Ranch,36.2933,-119.4843,12202  1st Avenue,Hanford,Kings,93230,5F
11832,849488,Pahrump Heifer Ranch,36.156,-119.7321,15362  Manteca Avenue,Stratford,Kings,93266,5F
11788,849493,Echeverria Feedlot,35.206,-119.0949,8529 Bear Mountain Blvd.,Bakersfield,Kern,93313,5F
11833,849495,Pond Heifer Ranch,35.726,-119.4245,11695  Jumper Avenue,Wasco,Kern,93280,5F
11769,849533,Robinson Calf Ranch,35.2793,-118.9936,1001 E. Hosking Ave,Bakersfield,Kern,93307,5F
11789,849534,Robinson Feedlot,35.206,-119.0817,7347 Bear Mountain Blvd.,Bakersfield,Kern,93383,5F
11834,849535,Fresno Livestock,36.6477,-119.8005,559 West Lincoln Avenue,Fresno,Fresno,93706,5F
11763,849538,Bar VP Feedlot,35.9567,-119.3399,9181 Road 104,Pixley,Tulare,93256,5F
11770,849544,Gist Heifer Ranch,36.2526,-119.3792,2299 W Oakdale,Tulare,Tulare,93274,5F
11764,849589,Gold Star Cattle Ranch #2,36.126692,-119.436894,5978 Avenue 184,Tulare,Tulare,93274,5F
11835,849594,L & J Vanderham Heifer Ranch,35.9908,-119.5233,2373  Avenue 112,Corcoran,Tulare,93212,5F
11771,849597,Koetsier Family Trust Feedlot,36.2131,-119.4145,7116 Ave 232,Tulare,Tulare,93274,5F
11836,849646,SBS Ag Heifers 68,36.1522,-119.4196,19972  Road 68,Tulare,Tulare,93274,5F
11837,849654,Tulare Sales Yard Inc.,36.1674,-119.3378,4013 South K Street,Tulare,Tulare,93274,5F
11838,849658,Frank Pires Heifers,36.2388,-119.4363,5784  Cartmill Avenue,Tulare,Tulare,93274,5F
11839,849663,Jason & Julie Starr,36.1728,-119.7842,18039  Lakeview Avenue,Stratford,Kings,93266,5F
11790,849725,3H Cattle Co.,36.1828,-119.5593,19690 6th AVE,Corcoran,Kings,93230,5F
11840,849732,Nevada Heights,36.1649,-119.6695,21001  10 1/2 Avenue,Hanford,Kings,93230,5F
11841,849746,Merritt Ranch Feedlot,35.9975,-119.219,11307  Road 160,Pixley,Tulare,93256,5F
11842,849808,Mendes Calf Ranch #1,36.0964,-119.2747,13356  Avenue 168,Tipton,Tulare,93272,5F
11843,849812,CalfTech Corp #2,36.0329,-119.2459,14799  Avenue 136,Tipton,Tulare,93272,5F
11844,849821,Visalia Livestock Market,36.3356,-119.2813,733 North Ben Maddox Way,Visalia,Tulare,93292,5F
11845,849822,Guess Cattle,36.1709,-119.2488,14498  Avenue 208,Tulare,Tulare,93274,5F
11699,850244,Fagundes Feedlot,37.1276,-120.5285,West El Nido Rd and Newhall Rd,El Nido,Merced,95317,5S
11733,850245,Mendes Heifer Ranch,37.1898,-121.0395,30424 Cottonwood Road,Gustine,Merced,95322,5S
11896,850249,Hills Ferry Ranch,37.3537,-120.9862,26750  River Road,Newman,Stanislaus,95360,5S
11734,850261,J & R Areias Heifers,37.4566,-120.8102,17904 East Clausen Road,Turlock,Stanislaus,95380,5S
11735,850264,Dos Palos Y Auction Yard,37.046,-120.636,16575 State Hwy 33,Dos Palos,Merced,93620,5S
11892,850268,Campbell Heifer Facility,37.8345,-120.9797,14303  Campbell Road,Escalon,San Joaquin,95320,5S
11736,850272,Martins Farm Heifer Ranch,37.7105,-121.1551,8725 Kiernan Avenue,Modesto,Stanislaus,95358,5S
11737,850273,Hidden Valley Heifer Ranch,37.5753,-121.155,8601 Dos Rios Lane,Modesto,Stanislaus,95358,5S
11738,850274,River View Ranch,37.5248,-121.069,8418 Jennings Road,Modesto,Stanislaus,95358,5S
11700,850275,Kadota Heifer Facility (Double B Feedlot #2),37.2655,-120.3361,8333 E Kadota Ave,Le Grand,Merced,95333,5S
11704,850276,Mendes Facility,39.5842,-122.014,8116 County Road 39,Glenn,Glenn,95943,5S
11739,850277,Cattlemen's Livestock Market,38.3042,-121.3168,12495 Stockton Boulevard,Galt,Sacramento,95632,5S
11740,850278,Antonio Azevedo Heifer Ranch,37.1418,-120.5026,511 West Roosevelt Road,El Nido,Merced,95317,5S
11713,850281,Trinkler Heifer Ranch,37.4576,-120.9877,12337 Clausen Rd,Crows Landing,Stanislaus,95313,5S
11711,850283,A & A Cattle R2,37.8642,-120.9432,11300 S. Henry Road,Farmington,San Joaquin,95230,5S
11706,850288,Nunes Farms,37.5405,-121.0304,6801 S Carpenter RD,Modesto,Stanislaus,95359,5S
11741,850289,R & R Ranch,37.7369,-120.8898,6654 Langworth Road,Oakdale,Stanislaus,95361,5S
11707,850290,Lone Tree Heifer Ranch,37.1995,-120.5795,6049 Lone Tree Rd,Merced,Merced,95341,5S
11742,850299,Eleanor Ranch,37.725,-120.9062,5954 Eleanor Road,Oakdale,Stanislaus,95361,5S
11743,850300,Monte Vista Feedlot,37.5203,-121.0082,936 West Monte Vista,Ceres,Stanislaus,95307,5S
11744,850301,Lowe Cattle Company Inc.,39.7571,-122.2589,5921 County Road 11,Orland,Glenn,95963,5S
11708,850303,Azevedo Canton Heifer Ranch,37.2023,-120.4695,5832 S State Hwy 59,Merced,Merced,95341,5S
11709,850306,Arboleda Heifer Ranch (Double D Feedlot #1),37.2626,-120.3795,1751 S Arboleda Dr,Merced,Merced,95341,5S
11745,850307,A & A Cattle/Raymar Farms,37.8567,-120.9135,4064 Dodds Road,Oakdale,Stanislaus,95361,5S
11746,850308,Calf Tech Depot,37.5102,-120.7908,1818 North Gratton Road,Turlock,Stanislaus,95382,5S
11747,850310,Broken Box Ranch,39.2052,-122.1669,3168 Delphos Road,Williams,Colusa,95987,5S
11714,850311,Lander Heifer Ranch,37.4426,-120.8533,10567 Lander Ave,Turlock,Merced,95380,5S
11710,850313,County Line Cattle,37.0838,-120.5384,2002 Highway 152,El Nido,Merced,95317,5S
11748,850315,Art Silva Heifer Facility,37.4922,-121.03,2206 West Main Street,Crows Landing,Stanislaus,95313,5S
11749,850316,"Turlock Livestock Auction Yard, Inc.",37.4392,-120.848,10430 Lander Avenue,Hilmar,Merced,95324,5S
11750,850318,Ahlem Foothill Farms - Crows Landing,37.4633,-121.0152,806 Harding Road,Crows Landing,Stanislaus,95313,5S
11751,850460,"JM & Daughters, Inc. (JM Dairy Feedlot)",37.832,-121.1651,14510 Prescott Road,Manteca,San Joaquin,95336,5S
11760,852323,Tillema Cattle Company,35.231,-119.0054,13601 South Union Avenue,Bakersfield,Kern,93307,5F
11846,852732,Sill Feedlot,35.4686,-119.3153,18811  Scaroni Avenue,Shafter,Kern,93263,5F
11897,853510,Coupe Ranch,38.3379,-121.2662,11251  Arno Road,Galt,Sacramento,95632,5S
11903,853688,Manuel & Joann Alvernaz,37.5115,-120.9878,501  El Katrina Lane,Ceres,Stanislaus,95307,5S
11894,853696,John Azevedo,37.5199,-121.1142,1337  Magnolia Avenue,Patterson,Stanislaus,95363,5S
11752,854041,Uptite Feedlot,38.2811,-121.1751,13253 Angrave Road,Herald,Sacramento,95638,5S
11701,854063,Escalon Livestock Market,37.829,-120.996,25525 E Lone Tree Rd,Escalon,San Joaquin,95320,5S
11772,854398,Narciso Ranch,36.164,-119.3591,4677 S Pratt St,Tulare,Tulare,93274,5F
11791,854399,Manuel Leal & Son Heifer Ranch,36.2027,-119.4189,Avenue 228 & Road 68,Tulare,Tulare,93274,5F
11847,854552,Todd Ventura,36.6663,-119.7974,4630 South Fig Avenue,Fresno,Fresno,93706,5F
11848,856012,DB Ranch,36.4447,-119.275,35952  Road 132,Visalia,Tulare,93292,5F
11849,856015,Fontes Heifer Ranch,36.4734,-119.8266,18109 South Fruit Avenue,Riverdale,Fresno,93656,5F
11850,856063,Teunissen Ranch,36.1835,-119.2487,14336  Avenue 216,Tulare,Tulare,93274,5F
11851,856069,Contente and Company Heifers,36.3918,-119.8148,5735 20th Avenue,Riverdale,Kings,93656,5F
11753,856103,Frank Borges Heifer Ranch,37.7238,-121.3179,1088 West Wright Road,Tracy,San Joaquin,95376,5S
11754,856107,"Souza Farms, Inc",37.2704,-121.0587,1197 Schmidt Road,Gustine,Merced,95322,5S
11755,856127,Vintage Angus Ranch,37.7305,-120.5985,6451 Crabtree Road,Waterford,Stanislaus,95386,5S
11891,856169,Blue Star Heifer Ranch,37.7004,-120.8332,8705  Rice Road,Oakdale,Stanislaus,95361,5S
11702,856171,Androgenics,37.8006,-120.8642,11240 26 Mile Rd,Oakdale,Stanislaus,95361,5S
11756,856189,Modoc Auction Yard,41.4946,-120.5811,38595 Hwy 299,Alturas,Modoc,96101,5S
11757,856692,Vierra Heifer Feedlot #2,37.3912,-120.9325,7057 Prairie Flower Road,Hilmar,Merced,95324,5S
11792,857574,Gary Zysling Heifer Ranch,36.4714,-119.4073,7437 373 AVE,Dinuba,Tulare,93618,5F
11715,859132,Wickstrom-Caetano Feedlot,37.3759,-120.9135,23464 Turner AVE,Hilmar,Merced,95324,5S
11852,859614,Western Stockman's Market,35.5998,-119.2125,31911  Highway 46,Mcfarland,Kern,93250,5F
11853,860081,Cruz Family Trust Feedlot,35.1635,-118.9076,4501  Kenmar Lane,Arvin,Kern,93203,5F
11773,860589,Double R Ranch,36.2173,-119.4378,6059 Avenue 236,Tulare,Tulare,93274,5F
11854,860755,Triple D Dairy & Feedlot,36.3753,-119.6984,13th Avenue and Flint Avenue,Hanford,Kings,93230,5F
11712,862104,Prins Heifer Facility,37.9058,-121.0565,6901 S. Van Allen Rd,Stockton,San Joaquin,95215,5S
11716,862105,Albert Mendes Carpenter Feedlot,37.47,-121.0361,NW corner of Carpenter and Harding Roads,Crows Landing,Stanislaus,95313,5S
11703,862349,Jose Avila Heifers,37.5136,-120.9468,2618 E Tuolumne RD,Ceres,Stanislaus,95307,5S
11855,863481,Jersey Avenue Feedlot,36.2411,-119.8052,19256  Jersey Avenue,Lemoore,Kings,93245,5F
11856,865743,Pacheco & Associates II Heifer Ranch,36.2657,-119.4611,26301  Road 52,Tulare,Tulare,93274,5F
11857,866954,Prime Cattle LLC,36.1807,-119.2446,14529  Avenue 216,Tulare,Tulare,93274,5F
11758,870336,JLG,37.7581,-120.7887,11116 Sierra  Road,Oakdale,Stanislaus,95361,5S
11911,856170,Performance Cattle Co.,37.519,-120.75005,8840 East Monte Vista Avenue,Denair,Stanislaus,95316,5S
11909,850522,"Farmers Livestock Market, Inc.",37.72758,-120.84089,6001  Albers Road,Oakdale,Stanislaus,95361,5S
11910,220769,De Jong Feedlot,36.462274,-119.29467,NE Corner of Ave 368 and Road 124,Visalia,Tulare,93291,5F
11902,203994,former A O DAIRY,36.63447167,-119.8625206,6949 South Brawley Avenue,Fresno,Fresno,93706,5F
11907,205927,former REIS DAIRY (CLOSED),37.126716,-120.329488,25842  Road 12,Chowchilla,Madera,93610,5F
11912,205941,GALHANDRO DAIRY (former Gabriel A. Silveira Dairy),36.22948,-119.58421,16680  7th Avenue,Hanford,Kings,93230,5F
11913,208680,Bar 20 Dairy Ranch #1,36.730063,-119.869289,4260  Madison Avenue,Fresno,Fresno,93706,5F
11914,209398,Bettencourt Dairy,36.982519,-121.471086,4790 Pacheco Pass Highway,Gilroy,Santa Clara,95020,3
11915,209407,Bettinelli Dairy,38.24443,-122.538373,4695  Old Adobe,Petaluma,Sonoma,94954,2
11916,209968,Boersma Inc.,33.985942,-117.62848,14746  Grove,Chino,San Bernardino,91762,8
11917,210506,Brommer Dairy,34.005903,-117.627008,13605  Grove,Ontario,San Bernardino,91761,8
11918,212442,Cabral Dairy,36.8749472,-120.1122161,8612  Road 24,Madera,Madera,93637,5F
11919,212593,Calftech (CR),34.006731,-117.644747,7316  Schaefer,Chino,San Bernardino,91710,8
11920,212594,CalfTech Corp #1,36.08391,-119.254757,14180  Ave 160,Tipton,Tulare,93272,5F
11921,212890,Frank Lourenco Dairy,36.4145759,-119.697533,4024  13 1/4 Avenue,Hanford,Kings,93230,5F
11922,213097,Canyon Holsteins Dairy,34.01276,-117.183191,12848  San Timoteo Canyon,Redlands,San Bernardino,92373,8
11923,213396,M & M Carvalho Trust Ranch,37.397907,-120.914962,23570 West Geer Avenue,Hilmar,Merced,95324,5S
11924,214034,Chris Chaney Dairy,36.6427501,-120.2043431,6240 South El Dorado Avenue,San Joaquin,Fresno,93660,5F
11925,215706,Cordeniz Ranch,36.2502285,-119.3334984,3999 North Blackstone,Tulare,Tulare,93274,5F
11926,218989,former PAIM DAIRY (CLOSED),36.591508,-119.89863,9890 S Hayes Avenue,Raisin City,Fresno,93652,5F
11927,219087,former DANIELI BROS DAIRY,37.038199,-120.315069,12778  Avenue 20,Chowchilla,Madera,93610,5F
11928,219200,David Vander Schaaf Dairy-Chin,34.012541,-117.622802,8350  Chino,Ontario,San Bernardino,91761,8
11929,220502,Don Van Dam Dairy,33.99853,-117.646702,7244  Edison,Chino,San Bernardino,91710,8
11930,220952,former FLYING W DAIRY (CLOSED),36.5762105,-119.8939027,5680 West Floral Avenue,Caruthers,Fresno,93609,5F
11931,223965,F & B Ranches Feedlot (closed),36.64589,-119.99591,11101 West Lincoln Avenue,Fresno,Fresno,93706,5F
11932,223972,Dina Simas Property,36.371734,-119.719938,14672  Flint Avenue,Hanford,Kings,93230,5F
11933,224013,former EFREN AYALA DAIRY (CLOSED),36.450557,-119.869454,19515 South Brawley Avenue,Riverdale,Fresno,93656,5F
11934,224016,former Dias Riverbend Dairy,36.443423,-119.557941,2319  6th Avenue,Kingsburg,Kings,93631,5F
11935,224345,Fernando Oliviera Dairy,37.0421453,-120.9269574,22072 West Pioneer Road,Los Banos,Merced,93635,5S
11936,225260,former PLACER DAIRY FARMS (CLOSED),36.6433232,-120.178121,6264 South Placer Avenue,San Joaquin,Fresno,93660,5F
11937,225589,Furtado Brothers Dairy,37.0227084,-121.5244886,2676 Ferguson Rd,Gilroy,Santa Clara,95020,3
11938,225611,Island Dairy,36.95018,-120.29486,13727 Rd 14,Madera,Madera,93637,5F
11939,226528,G & G Cattle Co.-Pine (CR),33.952047,-117.651422,7065  Pine,Chino,San Bernardino,91710,8
11940,226530,G & G Cattlw Co.-Euclid (CR),33.990566,-117.646111,7280  Eucalyptus,Chino,San Bernardino,91710,8
11941,226725,Hacienda Feedlot,35.250578,-118.758369,NW corner of Buena Vista Blvd & General Beale Rd,Kern County,Kern,93203,5F
11942,226726,GARCIA GRANGEVILLE Heifer Facility,36.3422091,-119.5566467,5529  GRANGEVILLE BOULEVARD,Hanford,Kings,93230,5F
11943,227048,former GEORGESON DAIRY (CLOSED),36.4968324,-119.844589,16496 South Marks Avenue,Caruthers,Fresno,93609,5F
11944,227122,Giacomini Dairy #1,38.068628,-122.809585,702  C,Point Reyes Station,Marin,94956,2
11945,227868,former GREEN TOP DAIRY (CLOSED),36.6552503,-119.8732263,5519 South Blythe Avenue,Fresno,Fresno,93706,5F
11946,229549,DJ Dairy,36.400988,-119.602509,8025  Excelsior Avenue,Hanford,Kings,93230,5F
11947,229706,Harnden Ranches,40.915452,-124.120345,862  Mad River Road,Arcata,Humboldt,95521,1
11948,230507,Hogg Bros. Dairy No.2,34.01447,-117.614754,13129  Baker,Ontario,San Bernardino,91761,8
11949,230509,Rose Trust,36.383832,-119.730032,6050  15th Avenue,Hanford,Kings,93230,5F
11950,233400,Jake Bosma Dairy,33.998566,-117.627821,14049  Grove,Chino,San Bernardino,91762,8
11951,233474,Jane De Vries Dairy,34.004625,-117.62783,13715  Grove,Ontario,San Bernardino,91761,8
11952,233543,former COSTA VIEW FARMS DAIRY (CLOSED),37.01082361,-120.3008847,13442  Avenue 18,Chowchilla,Madera,93610,5F
11953,233778,Silva Joe I & Son Dairy,37.072027,-120.8755043,14944 South Badger Flat Road,Los Banos,Merced,93635,5S
11954,233879,Silver Oak Heifer Ranch,36.10938,-119.11772,20332  Avenue 176,Porterville,Tulare,93257,5F
11955,233892,Terra Linda Heifers,36.2079,-119.47584,23119  Road 44,Tulare,Tulare,93274,5F
11956,233901,John Machado Dairy,39.789447,-122.2275886,6230  County Rd 7,Orland,Glenn,95963,5S
11957,233916,John Rocha Jr. Dairy,37.845861,-121.019946,23733 East Mariposa Road,Escalon,San Joaquin,95320,5S
11958,234050,Central Heifer Ranch,37.4531985,-120.9594092,4231  Central Avenue,Turlock,Stanislaus,95380,5S
11959,234058,Aguiar Dairy Feedlot,36.0663015,-119.1933446,16960  Avenue 152,Porterville,Tulare,93257,5F
11960,234062,Joseph Gallo Farms Feed Lot,36.5334463,-121.4079654,31701  Johnson Canyon Rd,Gonzales,Monterey,93926,3
11961,234725,"Keema, Edward",38.3519429,-121.4283194,6401  Eschinger Road,Elk Grove,Sacramento,95757,5S
11962,234929,former CORREIA DAIRY,36.5024898,-119.435004,6211  Avenue 392,Dinuba,Tulare,93618,5F
11963,235639,L & M Dairy 2,34.0045686,-117.5938564,13726 South Archibald Avenue,Ontario,San Bernardino,91761,8
11964,235689,L&J,33.998566,-117.627821,14049  Grove,Chino,San Bernardino,91762,8
11965,238886,former M & E DAIRY,36.299432,-119.758019,16744  Houston Road,Lemoore,Kings,93245,5F
11966,239347,Manuel & Gloria Bello Dairy,38.46029849,-121.786257,8089  Robben Road,Dixon,Solano,95620,5S
11967,239371,Manuel Meirinho Dairy,37.4432998,-120.7968116,10631  Merced Avenue,Delhi,Merced,95315,5S
11968,239665,Martin Vander Laan Dairy,34.009491,-117.627071,13429  Grove Avenue,Ontario,San Bernardino,91761,8
11969,239675,Ormonde and Son Dairy,38.2424408,-121.3332095,9781  Kost Road,Galt,Sacramento,95632,5S
11970,240710,Miersma & Sons Dairy,33.9922038,-117.6273175,14411  Grove Avenue,Chino,San Bernardino,91710,8
11971,248089,Pete Bouma Dairy,33.9680195,-117.6403444,7461  Kimball,Chino,San Bernardino,91708,8
11972,251697,Rancho Nuevo Dairy,36.1696788,-119.4581817,20969  Road 52,Tulare,Tulare,93274,5F
11973,253083,Robinson Calf Ranch - 8455 Schaefer,34.004173,-117.62051,8455  Schaefer,Ontario,San Bernardino,91761,8
11974,254797,S & D Dairy,34.0042859,-117.5937861,13750  Archibald,Ontario,San Bernardino,91761,8
11975,254840,former S BAR F DAIRY #1,36.21853,-119.46256,5016 Laurel Avenue,Tulare,Tulare,93274,5F
11976,255059,Double 8 Dairy,38.3048875,-122.8453803,11205  Valley Ford Road,Petaluma,Sonoma,94952,1
11977,255145,Sam Sousa Heifer Ranch-Edison,33.9972354,-117.6433698,7397  Edison Avenue,Ontario,San Bernardino,91762,8
11978,256320,Serafin Feedlot,36.0918857,-119.2154943,15889 Avenue 168,Tulare,Tulare,93274,5F
11979,256628,Shasta Livestock Auction Yard,40.4043475,-122.2785466,3917 Main St,Cottonwood,Shasta,96022,5S
11980,257078,Inderbitzen Dairy,37.6088736,-121.0774227,4548  Paradise Road,Modesto,Stanislaus,95358,5S
11981,257079,Eugene Silva Feedlot,37.5517718,-121.0683714,4113 West Keyes Road,Modesto,Stanislaus,95358,5S
11982,257419,Sleepy Hollow Dairy,38.158519,-122.498486,7689  Lakeville Highway,Petaluma,Sonoma,94952,2
11983,258427,Souza Heifer Ranch,37.433628,-120.5517003,3664  Fisher Road,Winton,Merced,95388,5S
11984,263605,Thommen Dairy,34.005928,-117.644239,7345  Schaefer,Chino,San Bernardino,91710,8
11985,264479,Thurman Dairy,37.6674475,-121.1423842,2125  Dunn Road,Modesto,Stanislaus,95358,5S
11986,264692,Tony Barcellos,36.3589031,-119.842758,21484  Fargo,Lemoore,Kings,93245,5F
11987,266496,Triple T Calf Nursery (CN),33.997605,-117.601744,9202  Edison,Chino,San Bernardino,91762,8
11988,266497,Tee Vee Dairy - Heifers,33.9874678,-117.5937568,14692  Archibald Avenue,Chino,San Bernardino,91762,8
11989,266838,former TWO STAR DAIRY,36.29026,-119.27152,13408  Ave 272,Visalia,Tulare,93292,5F
11990,267001,former DANNY MARTIN DAIRY (CLOSED),36.5756974,-119.90712,6325 West Floral Avenue,Caruthers,Fresno,93609,5F
11991,270119,LOURENCO RANCH (heifer facility),36.29943,-119.45563,5312  Avenue 280,Visalia,Tulare,93277,5F
11992,271521,Haakma & Sons Dairy,33.9966559,-117.6469566,7225  Edison Avenue,Chino,San Bernardino,91710,8
11993,271700,Warmerdam Dairy,39.815554,-122.122876,660  7Th Avenue,Orland,Tehama,95963,5R
11994,271702,Warmerdam Jan Dairy,38.1302216,-121.1501804,16318 North Jack Tone Road,Lodi,San Joaquin,95240,5S
11995,272597,former CHM DAIRY (CLOSED),37.002449,-120.579246,18540 North Davison Road,Dos Palos,Fresno,93620,5F
11996,630515,Syann Dairy #3,33.941119,-117.60673,8050  Hellman Avenue,Corona,Riverside,91720,8
11997,630551,J & T Dairy,33.9829441,-117.6090443,9019  Merrill Avenue,Chino,San Bernardino,91710,8
11998,630603,H & R Barthelemy Dairy,33.954635,-117.637412,16500  Chino - Corona Road,Chino,San Bernardino,91710,8
11999,630616,L & M Dairy,33.997466,-117.6159206,8559  Edison Avenue,Ontario,San Bernardino,91762,8
12000,647155,Case Vander Eyk Heifer Ranch,33.9365598,-117.6113409,17400  Hellman Avenue,Corona,Riverside,92880,8
12001,657069,Todd Stegall Bull Development Facility,39.8120359,-122.1140102,24760  Moller Avenue,Orland,Tehama,95963,5R
12002,657091,Bill Schroer Dairy,39.79874611,-122.2519,6000  Rd 3,Orland (Capay),Tehama,95963,5R
12003,657097,Machado Bros. Dairy,36.2148993,-119.3847128,651 North Enterprise St,Tulare,Tulare,93274,5F
12004,704685,Melo Dairy,39.719585,-122.094909,7399  County Rd 21,Orland,Glenn,95963,5S
12005,704693,Abarca Dairy,39.6974597,-122.2028021,6464  County Rd 25,Orland,Glenn,95963,5S
12006,704737,Vernon Ranch,37.4430348,-120.7950388,10613  Merced Avenue,Delhi,Merced,95315,5S
12007,704755,Former Lima Family Dairy,37.0136858,-120.6435388,18808  Reynolds Avenue,Dos Palos,Merced,93620,5S
12008,705115,Couto Dairy #2,39.5520509,-122.1037266,2187  County Rd S,Willows,Glenn,95988,5S
12009,705204,Cow Cents Feedlot,37.38431,-120.84372,19664  Crane Avenue,Hilmar,Merced,95324,5S
12010,705292,Antonio & Maria Teixeira Dairy,37.3937693,-120.8867687,7268  Tegner Road,Hilmar,Merced,95324,5S
12011,705305,Jose Rodrigues Feedlot,37.1782,-120.28362,11489 East Harvey Pettit Road,Le Grand,Merced,95333,5S
12012,705402,Manuel & Carlos Bettencourt Dairy,37.346968,-120.796136,4100  Weir Avenue,Livingston,Merced,95334,5S
12013,705440,MKM Dairy,37.2728687,-120.5895826,5605  Dickenson Ferry Road,Merced,Merced,95341,5S
12014,705447,Former Manuel Teixeira Dairy,37.331419,-120.557942,3026 North Gurr Road,Atwater,Merced,95301,5S
12015,705498,Luis M. Azevedo Dairy,37.29967,-121.01984,754 North Prince,Newman,Merced,95360,5S
12016,705529,Maria Borges Farms,37.4716473,-120.7757381,12606 North Vincent Road,Turlock,Merced,95380,5S
12017,705544,Former Alves Dairy,38.344759,-121.45055,11326  Franklin Boulevard,Elk Grove,Sacramento,95757,5S
12018,705550,Gary and Heather Pratton Feedlot,38.2488769,-121.3378339,13958  Christensen Road,Galt,Sacramento,95632,5S
12019,705690,Empty (was Ferreira & Silva Dairy),37.7543098,-121.3824045,6204 Grant Line Road,Tracy,San Joaquin,95304,5S
12020,705782,Reeve Road Heifer Ranch,37.768732,-121.498457,21070  Reeves Road,Tracy,San Joaquin,95304,5S
12021,705827,Rego Dairy #2,37.1973295,-121.0455815,6255  Haley Road,Gustine,Merced,95322,5S
12022,706058,Antonio Mendes Dairy,37.5196112,-120.7828569,5730 East Monte Vista Avenue,Denair,Stanislaus,95316,5S
12023,706083,Omlin Heifer Ranch,37.592622,-121.095016,3231  Baker Road,Modesto,Stanislaus,95358,5S
12024,706106,Midland Farms,37.5822839,-121.0327373,3831 South Carpenter Road,Modesto,Stanislaus,95358,5S
12025,706108,Double M Family Farms LLC,37.939506,-120.993049,26250 East Groves Road,Farmington,San Joaquin,95230,5S
12026,706109,A & J Dairy,37.143267,-121.023715,29558 Marshall Road,Gustine,Merced,95322,5S
12027,706116,Rego Dairy #1,37.199367,-121.044923,30747 West Snyder Road,Gustine,Merced,95322,5S
12028,706117,Silva & Silva Dairy,37.243489,-121.008749,28753 West Sullivan Road,Gustine,Merced,95322,5S
12029,706130,MI-Valley Heifer Ranch,37.4229,-120.83618,19254  August Avenue,Hilmar,Merced,95324,5S
12030,706161,John & Lisa Botelho Dairy,37.866044,-121.253041,10378 South Airport Way,Manteca,San Joaquin,95336,5S
12031,706163,Betschart & Sons Dairy Inc,37.7708324,-121.1803165,20675 South Austin Road,Manteca,San Joaquin,95337,5S
12032,706182,J M Dairy,37.820956,-121.136077,14230 East French Camp Road,Ripon,San Joaquin,95366,5S
12033,706302,Willem Postma Dairy,37.6862846,-120.917567,3348  Santa Fe Ave,Modesto,Stanislaus,95357,5S
12034,706396,Clinton Dairy,37.8002413,-120.887494,11119  Cleveland,Oakdale,Stanislaus,95361,5S
12035,706429,Santos Dairy,37.4502078,-120.875149,2307  Bradbury Road,Turlock,Stanislaus,95380,5S
12036,706457,Meneses Heifer Ranch,37.45742977,-120.9580619,3825 South Central Avenue,Turlock,Stanislaus,95380,5S
12037,706530,Nature's Clover Dairy,37.6780697,-120.9084474,2513  Dewitt Road,Modesto,Stanislaus,95357,5S
12038,706585,Amaro Fernandes Dairy,37.4531235,-120.8759675,4318 South Kilroy Road,Turlock,Stanislaus,95380,5S
12039,727861,Pires Dairy Farms Heifer Ranch,37.2522426,-120.9801525,27345  Carnation Road,Gustine,Merced,95322,5S
12040,752721,Lansing Ranch,36.1975047,-119.6333316,9846  Lansing Avenue,Hanford,Kings,93230,5F
12041,755298,Heifer Facility / Feedlot,37.4788916,-120.9664359,1542 South Blaker Road,Turlock,Stanislaus,95380,5S
12042,766817,DVD Heifer Ranch,34.9252841,-117.1883128,37153  Hinkley Road,Hinkley,San Bernardino,92347,6B
12043,767129,Heifer Facility,37.73456,-120.84078,6501  Albers Road,Oakdale,Stanislaus,95361,5S
12044,767130,Gwerder Heifer Facility,37.6334669,-121.1222135,509 South Hart Road,Modesto,Stanislaus,95358,5S
12045,767400,Ramirez Calf Ranch,34.005891,-117.633153,7856  Schaefer Avenue,Ontario,San Bernardino,91761,8
12046,769813,Heifer Feedlot,37.4639878,-120.9015418,4601 West Harding Road,Turlock,Stanislaus,95380,5S
12047,797994,Colgate Property,38.377226,-122.7493309,4355  Sunland Avenue,Santa Rosa,Sonoma,95407,1
12048,806075,Bill Spaletta Cattle Operation,40.0055003,-122.1792835,22958  Gyle Place,Gerber,Tehama,96035,5R
12049,810550,"Ramini Mozzarella, LLC",38.2785023,-122.8905998,175  Gericke Road,Tomales,Marin,94971,1
12050,814056,Brichetto Cattle Company,37.726712,-120.878468,6155  Bentley Road,Oakdale,Stanislaus,95361,5S
12051,814334,Sales Creek Rd Feedlot (27391),36.93152,-119.433071,27391  Sales Creek Road,Clovis,Fresno,93619,5F
12052,815705,"K. Morseys Farms, Inc.",38.3419516,-121.2314486,11930  Arno Road,Wilton,Sacramento,95693,5S
12053,831480,Barinaga Ranch,38.1538959,-122.861561,9059  Marshall Petaluma Road,Marshall,Marin,94940,2
12054,835693,Medina corral,35.84871,-119.3394,NE corner of intersection of Rd 104 and Ave 32 alignmentS,Delano,Tulare,93215,5F
12055,845233,Bellwether Farms,38.2992718,-122.8270047,9999  Valley Ford Road,Petaluma,Sonoma,94952,1
12056,846791,Mission Livestock,38.674946,-121.920933,31701  Highway 16,Woodland,Yolo,95695,5S
12057,849071,APN 004-280-075 Feedlot,36.339904,-119.752621,9223  16 1/2 Avenue,Lemoore,Kings,93245,5F
12058,849153,Toste Ranch,36.4381277,-119.785653,687 East Riverdale Avenue,Laton,Fresno,93242,5F
12059,849174,Rollin Heifer Feedlot,36.5100486,-119.9688215,15486 South Dickenson,Riverdale,Fresno,93656,5F
12060,850224,Kevin Ranch,37.2878536,-120.8334554,21 South Van Clief Road,Stevinson,Merced,95374,5S
12061,850252,Rodoni Pioneer Feedlot,37.04265,-120.91792,23506 Pioneer Rd,Los Banos,Merced,93635,5S
12062,850263,Banos Royal Farms Feedlot,37.0340909,-120.84283,17560 South Plow Camp Road,Los Banos,Merced,93635,5S
12063,850270,Dicks Heifer Feedlot,37.498514,-120.989376,9524  Crows Landing Road,Crows Landing,Stanislaus,95313,5S
12064,850271,Carl Vieira Heifer Feedlot,37.4928925,-120.9523466,9017 West Main Street,Turlock,Stanislaus,95380,5S
12065,850279,Karen Marsh Ranch,37.6603367,-120.8533384,7728  Dusty Lane,Modesto,Stanislaus,95357,5S
12066,850282,Gonsalves Ranch,37.6385,-121.13158,7601  Maze Boulevard,Modesto,Stanislaus,95358,5S
12067,850287,"Max Gro, Inc.",37.4255047,-120.9749499,10924  Hilmar Road,Turlock,Stanislaus,95380,5S
12068,850302,"Modesto Livestock Commission Co, Inc.",37.6140414,-120.984092,1107 South Seventh Street,Modesto,Stanislaus,95354,5S
12069,850304,Barrera Feedlot,37.492778,-121.016667,1666 West Main Street,Turlock,Stanislaus,95380,5S
12070,850305,Rita Vieira-Heifer Ranch,37.3713834,-120.8599168,5725  Verde Avenue,Hilmar,Merced,95324,5S
12071,850312,Carl Ott & Sons Dairy Heifers,37.595006,-121.094193,3025  Baker Road,Modesto,Stanislaus,95358,5S
12072,850317,Marshall Ranch,37.4937963,-121.0406052,2649 West Main Avenue,Crows Landing,Stanislaus,95313,5S
12073,851981,Walts Farming,37.47279,-120.945735,8407 West Simmons Road,Turlock,Stanislaus,95380,5S
12074,851982,Walt's Farming,37.4703456,-120.9459144,8500 West Simmons Road,Turlock,Stanislaus,95380,5S
12075,851984,Vierra Heifer Feedlot,37.3904553,-120.938373,24859  Williams Avenue,Hilmar,Merced,95324,5S
12076,853407,Faustino A Diaz,36.2558826,-119.755239,16560  Jackson Avenue,Lemoore,Kings,93245,5F
12077,853695,Rocky Cozzitorto,37.276235,-121.00958,885  Canal School Road,Gustine,Merced,95322,5S
12078,853981,James Alves,39.5893254,-122.0898184,2611  County Road T,Glenn,Glenn,95943,5S
12079,853986,John Zylstra,37.4609384,-120.9667707,3418 South Blaker Road,Turlock,Stanislaus,95380,5S
12080,853987,Todd Stegall,39.228587,-122.031781,3455  Grover Avenue,Colusa,Colusa,95932,5S
12081,853988,Rhonda Thomas,37.459018,-120.96474,3948 South Blaker Road,Turlock,Stanislaus,95380,5S
12082,853990,Miller Ranch,39.7873874,-122.2279488,4874  County Road FF,Orland,Glenn,95963,5S
12083,853998,Mary Brazil Snyder,37.6932482,-120.8537076,7707  Kemper Road,Modesto,Stanislaus,95357,5S
12084,854004,Epigmenio Jiminez,37.4296502,-120.798517,9645  Merced Avenue,Delhi,Merced,95315,5S
12085,854040,Joe Wallimann,37.8321211,-120.9030767,13220  Lambuth Road,Oakdale,Stanislaus,95361,5S
12086,854042,Newman Stockyards,37.2358566,-120.2461517,13343  Hainline Road,Le Grand,Merced,95333,5S
12087,854044,Richard Fernandes,37.0235644,-120.6164613,18124  Palm Avenue,Dos Palos,Merced,93620,5S
12088,854053,Bettencourt Ranch,37.3140551,-120.8550646,20236  State Hwy 140,Stevinson,Merced,95374,5S
12089,854058,Franklyn Farms,37.4044,-120.86834,20949 Bloss Ave,Hilmar,Merced,95324,5S
12090,854059,Frank Rocha Heifer Facility,37.8294939,-121.022924,23319 East Lone Tree Road,Escalon,San Joaquin,95320,5S
12091,855837,Jose Nuno,36.181,-119.78429,20164  18th Avenue,Stratford,Kings,93266,5F
12092,855839,Robert Martins Cattle,36.1612478,-119.7665942,17250  Medford Avenue,Stratford,Kings,93266,5F
12093,855916,Veenendaal Angus,36.2990108,-119.5265027,3678  Houston Avenue,Hanford,Kings,93230,5F
12094,856111,Illinois Feedlot,37.5975698,-121.070335,2845  Illinois Avenue,Modesto,Stanislaus,95358,5S
12095,856133,Grant Amen Feedlot,40.494384,-122.3283409,7100  Milky Way,Redding,Shasta,96002,5S
12096,856136,S & D Feedlot,37.520192,-120.996891,8207  Crows Landing Road,Ceres,Stanislaus,95307,5S
12097,856422,Brennan Heifer Ranch,37.819369,-121.011014,15912  Brennan Road,Escalon,San Joaquin,95320,5S
12098,857840,Dairyman's Beef Auction,35.210494,-118.966079,3334 East Bear Mountain Boulevard,Bakersfield,Kern,93307,5F
12099,859606,Elmo and Elsie Poncetta Trust feedlot,35.25533,-119.038661,10924  Wible Road,Bakersfield,Kern,93313,5F
12100,859635,Sevilla Cattle,36.1563625,-119.2593476,20174  Road 140,Tulare,Tulare,93274,5F
12101,860554,Vander Velde Feedlot,36.342507,-119.451207,5360  AVENUE 304,Visalia,Tulare,93291,5F
12102,860555,Lonnie Clement,36.3136183,-119.6209841,9102  Hanford-Armona Road,Hanford,Kings,93230,5F
12103,860621,Souza Heifer Ranch,37.3762711,-120.9982295,3101  Freitas Road,Newman,Stanislaus,95360,5S
12104,863199,Scott Wickstrom's Heifer Feedlot,37.4335741,-120.8643615,20806  Johnson Avenue,Hilmar,Merced,95324,5S
12105,863213,O'Brien Heifer Facility,37.3055732,-120.8328682,1232 South Van Clief Road,Stevinson,Merced,95374,5S
12106,864921,"3R Land and Development, LLC feedlot",36.0072715,-119.3135198,11571  Avenue 120,Pixley,Tulare,93256,5F
12107,870183,"19820 King Road, Red Bluff",40.146506,-122.300896,19820  King Road,Red Bluff,Tehama,96080,5S
12108,873055,11906 Clay Station Road,38.3248391,-121.1598303,11906  Clay Station Road,Herald,Sacramento,95638,5S
12109,873107,Javier Moreno Bovine,36.4487303,-119.5625359,1751  5 3/4 Avenue,Kingsburg,Kings,93631,5F
12110,873109,Linda Cloves Bovine,36.4511965,-119.5641214,1571 South 6th Avenue,Kingsburg,Kings,93631,5F
12111,877035,2407 S Blaker Road Facility,37.469193,-120.969571,2407 South Blaker,Turlock,Stanislaus,95380,5S
12112,878100,Bert Crane Feedlot,37.234493,-120.649133,South Bert Crane Road,Merced,Merced,95340,5S
12113,880487,John Mattos Ranch,38.262941,-122.921051,5501  Middle Road,Tomales,Marin,94971,1
12114,889542,Langworth Dairy Heifer Ranch,37.68772,-120.89164,3384  Langworth Drive,Modesto,Stanislaus,95361,5S
12115,801482,Joe Avila Feedlot - Eucalyptus,33.9905287,-117.6468123,7278 1/2  Eucalyptus Avenue,Ontario,San Bernardino,91762,8